shipment_id,supplier_id,warehouse_name,shipment_date,delivery_date,quantity_shipped,transportation_cost,shipment_status,product_category
1,456,Ware House D,2026-05-21,2026-05-26,7,9993,Delivered,Electronics
2,76,Ware House E,2026-05-10,2026-05-12,76,2300,In Transit,FMCG
3,71,Ware House B,2026-05-06,2026-05-15,59,3252,Delayed,Pharma
4,405,Ware House E,2026-05-29,2026-06-02,48,9677,Delayed,Automotive
5,316,Ware House E,2026-05-14,2026-05-21,10,7872,Delayed,FMCG
6,312,Ware House A,2026-05-17,2026-05-25,20,3831,Cancelled,Electronics
7,83,Ware House C,2026-05-08,2026-05-10,68,6531,Cancelled,Automotive
8,480,Ware House A,2026-05-24,2026-05-27,73,8700,In Transit,Industrial
9,434,Ware House B,2026-05-17,2026-05-24,89,5422,Delivered,Electronics
10,412,Ware House A,2026-06-01,2026-06-10,96,6264,Delayed,Pharma
11,189,Ware House E,2026-06-01,2026-06-03,59,9764,Delayed,Electronics
12,491,Ware House E,2026-05-18,2026-05-21,23,681,Delivered,FMCG
13,22,Ware House E,2026-05-09,2026-05-11,45,1694,Delivered,Industrial
14,29,Ware House B,2026-05-26,2026-05-27,86,248,In Transit,Electronics
15,196,Ware House E,2026-05-25,2026-05-26,60,4173,In Transit,Industrial
16,430,Ware House E,2026-05-27,2026-05-28,44,5027,Cancelled,Industrial
17,155,Ware House C,2026-05-26,2026-06-05,75,2246,In Transit,FMCG
18,458,Ware House E,2026-06-02,2026-06-07,52,7195,Delayed,Automotive
19,110,Ware House A,2026-05-23,2026-05-24,65,4630,Delayed,Electronics
20,219,Ware House D,2026-05-28,2026-06-04,28,6110,In Transit,Industrial
21,159,Ware House D,2026-05-10,2026-05-13,3,5205,In Transit,FMCG
22,389,Ware House C,2026-05-24,2026-05-26,9,2236,Delayed,Industrial
23,334,Ware House E,2026-05-13,2026-05-17,94,9490,Cancelled,Automotive
24,7,Ware House B,2026-05-26,2026-06-05,7,6127,Cancelled,Industrial
25,467,Ware House C,2026-05-22,2026-05-27,20,204,Delayed,Pharma
26,429,Ware House A,2026-05-28,2026-06-01,60,8574,Delivered,Industrial
27,437,Ware House B,2026-05-14,2026-05-20,50,4950,Delayed,Electronics
28,391,Ware House B,2026-05-11,2026-05-17,25,9338,Cancelled,Industrial
29,392,Ware House B,2026-05-09,2026-05-19,89,7639,Delivered,Industrial
30,10,Ware House B,2026-05-28,2026-06-04,52,7707,Delivered,Electronics
31,211,Ware House C,2026-05-24,2026-05-25,20,8670,Cancelled,Electronics
32,254,Ware House C,2026-05-23,2026-05-31,99,9796,In Transit,Industrial
33,402,Ware House E,2026-05-25,2026-05-27,73,625,Cancelled,Industrial
34,314,Ware House A,2026-05-28,2026-06-04,85,4178,Cancelled,Electronics
35,136,Ware House C,2026-05-24,2026-05-28,35,5192,Cancelled,Pharma
36,61,Ware House E,2026-05-31,2026-06-10,73,2854,Delayed,FMCG
37,390,Ware House D,2026-05-29,2026-05-31,18,1189,Delivered,Pharma
38,401,Ware House C,2026-06-04,2026-06-10,61,3544,Delivered,FMCG
39,79,Ware House E,2026-05-29,2026-05-30,35,7627,Cancelled,Pharma
40,179,Ware House B,2026-05-16,2026-05-24,53,2703,Delivered,Pharma
41,421,Ware House C,2026-05-27,2026-05-30,10,5969,In Transit,Industrial
42,190,Ware House B,2026-05-31,2026-06-06,78,7830,Delayed,Electronics
43,357,Ware House E,2026-05-17,2026-05-19,32,3552,Delayed,FMCG
44,430,Ware House B,2026-05-13,2026-05-14,75,5965,Delivered,FMCG
45,460,Ware House C,2026-05-10,2026-05-17,19,9046,Cancelled,FMCG
46,212,Ware House C,2026-06-03,2026-06-10,69,6036,Delayed,Pharma
47,100,Ware House C,2026-05-12,2026-05-19,57,2217,Delivered,Pharma
48,93,Ware House D,2026-05-12,2026-05-14,98,1188,Delivered,Automotive
49,187,Ware House E,2026-05-15,2026-05-21,70,3369,Cancelled,Electronics
50,39,Ware House A,2026-05-24,2026-05-31,39,7943,Delayed,Pharma
51,56,Ware House A,2026-05-31,2026-06-04,72,6790,Delayed,FMCG
52,36,Ware House E,2026-05-07,2026-05-15,61,9130,Delayed,Electronics
53,28,Ware House A,2026-05-23,2026-05-24,8,1048,Cancelled,Automotive
54,273,Ware House A,2026-05-19,2026-05-24,68,4704,Delivered,Electronics
55,179,Ware House C,2026-05-26,2026-06-03,52,3331,Delivered,FMCG
56,108,Ware House C,2026-05-13,2026-05-14,76,8592,Delayed,Pharma
57,453,Ware House D,2026-06-01,2026-06-06,22,7176,Delayed,FMCG
58,314,Ware House C,2026-05-30,2026-06-06,44,2149,Delivered,Industrial
59,401,Ware House C,2026-05-30,2026-06-03,98,9171,Cancelled,FMCG
60,468,Ware House E,2026-06-01,2026-06-05,88,9386,Cancelled,Automotive
61,478,Ware House A,2026-06-02,2026-06-12,48,2826,Delivered,FMCG
62,61,Ware House B,2026-05-19,2026-05-26,76,9868,Cancelled,Automotive
63,152,Ware House D,2026-05-30,2026-06-01,21,5799,Cancelled,Pharma
64,134,Ware House E,2026-05-26,2026-06-03,59,7291,Delayed,Electronics
65,288,Ware House D,2026-05-09,2026-05-14,10,957,Cancelled,Industrial
66,279,Ware House C,2026-05-07,2026-05-11,13,7728,Delayed,Industrial
67,39,Ware House E,2026-05-11,2026-05-21,17,4778,In Transit,FMCG
68,252,Ware House A,2026-05-22,2026-05-28,56,5364,Delayed,Automotive
69,231,Ware House D,2026-05-24,2026-05-31,100,7977,Delivered,Electronics
70,134,Ware House C,2026-05-20,2026-05-28,17,9757,Cancelled,Electronics
71,4,Ware House B,2026-05-23,2026-05-26,27,1210,Delayed,Industrial
72,166,Ware House A,2026-06-01,2026-06-06,75,4031,Delayed,Industrial
73,99,Ware House C,2026-05-13,2026-05-19,89,7483,In Transit,FMCG
74,11,Ware House A,2026-05-19,2026-05-28,56,1533,Delayed,FMCG
75,421,Ware House A,2026-05-13,2026-05-20,3,1948,Cancelled,Industrial
76,207,Ware House E,2026-05-19,2026-05-24,84,3877,Delivered,FMCG
77,472,Ware House B,2026-05-19,2026-05-22,24,7139,In Transit,Pharma
78,98,Ware House B,2026-05-22,2026-05-31,62,7502,Cancelled,Automotive
79,445,Ware House B,2026-05-28,2026-05-31,48,1795,Cancelled,Automotive
80,304,Ware House D,2026-05-31,2026-06-05,71,3721,In Transit,Automotive
81,104,Ware House D,2026-05-25,2026-06-02,10,2542,In Transit,FMCG
82,138,Ware House D,2026-06-04,2026-06-13,26,6475,Delivered,Industrial
83,211,Ware House A,2026-06-01,2026-06-02,63,5158,Delivered,Industrial
84,378,Ware House D,2026-06-03,2026-06-08,98,4136,In Transit,Automotive
85,389,Ware House C,2026-05-17,2026-05-24,13,1315,In Transit,FMCG
86,435,Ware House B,2026-05-22,2026-05-29,23,1164,In Transit,FMCG
87,13,Ware House A,2026-05-21,2026-05-28,51,6144,In Transit,Industrial
88,346,Ware House A,2026-05-06,2026-05-16,9,604,In Transit,Electronics
89,243,Ware House B,2026-05-30,2026-06-08,46,6209,Delivered,Automotive
90,184,Ware House D,2026-05-20,2026-05-29,65,9515,In Transit,Electronics
91,118,Ware House D,2026-06-01,2026-06-11,11,8809,Cancelled,FMCG
92,425,Ware House E,2026-05-14,2026-05-16,66,6858,In Transit,FMCG
93,253,Ware House D,2026-05-21,2026-05-27,61,1387,Delivered,Pharma
94,216,Ware House C,2026-05-25,2026-05-31,97,1940,In Transit,FMCG
95,403,Ware House A,2026-06-04,2026-06-08,79,3722,Cancelled,Electronics
96,111,Ware House A,2026-05-28,2026-06-02,9,6441,Cancelled,FMCG
97,206,Ware House B,2026-05-25,2026-05-29,67,3688,Delivered,Electronics
98,261,Ware House C,2026-05-23,2026-05-26,41,5908,Delivered,Industrial
99,113,Ware House E,2026-05-12,2026-05-13,11,579,Delayed,Automotive
100,370,Ware House A,2026-05-29,2026-06-05,28,5008,Cancelled,Industrial
101,184,Ware House E,2026-06-04,2026-06-05,44,7411,Delivered,Pharma
102,176,Ware House C,2026-06-03,2026-06-04,18,4959,Delivered,Electronics
103,355,Ware House C,2026-05-12,2026-05-20,97,5409,Cancelled,Industrial
104,492,Ware House A,2026-05-06,2026-05-07,23,4762,In Transit,Electronics
105,301,Ware House E,2026-06-01,2026-06-06,33,6146,Delayed,FMCG
106,297,Ware House D,2026-05-08,2026-05-09,83,4014,Delayed,Industrial
107,126,Ware House E,2026-05-28,2026-05-30,21,7454,Cancelled,Automotive
108,46,Ware House A,2026-05-25,2026-05-26,98,8447,In Transit,Pharma
109,133,Ware House E,2026-05-06,2026-05-08,5,4079,Delivered,Pharma
110,468,Ware House B,2026-05-28,2026-06-01,59,5852,In Transit,FMCG
111,317,Ware House B,2026-05-23,2026-05-31,28,3026,Delayed,Pharma
112,304,Ware House B,2026-05-23,2026-05-30,41,9529,Delivered,FMCG
113,475,Ware House E,2026-05-22,2026-05-24,52,5881,Delivered,Industrial
114,39,Ware House D,2026-05-17,2026-05-21,9,3660,Delivered,Electronics
115,392,Ware House E,2026-05-25,2026-05-26,99,9680,Delayed,Electronics
116,178,Ware House A,2026-05-15,2026-05-20,67,5652,Cancelled,Electronics
117,10,Ware House B,2026-05-22,2026-05-24,17,2224,In Transit,Electronics
118,99,Ware House D,2026-05-12,2026-05-20,40,6986,In Transit,Industrial
119,260,Ware House A,2026-05-22,2026-05-24,14,6471,Cancelled,Pharma
120,120,Ware House E,2026-05-17,2026-05-21,60,9990,In Transit,Electronics
121,419,Ware House E,2026-05-09,2026-05-15,39,1643,In Transit,Electronics
122,145,Ware House B,2026-06-03,2026-06-04,64,4978,In Transit,FMCG
123,439,Ware House B,2026-05-30,2026-06-08,1,9538,Cancelled,Automotive
124,37,Ware House B,2026-05-11,2026-05-19,93,2788,Cancelled,FMCG
125,179,Ware House A,2026-06-01,2026-06-11,42,5978,In Transit,Industrial
126,405,Ware House D,2026-06-02,2026-06-05,48,3298,In Transit,Automotive
127,473,Ware House A,2026-05-21,2026-05-22,63,9443,Delivered,Pharma
128,147,Ware House B,2026-06-02,2026-06-06,64,5009,In Transit,Electronics
129,127,Ware House D,2026-05-31,2026-06-10,13,8145,Cancelled,Automotive
130,479,Ware House B,2026-05-13,2026-05-18,89,8683,Cancelled,Pharma
131,152,Ware House D,2026-05-14,2026-05-21,69,8791,In Transit,Pharma
132,379,Ware House E,2026-05-08,2026-05-11,72,2059,Cancelled,FMCG
133,334,Ware House B,2026-05-15,2026-05-21,44,8561,Delivered,Industrial
134,399,Ware House B,2026-05-31,2026-06-01,71,7706,In Transit,Pharma
135,243,Ware House B,2026-05-16,2026-05-21,91,4058,Delivered,Automotive
136,416,Ware House E,2026-05-15,2026-05-16,92,7981,In Transit,Industrial
137,320,Ware House C,2026-05-15,2026-05-16,71,3634,In Transit,Electronics
138,373,Ware House E,2026-05-26,2026-06-03,89,9709,Cancelled,FMCG
139,153,Ware House D,2026-05-12,2026-05-21,37,5366,In Transit,FMCG
140,466,Ware House E,2026-05-19,2026-05-26,80,8942,Delivered,FMCG
141,107,Ware House D,2026-05-09,2026-05-10,89,4378,In Transit,Industrial
142,59,Ware House C,2026-05-31,2026-06-09,93,772,Delayed,Pharma
143,285,Ware House A,2026-06-03,2026-06-04,32,7779,Delayed,Automotive
144,115,Ware House D,2026-05-29,2026-06-01,40,7544,In Transit,FMCG
145,276,Ware House A,2026-05-12,2026-05-18,59,9833,Delayed,Electronics
146,325,Ware House E,2026-05-10,2026-05-20,60,6907,In Transit,Electronics
147,223,Ware House C,2026-05-10,2026-05-18,39,4461,Delivered,Pharma
148,83,Ware House B,2026-05-25,2026-05-28,91,7632,Delivered,Electronics
149,138,Ware House D,2026-05-14,2026-05-21,100,5377,Delivered,FMCG
150,55,Ware House A,2026-05-22,2026-05-28,47,3627,In Transit,Pharma
151,405,Ware House D,2026-05-13,2026-05-20,13,5480,In Transit,Industrial
152,336,Ware House B,2026-05-21,2026-05-26,19,6959,Cancelled,Electronics
153,223,Ware House E,2026-05-09,2026-05-19,2,7231,Delivered,FMCG
154,94,Ware House C,2026-06-02,2026-06-09,29,9294,In Transit,Electronics
155,101,Ware House B,2026-05-15,2026-05-18,73,1538,Cancelled,Pharma
156,195,Ware House E,2026-05-26,2026-05-29,92,3124,In Transit,Electronics
157,95,Ware House A,2026-05-27,2026-06-04,76,3913,In Transit,Electronics
158,331,Ware House C,2026-05-19,2026-05-23,59,5974,In Transit,Pharma
159,477,Ware House A,2026-05-26,2026-05-31,42,1428,In Transit,Electronics
160,14,Ware House D,2026-05-13,2026-05-15,21,6685,Cancelled,Automotive
161,64,Ware House A,2026-05-12,2026-05-13,96,1766,Cancelled,Pharma
162,208,Ware House C,2026-05-19,2026-05-29,20,1972,Cancelled,Automotive
163,11,Ware House D,2026-05-12,2026-05-19,5,1935,Cancelled,Pharma
164,403,Ware House E,2026-05-08,2026-05-15,34,1589,Delivered,Pharma
165,377,Ware House D,2026-05-09,2026-05-13,77,4143,Delayed,Industrial
166,305,Ware House A,2026-05-29,2026-06-05,58,8693,Cancelled,Electronics
167,313,Ware House C,2026-05-18,2026-05-26,85,2943,Cancelled,Pharma
168,171,Ware House C,2026-05-07,2026-05-08,38,4086,In Transit,Industrial
169,478,Ware House E,2026-05-26,2026-05-30,17,7161,Delayed,Automotive
170,397,Ware House C,2026-05-22,2026-05-31,52,2018,In Transit,Automotive
171,148,Ware House A,2026-05-21,2026-05-26,87,1833,Delayed,Electronics
172,455,Ware House D,2026-05-29,2026-06-01,14,4146,Delayed,FMCG
173,62,Ware House C,2026-05-13,2026-05-20,41,3702,Delayed,Industrial
174,72,Ware House D,2026-05-07,2026-05-14,79,5798,In Transit,FMCG
175,123,Ware House B,2026-05-07,2026-05-08,20,3071,Delivered,Automotive
176,294,Ware House A,2026-05-24,2026-05-31,57,1810,Delayed,FMCG
177,363,Ware House C,2026-05-21,2026-05-27,98,9481,Cancelled,FMCG
178,90,Ware House D,2026-06-03,2026-06-05,31,9905,In Transit,Pharma
179,72,Ware House C,2026-05-28,2026-05-30,51,8693,Cancelled,Pharma
180,243,Ware House E,2026-05-25,2026-06-01,14,1743,Delivered,FMCG
181,467,Ware House B,2026-05-29,2026-05-30,54,272,Delivered,Automotive
182,28,Ware House B,2026-05-11,2026-05-17,22,4762,In Transit,Industrial
183,360,Ware House A,2026-05-21,2026-05-24,15,5973,In Transit,Industrial
184,95,Ware House E,2026-05-14,2026-05-18,26,4052,Cancelled,Electronics
185,70,Ware House D,2026-05-20,2026-05-23,5,1496,Cancelled,Pharma
186,321,Ware House D,2026-06-02,2026-06-04,15,8343,Cancelled,Automotive
187,463,Ware House C,2026-05-17,2026-05-20,60,1439,Delayed,Pharma
188,379,Ware House C,2026-05-25,2026-06-02,18,7628,Delayed,Automotive
189,369,Ware House B,2026-05-22,2026-05-25,83,6941,Delivered,Industrial
190,466,Ware House E,2026-05-30,2026-06-07,88,9294,Cancelled,Pharma
191,60,Ware House B,2026-05-20,2026-05-29,9,9533,In Transit,Industrial
192,309,Ware House E,2026-05-19,2026-05-20,63,2389,Cancelled,Industrial
193,72,Ware House C,2026-06-02,2026-06-08,39,5100,In Transit,Industrial
194,397,Ware House D,2026-05-29,2026-06-03,78,2479,Cancelled,Automotive
195,477,Ware House D,2026-05-21,2026-05-31,9,6810,Delayed,Pharma
196,445,Ware House A,2026-06-03,2026-06-08,32,1512,Delivered,Industrial
197,484,Ware House A,2026-05-22,2026-05-25,58,3937,Delivered,Pharma
198,178,Ware House D,2026-05-09,2026-05-16,14,404,In Transit,Pharma
199,418,Ware House A,2026-05-19,2026-05-28,100,2835,Delivered,Electronics
200,196,Ware House D,2026-05-27,2026-06-05,83,7542,Delivered,Industrial
201,434,Ware House E,2026-06-01,2026-06-08,58,4936,Cancelled,Industrial
202,9,Ware House A,2026-05-19,2026-05-28,54,2460,In Transit,FMCG
203,445,Ware House B,2026-05-12,2026-05-20,47,6570,Cancelled,Pharma
204,391,Ware House D,2026-05-24,2026-06-03,1,8362,In Transit,Electronics
205,65,Ware House A,2026-05-31,2026-06-07,73,6140,Cancelled,Pharma
206,322,Ware House B,2026-06-01,2026-06-03,43,3061,Delayed,Automotive
207,233,Ware House D,2026-06-03,2026-06-11,1,3600,Delayed,FMCG
208,479,Ware House B,2026-05-18,2026-05-21,50,5176,Delayed,Industrial
209,335,Ware House E,2026-05-06,2026-05-15,47,6999,Cancelled,Pharma
210,303,Ware House E,2026-05-23,2026-05-28,31,5232,Delivered,Pharma
211,209,Ware House C,2026-05-25,2026-06-02,82,2838,Delivered,Automotive
212,160,Ware House C,2026-05-13,2026-05-20,63,5409,Cancelled,Automotive
213,257,Ware House B,2026-05-12,2026-05-21,92,559,Cancelled,Electronics
214,31,Ware House B,2026-05-06,2026-05-09,71,6817,Delayed,Pharma
215,398,Ware House B,2026-05-08,2026-05-17,44,5143,Delivered,Pharma
216,331,Ware House B,2026-05-19,2026-05-24,10,8345,Delivered,Electronics
217,157,Ware House B,2026-05-13,2026-05-17,16,8984,In Transit,FMCG
218,251,Ware House C,2026-05-21,2026-05-23,30,7119,Delayed,FMCG
219,468,Ware House B,2026-05-10,2026-05-19,55,9149,Cancelled,FMCG
220,76,Ware House C,2026-05-19,2026-05-21,7,4969,Cancelled,Automotive
221,106,Ware House D,2026-05-10,2026-05-16,47,6930,Cancelled,Industrial
222,111,Ware House A,2026-05-10,2026-05-16,70,7318,Delivered,Industrial
223,29,Ware House C,2026-05-22,2026-06-01,58,585,Delayed,FMCG
224,257,Ware House D,2026-05-19,2026-05-23,45,4104,Delayed,Pharma
225,302,Ware House C,2026-05-08,2026-05-11,15,8945,In Transit,FMCG
226,428,Ware House C,2026-05-09,2026-05-10,57,889,In Transit,FMCG
227,108,Ware House B,2026-05-23,2026-05-30,88,6338,Cancelled,Automotive
228,342,Ware House A,2026-05-10,2026-05-20,14,8839,Delivered,Industrial
229,291,Ware House E,2026-05-08,2026-05-13,99,6625,Cancelled,FMCG
230,103,Ware House A,2026-05-06,2026-05-09,86,6788,Delayed,Automotive
231,23,Ware House B,2026-05-30,2026-06-04,63,6557,In Transit,Industrial
232,486,Ware House D,2026-05-22,2026-05-24,45,346,Delayed,Industrial
233,125,Ware House E,2026-05-17,2026-05-19,12,6160,Delayed,Pharma
234,240,Ware House A,2026-05-26,2026-06-05,67,8226,Delayed,Pharma
235,291,Ware House D,2026-05-28,2026-06-04,39,8248,Delayed,Industrial
236,332,Ware House C,2026-05-30,2026-06-03,92,2623,Delivered,Electronics
237,91,Ware House B,2026-05-30,2026-06-06,91,2305,Delayed,Automotive
238,485,Ware House B,2026-05-17,2026-05-21,49,2611,Cancelled,Electronics
239,257,Ware House D,2026-05-09,2026-05-13,63,6885,In Transit,FMCG
240,282,Ware House A,2026-05-13,2026-05-14,96,8973,Delivered,FMCG
241,202,Ware House E,2026-05-24,2026-05-26,16,5052,In Transit,Industrial
242,218,Ware House C,2026-06-04,2026-06-05,55,6753,Delayed,Electronics
243,218,Ware House E,2026-05-06,2026-05-15,28,6498,Cancelled,Automotive
244,61,Ware House B,2026-05-31,2026-06-02,18,5142,Delayed,Automotive
245,213,Ware House D,2026-05-13,2026-05-23,36,5925,Delayed,Automotive
246,393,Ware House B,2026-05-09,2026-05-13,10,5435,Delayed,Industrial
247,447,Ware House A,2026-05-22,2026-05-26,97,3095,Cancelled,Industrial
248,294,Ware House A,2026-05-25,2026-06-02,9,8304,Delayed,Electronics
249,444,Ware House D,2026-05-21,2026-05-30,66,8299,Cancelled,Industrial
250,306,Ware House D,2026-05-26,2026-05-31,68,2356,Cancelled,FMCG
251,416,Ware House B,2026-05-20,2026-05-27,30,4057,Cancelled,Electronics
252,118,Ware House D,2026-05-13,2026-05-17,39,9717,Cancelled,Industrial
253,293,Ware House B,2026-05-06,2026-05-15,73,3857,Cancelled,Automotive
254,447,Ware House A,2026-05-25,2026-06-03,5,681,Delayed,Electronics
255,409,Ware House A,2026-06-03,2026-06-04,48,8253,Delayed,Automotive
256,19,Ware House B,2026-05-06,2026-05-14,77,8901,In Transit,Automotive
257,482,Ware House B,2026-05-24,2026-05-28,20,3338,Delayed,Electronics
258,328,Ware House C,2026-05-22,2026-05-30,5,4622,In Transit,Electronics
259,310,Ware House C,2026-05-22,2026-05-28,58,3781,In Transit,FMCG
260,160,Ware House C,2026-05-24,2026-05-31,64,4432,In Transit,Pharma
261,93,Ware House D,2026-05-31,2026-06-09,7,9478,Delayed,Pharma
262,55,Ware House D,2026-05-11,2026-05-14,72,6390,In Transit,Pharma
263,256,Ware House D,2026-05-21,2026-05-28,10,9985,In Transit,Electronics
264,351,Ware House E,2026-05-26,2026-05-29,13,6978,Cancelled,Automotive
265,199,Ware House D,2026-05-30,2026-06-03,100,8495,Delayed,Automotive
266,214,Ware House A,2026-05-30,2026-06-06,93,5119,In Transit,Automotive
267,108,Ware House E,2026-05-10,2026-05-11,46,9075,In Transit,Industrial
268,217,Ware House E,2026-05-19,2026-05-22,44,5747,Delayed,Electronics
269,276,Ware House C,2026-06-04,2026-06-10,98,6122,In Transit,FMCG
270,130,Ware House A,2026-05-06,2026-05-09,95,8482,Delayed,FMCG
271,47,Ware House A,2026-05-10,2026-05-13,69,1385,In Transit,Electronics
272,165,Ware House E,2026-05-16,2026-05-25,52,6125,Delivered,FMCG
273,194,Ware House A,2026-05-22,2026-05-25,68,6554,In Transit,FMCG
274,494,Ware House A,2026-05-08,2026-05-13,91,3466,Delayed,FMCG
275,464,Ware House D,2026-06-03,2026-06-06,32,8288,In Transit,Automotive
276,212,Ware House B,2026-05-19,2026-05-28,51,6132,Delayed,Pharma
277,264,Ware House B,2026-05-29,2026-06-01,72,845,Cancelled,FMCG
278,453,Ware House C,2026-05-24,2026-06-02,25,6715,Delivered,Pharma
279,183,Ware House E,2026-05-08,2026-05-13,61,3835,Cancelled,Electronics
280,169,Ware House B,2026-05-21,2026-05-26,26,4179,Cancelled,Automotive
281,113,Ware House D,2026-05-25,2026-05-26,44,7800,Cancelled,FMCG
282,192,Ware House C,2026-05-10,2026-05-11,55,5871,In Transit,Automotive
283,415,Ware House A,2026-05-10,2026-05-15,58,1645,Cancelled,FMCG
284,276,Ware House D,2026-05-27,2026-05-31,78,9161,Delivered,Industrial
285,137,Ware House D,2026-05-19,2026-05-26,30,6194,Delivered,Electronics
286,283,Ware House D,2026-05-19,2026-05-26,1,4224,Delivered,Pharma
287,386,Ware House D,2026-05-15,2026-05-22,12,3696,Delivered,Electronics
288,201,Ware House E,2026-05-30,2026-06-09,46,2605,Cancelled,Pharma
289,233,Ware House D,2026-06-04,2026-06-05,98,5369,Cancelled,Industrial
290,177,Ware House C,2026-05-26,2026-06-01,36,4765,Delayed,Pharma
291,266,Ware House A,2026-05-18,2026-05-27,11,9897,In Transit,Automotive
292,144,Ware House A,2026-05-30,2026-05-31,100,8136,In Transit,FMCG
293,226,Ware House C,2026-06-02,2026-06-05,47,7000,Delivered,Pharma
294,362,Ware House C,2026-05-12,2026-05-19,48,1128,Delivered,Electronics
295,274,Ware House E,2026-05-31,2026-06-02,38,6337,Delayed,Automotive
296,154,Ware House D,2026-05-15,2026-05-17,8,6429,Delivered,Industrial
297,80,Ware House B,2026-05-15,2026-05-22,96,3443,Delayed,Pharma
298,288,Ware House B,2026-05-19,2026-05-27,51,7626,Delivered,FMCG
299,305,Ware House D,2026-05-26,2026-05-27,53,6360,In Transit,FMCG
300,16,Ware House B,2026-05-20,2026-05-26,72,4030,Delivered,Automotive
301,312,Ware House D,2026-05-27,2026-05-31,97,8149,Delivered,Automotive
302,60,Ware House A,2026-06-01,2026-06-03,90,1663,Delivered,FMCG
303,465,Ware House B,2026-05-17,2026-05-19,1,9362,Delayed,Automotive
304,398,Ware House B,2026-06-02,2026-06-07,64,6071,Delayed,Electronics
305,327,Ware House B,2026-05-21,2026-05-25,24,3564,Delayed,Industrial
306,299,Ware House A,2026-05-09,2026-05-16,66,5253,Delayed,Industrial
307,194,Ware House B,2026-05-23,2026-06-02,98,2206,In Transit,Pharma
308,215,Ware House E,2026-05-30,2026-06-08,92,4766,Delivered,Pharma
309,484,Ware House E,2026-05-28,2026-06-01,70,497,Delayed,Industrial
310,192,Ware House E,2026-06-01,2026-06-08,67,1411,Delivered,Industrial
311,247,Ware House C,2026-05-31,2026-06-05,78,1275,In Transit,FMCG
312,83,Ware House E,2026-05-21,2026-05-22,15,195,In Transit,Automotive
313,290,Ware House D,2026-05-22,2026-05-26,81,3499,Cancelled,FMCG
314,468,Ware House D,2026-05-23,2026-05-24,51,4631,Cancelled,Pharma
315,489,Ware House D,2026-05-18,2026-05-19,13,6892,In Transit,FMCG
316,266,Ware House E,2026-05-21,2026-05-22,12,3511,In Transit,Automotive
317,473,Ware House C,2026-05-26,2026-05-29,49,6244,Delivered,Industrial
318,412,Ware House D,2026-05-11,2026-05-15,28,1876,Delivered,Automotive
319,62,Ware House A,2026-05-23,2026-05-31,80,7348,Cancelled,Pharma
320,112,Ware House D,2026-05-12,2026-05-13,73,2761,Cancelled,FMCG
321,265,Ware House D,2026-05-28,2026-05-29,97,6307,Delivered,Electronics
322,371,Ware House D,2026-06-04,2026-06-10,69,4025,Delivered,Automotive
323,207,Ware House C,2026-05-24,2026-05-30,92,3211,Delivered,Industrial
324,16,Ware House E,2026-05-10,2026-05-16,78,5057,Cancelled,Pharma
325,360,Ware House D,2026-05-13,2026-05-16,95,6842,Cancelled,Industrial
326,373,Ware House B,2026-05-08,2026-05-17,73,7023,In Transit,Pharma
327,97,Ware House C,2026-05-07,2026-05-12,98,2000,Cancelled,Electronics
328,84,Ware House B,2026-05-14,2026-05-22,13,375,In Transit,Pharma
329,378,Ware House E,2026-05-26,2026-05-28,97,3305,Cancelled,Pharma
330,90,Ware House C,2026-05-13,2026-05-14,86,8633,Delivered,Automotive
331,95,Ware House D,2026-05-19,2026-05-20,13,9039,In Transit,Electronics
332,338,Ware House B,2026-05-06,2026-05-10,66,9990,In Transit,Automotive
333,241,Ware House D,2026-05-24,2026-05-31,71,906,Cancelled,Industrial
334,118,Ware House D,2026-05-28,2026-06-07,48,1970,Delivered,Electronics
335,496,Ware House E,2026-05-25,2026-05-31,54,6205,In Transit,Electronics
336,321,Ware House E,2026-06-02,2026-06-09,62,5657,Delayed,Automotive
337,366,Ware House C,2026-05-08,2026-05-18,56,9325,Cancelled,Electronics
338,297,Ware House E,2026-05-24,2026-05-27,21,2274,Delayed,Automotive
339,303,Ware House D,2026-05-22,2026-05-23,64,3770,Delayed,Automotive
340,331,Ware House B,2026-05-11,2026-05-19,35,5115,In Transit,Automotive
341,322,Ware House A,2026-05-20,2026-05-26,70,7642,Cancelled,Automotive
342,144,Ware House E,2026-05-30,2026-06-06,40,7697,Delayed,Electronics
343,430,Ware House A,2026-05-11,2026-05-20,31,472,Delayed,Automotive
344,491,Ware House D,2026-05-30,2026-05-31,73,7436,Delayed,Pharma
345,385,Ware House C,2026-05-27,2026-05-30,38,9713,In Transit,Industrial
346,411,Ware House D,2026-05-06,2026-05-11,15,9954,In Transit,Electronics
347,282,Ware House B,2026-05-07,2026-05-16,40,8844,Cancelled,FMCG
348,282,Ware House E,2026-05-27,2026-06-04,62,3120,Delivered,FMCG
349,299,Ware House A,2026-05-20,2026-05-27,34,3179,Delayed,Automotive
350,269,Ware House A,2026-05-06,2026-05-13,83,6814,Cancelled,Electronics
351,82,Ware House D,2026-05-16,2026-05-21,68,7962,Cancelled,Automotive
352,43,Ware House B,2026-05-19,2026-05-28,67,8456,Cancelled,Automotive
353,334,Ware House C,2026-05-28,2026-06-04,99,633,Delayed,Pharma
354,331,Ware House B,2026-05-20,2026-05-24,99,5872,Cancelled,Electronics
355,477,Ware House A,2026-05-16,2026-05-21,14,1189,Delayed,FMCG
356,343,Ware House D,2026-05-13,2026-05-19,44,8961,Cancelled,Automotive
357,25,Ware House B,2026-05-19,2026-05-28,42,7673,Delivered,FMCG
358,63,Ware House D,2026-06-03,2026-06-09,85,4858,Delayed,Electronics
359,1,Ware House B,2026-06-02,2026-06-04,80,3423,In Transit,Electronics
360,243,Ware House C,2026-05-21,2026-05-27,37,8511,Cancelled,Pharma
361,302,Ware House D,2026-05-23,2026-06-02,69,3608,Delivered,Electronics
362,57,Ware House B,2026-06-01,2026-06-02,61,3220,In Transit,FMCG
363,109,Ware House B,2026-05-11,2026-05-21,63,122,Cancelled,FMCG
364,100,Ware House C,2026-05-09,2026-05-15,94,8508,Delivered,Pharma
365,376,Ware House D,2026-05-20,2026-05-28,47,1901,In Transit,Pharma
366,319,Ware House D,2026-05-30,2026-06-07,14,9578,In Transit,FMCG
367,250,Ware House A,2026-05-31,2026-06-06,63,6777,In Transit,Automotive
368,67,Ware House B,2026-05-15,2026-05-25,25,4157,In Transit,FMCG
369,145,Ware House D,2026-05-16,2026-05-22,80,2734,Delivered,Industrial
370,498,Ware House C,2026-06-01,2026-06-11,72,5026,In Transit,Automotive
371,177,Ware House B,2026-05-25,2026-06-02,63,654,Delayed,Industrial
372,68,Ware House E,2026-06-03,2026-06-09,62,8112,Cancelled,FMCG
373,447,Ware House A,2026-05-14,2026-05-17,35,1151,Delayed,FMCG
374,454,Ware House D,2026-05-17,2026-05-21,73,4219,Delayed,Automotive
375,170,Ware House D,2026-05-21,2026-05-24,34,5540,Delivered,Pharma
376,263,Ware House B,2026-05-10,2026-05-18,58,2383,Delivered,Pharma
377,232,Ware House B,2026-05-14,2026-05-20,10,2994,In Transit,FMCG
378,421,Ware House A,2026-05-13,2026-05-23,6,3807,Cancelled,FMCG
379,496,Ware House D,2026-05-13,2026-05-16,87,5415,Delayed,Automotive
380,336,Ware House D,2026-05-06,2026-05-15,26,3333,Delivered,FMCG
381,323,Ware House D,2026-05-08,2026-05-15,13,326,Delivered,Automotive
382,60,Ware House E,2026-05-29,2026-06-02,54,1491,Delivered,Industrial
383,476,Ware House C,2026-05-29,2026-06-08,53,1132,Delayed,Automotive
384,422,Ware House C,2026-05-14,2026-05-20,99,1513,Delivered,Electronics
385,358,Ware House E,2026-05-17,2026-05-19,24,321,In Transit,Electronics
386,457,Ware House E,2026-06-03,2026-06-12,15,2032,Cancelled,FMCG
387,84,Ware House E,2026-05-25,2026-06-01,63,2857,In Transit,Pharma
388,286,Ware House E,2026-05-25,2026-06-01,46,3263,Delayed,Electronics
389,185,Ware House A,2026-06-02,2026-06-05,75,3245,Delivered,FMCG
390,358,Ware House E,2026-05-25,2026-05-31,1,5797,Cancelled,Industrial
391,344,Ware House C,2026-05-23,2026-05-28,22,5194,Cancelled,Industrial
392,489,Ware House E,2026-05-15,2026-05-17,8,4467,Delayed,FMCG
393,246,Ware House C,2026-05-06,2026-05-09,61,8751,Delayed,Electronics
394,26,Ware House E,2026-05-14,2026-05-18,31,2848,Cancelled,Industrial
395,85,Ware House E,2026-05-26,2026-06-02,51,3828,Delivered,Automotive
396,129,Ware House D,2026-05-22,2026-05-30,22,2333,Delivered,Automotive
397,390,Ware House C,2026-05-14,2026-05-22,6,537,Cancelled,Pharma
398,271,Ware House A,2026-05-10,2026-05-19,41,2649,Delayed,Industrial
399,222,Ware House C,2026-05-10,2026-05-19,24,3258,Cancelled,Automotive
400,299,Ware House B,2026-05-24,2026-05-28,49,9391,Cancelled,Electronics
401,449,Ware House B,2026-05-21,2026-05-31,64,8399,Delayed,Electronics
402,147,Ware House A,2026-05-17,2026-05-23,83,6968,Cancelled,Automotive
403,341,Ware House C,2026-05-13,2026-05-17,27,8395,Delivered,Industrial
404,355,Ware House A,2026-06-02,2026-06-08,45,4010,Delayed,Automotive
405,441,Ware House C,2026-05-07,2026-05-11,77,7805,Delivered,Electronics
406,87,Ware House D,2026-05-09,2026-05-11,12,9723,In Transit,FMCG
407,359,Ware House B,2026-05-30,2026-06-07,29,9742,Cancelled,Pharma
408,286,Ware House A,2026-05-20,2026-05-27,29,6796,Cancelled,Automotive
409,44,Ware House B,2026-05-14,2026-05-22,36,7176,Delivered,FMCG
410,44,Ware House D,2026-05-14,2026-05-24,76,3901,Delivered,Electronics
411,197,Ware House D,2026-05-29,2026-05-31,52,7728,Cancelled,Automotive
412,281,Ware House C,2026-05-09,2026-05-16,16,1853,Cancelled,Industrial
413,462,Ware House B,2026-05-12,2026-05-16,66,6298,Cancelled,FMCG
414,70,Ware House E,2026-06-02,2026-06-08,18,2854,Cancelled,Pharma
415,217,Ware House C,2026-05-17,2026-05-20,79,2769,In Transit,FMCG
416,361,Ware House B,2026-05-14,2026-05-20,83,9688,Cancelled,Automotive
417,493,Ware House E,2026-05-18,2026-05-19,28,8971,Cancelled,Automotive
418,320,Ware House C,2026-05-17,2026-05-23,8,9568,Delayed,Electronics
419,385,Ware House A,2026-05-31,2026-06-06,11,9404,In Transit,Automotive
420,173,Ware House B,2026-05-24,2026-05-27,61,5706,In Transit,Automotive
421,449,Ware House E,2026-06-03,2026-06-08,57,3562,Delayed,Pharma
422,194,Ware House A,2026-05-30,2026-06-08,64,4501,In Transit,Electronics
423,26,Ware House B,2026-05-26,2026-05-30,41,6509,Cancelled,Pharma
424,253,Ware House D,2026-05-13,2026-05-21,44,1150,In Transit,Electronics
425,146,Ware House D,2026-05-30,2026-06-03,99,7501,In Transit,Electronics
426,157,Ware House C,2026-05-16,2026-05-21,23,411,Cancelled,Pharma
427,17,Ware House B,2026-05-27,2026-05-31,7,2686,In Transit,Automotive
428,311,Ware House D,2026-05-24,2026-05-29,90,8787,Delivered,Industrial
429,495,Ware House B,2026-05-11,2026-05-19,45,2992,Delayed,Pharma
430,30,Ware House D,2026-05-15,2026-05-21,97,5638,Delivered,Pharma
431,46,Ware House A,2026-05-09,2026-05-14,29,5043,Delayed,FMCG
432,235,Ware House C,2026-05-22,2026-05-26,69,2744,Cancelled,Industrial
433,205,Ware House C,2026-05-30,2026-06-06,39,3531,Cancelled,Pharma
434,204,Ware House E,2026-05-22,2026-05-24,32,6165,In Transit,Electronics
435,494,Ware House D,2026-05-31,2026-06-06,93,7816,Cancelled,Industrial
436,185,Ware House D,2026-05-25,2026-05-29,12,3230,Cancelled,Automotive
437,347,Ware House D,2026-05-23,2026-05-24,77,9918,Delivered,Pharma
438,231,Ware House D,2026-05-25,2026-05-28,79,9873,In Transit,Automotive
439,41,Ware House D,2026-05-16,2026-05-21,79,8189,Delayed,Pharma
440,10,Ware House E,2026-05-16,2026-05-22,28,2812,Cancelled,Electronics
441,277,Ware House D,2026-05-23,2026-05-27,34,5952,Delayed,FMCG
442,359,Ware House B,2026-06-04,2026-06-06,31,1875,Cancelled,FMCG
443,96,Ware House A,2026-05-19,2026-05-21,70,8146,Cancelled,Industrial
444,221,Ware House B,2026-05-22,2026-05-28,4,2449,Cancelled,Electronics
445,114,Ware House E,2026-05-06,2026-05-07,25,6099,Cancelled,FMCG
446,65,Ware House D,2026-05-16,2026-05-20,48,2665,Cancelled,FMCG
447,296,Ware House C,2026-05-26,2026-06-01,44,7837,Cancelled,Pharma
448,229,Ware House D,2026-06-03,2026-06-10,99,2556,In Transit,FMCG
449,93,Ware House D,2026-05-20,2026-05-29,56,5269,Cancelled,Electronics
450,488,Ware House E,2026-05-09,2026-05-14,59,7828,Cancelled,Automotive
451,488,Ware House A,2026-05-09,2026-05-14,4,1242,Delayed,Automotive
452,93,Ware House C,2026-05-06,2026-05-08,82,5295,Delivered,Industrial
453,386,Ware House D,2026-05-28,2026-06-05,46,3285,Cancelled,Electronics
454,407,Ware House D,2026-05-09,2026-05-13,7,4544,In Transit,FMCG
455,392,Ware House C,2026-05-18,2026-05-22,36,1556,Cancelled,Electronics
456,234,Ware House D,2026-05-30,2026-06-02,36,863,Delayed,Pharma
457,13,Ware House E,2026-05-06,2026-05-08,7,7087,Delayed,Industrial
458,439,Ware House A,2026-06-02,2026-06-09,81,3171,Delivered,Industrial
459,364,Ware House D,2026-06-01,2026-06-06,59,9895,Delayed,Pharma
460,230,Ware House A,2026-05-06,2026-05-15,33,6790,In Transit,Electronics
461,414,Ware House C,2026-05-08,2026-05-11,2,3064,Cancelled,FMCG
462,135,Ware House A,2026-05-06,2026-05-11,82,5859,Delivered,Automotive
463,491,Ware House D,2026-05-06,2026-05-07,80,1985,Delivered,Industrial
464,376,Ware House C,2026-05-10,2026-05-14,97,1618,In Transit,Automotive
465,281,Ware House E,2026-06-04,2026-06-10,95,8721,In Transit,Electronics
466,236,Ware House B,2026-05-23,2026-05-28,91,8416,Delivered,Automotive
467,304,Ware House B,2026-05-11,2026-05-19,19,9383,Delayed,Electronics
468,468,Ware House C,2026-05-23,2026-05-27,17,2143,Cancelled,Automotive
469,252,Ware House A,2026-06-03,2026-06-10,51,2317,Delayed,FMCG
470,371,Ware House A,2026-06-03,2026-06-12,94,8933,Delayed,Automotive
471,201,Ware House C,2026-06-02,2026-06-09,39,3505,Delivered,Industrial
472,432,Ware House A,2026-05-23,2026-05-30,88,5945,Delayed,FMCG
473,431,Ware House B,2026-06-01,2026-06-11,17,6567,Delayed,Pharma
474,162,Ware House B,2026-06-02,2026-06-05,12,2495,Cancelled,FMCG
475,281,Ware House D,2026-05-29,2026-05-30,64,849,In Transit,Electronics
476,80,Ware House D,2026-05-22,2026-05-30,11,2768,Delayed,Industrial
477,29,Ware House D,2026-05-21,2026-05-26,31,8224,Cancelled,Pharma
478,151,Ware House D,2026-05-29,2026-06-07,30,8951,In Transit,FMCG
479,207,Ware House E,2026-05-10,2026-05-17,41,3713,In Transit,Electronics
480,266,Ware House E,2026-05-11,2026-05-18,89,6613,In Transit,Pharma
481,254,Ware House E,2026-05-09,2026-05-15,81,2477,Delayed,Electronics
482,398,Ware House C,2026-05-09,2026-05-11,72,7127,Delayed,Electronics
483,261,Ware House E,2026-05-24,2026-05-28,89,9584,Delayed,Electronics
484,357,Ware House B,2026-05-21,2026-05-22,84,8078,Cancelled,FMCG
485,311,Ware House C,2026-05-16,2026-05-21,78,4587,In Transit,FMCG
486,386,Ware House D,2026-06-02,2026-06-11,46,4960,Cancelled,Electronics
487,290,Ware House A,2026-05-22,2026-05-29,67,8396,In Transit,Electronics
488,105,Ware House C,2026-05-19,2026-05-20,82,3527,Cancelled,Industrial
489,15,Ware House E,2026-05-11,2026-05-16,73,6036,Delivered,Pharma
490,413,Ware House D,2026-05-22,2026-05-23,19,840,Delayed,Industrial
491,352,Ware House C,2026-05-20,2026-05-23,1,6653,Cancelled,FMCG
492,446,Ware House E,2026-05-08,2026-05-14,57,5685,Delayed,Industrial
493,376,Ware House A,2026-05-06,2026-05-08,35,6968,Delivered,Pharma
494,23,Ware House D,2026-05-23,2026-05-29,68,7460,Delayed,Electronics
495,297,Ware House D,2026-05-29,2026-06-06,51,6507,Cancelled,Pharma
496,212,Ware House D,2026-05-26,2026-05-30,59,285,Delivered,Electronics
497,324,Ware House A,2026-05-31,2026-06-05,88,8809,Cancelled,FMCG
498,425,Ware House C,2026-05-20,2026-05-23,22,4815,Delayed,Industrial
499,394,Ware House A,2026-05-16,2026-05-26,24,2953,In Transit,Industrial
500,51,Ware House B,2026-05-11,2026-05-14,99,8629,In Transit,Industrial
501,275,Ware House E,2026-05-11,2026-05-15,8,7184,In Transit,Electronics
502,258,Ware House E,2026-05-19,2026-05-23,23,343,Cancelled,Pharma
503,114,Ware House E,2026-05-17,2026-05-19,4,6767,Delayed,Automotive
504,192,Ware House D,2026-06-02,2026-06-07,70,8222,Delayed,Electronics
505,18,Ware House E,2026-05-07,2026-05-17,99,3321,Delivered,Industrial
506,327,Ware House B,2026-05-24,2026-06-02,99,5362,In Transit,Electronics
507,95,Ware House D,2026-05-18,2026-05-25,29,5777,Delivered,Automotive
508,111,Ware House E,2026-06-03,2026-06-07,78,1133,Delayed,Electronics
509,135,Ware House D,2026-05-31,2026-06-10,67,1186,Delayed,Electronics
510,31,Ware House E,2026-05-27,2026-05-29,57,2180,Delayed,Pharma
511,357,Ware House B,2026-05-13,2026-05-22,53,7993,Delayed,Industrial
512,72,Ware House A,2026-05-23,2026-05-31,10,9688,Delayed,Industrial
513,191,Ware House B,2026-05-14,2026-05-21,2,2467,Delayed,Automotive
514,281,Ware House A,2026-05-17,2026-05-27,13,737,Delivered,Pharma
515,318,Ware House C,2026-05-28,2026-06-05,34,416,In Transit,Pharma
516,397,Ware House A,2026-05-07,2026-05-17,80,5757,In Transit,Industrial
517,205,Ware House D,2026-05-19,2026-05-28,20,5978,Delivered,Electronics
518,249,Ware House A,2026-05-12,2026-05-15,86,5757,Delayed,Industrial
519,391,Ware House C,2026-05-11,2026-05-15,87,6118,Cancelled,Automotive
520,392,Ware House D,2026-05-17,2026-05-22,30,9486,Cancelled,Industrial
521,190,Ware House C,2026-05-18,2026-05-24,27,1613,Delivered,Automotive
522,257,Ware House D,2026-05-30,2026-05-31,38,3367,Delayed,Industrial
523,91,Ware House E,2026-05-12,2026-05-16,86,8951,Delayed,Automotive
524,358,Ware House D,2026-05-25,2026-05-27,32,2422,In Transit,Automotive
525,21,Ware House C,2026-05-30,2026-06-03,80,5628,In Transit,Electronics
526,107,Ware House E,2026-05-18,2026-05-22,64,5418,In Transit,Pharma
527,35,Ware House E,2026-05-14,2026-05-18,70,458,In Transit,Automotive
528,436,Ware House E,2026-05-13,2026-05-21,1,3931,Cancelled,FMCG
529,136,Ware House E,2026-05-26,2026-06-02,83,8697,Cancelled,Industrial
530,177,Ware House B,2026-06-01,2026-06-08,32,6097,Delivered,Industrial
531,104,Ware House B,2026-05-26,2026-06-05,50,8488,Delivered,Electronics
532,448,Ware House E,2026-05-18,2026-05-27,60,7630,In Transit,Electronics
533,446,Ware House A,2026-05-23,2026-05-27,90,5969,In Transit,Electronics
534,430,Ware House E,2026-05-31,2026-06-06,90,8223,Delayed,Pharma
535,439,Ware House B,2026-05-31,2026-06-03,61,7454,In Transit,Electronics
536,346,Ware House B,2026-05-23,2026-05-25,28,1741,Cancelled,Electronics
537,24,Ware House C,2026-06-02,2026-06-03,95,1201,In Transit,FMCG
538,261,Ware House D,2026-06-04,2026-06-05,86,4879,Delivered,FMCG
539,129,Ware House C,2026-05-09,2026-05-15,41,9253,Delivered,FMCG
540,375,Ware House A,2026-05-29,2026-06-03,48,4849,Delivered,Pharma
541,270,Ware House A,2026-05-11,2026-05-21,12,5430,In Transit,Electronics
542,439,Ware House D,2026-05-08,2026-05-10,100,5379,In Transit,Electronics
543,5,Ware House D,2026-05-17,2026-05-26,5,281,Cancelled,Electronics
544,435,Ware House D,2026-05-08,2026-05-16,53,9707,Delivered,Electronics
545,431,Ware House D,2026-05-24,2026-05-28,22,3987,Delayed,Automotive
546,461,Ware House B,2026-05-29,2026-06-02,13,4475,Cancelled,Electronics
547,436,Ware House A,2026-05-09,2026-05-16,79,9083,In Transit,Automotive
548,331,Ware House E,2026-05-13,2026-05-23,77,8312,Delayed,Industrial
549,497,Ware House D,2026-05-25,2026-05-31,94,8802,Delayed,Automotive
550,451,Ware House C,2026-05-10,2026-05-15,21,4478,In Transit,Pharma
551,34,Ware House A,2026-05-08,2026-05-17,31,4895,Delivered,Pharma
552,384,Ware House B,2026-06-02,2026-06-12,92,1256,Delivered,Industrial
553,307,Ware House C,2026-05-17,2026-05-23,13,9005,Cancelled,Electronics
554,385,Ware House B,2026-05-23,2026-05-28,42,963,Delayed,FMCG
555,260,Ware House C,2026-05-16,2026-05-24,56,2649,Delayed,FMCG
556,195,Ware House D,2026-05-18,2026-05-21,14,8462,Delivered,Industrial
557,33,Ware House B,2026-05-21,2026-05-26,22,2930,Delayed,Electronics
558,279,Ware House A,2026-05-17,2026-05-26,87,2018,Delivered,Automotive
559,445,Ware House A,2026-05-26,2026-06-05,23,4070,In Transit,Industrial
560,197,Ware House A,2026-05-25,2026-06-02,95,5992,Cancelled,Automotive
561,171,Ware House D,2026-05-12,2026-05-17,80,9431,Cancelled,FMCG
562,428,Ware House D,2026-05-08,2026-05-17,66,5541,Delayed,Industrial
563,76,Ware House E,2026-05-19,2026-05-20,70,3976,Cancelled,Automotive
564,51,Ware House E,2026-05-09,2026-05-10,13,6161,Cancelled,Automotive
565,279,Ware House D,2026-05-11,2026-05-17,56,5270,Cancelled,Pharma
566,417,Ware House E,2026-05-20,2026-05-27,70,8543,Delayed,Pharma
567,2,Ware House C,2026-05-24,2026-05-27,28,3456,Cancelled,Industrial
568,253,Ware House C,2026-05-27,2026-06-04,19,1744,Cancelled,Industrial
569,467,Ware House B,2026-05-09,2026-05-19,69,8659,In Transit,FMCG
570,287,Ware House D,2026-06-01,2026-06-10,96,5518,Delivered,Industrial
571,24,Ware House A,2026-05-30,2026-06-05,100,2553,Delayed,Industrial
572,451,Ware House C,2026-06-01,2026-06-10,73,8883,In Transit,Pharma
573,20,Ware House E,2026-05-06,2026-05-13,5,8779,Delayed,Pharma
574,195,Ware House B,2026-05-14,2026-05-23,88,3323,Cancelled,Pharma
575,195,Ware House B,2026-05-21,2026-05-25,39,1886,Delayed,Pharma
576,367,Ware House C,2026-05-21,2026-05-30,52,2957,In Transit,Electronics
577,141,Ware House A,2026-05-23,2026-05-29,69,5957,Delayed,FMCG
578,44,Ware House D,2026-05-30,2026-06-09,95,6333,Cancelled,FMCG
579,230,Ware House A,2026-05-07,2026-05-13,76,8118,Delivered,Automotive
580,122,Ware House D,2026-05-13,2026-05-21,55,401,Delayed,Electronics
581,451,Ware House B,2026-05-23,2026-06-01,54,1775,Delayed,Industrial
582,103,Ware House A,2026-05-25,2026-05-31,84,594,Delayed,Industrial
583,161,Ware House B,2026-06-04,2026-06-05,35,2392,Delivered,Electronics
584,102,Ware House E,2026-05-22,2026-05-29,42,6832,Cancelled,Industrial
585,414,Ware House D,2026-05-21,2026-05-30,23,7869,Delivered,Electronics
586,374,Ware House A,2026-05-30,2026-06-08,20,5865,Delayed,Industrial
587,477,Ware House D,2026-05-12,2026-05-17,64,5705,Delivered,Electronics
588,271,Ware House E,2026-05-19,2026-05-21,76,3635,Delayed,Electronics
589,5,Ware House B,2026-06-04,2026-06-07,82,7756,In Transit,Pharma
590,219,Ware House B,2026-05-29,2026-06-07,63,8176,Cancelled,Pharma
591,288,Ware House E,2026-05-29,2026-06-04,70,6997,Delayed,Industrial
592,374,Ware House D,2026-05-22,2026-05-27,20,9379,Cancelled,FMCG
593,175,Ware House A,2026-05-25,2026-05-26,3,2120,Delayed,Electronics
594,185,Ware House A,2026-05-25,2026-06-02,49,2743,In Transit,Electronics
595,110,Ware House D,2026-05-14,2026-05-23,18,1127,Cancelled,Pharma
596,333,Ware House B,2026-05-23,2026-06-02,95,8298,Cancelled,Pharma
597,340,Ware House E,2026-05-11,2026-05-12,29,3345,Delayed,FMCG
598,88,Ware House C,2026-05-14,2026-05-17,65,635,In Transit,Automotive
599,459,Ware House B,2026-06-03,2026-06-04,26,2603,Delayed,Industrial
600,252,Ware House D,2026-06-04,2026-06-07,60,896,Delayed,Electronics
601,411,Ware House B,2026-06-02,2026-06-11,67,8335,Cancelled,FMCG
602,313,Ware House A,2026-06-03,2026-06-13,100,7179,Delivered,Industrial
603,23,Ware House E,2026-05-12,2026-05-16,72,626,In Transit,FMCG
604,486,Ware House B,2026-06-01,2026-06-07,83,3558,In Transit,Automotive
605,433,Ware House B,2026-06-04,2026-06-11,89,2349,Delivered,FMCG
606,484,Ware House D,2026-05-09,2026-05-10,85,487,Delayed,Industrial
607,96,Ware House E,2026-05-08,2026-05-12,62,6651,In Transit,Electronics
608,97,Ware House D,2026-05-07,2026-05-13,51,2099,Cancelled,FMCG
609,222,Ware House C,2026-05-29,2026-06-07,84,3977,In Transit,Pharma
610,153,Ware House A,2026-05-28,2026-06-02,92,5788,Delayed,Pharma
611,102,Ware House E,2026-05-28,2026-06-06,80,8168,Delayed,FMCG
612,499,Ware House E,2026-06-04,2026-06-13,64,7674,In Transit,Electronics
613,361,Ware House C,2026-05-17,2026-05-21,64,5109,Delayed,Industrial
614,323,Ware House E,2026-05-06,2026-05-10,35,4699,In Transit,Industrial
615,177,Ware House B,2026-05-17,2026-05-26,44,8716,In Transit,Automotive
616,277,Ware House A,2026-05-20,2026-05-22,56,8891,In Transit,FMCG
617,25,Ware House A,2026-05-31,2026-06-04,23,7042,Delivered,FMCG
618,361,Ware House C,2026-05-13,2026-05-18,93,8347,Cancelled,Pharma
619,26,Ware House C,2026-05-31,2026-06-02,43,940,Cancelled,Industrial
620,92,Ware House B,2026-05-15,2026-05-16,7,7905,Delivered,Electronics
621,17,Ware House C,2026-05-20,2026-05-23,4,9667,Cancelled,Pharma
622,24,Ware House C,2026-05-10,2026-05-17,99,7954,Delayed,FMCG
623,398,Ware House C,2026-05-16,2026-05-20,39,8375,In Transit,Pharma
624,13,Ware House D,2026-05-20,2026-05-28,75,725,In Transit,Automotive
625,446,Ware House B,2026-05-07,2026-05-12,58,4452,Delayed,Industrial
626,167,Ware House E,2026-05-25,2026-06-04,45,286,Delayed,Pharma
627,89,Ware House B,2026-05-25,2026-06-03,100,6176,In Transit,Electronics
628,253,Ware House C,2026-06-02,2026-06-06,8,5248,Cancelled,Industrial
629,274,Ware House B,2026-05-26,2026-05-27,68,1903,In Transit,Industrial
630,187,Ware House C,2026-06-02,2026-06-09,90,5266,Cancelled,Automotive
631,112,Ware House D,2026-05-12,2026-05-13,96,821,Delayed,Pharma
632,473,Ware House D,2026-05-27,2026-06-03,18,5482,Delayed,Electronics
633,222,Ware House E,2026-06-03,2026-06-09,56,1789,In Transit,Pharma
634,253,Ware House A,2026-06-01,2026-06-06,98,8232,Cancelled,FMCG
635,416,Ware House A,2026-05-30,2026-06-07,93,8315,Cancelled,Electronics
636,156,Ware House C,2026-05-09,2026-05-12,76,2063,Delivered,Pharma
637,359,Ware House A,2026-05-12,2026-05-22,13,7422,Delayed,FMCG
638,227,Ware House E,2026-05-22,2026-05-25,70,3373,Cancelled,Pharma
639,368,Ware House C,2026-05-13,2026-05-16,91,3484,Delivered,Pharma
640,401,Ware House C,2026-05-26,2026-06-02,52,9613,Delivered,FMCG
641,157,Ware House D,2026-05-30,2026-06-02,85,1958,Delayed,FMCG
642,389,Ware House A,2026-05-28,2026-06-07,39,286,Delivered,Industrial
643,417,Ware House A,2026-05-28,2026-05-29,52,9864,In Transit,Pharma
644,193,Ware House E,2026-05-20,2026-05-26,76,878,Delayed,FMCG
645,65,Ware House B,2026-05-23,2026-05-28,63,225,Delivered,Electronics
646,189,Ware House C,2026-05-15,2026-05-18,11,3657,Delayed,Electronics
647,418,Ware House D,2026-05-18,2026-05-26,50,7129,Cancelled,Industrial
648,390,Ware House E,2026-06-04,2026-06-08,85,4164,Delivered,Pharma
649,94,Ware House E,2026-05-18,2026-05-27,53,2596,Delayed,Automotive
650,133,Ware House B,2026-05-18,2026-05-24,70,4323,Delayed,Pharma
651,372,Ware House B,2026-05-11,2026-05-14,23,3372,Delivered,Pharma
652,259,Ware House A,2026-05-25,2026-06-02,94,1914,In Transit,Automotive
653,48,Ware House A,2026-05-21,2026-05-31,26,9134,Delivered,Electronics
654,303,Ware House D,2026-05-11,2026-05-13,66,9300,In Transit,Electronics
655,375,Ware House D,2026-05-12,2026-05-16,36,6856,Delayed,Electronics
656,489,Ware House B,2026-06-01,2026-06-07,42,5762,Delayed,Automotive
657,55,Ware House B,2026-05-23,2026-05-25,48,2401,Cancelled,Electronics
658,18,Ware House E,2026-05-28,2026-06-03,19,6989,Cancelled,Automotive
659,181,Ware House B,2026-05-13,2026-05-22,12,4467,Cancelled,Pharma
660,369,Ware House A,2026-05-28,2026-06-03,94,8952,Cancelled,Pharma
661,493,Ware House E,2026-05-24,2026-05-31,29,7369,In Transit,Industrial
662,27,Ware House B,2026-05-15,2026-05-22,70,8176,In Transit,Industrial
663,15,Ware House D,2026-05-07,2026-05-10,31,2533,In Transit,Automotive
664,450,Ware House E,2026-05-22,2026-05-30,15,4164,Delayed,Electronics
665,178,Ware House B,2026-05-08,2026-05-12,74,6163,In Transit,FMCG
666,74,Ware House A,2026-05-30,2026-06-04,52,4356,In Transit,Industrial
667,167,Ware House E,2026-05-09,2026-05-15,27,586,In Transit,Automotive
668,455,Ware House A,2026-05-06,2026-05-07,83,7443,Delivered,Pharma
669,154,Ware House A,2026-05-31,2026-06-02,7,1170,Delivered,Pharma
670,90,Ware House A,2026-05-09,2026-05-11,32,2894,Delayed,Pharma
671,90,Ware House D,2026-05-20,2026-05-27,5,7698,In Transit,Industrial
672,132,Ware House E,2026-06-04,2026-06-11,60,842,Cancelled,Industrial
673,229,Ware House A,2026-05-23,2026-05-30,55,137,Cancelled,FMCG
674,382,Ware House E,2026-05-07,2026-05-16,80,8300,Cancelled,Pharma
675,169,Ware House C,2026-05-12,2026-05-13,20,6184,In Transit,Pharma
676,201,Ware House B,2026-05-07,2026-05-08,66,4817,Delivered,FMCG
677,86,Ware House C,2026-05-28,2026-05-31,80,3445,Delivered,FMCG
678,292,Ware House B,2026-05-17,2026-05-27,77,3170,Delayed,FMCG
679,51,Ware House A,2026-05-13,2026-05-15,75,8631,In Transit,Industrial
680,19,Ware House A,2026-06-01,2026-06-03,91,1725,Delayed,Pharma
681,433,Ware House B,2026-05-10,2026-05-18,70,7642,Delivered,Industrial
682,423,Ware House E,2026-05-31,2026-06-09,2,8500,Delayed,FMCG
683,326,Ware House E,2026-05-21,2026-05-29,49,2728,Delivered,Automotive
684,479,Ware House E,2026-05-19,2026-05-20,68,4534,Cancelled,Automotive
685,406,Ware House B,2026-05-25,2026-05-29,39,3402,In Transit,Electronics
686,435,Ware House C,2026-05-24,2026-05-28,5,3493,In Transit,Electronics
687,255,Ware House B,2026-05-11,2026-05-21,78,4910,Cancelled,FMCG
688,239,Ware House E,2026-05-22,2026-05-23,79,672,Delayed,Automotive
689,79,Ware House C,2026-06-01,2026-06-09,47,9950,Delivered,FMCG
690,112,Ware House B,2026-05-27,2026-06-04,56,3791,In Transit,Electronics
691,315,Ware House A,2026-06-02,2026-06-06,87,4347,In Transit,Automotive
692,447,Ware House E,2026-05-06,2026-05-08,98,9291,Delivered,Automotive
693,452,Ware House D,2026-05-31,2026-06-10,63,1947,Delivered,Industrial
694,319,Ware House B,2026-05-09,2026-05-11,56,7208,Delivered,Pharma
695,353,Ware House B,2026-05-22,2026-05-31,15,7383,Delayed,Automotive
696,354,Ware House D,2026-05-17,2026-05-19,82,6407,Cancelled,Industrial
697,21,Ware House D,2026-05-24,2026-05-31,23,779,Cancelled,Industrial
698,427,Ware House C,2026-06-04,2026-06-05,54,8508,Cancelled,Automotive
699,431,Ware House D,2026-05-30,2026-06-02,22,6982,In Transit,FMCG
700,85,Ware House B,2026-06-02,2026-06-09,52,1325,Cancelled,FMCG
701,170,Ware House A,2026-05-25,2026-05-28,98,4605,Delayed,Industrial
702,181,Ware House D,2026-05-30,2026-06-01,74,6378,Delivered,Electronics
703,185,Ware House E,2026-05-28,2026-06-05,43,4853,Cancelled,Industrial
704,33,Ware House C,2026-05-09,2026-05-15,31,6535,Cancelled,Pharma
705,179,Ware House D,2026-06-03,2026-06-06,1,9465,In Transit,Electronics
706,327,Ware House A,2026-05-21,2026-05-29,82,8219,Cancelled,Pharma
707,478,Ware House E,2026-05-07,2026-05-14,4,7732,Delivered,Pharma
708,79,Ware House B,2026-05-16,2026-05-22,53,4589,Delayed,Electronics
709,53,Ware House A,2026-05-20,2026-05-30,93,6910,Delivered,Automotive
710,45,Ware House A,2026-05-12,2026-05-14,27,5230,Cancelled,Electronics
711,92,Ware House B,2026-05-19,2026-05-21,34,5836,In Transit,Electronics
712,434,Ware House C,2026-05-22,2026-05-31,62,8688,Delivered,Pharma
713,377,Ware House D,2026-05-11,2026-05-21,98,3052,Delivered,Automotive
714,181,Ware House E,2026-05-13,2026-05-22,51,1510,In Transit,Pharma
715,294,Ware House B,2026-05-31,2026-06-10,32,4208,Delayed,Pharma
716,420,Ware House B,2026-05-14,2026-05-20,75,5776,Delivered,Electronics
717,122,Ware House E,2026-05-30,2026-05-31,38,9098,Cancelled,FMCG
718,127,Ware House A,2026-05-12,2026-05-21,99,7997,Delivered,Electronics
719,227,Ware House B,2026-05-10,2026-05-14,21,9054,Cancelled,Industrial
720,278,Ware House E,2026-05-27,2026-06-01,36,3046,Delayed,FMCG
721,478,Ware House C,2026-05-11,2026-05-17,23,4028,Delivered,FMCG
722,352,Ware House C,2026-05-30,2026-06-06,75,7410,Delivered,Industrial
723,113,Ware House C,2026-05-25,2026-05-31,55,1583,In Transit,FMCG
724,257,Ware House C,2026-05-19,2026-05-20,80,4286,Delivered,FMCG
725,460,Ware House C,2026-05-12,2026-05-15,58,4743,Cancelled,FMCG
726,124,Ware House B,2026-05-19,2026-05-20,86,197,Delayed,FMCG
727,324,Ware House B,2026-06-01,2026-06-11,70,9069,Cancelled,Electronics
728,483,Ware House A,2026-05-19,2026-05-27,67,4541,Delayed,FMCG
729,122,Ware House A,2026-05-16,2026-05-24,37,2610,In Transit,Electronics
730,460,Ware House B,2026-05-20,2026-05-24,52,9698,In Transit,FMCG
731,386,Ware House E,2026-05-12,2026-05-21,79,8168,Delayed,Pharma
732,299,Ware House B,2026-05-24,2026-05-25,69,1004,Delivered,Electronics
733,166,Ware House C,2026-05-29,2026-06-06,14,2744,In Transit,Electronics
734,98,Ware House D,2026-05-29,2026-06-04,94,8427,Delayed,Pharma
735,32,Ware House A,2026-05-21,2026-05-29,42,4924,Cancelled,Industrial
736,244,Ware House B,2026-05-21,2026-05-25,95,8595,Delayed,Pharma
737,478,Ware House B,2026-05-18,2026-05-22,73,5468,In Transit,Automotive
738,32,Ware House E,2026-05-29,2026-06-04,42,4879,Delivered,Industrial
739,242,Ware House C,2026-05-23,2026-06-02,1,8898,Delivered,Electronics
740,369,Ware House D,2026-05-30,2026-05-31,78,3446,Delivered,Electronics
741,61,Ware House E,2026-05-22,2026-05-27,91,8060,In Transit,Electronics
742,493,Ware House E,2026-05-27,2026-06-05,94,4739,In Transit,Industrial
743,498,Ware House A,2026-05-09,2026-05-19,53,1984,Cancelled,Pharma
744,61,Ware House A,2026-05-19,2026-05-25,92,137,In Transit,Industrial
745,370,Ware House D,2026-05-24,2026-05-26,80,6330,Delivered,Electronics
746,248,Ware House B,2026-05-13,2026-05-15,35,8034,Delivered,Pharma
747,131,Ware House B,2026-05-31,2026-06-01,30,4882,Delivered,Pharma
748,405,Ware House B,2026-05-22,2026-05-25,39,9492,Delivered,Automotive
749,21,Ware House B,2026-05-11,2026-05-19,88,3551,Delayed,Electronics
750,182,Ware House E,2026-05-13,2026-05-21,35,8779,Delivered,Industrial
751,338,Ware House A,2026-05-09,2026-05-11,87,4478,Cancelled,Electronics
752,404,Ware House E,2026-06-04,2026-06-11,21,595,In Transit,Industrial
753,197,Ware House C,2026-06-02,2026-06-06,85,5460,Delivered,FMCG
754,6,Ware House D,2026-05-29,2026-05-30,22,2058,Delayed,Pharma
755,202,Ware House B,2026-05-09,2026-05-15,93,5590,Delayed,Automotive
756,301,Ware House C,2026-05-07,2026-05-10,26,8043,Delayed,FMCG
757,371,Ware House D,2026-05-31,2026-06-01,71,3856,Delayed,Pharma
758,226,Ware House A,2026-05-21,2026-05-27,47,9595,Delivered,Electronics
759,229,Ware House B,2026-06-01,2026-06-03,8,6546,Delayed,Automotive
760,99,Ware House D,2026-05-17,2026-05-19,20,1403,Delayed,Electronics
761,102,Ware House E,2026-05-27,2026-06-05,73,843,Delivered,Pharma
762,24,Ware House A,2026-05-31,2026-06-02,32,686,In Transit,FMCG
763,177,Ware House A,2026-06-01,2026-06-08,62,2934,In Transit,Industrial
764,451,Ware House B,2026-05-29,2026-06-01,88,1248,In Transit,Electronics
765,10,Ware House D,2026-05-23,2026-05-26,41,5259,Delayed,Electronics
766,107,Ware House C,2026-05-12,2026-05-16,48,6564,Cancelled,Industrial
767,362,Ware House E,2026-05-17,2026-05-26,6,3144,Delivered,Electronics
768,356,Ware House E,2026-05-23,2026-06-02,2,5483,Delayed,Automotive
769,191,Ware House A,2026-05-20,2026-05-21,33,1117,Delayed,Electronics
770,432,Ware House C,2026-05-11,2026-05-14,54,7149,Cancelled,FMCG
771,487,Ware House A,2026-05-29,2026-06-06,43,907,Cancelled,FMCG
772,69,Ware House E,2026-05-19,2026-05-28,35,2502,Delayed,Pharma
773,213,Ware House A,2026-05-29,2026-05-31,12,3793,Delivered,FMCG
774,346,Ware House D,2026-05-17,2026-05-27,4,4628,Cancelled,FMCG
775,201,Ware House D,2026-05-31,2026-06-07,9,9736,In Transit,Electronics
776,481,Ware House B,2026-05-19,2026-05-20,71,1852,In Transit,Pharma
777,344,Ware House E,2026-05-06,2026-05-07,82,5205,Delivered,Automotive
778,249,Ware House E,2026-05-22,2026-05-23,97,2880,Delayed,FMCG
779,91,Ware House B,2026-05-30,2026-06-07,51,1576,Delivered,Industrial
780,446,Ware House D,2026-06-04,2026-06-13,82,4643,In Transit,Industrial
781,257,Ware House D,2026-05-16,2026-05-22,51,3740,In Transit,Pharma
782,480,Ware House E,2026-05-11,2026-05-16,80,8556,Delayed,Industrial
783,142,Ware House B,2026-06-04,2026-06-05,6,7811,Delivered,Pharma
784,477,Ware House D,2026-05-15,2026-05-22,60,7291,Cancelled,Pharma
785,496,Ware House B,2026-05-24,2026-06-03,14,4634,In Transit,Automotive
786,137,Ware House D,2026-05-27,2026-05-28,80,1386,Delayed,Pharma
787,141,Ware House E,2026-05-09,2026-05-18,11,6281,Cancelled,Pharma
788,282,Ware House A,2026-05-19,2026-05-29,61,765,Cancelled,Industrial
789,82,Ware House B,2026-05-06,2026-05-07,8,6871,Cancelled,Automotive
790,499,Ware House E,2026-05-13,2026-05-18,47,9904,Delivered,Automotive
791,244,Ware House E,2026-06-03,2026-06-08,39,2153,Delivered,Automotive
792,86,Ware House A,2026-05-24,2026-05-25,80,2959,Cancelled,Electronics
793,32,Ware House E,2026-05-17,2026-05-20,78,9326,Cancelled,Pharma
794,315,Ware House B,2026-05-08,2026-05-10,83,3757,In Transit,FMCG
795,238,Ware House E,2026-05-31,2026-06-03,27,6034,In Transit,Industrial
796,295,Ware House E,2026-06-04,2026-06-08,49,7877,In Transit,Industrial
797,240,Ware House A,2026-05-18,2026-05-26,30,3612,In Transit,Electronics
798,144,Ware House D,2026-05-15,2026-05-23,96,6909,Delivered,Industrial
799,488,Ware House C,2026-05-31,2026-06-10,18,1006,Delayed,FMCG
800,60,Ware House A,2026-05-24,2026-05-26,83,8759,Delivered,Industrial
801,135,Ware House C,2026-05-16,2026-05-23,62,4361,Cancelled,Electronics
802,381,Ware House C,2026-05-31,2026-06-03,8,4778,Delayed,Pharma
803,328,Ware House C,2026-05-25,2026-06-01,88,9115,In Transit,Electronics
804,131,Ware House A,2026-05-22,2026-05-26,72,3156,Cancelled,FMCG
805,29,Ware House A,2026-05-20,2026-05-25,73,6215,Delayed,Industrial
806,460,Ware House D,2026-06-03,2026-06-13,70,4839,In Transit,Automotive
807,469,Ware House D,2026-06-02,2026-06-05,11,6740,Delivered,Electronics
808,330,Ware House E,2026-05-15,2026-05-25,62,9603,Delayed,FMCG
809,105,Ware House C,2026-05-08,2026-05-16,59,8650,Delivered,Automotive
810,224,Ware House D,2026-05-06,2026-05-09,96,4893,Delayed,FMCG
811,11,Ware House E,2026-06-01,2026-06-02,11,6860,Cancelled,Pharma
812,35,Ware House A,2026-05-09,2026-05-10,85,421,Delayed,Electronics
813,168,Ware House E,2026-05-17,2026-05-21,49,2867,In Transit,FMCG
814,489,Ware House D,2026-05-15,2026-05-17,10,2644,Delayed,Industrial
815,400,Ware House C,2026-05-13,2026-05-18,3,1272,Delayed,Electronics
816,223,Ware House B,2026-05-10,2026-05-13,73,7874,In Transit,Pharma
817,353,Ware House D,2026-05-19,2026-05-26,49,666,Cancelled,FMCG
818,346,Ware House B,2026-05-11,2026-05-14,97,6218,Delayed,Industrial
819,496,Ware House A,2026-05-11,2026-05-21,96,7354,In Transit,Automotive
820,411,Ware House D,2026-05-20,2026-05-23,1,1052,Delivered,Pharma
821,220,Ware House A,2026-05-20,2026-05-24,6,3223,Delivered,FMCG
822,274,Ware House A,2026-05-07,2026-05-16,50,7832,Delayed,Automotive
823,167,Ware House B,2026-05-19,2026-05-28,73,665,Delivered,Automotive
824,495,Ware House C,2026-05-16,2026-05-26,69,8663,Delayed,Automotive
825,308,Ware House D,2026-05-10,2026-05-16,70,7220,Delivered,Pharma
826,311,Ware House E,2026-05-21,2026-05-31,26,6045,In Transit,Automotive
827,482,Ware House C,2026-06-04,2026-06-08,43,2551,Delivered,Pharma
828,259,Ware House B,2026-05-12,2026-05-14,45,4922,Cancelled,Automotive
829,133,Ware House D,2026-06-01,2026-06-05,42,2120,Delivered,Pharma
830,435,Ware House B,2026-05-28,2026-05-29,7,7694,Delayed,Automotive
831,341,Ware House C,2026-05-08,2026-05-13,63,6221,In Transit,Pharma
832,260,Ware House E,2026-06-02,2026-06-04,7,6933,Delivered,Electronics
833,448,Ware House E,2026-05-20,2026-05-25,94,715,Delivered,Electronics
834,286,Ware House D,2026-05-13,2026-05-15,3,8477,Delayed,Industrial
835,334,Ware House B,2026-05-27,2026-05-28,57,4154,Delayed,Pharma
836,366,Ware House E,2026-05-10,2026-05-14,39,8742,Delayed,Pharma
837,113,Ware House C,2026-06-02,2026-06-11,78,5834,Cancelled,FMCG
838,201,Ware House D,2026-05-31,2026-06-04,7,991,Delayed,Automotive
839,120,Ware House C,2026-05-18,2026-05-27,70,6241,In Transit,Industrial
840,133,Ware House E,2026-05-27,2026-06-03,61,3396,Delivered,Electronics
841,184,Ware House E,2026-05-26,2026-06-04,48,8258,Delayed,Pharma
842,320,Ware House E,2026-05-21,2026-05-22,91,1280,Delivered,Pharma
843,497,Ware House E,2026-05-14,2026-05-15,15,7672,Delayed,Electronics
844,119,Ware House E,2026-05-16,2026-05-21,77,9405,Delivered,Automotive
845,306,Ware House C,2026-06-02,2026-06-09,80,3868,Delivered,Automotive
846,254,Ware House B,2026-06-02,2026-06-04,43,6914,Delayed,Electronics
847,288,Ware House E,2026-05-20,2026-05-24,36,9006,In Transit,Pharma
848,334,Ware House D,2026-06-01,2026-06-03,87,3280,In Transit,Automotive
849,269,Ware House A,2026-05-29,2026-06-07,5,7662,Delivered,Electronics
850,472,Ware House A,2026-05-13,2026-05-17,48,6836,Cancelled,Electronics
851,294,Ware House E,2026-05-13,2026-05-16,29,3069,Delayed,Electronics
852,498,Ware House E,2026-05-12,2026-05-20,38,3585,In Transit,Electronics
853,94,Ware House C,2026-05-12,2026-05-17,26,9744,Delayed,Pharma
854,208,Ware House E,2026-05-13,2026-05-20,58,8661,Delivered,FMCG
855,386,Ware House C,2026-05-23,2026-05-28,12,1907,Delayed,Pharma
856,401,Ware House A,2026-05-15,2026-05-16,5,8371,Delivered,Pharma
857,355,Ware House C,2026-05-12,2026-05-18,5,8979,Delivered,Automotive
858,428,Ware House D,2026-05-15,2026-05-21,72,2582,Delayed,Automotive
859,319,Ware House A,2026-05-08,2026-05-13,90,2430,Delivered,Electronics
860,164,Ware House C,2026-05-16,2026-05-22,71,5261,In Transit,Pharma
861,170,Ware House B,2026-05-07,2026-05-10,53,4685,Cancelled,Automotive
862,438,Ware House D,2026-05-09,2026-05-12,9,4534,Cancelled,Industrial
863,397,Ware House A,2026-05-13,2026-05-19,29,9399,Cancelled,Electronics
864,339,Ware House C,2026-05-10,2026-05-13,52,3120,Delayed,Industrial
865,273,Ware House C,2026-05-19,2026-05-29,14,4663,Delivered,FMCG
866,72,Ware House D,2026-05-18,2026-05-24,49,6398,Delivered,Automotive
867,484,Ware House D,2026-05-30,2026-06-07,4,8916,Cancelled,Electronics
868,288,Ware House E,2026-05-11,2026-05-20,75,4489,Delayed,FMCG
869,464,Ware House D,2026-05-20,2026-05-25,77,8174,Cancelled,FMCG
870,100,Ware House D,2026-05-31,2026-06-10,36,1712,In Transit,Automotive
871,33,Ware House C,2026-05-06,2026-05-12,21,3374,Cancelled,Pharma
872,445,Ware House B,2026-05-22,2026-05-30,47,2914,In Transit,Pharma
873,453,Ware House A,2026-05-19,2026-05-24,79,2442,Cancelled,Automotive
874,442,Ware House D,2026-05-24,2026-05-30,15,1513,Delayed,Electronics
875,270,Ware House A,2026-05-31,2026-06-07,64,7190,Delivered,Automotive
876,147,Ware House E,2026-06-01,2026-06-05,52,1141,In Transit,FMCG
877,463,Ware House E,2026-05-19,2026-05-28,41,2163,Cancelled,Pharma
878,365,Ware House E,2026-05-26,2026-06-05,8,3683,Delivered,FMCG
879,461,Ware House A,2026-05-31,2026-06-06,24,4340,Delayed,Electronics
880,392,Ware House A,2026-05-15,2026-05-24,61,1950,Delayed,Industrial
881,413,Ware House C,2026-05-19,2026-05-28,75,4080,Cancelled,Industrial
882,285,Ware House C,2026-05-31,2026-06-04,73,2256,Delivered,FMCG
883,117,Ware House E,2026-05-08,2026-05-16,8,9016,Cancelled,Pharma
884,313,Ware House C,2026-05-10,2026-05-18,33,4395,In Transit,Pharma
885,410,Ware House E,2026-06-02,2026-06-05,25,6093,Delivered,Industrial
886,233,Ware House D,2026-05-23,2026-05-24,20,2013,Cancelled,Automotive
887,147,Ware House E,2026-05-09,2026-05-12,52,3554,Cancelled,Electronics
888,94,Ware House E,2026-05-12,2026-05-21,48,6782,Delivered,Electronics
889,453,Ware House B,2026-05-20,2026-05-22,31,1207,Delayed,Pharma
890,14,Ware House B,2026-05-10,2026-05-15,91,9993,In Transit,Pharma
891,114,Ware House D,2026-05-13,2026-05-19,46,8915,In Transit,Pharma
892,496,Ware House A,2026-05-12,2026-05-17,36,6888,In Transit,FMCG
893,296,Ware House E,2026-05-24,2026-05-27,95,4991,Delivered,Industrial
894,490,Ware House B,2026-05-21,2026-05-26,81,7602,Delayed,Pharma
895,96,Ware House E,2026-05-12,2026-05-20,2,319,Delayed,Automotive
896,44,Ware House E,2026-05-09,2026-05-19,97,5753,Delivered,Pharma
897,126,Ware House C,2026-06-02,2026-06-11,32,7442,Cancelled,Industrial
898,289,Ware House B,2026-05-12,2026-05-15,6,8095,In Transit,Electronics
899,147,Ware House E,2026-05-11,2026-05-21,37,8193,In Transit,Industrial
900,32,Ware House B,2026-06-01,2026-06-07,100,1710,In Transit,Industrial
901,370,Ware House D,2026-05-09,2026-05-16,36,4833,In Transit,FMCG
902,376,Ware House C,2026-05-20,2026-05-27,18,3122,Delivered,Automotive
903,53,Ware House D,2026-05-23,2026-05-28,89,5783,Delivered,Pharma
904,235,Ware House E,2026-05-19,2026-05-20,46,7968,Cancelled,FMCG
905,394,Ware House C,2026-05-16,2026-05-23,31,492,Delivered,Electronics
906,214,Ware House E,2026-05-07,2026-05-08,40,3074,Cancelled,Pharma
907,70,Ware House B,2026-05-08,2026-05-14,3,7944,Delayed,FMCG
908,254,Ware House B,2026-06-01,2026-06-11,85,8767,Cancelled,Electronics
909,282,Ware House A,2026-05-15,2026-05-19,81,5775,Delayed,Electronics
910,325,Ware House A,2026-05-29,2026-06-06,3,1715,Cancelled,FMCG
911,335,Ware House E,2026-05-10,2026-05-14,4,6769,Cancelled,Automotive
912,61,Ware House C,2026-05-13,2026-05-18,63,3431,Delayed,FMCG
913,150,Ware House E,2026-05-19,2026-05-21,22,727,Delivered,FMCG
914,374,Ware House E,2026-05-17,2026-05-23,2,1525,Cancelled,Automotive
915,303,Ware House E,2026-05-07,2026-05-13,46,6104,Delayed,Industrial
916,198,Ware House A,2026-05-11,2026-05-15,84,9741,Delayed,Automotive
917,312,Ware House D,2026-05-09,2026-05-11,28,8566,Delayed,Electronics
918,190,Ware House E,2026-05-15,2026-05-24,65,9742,In Transit,Industrial
919,217,Ware House C,2026-05-31,2026-06-02,87,1281,Delayed,Pharma
920,371,Ware House E,2026-05-26,2026-05-29,7,5456,Cancelled,Pharma
921,396,Ware House E,2026-05-29,2026-06-06,12,1089,In Transit,Automotive
922,372,Ware House D,2026-06-01,2026-06-04,98,2842,In Transit,Industrial
923,379,Ware House D,2026-06-02,2026-06-08,56,5355,Delivered,Automotive
924,319,Ware House C,2026-05-16,2026-05-24,79,8061,Delivered,Industrial
925,272,Ware House C,2026-05-09,2026-05-12,49,7801,Cancelled,Electronics
926,372,Ware House B,2026-05-20,2026-05-26,98,7728,Cancelled,Automotive
927,332,Ware House D,2026-05-19,2026-05-27,70,8915,In Transit,FMCG
928,420,Ware House D,2026-05-17,2026-05-25,66,7353,Delivered,FMCG
929,362,Ware House B,2026-05-23,2026-05-28,96,8637,In Transit,Electronics
930,125,Ware House B,2026-06-03,2026-06-08,56,1475,Cancelled,Pharma
931,476,Ware House B,2026-05-11,2026-05-12,93,9496,Delivered,Pharma
932,142,Ware House A,2026-05-11,2026-05-12,53,5398,Cancelled,Electronics
933,494,Ware House B,2026-05-24,2026-06-01,77,234,Delivered,Electronics
934,423,Ware House B,2026-05-29,2026-06-05,58,770,Delivered,Electronics
935,366,Ware House E,2026-05-17,2026-05-25,85,7004,Delivered,Automotive
936,369,Ware House B,2026-05-31,2026-06-01,85,8617,Delayed,FMCG
937,53,Ware House C,2026-06-03,2026-06-05,17,859,Delivered,Pharma
938,23,Ware House E,2026-05-09,2026-05-19,48,4360,In Transit,FMCG
939,322,Ware House E,2026-05-07,2026-05-13,89,1505,Cancelled,FMCG
940,339,Ware House B,2026-05-23,2026-06-01,87,6146,Cancelled,Pharma
941,346,Ware House B,2026-05-07,2026-05-17,68,6167,In Transit,Automotive
942,111,Ware House A,2026-05-08,2026-05-16,59,2904,Cancelled,FMCG
943,307,Ware House E,2026-05-19,2026-05-26,14,4334,Delayed,FMCG
944,398,Ware House A,2026-05-10,2026-05-17,99,7999,Delivered,Electronics
945,365,Ware House A,2026-05-16,2026-05-25,55,9961,Delivered,Automotive
946,473,Ware House E,2026-05-22,2026-05-24,92,3156,Delayed,Industrial
947,163,Ware House B,2026-05-17,2026-05-25,88,4274,Delivered,Electronics
948,166,Ware House D,2026-05-09,2026-05-17,40,576,Cancelled,Pharma
949,310,Ware House A,2026-06-01,2026-06-06,6,3064,Delivered,Pharma
950,229,Ware House A,2026-05-27,2026-06-06,81,1755,Delivered,Electronics
951,289,Ware House B,2026-05-31,2026-06-02,67,5946,In Transit,Pharma
952,445,Ware House D,2026-05-12,2026-05-21,11,9350,In Transit,Industrial
953,424,Ware House A,2026-05-19,2026-05-22,53,275,In Transit,Pharma
954,265,Ware House E,2026-05-09,2026-05-18,92,1779,Cancelled,Electronics
955,364,Ware House A,2026-05-27,2026-06-05,43,6748,In Transit,Automotive
956,293,Ware House E,2026-05-24,2026-05-31,50,7454,Delayed,Pharma
957,268,Ware House D,2026-05-20,2026-05-25,28,7407,Cancelled,FMCG
958,275,Ware House C,2026-05-17,2026-05-20,14,5279,In Transit,Automotive
959,7,Ware House B,2026-05-28,2026-06-02,68,9988,Delivered,Automotive
960,13,Ware House D,2026-05-30,2026-06-09,44,145,Delivered,Pharma
961,191,Ware House E,2026-05-21,2026-05-29,77,3246,Cancelled,Pharma
962,42,Ware House E,2026-05-15,2026-05-18,79,7148,In Transit,Automotive
963,334,Ware House E,2026-05-25,2026-06-03,76,6093,Delayed,Automotive
964,387,Ware House A,2026-05-30,2026-06-04,92,3274,Cancelled,FMCG
965,331,Ware House E,2026-05-16,2026-05-21,77,556,In Transit,Industrial
966,159,Ware House D,2026-05-15,2026-05-16,47,6978,In Transit,Electronics
967,345,Ware House A,2026-05-11,2026-05-13,78,1935,Delivered,Industrial
968,159,Ware House B,2026-05-10,2026-05-11,14,8065,Delayed,Automotive
969,291,Ware House D,2026-05-13,2026-05-22,39,5997,In Transit,Industrial
970,355,Ware House B,2026-06-02,2026-06-10,15,3064,Cancelled,Automotive
971,211,Ware House C,2026-05-27,2026-05-28,70,9738,Delivered,Pharma
972,127,Ware House B,2026-05-06,2026-05-13,30,7719,Delayed,Electronics
973,316,Ware House A,2026-05-28,2026-06-01,88,7673,Delayed,Electronics
974,343,Ware House E,2026-05-26,2026-06-02,59,2676,In Transit,Electronics
975,272,Ware House C,2026-05-28,2026-06-07,11,2660,Delivered,Electronics
976,108,Ware House C,2026-05-26,2026-05-27,30,2147,Cancelled,FMCG
977,437,Ware House A,2026-06-02,2026-06-06,25,6317,Delayed,Pharma
978,334,Ware House D,2026-05-06,2026-05-13,94,6854,Cancelled,Pharma
979,398,Ware House A,2026-05-18,2026-05-21,79,4170,In Transit,FMCG
980,416,Ware House C,2026-05-14,2026-05-24,43,9811,Delivered,FMCG
981,289,Ware House D,2026-05-17,2026-05-18,21,4468,In Transit,Industrial
982,228,Ware House A,2026-05-31,2026-06-04,87,4215,Delivered,Pharma
983,35,Ware House A,2026-05-21,2026-05-27,23,3310,In Transit,Automotive
984,337,Ware House B,2026-05-18,2026-05-21,40,810,In Transit,Industrial
985,441,Ware House E,2026-05-26,2026-06-01,94,2836,Cancelled,Pharma
986,477,Ware House B,2026-05-13,2026-05-21,49,6682,Cancelled,Automotive
987,315,Ware House B,2026-05-29,2026-06-07,32,2189,Delivered,Electronics
988,449,Ware House C,2026-05-20,2026-05-25,9,2935,In Transit,Automotive
989,433,Ware House C,2026-05-16,2026-05-20,51,9723,Cancelled,Industrial
990,242,Ware House C,2026-05-14,2026-05-18,15,6998,Cancelled,Electronics
991,33,Ware House B,2026-06-03,2026-06-10,92,9782,Delivered,Automotive
992,237,Ware House A,2026-05-18,2026-05-19,72,7103,Cancelled,Electronics
993,24,Ware House B,2026-05-27,2026-06-01,85,7377,Delayed,Industrial
994,349,Ware House B,2026-06-04,2026-06-05,16,8711,Delivered,Electronics
995,453,Ware House A,2026-05-12,2026-05-17,78,1057,Cancelled,Pharma
996,383,Ware House A,2026-05-20,2026-05-25,23,3756,Delayed,Electronics
997,489,Ware House E,2026-05-06,2026-05-16,84,9173,Cancelled,FMCG
998,49,Ware House C,2026-05-09,2026-05-13,42,8942,Delivered,Electronics
999,428,Ware House A,2026-05-27,2026-06-02,57,7473,Delayed,Electronics
1000,341,Ware House A,2026-06-01,2026-06-08,92,7754,Delayed,Industrial
1001,83,Ware House C,2026-05-25,2026-05-26,57,3871,Delayed,Industrial
1002,399,Ware House D,2026-05-09,2026-05-18,43,7402,Delivered,Pharma
1003,217,Ware House E,2026-05-12,2026-05-22,86,4246,Delayed,Automotive
1004,188,Ware House C,2026-05-23,2026-05-24,92,3779,Cancelled,FMCG
1005,203,Ware House E,2026-05-30,2026-06-01,38,4497,Delayed,Electronics
1006,123,Ware House D,2026-05-25,2026-05-31,95,4429,Cancelled,FMCG
1007,128,Ware House D,2026-05-17,2026-05-24,64,121,In Transit,Automotive
1008,490,Ware House A,2026-05-29,2026-06-03,78,4347,Cancelled,Industrial
1009,266,Ware House E,2026-05-27,2026-05-30,40,8072,In Transit,FMCG
1010,411,Ware House B,2026-05-10,2026-05-19,96,789,Cancelled,Pharma
1011,111,Ware House B,2026-05-26,2026-06-05,31,1398,Delayed,Pharma
1012,228,Ware House A,2026-05-11,2026-05-16,53,2710,Delayed,Pharma
1013,109,Ware House D,2026-06-01,2026-06-04,76,263,In Transit,Electronics
1014,261,Ware House E,2026-05-23,2026-05-24,4,6878,Delivered,Automotive
1015,278,Ware House E,2026-05-20,2026-05-28,38,5148,Delayed,Automotive
1016,413,Ware House D,2026-05-22,2026-05-28,13,5941,Delivered,Electronics
1017,329,Ware House D,2026-05-27,2026-06-03,7,2178,Delivered,FMCG
1018,378,Ware House D,2026-05-20,2026-05-21,98,6933,Delivered,Industrial
1019,57,Ware House B,2026-05-17,2026-05-27,49,4814,In Transit,FMCG
1020,176,Ware House D,2026-05-15,2026-05-18,22,1714,Delayed,Automotive
1021,254,Ware House D,2026-05-21,2026-05-25,97,878,Delivered,Industrial
1022,68,Ware House D,2026-05-22,2026-05-28,79,2689,Cancelled,Industrial
1023,58,Ware House A,2026-05-13,2026-05-20,80,2698,Delayed,Automotive
1024,374,Ware House A,2026-05-29,2026-06-07,77,8073,In Transit,Industrial
1025,63,Ware House B,2026-05-22,2026-05-28,73,1145,Delivered,Automotive
1026,22,Ware House E,2026-06-01,2026-06-05,47,9845,Delayed,Industrial
1027,483,Ware House A,2026-05-29,2026-06-06,57,1764,Delivered,Electronics
1028,421,Ware House B,2026-05-30,2026-06-05,90,7142,Cancelled,Automotive
1029,331,Ware House E,2026-05-26,2026-06-04,42,5633,Delivered,FMCG
1030,485,Ware House A,2026-05-07,2026-05-13,24,8336,Delivered,Pharma
1031,211,Ware House A,2026-05-16,2026-05-24,27,3575,Cancelled,Electronics
1032,159,Ware House A,2026-05-26,2026-06-01,90,2981,Delayed,FMCG
1033,3,Ware House C,2026-05-27,2026-05-31,56,1409,Delivered,Industrial
1034,15,Ware House A,2026-05-18,2026-05-27,97,9779,Delayed,FMCG
1035,237,Ware House C,2026-06-01,2026-06-10,19,2501,In Transit,Automotive
1036,18,Ware House C,2026-05-23,2026-05-30,53,3577,Delivered,FMCG
1037,88,Ware House C,2026-05-26,2026-06-04,19,9567,In Transit,Automotive
1038,137,Ware House A,2026-05-24,2026-05-30,92,9566,In Transit,FMCG
1039,446,Ware House D,2026-05-29,2026-06-04,33,5846,In Transit,Industrial
1040,32,Ware House B,2026-05-27,2026-06-05,69,8235,Delivered,Pharma
1041,144,Ware House B,2026-05-24,2026-05-25,1,6016,In Transit,Pharma
1042,108,Ware House A,2026-05-24,2026-05-30,28,2043,Delayed,Industrial
1043,326,Ware House B,2026-05-24,2026-05-26,26,1426,In Transit,Automotive
1044,135,Ware House B,2026-06-01,2026-06-11,9,423,Delayed,FMCG
1045,35,Ware House E,2026-05-15,2026-05-18,34,1652,In Transit,Pharma
1046,223,Ware House B,2026-05-11,2026-05-21,24,7188,Cancelled,Automotive
1047,286,Ware House E,2026-05-18,2026-05-21,39,136,Delayed,FMCG
1048,344,Ware House C,2026-06-02,2026-06-09,20,3110,Cancelled,Pharma
1049,189,Ware House A,2026-05-15,2026-05-19,50,6968,Delayed,Industrial
1050,467,Ware House D,2026-05-28,2026-06-06,59,6251,Delayed,Electronics
1051,91,Ware House A,2026-05-30,2026-06-05,55,5470,Delayed,Automotive
1052,353,Ware House B,2026-05-15,2026-05-23,76,695,Cancelled,Automotive
1053,1,Ware House D,2026-05-24,2026-05-27,72,9977,Delayed,Pharma
1054,169,Ware House D,2026-05-17,2026-05-27,74,2883,In Transit,Pharma
1055,337,Ware House A,2026-05-22,2026-05-28,36,5493,In Transit,Pharma
1056,403,Ware House E,2026-05-06,2026-05-09,41,3151,Cancelled,Industrial
1057,27,Ware House C,2026-05-24,2026-05-25,92,7428,In Transit,Pharma
1058,122,Ware House A,2026-05-08,2026-05-11,27,502,In Transit,Automotive
1059,317,Ware House C,2026-05-09,2026-05-18,35,1673,Delivered,Electronics
1060,156,Ware House B,2026-05-18,2026-05-19,60,3137,Delayed,Automotive
1061,303,Ware House E,2026-06-01,2026-06-10,17,4321,Delivered,FMCG
1062,443,Ware House B,2026-05-11,2026-05-16,43,8941,Delayed,Automotive
1063,394,Ware House C,2026-05-16,2026-05-21,93,3227,Delivered,Electronics
1064,177,Ware House E,2026-05-14,2026-05-15,33,5080,In Transit,Industrial
1065,227,Ware House D,2026-05-22,2026-05-23,22,2254,Delayed,FMCG
1066,62,Ware House C,2026-05-17,2026-05-26,89,2023,Cancelled,Pharma
1067,215,Ware House C,2026-05-12,2026-05-19,52,5370,Delivered,Pharma
1068,234,Ware House E,2026-05-09,2026-05-14,34,2002,Delivered,Industrial
1069,6,Ware House B,2026-05-20,2026-05-22,37,5217,Cancelled,Electronics
1070,119,Ware House E,2026-05-30,2026-06-05,11,4199,Delayed,Pharma
1071,32,Ware House B,2026-05-31,2026-06-01,68,3193,Delivered,Electronics
1072,482,Ware House E,2026-05-26,2026-06-01,48,2829,Cancelled,Automotive
1073,83,Ware House E,2026-06-02,2026-06-10,51,2574,Delayed,Industrial
1074,356,Ware House A,2026-05-07,2026-05-12,24,2949,Delivered,Pharma
1075,235,Ware House D,2026-05-23,2026-06-01,89,5399,Delayed,Industrial
1076,1,Ware House E,2026-05-18,2026-05-28,30,850,Delivered,FMCG
1077,491,Ware House C,2026-05-11,2026-05-14,25,5525,Cancelled,Electronics
1078,362,Ware House E,2026-05-31,2026-06-05,17,2499,Delivered,Industrial
1079,220,Ware House C,2026-05-15,2026-05-16,82,4845,Delayed,Automotive
1080,322,Ware House A,2026-05-30,2026-06-06,74,1211,Delivered,Automotive
1081,122,Ware House C,2026-05-14,2026-05-19,56,8880,In Transit,Pharma
1082,434,Ware House B,2026-06-04,2026-06-12,71,7295,In Transit,FMCG
1083,197,Ware House D,2026-06-01,2026-06-11,76,7194,Cancelled,Automotive
1084,48,Ware House C,2026-05-15,2026-05-16,38,1540,Cancelled,Electronics
1085,364,Ware House E,2026-05-13,2026-05-17,95,9801,Delayed,FMCG
1086,390,Ware House B,2026-05-14,2026-05-20,15,5241,In Transit,Industrial
1087,437,Ware House A,2026-05-10,2026-05-19,8,9488,Cancelled,Industrial
1088,480,Ware House E,2026-05-25,2026-06-02,17,7840,Cancelled,Automotive
1089,399,Ware House C,2026-06-03,2026-06-06,91,5626,Delayed,Automotive
1090,249,Ware House B,2026-05-10,2026-05-16,12,5676,In Transit,FMCG
1091,205,Ware House B,2026-05-27,2026-05-30,86,8422,In Transit,Electronics
1092,135,Ware House C,2026-05-24,2026-05-29,74,1716,In Transit,FMCG
1093,457,Ware House B,2026-05-12,2026-05-22,98,3775,Cancelled,Industrial
1094,113,Ware House E,2026-05-22,2026-05-25,55,8123,Delayed,Electronics
1095,438,Ware House B,2026-05-06,2026-05-09,91,7712,Delivered,Electronics
1096,185,Ware House B,2026-05-17,2026-05-24,23,3937,In Transit,Electronics
1097,146,Ware House D,2026-06-02,2026-06-12,51,6748,In Transit,FMCG
1098,37,Ware House C,2026-06-04,2026-06-10,90,4959,Delivered,Electronics
1099,16,Ware House C,2026-06-03,2026-06-11,93,7190,Cancelled,FMCG
1100,220,Ware House A,2026-05-16,2026-05-19,22,4695,Delivered,Electronics
1101,136,Ware House D,2026-05-18,2026-05-19,9,7953,Delayed,Electronics
1102,323,Ware House B,2026-05-19,2026-05-28,64,9558,Delayed,Electronics
1103,270,Ware House B,2026-05-30,2026-05-31,84,8179,In Transit,Industrial
1104,10,Ware House C,2026-05-12,2026-05-17,29,8903,In Transit,Industrial
1105,237,Ware House E,2026-05-28,2026-05-30,22,6991,Cancelled,FMCG
1106,99,Ware House C,2026-06-03,2026-06-07,66,4017,Delivered,Pharma
1107,297,Ware House B,2026-05-25,2026-06-03,41,3780,Delayed,FMCG
1108,24,Ware House E,2026-05-09,2026-05-17,17,8190,In Transit,FMCG
1109,455,Ware House C,2026-05-26,2026-05-31,20,2331,In Transit,Industrial
1110,319,Ware House A,2026-05-11,2026-05-17,95,5782,Delayed,Electronics
1111,257,Ware House E,2026-05-11,2026-05-13,96,1070,Cancelled,FMCG
1112,56,Ware House C,2026-05-23,2026-05-31,91,727,In Transit,Industrial
1113,465,Ware House C,2026-05-20,2026-05-30,99,7315,Delivered,Automotive
1114,169,Ware House A,2026-05-19,2026-05-26,94,4069,Delayed,FMCG
1115,89,Ware House D,2026-05-16,2026-05-17,18,4989,Delayed,FMCG
1116,244,Ware House A,2026-05-31,2026-06-06,74,4065,Delivered,Automotive
1117,100,Ware House B,2026-05-11,2026-05-17,7,2332,Cancelled,FMCG
1118,161,Ware House A,2026-05-06,2026-05-14,55,9296,Delayed,Electronics
1119,180,Ware House C,2026-05-27,2026-06-04,85,2809,Delivered,Pharma
1120,342,Ware House C,2026-05-07,2026-05-11,53,7217,Delayed,FMCG
1121,34,Ware House D,2026-05-11,2026-05-21,27,1917,Delayed,Electronics
1122,247,Ware House D,2026-05-12,2026-05-20,37,6724,In Transit,Industrial
1123,255,Ware House C,2026-05-12,2026-05-18,11,2230,In Transit,Electronics
1124,280,Ware House D,2026-05-15,2026-05-20,77,6434,Delivered,FMCG
1125,490,Ware House C,2026-05-27,2026-06-05,26,141,Delayed,Pharma
1126,426,Ware House E,2026-05-18,2026-05-27,44,5575,Cancelled,Automotive
1127,458,Ware House B,2026-06-02,2026-06-09,90,8662,In Transit,FMCG
1128,226,Ware House B,2026-05-14,2026-05-19,49,5728,Cancelled,Electronics
1129,222,Ware House B,2026-05-07,2026-05-08,21,1419,In Transit,Pharma
1130,324,Ware House A,2026-05-14,2026-05-21,20,9331,Cancelled,FMCG
1131,473,Ware House C,2026-06-03,2026-06-05,97,8233,Cancelled,Industrial
1132,213,Ware House B,2026-05-25,2026-05-31,95,8004,In Transit,Electronics
1133,395,Ware House A,2026-05-18,2026-05-20,76,9652,Delivered,Industrial
1134,87,Ware House B,2026-05-06,2026-05-13,25,1071,Delivered,Automotive
1135,427,Ware House D,2026-06-02,2026-06-08,55,8359,In Transit,Pharma
1136,15,Ware House D,2026-05-19,2026-05-27,5,2565,Delayed,Electronics
1137,187,Ware House E,2026-05-30,2026-06-03,77,5478,In Transit,Industrial
1138,131,Ware House C,2026-05-19,2026-05-26,74,4024,Cancelled,FMCG
1139,413,Ware House C,2026-05-23,2026-05-31,34,9378,In Transit,Electronics
1140,241,Ware House B,2026-06-02,2026-06-10,66,4062,In Transit,Industrial
1141,33,Ware House E,2026-05-29,2026-06-03,11,6847,Delayed,Automotive
1142,57,Ware House E,2026-05-15,2026-05-18,28,9982,Cancelled,Automotive
1143,364,Ware House C,2026-05-11,2026-05-17,96,2999,In Transit,Electronics
1144,350,Ware House A,2026-05-12,2026-05-15,91,7718,Delivered,Industrial
1145,484,Ware House B,2026-05-30,2026-06-05,6,7204,Cancelled,Industrial
1146,106,Ware House C,2026-06-04,2026-06-06,48,366,Delivered,Automotive
1147,279,Ware House E,2026-06-04,2026-06-05,52,7955,Delayed,Industrial
1148,225,Ware House C,2026-05-13,2026-05-23,28,8870,In Transit,FMCG
1149,255,Ware House D,2026-05-11,2026-05-20,28,5483,Delayed,FMCG
1150,138,Ware House C,2026-05-11,2026-05-17,70,7290,Delayed,Automotive
1151,275,Ware House D,2026-05-23,2026-05-31,92,7109,In Transit,FMCG
1152,223,Ware House C,2026-05-12,2026-05-21,75,5662,Delayed,FMCG
1153,438,Ware House C,2026-05-25,2026-06-04,56,8972,Delivered,Automotive
1154,485,Ware House D,2026-05-27,2026-06-01,3,8671,Cancelled,Industrial
1155,428,Ware House A,2026-06-03,2026-06-07,88,596,Delivered,Electronics
1156,389,Ware House B,2026-06-04,2026-06-14,98,2709,Delivered,FMCG
1157,142,Ware House B,2026-05-16,2026-05-20,38,7299,Cancelled,FMCG
1158,345,Ware House B,2026-05-27,2026-06-03,40,2559,Delivered,Automotive
1159,382,Ware House D,2026-05-19,2026-05-28,50,1418,In Transit,Electronics
1160,98,Ware House E,2026-05-10,2026-05-12,45,6266,Cancelled,FMCG
1161,175,Ware House E,2026-06-01,2026-06-07,62,9223,Delivered,Electronics
1162,437,Ware House C,2026-05-19,2026-05-27,80,5893,Cancelled,Industrial
1163,411,Ware House D,2026-05-06,2026-05-16,90,2944,Delayed,Electronics
1164,390,Ware House C,2026-05-16,2026-05-21,78,8271,Cancelled,Automotive
1165,476,Ware House D,2026-05-29,2026-06-02,57,9655,Delivered,FMCG
1166,409,Ware House A,2026-05-25,2026-06-02,16,5344,Delayed,Electronics
1167,342,Ware House E,2026-05-24,2026-05-31,90,5771,In Transit,Industrial
1168,443,Ware House E,2026-05-10,2026-05-15,17,811,In Transit,Electronics
1169,145,Ware House D,2026-05-20,2026-05-26,64,4021,In Transit,Electronics
1170,399,Ware House A,2026-05-25,2026-06-03,82,145,In Transit,FMCG
1171,474,Ware House C,2026-05-19,2026-05-29,96,2003,Delivered,Pharma
1172,55,Ware House A,2026-05-22,2026-05-29,37,609,Cancelled,Industrial
1173,430,Ware House A,2026-05-14,2026-05-20,28,7842,Delayed,Electronics
1174,84,Ware House B,2026-05-25,2026-06-01,77,669,In Transit,Electronics
1175,91,Ware House D,2026-06-04,2026-06-05,45,1066,Delayed,Industrial
1176,467,Ware House D,2026-05-12,2026-05-21,43,2770,Delivered,Industrial
1177,496,Ware House B,2026-05-29,2026-06-04,84,4899,Cancelled,Electronics
1178,324,Ware House D,2026-05-31,2026-06-10,55,6553,Delivered,FMCG
1179,352,Ware House D,2026-05-26,2026-05-29,76,3357,Cancelled,Electronics
1180,63,Ware House E,2026-05-13,2026-05-14,82,7289,Cancelled,Industrial
1181,438,Ware House E,2026-05-28,2026-06-03,4,5551,In Transit,FMCG
1182,124,Ware House A,2026-05-20,2026-05-23,82,6698,In Transit,FMCG
1183,25,Ware House A,2026-05-29,2026-06-06,11,8401,In Transit,FMCG
1184,479,Ware House E,2026-05-14,2026-05-15,11,4791,Cancelled,Electronics
1185,188,Ware House D,2026-05-25,2026-06-03,91,6529,In Transit,FMCG
1186,229,Ware House C,2026-05-07,2026-05-14,47,4024,Cancelled,Pharma
1187,432,Ware House C,2026-06-02,2026-06-06,88,1668,In Transit,Pharma
1188,384,Ware House B,2026-05-13,2026-05-22,44,1353,Delayed,FMCG
1189,318,Ware House E,2026-05-15,2026-05-22,18,7006,In Transit,Pharma
1190,302,Ware House D,2026-05-28,2026-06-03,26,9822,In Transit,Industrial
1191,5,Ware House B,2026-06-02,2026-06-11,32,7204,In Transit,FMCG
1192,267,Ware House C,2026-05-06,2026-05-12,80,7047,Delayed,Electronics
1193,315,Ware House C,2026-05-24,2026-06-03,1,3898,Delivered,Electronics
1194,103,Ware House B,2026-05-30,2026-06-08,22,5273,Delivered,Automotive
1195,394,Ware House D,2026-05-13,2026-05-18,12,1854,Delivered,FMCG
1196,128,Ware House C,2026-05-09,2026-05-15,76,3684,In Transit,Industrial
1197,14,Ware House A,2026-05-11,2026-05-13,66,5783,Delivered,Pharma
1198,232,Ware House E,2026-05-22,2026-05-31,57,4914,In Transit,Pharma
1199,312,Ware House B,2026-05-06,2026-05-10,31,325,Delivered,Pharma
1200,453,Ware House C,2026-05-13,2026-05-20,47,3867,Delivered,Automotive
1201,446,Ware House B,2026-06-02,2026-06-09,25,5296,Delayed,Electronics
1202,298,Ware House D,2026-05-11,2026-05-21,75,9050,Delayed,Pharma
1203,94,Ware House A,2026-05-27,2026-06-06,44,802,Delayed,Automotive
1204,35,Ware House E,2026-05-12,2026-05-15,39,7045,In Transit,Pharma
1205,225,Ware House D,2026-05-18,2026-05-19,30,9200,Delivered,Industrial
1206,236,Ware House A,2026-05-08,2026-05-10,24,4441,Delayed,Automotive
1207,494,Ware House E,2026-05-24,2026-06-02,81,6587,In Transit,Industrial
1208,195,Ware House B,2026-05-17,2026-05-22,17,1864,Cancelled,FMCG
1209,288,Ware House C,2026-05-18,2026-05-20,83,8499,Delivered,Pharma
1210,463,Ware House C,2026-05-13,2026-05-20,81,7204,Cancelled,Industrial
1211,345,Ware House D,2026-05-21,2026-05-22,15,6503,In Transit,FMCG
1212,431,Ware House E,2026-05-27,2026-06-04,41,6203,Delayed,Automotive
1213,455,Ware House C,2026-05-16,2026-05-23,93,492,In Transit,Electronics
1214,285,Ware House A,2026-05-30,2026-06-08,20,2320,Cancelled,FMCG
1215,464,Ware House E,2026-05-16,2026-05-24,89,5117,In Transit,Automotive
1216,480,Ware House D,2026-05-18,2026-05-22,39,4484,Delayed,FMCG
1217,383,Ware House C,2026-05-11,2026-05-19,38,2947,Delivered,Automotive
1218,496,Ware House A,2026-05-21,2026-05-22,89,3664,Delayed,Pharma
1219,81,Ware House E,2026-05-31,2026-06-09,50,2305,In Transit,Automotive
1220,350,Ware House D,2026-06-01,2026-06-07,86,555,Cancelled,Electronics
1221,462,Ware House C,2026-05-23,2026-05-31,22,6656,Cancelled,Automotive
1222,54,Ware House B,2026-05-24,2026-05-26,30,845,Delivered,Automotive
1223,193,Ware House E,2026-05-18,2026-05-26,81,5135,Delayed,FMCG
1224,293,Ware House C,2026-05-19,2026-05-22,31,6040,Cancelled,FMCG
1225,270,Ware House B,2026-05-10,2026-05-12,56,8975,Delayed,Automotive
1226,58,Ware House B,2026-05-31,2026-06-06,24,7700,In Transit,FMCG
1227,119,Ware House C,2026-05-14,2026-05-21,11,8149,Delayed,Automotive
1228,171,Ware House D,2026-05-27,2026-06-06,60,3477,In Transit,Electronics
1229,98,Ware House D,2026-05-13,2026-05-19,43,2366,Delivered,Pharma
1230,214,Ware House C,2026-05-08,2026-05-13,9,5224,Delayed,Pharma
1231,136,Ware House D,2026-05-09,2026-05-15,49,3629,In Transit,Industrial
1232,399,Ware House B,2026-05-28,2026-05-29,57,4829,Delayed,Pharma
1233,427,Ware House E,2026-05-11,2026-05-12,64,6393,Cancelled,Pharma
1234,242,Ware House D,2026-05-10,2026-05-17,41,5522,Cancelled,Pharma
1235,324,Ware House D,2026-05-16,2026-05-19,54,2094,In Transit,Electronics
1236,297,Ware House E,2026-05-14,2026-05-16,46,255,Delayed,Electronics
1237,76,Ware House E,2026-05-16,2026-05-19,9,4358,Cancelled,Industrial
1238,440,Ware House B,2026-05-08,2026-05-10,84,9635,In Transit,Pharma
1239,433,Ware House A,2026-05-06,2026-05-07,28,5962,Cancelled,Pharma
1240,100,Ware House E,2026-05-06,2026-05-12,46,3983,In Transit,Electronics
1241,94,Ware House D,2026-05-27,2026-05-28,77,3410,Cancelled,Automotive
1242,137,Ware House A,2026-05-30,2026-06-05,90,329,Cancelled,Pharma
1243,81,Ware House E,2026-05-17,2026-05-22,58,746,In Transit,Pharma
1244,168,Ware House D,2026-05-29,2026-06-03,53,8965,Cancelled,Industrial
1245,482,Ware House C,2026-06-01,2026-06-09,59,4668,In Transit,FMCG
1246,96,Ware House E,2026-05-25,2026-06-02,94,6482,Delayed,FMCG
1247,261,Ware House E,2026-05-12,2026-05-17,81,1196,Delivered,Automotive
1248,453,Ware House E,2026-05-17,2026-05-21,9,1170,In Transit,FMCG
1249,131,Ware House A,2026-05-14,2026-05-20,71,9458,Delayed,Electronics
1250,489,Ware House A,2026-06-01,2026-06-09,34,8291,Delivered,Pharma
1251,374,Ware House D,2026-05-17,2026-05-22,44,7725,Delivered,Electronics
1252,418,Ware House C,2026-05-12,2026-05-17,100,400,Cancelled,Pharma
1253,305,Ware House B,2026-05-16,2026-05-24,92,8105,Delivered,Pharma
1254,430,Ware House A,2026-05-15,2026-05-21,13,3935,Delivered,Industrial
1255,23,Ware House C,2026-05-19,2026-05-28,55,7858,Cancelled,Pharma
1256,39,Ware House D,2026-05-08,2026-05-18,56,341,In Transit,Automotive
1257,318,Ware House A,2026-05-25,2026-06-04,80,6307,In Transit,Pharma
1258,153,Ware House C,2026-06-03,2026-06-08,10,5356,Delayed,Electronics
1259,382,Ware House D,2026-05-25,2026-05-29,93,9662,Delayed,Automotive
1260,284,Ware House E,2026-05-29,2026-06-08,57,146,Delivered,Electronics
1261,230,Ware House A,2026-06-01,2026-06-06,1,8617,In Transit,Automotive
1262,309,Ware House B,2026-06-01,2026-06-11,28,6994,In Transit,Pharma
1263,304,Ware House D,2026-06-01,2026-06-10,10,5294,Delivered,Electronics
1264,317,Ware House B,2026-06-04,2026-06-13,92,4714,In Transit,Electronics
1265,214,Ware House E,2026-05-18,2026-05-23,100,7194,Delivered,Industrial
1266,497,Ware House A,2026-05-27,2026-06-04,59,9412,Delayed,Industrial
1267,206,Ware House B,2026-05-26,2026-05-31,37,6004,Cancelled,Automotive
1268,405,Ware House A,2026-05-17,2026-05-22,83,3750,Delayed,Pharma
1269,399,Ware House A,2026-05-29,2026-06-07,91,7751,In Transit,Electronics
1270,207,Ware House A,2026-05-30,2026-06-09,73,565,Delivered,Automotive
1271,265,Ware House D,2026-06-04,2026-06-10,41,3139,In Transit,Industrial
1272,279,Ware House E,2026-05-21,2026-05-27,40,6246,Delivered,Industrial
1273,303,Ware House D,2026-05-29,2026-06-01,24,7770,Cancelled,Pharma
1274,373,Ware House B,2026-05-17,2026-05-23,33,9058,Delivered,FMCG
1275,280,Ware House E,2026-05-18,2026-05-22,35,812,Delayed,Pharma
1276,12,Ware House C,2026-06-02,2026-06-10,32,6922,In Transit,FMCG
1277,278,Ware House A,2026-06-03,2026-06-04,17,2553,In Transit,FMCG
1278,468,Ware House D,2026-05-08,2026-05-11,84,9074,In Transit,Pharma
1279,259,Ware House C,2026-05-27,2026-05-28,95,7429,Delayed,Electronics
1280,124,Ware House B,2026-05-22,2026-05-24,78,8465,Cancelled,FMCG
1281,169,Ware House B,2026-05-12,2026-05-22,3,6911,Delayed,FMCG
1282,48,Ware House B,2026-05-26,2026-06-03,88,6985,Delayed,Electronics
1283,369,Ware House A,2026-05-17,2026-05-22,3,7664,Cancelled,Pharma
1284,44,Ware House B,2026-05-12,2026-05-20,90,5086,In Transit,Electronics
1285,396,Ware House B,2026-05-17,2026-05-19,26,4945,Delivered,FMCG
1286,357,Ware House A,2026-05-30,2026-06-02,91,9755,Delayed,Industrial
1287,81,Ware House C,2026-06-01,2026-06-10,1,2998,Delayed,Industrial
1288,383,Ware House B,2026-05-17,2026-05-24,49,2979,Cancelled,Electronics
1289,495,Ware House C,2026-06-03,2026-06-13,85,5829,Delivered,FMCG
1290,409,Ware House D,2026-05-10,2026-05-19,77,873,Delivered,Industrial
1291,234,Ware House A,2026-05-25,2026-05-28,45,2227,Delivered,Automotive
1292,321,Ware House D,2026-05-30,2026-06-02,60,6254,Cancelled,Electronics
1293,326,Ware House C,2026-06-02,2026-06-11,23,7132,In Transit,Electronics
1294,301,Ware House C,2026-05-24,2026-05-26,68,4376,Cancelled,Industrial
1295,21,Ware House D,2026-05-19,2026-05-23,92,6041,In Transit,Pharma
1296,37,Ware House A,2026-05-08,2026-05-15,36,9154,Cancelled,Pharma
1297,204,Ware House B,2026-05-13,2026-05-23,90,1035,Cancelled,Electronics
1298,142,Ware House D,2026-06-01,2026-06-10,8,1220,Delivered,Industrial
1299,185,Ware House E,2026-05-23,2026-05-28,53,4720,In Transit,Pharma
1300,366,Ware House A,2026-05-22,2026-05-23,85,8383,Delayed,Industrial
1301,43,Ware House A,2026-05-23,2026-05-31,93,6608,Cancelled,Pharma
1302,288,Ware House B,2026-05-21,2026-05-24,100,4362,Delayed,Pharma
1303,267,Ware House C,2026-05-25,2026-05-30,23,3104,Delayed,Automotive
1304,20,Ware House E,2026-05-27,2026-06-06,10,652,Delayed,Automotive
1305,387,Ware House D,2026-05-25,2026-05-27,72,4104,Delivered,Automotive
1306,221,Ware House D,2026-05-10,2026-05-20,50,6640,Cancelled,Industrial
1307,207,Ware House C,2026-05-29,2026-05-30,24,9517,Delivered,Industrial
1308,217,Ware House E,2026-05-24,2026-05-25,55,8196,Cancelled,FMCG
1309,187,Ware House D,2026-05-11,2026-05-14,69,4432,Cancelled,Electronics
1310,369,Ware House D,2026-05-24,2026-05-26,67,1274,In Transit,Electronics
1311,49,Ware House E,2026-05-23,2026-05-26,75,9210,Delivered,Electronics
1312,468,Ware House D,2026-06-04,2026-06-12,55,4534,Delayed,Electronics
1313,70,Ware House B,2026-05-25,2026-05-27,4,4887,Cancelled,FMCG
1314,427,Ware House A,2026-05-21,2026-05-24,67,1327,In Transit,Industrial
1315,250,Ware House D,2026-05-13,2026-05-19,91,3651,Delivered,Electronics
1316,193,Ware House C,2026-05-07,2026-05-13,48,3833,Cancelled,Industrial
1317,311,Ware House B,2026-05-14,2026-05-18,96,2325,Delivered,Industrial
1318,449,Ware House E,2026-05-21,2026-05-26,53,6765,Cancelled,FMCG
1319,17,Ware House B,2026-05-19,2026-05-26,84,2077,Delivered,Industrial
1320,408,Ware House C,2026-05-09,2026-05-18,30,4834,Cancelled,Pharma
1321,475,Ware House D,2026-05-06,2026-05-11,18,7213,Cancelled,Industrial
1322,380,Ware House C,2026-05-07,2026-05-15,47,2406,Delivered,Electronics
1323,464,Ware House B,2026-05-07,2026-05-12,44,7168,Delayed,Pharma
1324,148,Ware House B,2026-05-13,2026-05-19,8,6942,Cancelled,Pharma
1325,49,Ware House E,2026-05-22,2026-05-23,42,5303,Delayed,Automotive
1326,73,Ware House B,2026-05-29,2026-06-08,53,1832,In Transit,Industrial
1327,168,Ware House B,2026-05-10,2026-05-17,9,2836,Delayed,Pharma
1328,132,Ware House A,2026-05-25,2026-06-02,52,972,In Transit,Pharma
1329,298,Ware House B,2026-05-11,2026-05-12,6,649,In Transit,Electronics
1330,47,Ware House C,2026-05-15,2026-05-20,63,6400,In Transit,Automotive
1331,278,Ware House B,2026-05-27,2026-06-01,82,5739,In Transit,FMCG
1332,288,Ware House C,2026-05-23,2026-05-31,55,7841,Cancelled,Electronics
1333,55,Ware House A,2026-05-20,2026-05-24,32,9254,Cancelled,Industrial
1334,333,Ware House A,2026-05-27,2026-05-30,57,8735,Cancelled,Automotive
1335,182,Ware House E,2026-05-13,2026-05-22,23,3880,Cancelled,Industrial
1336,417,Ware House C,2026-05-06,2026-05-07,58,8242,Cancelled,Pharma
1337,118,Ware House C,2026-05-18,2026-05-28,97,7941,Delivered,Automotive
1338,256,Ware House B,2026-05-08,2026-05-11,14,7165,In Transit,Industrial
1339,172,Ware House D,2026-05-06,2026-05-09,39,3168,Delayed,Automotive
1340,453,Ware House C,2026-05-18,2026-05-20,76,4612,In Transit,FMCG
1341,375,Ware House D,2026-06-01,2026-06-03,95,4148,Cancelled,Industrial
1342,106,Ware House D,2026-05-17,2026-05-26,43,8824,Delayed,Industrial
1343,58,Ware House A,2026-06-01,2026-06-04,97,9009,In Transit,Electronics
1344,88,Ware House E,2026-05-13,2026-05-16,75,8664,Delayed,Electronics
1345,385,Ware House C,2026-06-03,2026-06-11,7,6249,Delivered,FMCG
1346,234,Ware House A,2026-05-06,2026-05-14,47,1720,In Transit,Pharma
1347,365,Ware House C,2026-05-17,2026-05-18,63,4235,In Transit,Automotive
1348,244,Ware House C,2026-05-26,2026-06-03,15,5933,In Transit,FMCG
1349,467,Ware House D,2026-05-29,2026-06-08,24,3297,In Transit,Automotive
1350,205,Ware House D,2026-05-13,2026-05-16,15,3106,Delivered,Industrial
1351,322,Ware House E,2026-05-18,2026-05-22,33,3892,Cancelled,Industrial
1352,376,Ware House A,2026-05-26,2026-06-05,80,7456,Delivered,Industrial
1353,251,Ware House E,2026-06-04,2026-06-08,32,2707,In Transit,Electronics
1354,293,Ware House D,2026-05-14,2026-05-15,55,6308,Delivered,Automotive
1355,386,Ware House B,2026-05-19,2026-05-27,94,7268,In Transit,Automotive
1356,30,Ware House E,2026-05-19,2026-05-24,13,7816,Cancelled,Industrial
1357,75,Ware House B,2026-05-16,2026-05-24,72,643,Delayed,Electronics
1358,331,Ware House E,2026-05-11,2026-05-12,22,5749,Cancelled,Electronics
1359,95,Ware House C,2026-05-11,2026-05-18,40,6399,Delayed,Pharma
1360,160,Ware House D,2026-05-27,2026-06-03,22,3253,Delivered,FMCG
1361,449,Ware House B,2026-05-10,2026-05-18,89,7771,Delayed,Industrial
1362,434,Ware House D,2026-06-03,2026-06-08,61,5172,Cancelled,Pharma
1363,86,Ware House C,2026-05-14,2026-05-17,46,5017,In Transit,Industrial
1364,181,Ware House B,2026-05-08,2026-05-17,78,5268,In Transit,FMCG
1365,45,Ware House B,2026-05-29,2026-05-31,5,9098,Delivered,Electronics
1366,193,Ware House D,2026-05-17,2026-05-22,77,8815,Delivered,Industrial
1367,90,Ware House A,2026-05-19,2026-05-24,57,5755,Cancelled,Pharma
1368,386,Ware House E,2026-05-30,2026-06-01,8,2165,Cancelled,FMCG
1369,385,Ware House C,2026-05-17,2026-05-22,82,5332,In Transit,FMCG
1370,114,Ware House E,2026-05-13,2026-05-19,98,7916,In Transit,Automotive
1371,295,Ware House C,2026-05-07,2026-05-12,10,7454,Cancelled,FMCG
1372,360,Ware House A,2026-05-06,2026-05-16,85,4504,In Transit,Electronics
1373,477,Ware House C,2026-05-19,2026-05-25,60,7389,Delivered,Electronics
1374,155,Ware House E,2026-05-31,2026-06-03,65,8477,Cancelled,Automotive
1375,363,Ware House E,2026-05-27,2026-05-31,41,4411,Delayed,Automotive
1376,266,Ware House B,2026-05-07,2026-05-17,97,3142,In Transit,FMCG
1377,84,Ware House B,2026-05-14,2026-05-15,90,2496,Delivered,FMCG
1378,116,Ware House A,2026-05-21,2026-05-31,75,3409,In Transit,Industrial
1379,149,Ware House B,2026-05-08,2026-05-18,49,4220,Delivered,Industrial
1380,341,Ware House A,2026-05-29,2026-06-02,92,198,Delivered,Industrial
1381,369,Ware House B,2026-05-08,2026-05-10,89,9033,Delivered,Automotive
1382,33,Ware House B,2026-05-29,2026-06-06,17,2607,Cancelled,Electronics
1383,408,Ware House C,2026-05-21,2026-05-27,59,6543,Delayed,Automotive
1384,202,Ware House E,2026-05-06,2026-05-09,11,7680,Delayed,Pharma
1385,317,Ware House A,2026-05-19,2026-05-21,54,7326,In Transit,Industrial
1386,319,Ware House D,2026-05-20,2026-05-30,20,1035,In Transit,FMCG
1387,74,Ware House C,2026-05-31,2026-06-01,93,9441,Delayed,FMCG
1388,118,Ware House B,2026-05-31,2026-06-10,46,2563,Cancelled,FMCG
1389,280,Ware House D,2026-05-30,2026-06-06,84,6565,Delayed,Automotive
1390,195,Ware House E,2026-05-27,2026-06-06,30,9437,In Transit,FMCG
1391,246,Ware House C,2026-05-13,2026-05-19,27,6220,In Transit,FMCG
1392,201,Ware House B,2026-05-09,2026-05-19,41,198,In Transit,FMCG
1393,246,Ware House A,2026-06-01,2026-06-06,98,595,Cancelled,Electronics
1394,397,Ware House E,2026-05-19,2026-05-23,19,7103,Cancelled,FMCG
1395,153,Ware House E,2026-06-02,2026-06-12,75,1669,Delivered,Industrial
1396,491,Ware House A,2026-05-18,2026-05-28,75,6401,Delayed,Industrial
1397,157,Ware House B,2026-05-10,2026-05-18,50,7577,Delayed,Electronics
1398,188,Ware House E,2026-05-12,2026-05-14,54,7798,Cancelled,Electronics
1399,264,Ware House D,2026-05-08,2026-05-10,37,2323,Delayed,FMCG
1400,490,Ware House C,2026-06-04,2026-06-08,45,6140,In Transit,FMCG
1401,247,Ware House A,2026-06-01,2026-06-02,70,7592,Cancelled,Electronics
1402,325,Ware House E,2026-05-12,2026-05-13,84,8874,Cancelled,Automotive
1403,307,Ware House D,2026-05-28,2026-06-05,74,4013,In Transit,Automotive
1404,116,Ware House B,2026-05-07,2026-05-15,53,207,Delivered,Pharma
1405,369,Ware House C,2026-05-28,2026-06-02,29,6819,Delivered,FMCG
1406,275,Ware House A,2026-05-22,2026-05-24,46,4985,Cancelled,Industrial
1407,319,Ware House C,2026-05-06,2026-05-14,82,7675,Delivered,FMCG
1408,147,Ware House E,2026-05-17,2026-05-23,48,9159,Cancelled,FMCG
1409,214,Ware House A,2026-05-12,2026-05-17,16,2216,Delayed,Pharma
1410,472,Ware House B,2026-05-13,2026-05-22,70,8800,Cancelled,Electronics
1411,125,Ware House D,2026-05-24,2026-06-03,81,3619,Cancelled,Electronics
1412,335,Ware House C,2026-05-18,2026-05-21,39,103,Delayed,Industrial
1413,450,Ware House B,2026-05-11,2026-05-15,67,1641,Delayed,Industrial
1414,371,Ware House E,2026-06-02,2026-06-09,13,2493,Delayed,Electronics
1415,194,Ware House A,2026-05-27,2026-05-31,38,4517,Delayed,Industrial
1416,104,Ware House B,2026-05-09,2026-05-18,62,3296,Delayed,Pharma
1417,349,Ware House B,2026-05-09,2026-05-18,73,7084,In Transit,FMCG
1418,62,Ware House C,2026-06-02,2026-06-10,34,3502,Delayed,Pharma
1419,30,Ware House A,2026-06-04,2026-06-11,55,4960,In Transit,Electronics
1420,452,Ware House E,2026-05-07,2026-05-15,21,1099,In Transit,Industrial
1421,122,Ware House B,2026-06-03,2026-06-04,81,6506,In Transit,Pharma
1422,405,Ware House B,2026-05-13,2026-05-18,50,5400,Cancelled,Industrial
1423,384,Ware House A,2026-05-08,2026-05-09,58,3289,Delivered,Automotive
1424,345,Ware House E,2026-05-17,2026-05-21,32,1238,Cancelled,FMCG
1425,278,Ware House E,2026-05-13,2026-05-19,23,5711,Delayed,Electronics
1426,413,Ware House C,2026-05-22,2026-05-23,60,870,Delivered,Industrial
1427,178,Ware House B,2026-06-02,2026-06-10,1,8222,In Transit,Industrial
1428,460,Ware House B,2026-05-16,2026-05-25,73,9322,Delayed,Industrial
1429,200,Ware House E,2026-06-02,2026-06-09,96,2930,Cancelled,Automotive
1430,26,Ware House D,2026-06-02,2026-06-07,63,5239,Delivered,Industrial
1431,253,Ware House C,2026-06-04,2026-06-13,49,860,In Transit,FMCG
1432,271,Ware House C,2026-05-25,2026-05-29,3,1773,Delivered,FMCG
1433,344,Ware House B,2026-05-20,2026-05-25,3,5171,In Transit,FMCG
1434,343,Ware House D,2026-05-27,2026-06-06,59,1728,In Transit,Automotive
1435,359,Ware House E,2026-06-04,2026-06-05,1,3313,Delivered,FMCG
1436,103,Ware House C,2026-05-10,2026-05-14,2,2727,Delivered,Automotive
1437,317,Ware House E,2026-05-23,2026-05-31,38,850,In Transit,Electronics
1438,208,Ware House E,2026-05-14,2026-05-18,75,5936,Delivered,Automotive
1439,103,Ware House A,2026-05-09,2026-05-19,31,3933,Cancelled,Pharma
1440,436,Ware House D,2026-05-14,2026-05-15,97,1934,Delayed,Industrial
1441,129,Ware House A,2026-05-12,2026-05-21,54,7794,Delayed,Automotive
1442,60,Ware House A,2026-05-30,2026-06-09,13,8477,Cancelled,Automotive
1443,248,Ware House D,2026-05-24,2026-05-31,93,4600,In Transit,Industrial
1444,106,Ware House E,2026-05-13,2026-05-19,91,629,Delivered,Industrial
1445,160,Ware House E,2026-05-29,2026-06-05,60,9782,Delivered,Industrial
1446,285,Ware House A,2026-05-08,2026-05-14,98,7998,In Transit,Automotive
1447,373,Ware House B,2026-05-09,2026-05-16,88,5261,Delayed,Pharma
1448,87,Ware House E,2026-05-14,2026-05-22,48,3927,Cancelled,Electronics
1449,338,Ware House B,2026-05-16,2026-05-18,82,6189,Delayed,Automotive
1450,319,Ware House C,2026-05-27,2026-05-31,55,183,Delayed,Industrial
1451,366,Ware House A,2026-05-11,2026-05-12,28,7205,Delayed,FMCG
1452,363,Ware House D,2026-05-21,2026-05-28,51,2641,Delayed,Industrial
1453,65,Ware House B,2026-05-16,2026-05-21,74,3738,Delivered,Automotive
1454,386,Ware House A,2026-06-04,2026-06-09,86,5278,In Transit,Electronics
1455,339,Ware House B,2026-05-20,2026-05-30,21,1315,In Transit,FMCG
1456,376,Ware House D,2026-05-13,2026-05-19,63,494,Delayed,FMCG
1457,59,Ware House E,2026-05-19,2026-05-29,19,3913,Delayed,Electronics
1458,213,Ware House E,2026-05-19,2026-05-29,33,5994,Delivered,Pharma
1459,284,Ware House C,2026-05-19,2026-05-29,77,3497,Cancelled,FMCG
1460,380,Ware House D,2026-05-10,2026-05-11,23,9047,In Transit,FMCG
1461,371,Ware House A,2026-05-31,2026-06-01,61,2949,In Transit,Industrial
1462,487,Ware House B,2026-05-11,2026-05-13,60,890,Delivered,Electronics
1463,217,Ware House C,2026-05-17,2026-05-21,79,8567,In Transit,Automotive
1464,379,Ware House E,2026-06-03,2026-06-05,89,1511,In Transit,FMCG
1465,319,Ware House D,2026-05-09,2026-05-11,47,2368,Cancelled,Pharma
1466,180,Ware House D,2026-06-01,2026-06-08,66,9827,Cancelled,Automotive
1467,161,Ware House C,2026-05-10,2026-05-11,65,1312,In Transit,Automotive
1468,45,Ware House C,2026-05-10,2026-05-19,38,6617,Cancelled,Industrial
1469,383,Ware House E,2026-05-15,2026-05-17,75,5347,Cancelled,FMCG
1470,208,Ware House E,2026-05-09,2026-05-12,71,676,Delivered,FMCG
1471,21,Ware House C,2026-05-25,2026-05-28,54,7813,Delayed,Pharma
1472,308,Ware House D,2026-05-10,2026-05-13,4,7971,In Transit,Industrial
1473,323,Ware House A,2026-05-16,2026-05-20,70,7925,In Transit,Industrial
1474,133,Ware House C,2026-05-16,2026-05-23,95,6716,Cancelled,FMCG
1475,192,Ware House B,2026-06-02,2026-06-04,71,2488,Delivered,FMCG
1476,191,Ware House D,2026-05-22,2026-05-26,31,6249,Delayed,Automotive
1477,319,Ware House A,2026-06-03,2026-06-08,59,7884,Delayed,Pharma
1478,432,Ware House B,2026-06-04,2026-06-10,56,140,Delayed,Electronics
1479,135,Ware House D,2026-05-19,2026-05-22,25,1683,Delivered,FMCG
1480,202,Ware House A,2026-06-04,2026-06-11,32,8837,Delivered,FMCG
1481,295,Ware House A,2026-05-11,2026-05-18,56,104,Cancelled,Electronics
1482,114,Ware House A,2026-06-02,2026-06-10,85,2832,Delivered,Electronics
1483,374,Ware House E,2026-05-27,2026-06-04,55,5771,In Transit,Industrial
1484,173,Ware House D,2026-05-08,2026-05-09,11,6684,Delivered,Electronics
1485,149,Ware House A,2026-05-21,2026-05-25,69,2029,In Transit,Automotive
1486,185,Ware House D,2026-05-11,2026-05-15,76,2827,Cancelled,Electronics
1487,243,Ware House B,2026-06-02,2026-06-12,71,4304,Delayed,FMCG
1488,5,Ware House C,2026-05-07,2026-05-11,56,9300,Delayed,Industrial
1489,490,Ware House D,2026-05-20,2026-05-27,92,8075,Delivered,FMCG
1490,405,Ware House A,2026-05-17,2026-05-27,46,6370,In Transit,Industrial
1491,95,Ware House A,2026-05-17,2026-05-21,69,1318,Delayed,Automotive
1492,421,Ware House D,2026-05-31,2026-06-05,7,1754,Delivered,Pharma
1493,126,Ware House B,2026-05-23,2026-05-28,65,3920,In Transit,Electronics
1494,39,Ware House B,2026-05-18,2026-05-20,19,9828,Delayed,Industrial
1495,484,Ware House C,2026-06-03,2026-06-12,51,3674,Delivered,Automotive
1496,136,Ware House C,2026-05-11,2026-05-16,19,7205,Cancelled,Industrial
1497,388,Ware House C,2026-06-02,2026-06-11,72,6052,In Transit,Industrial
1498,490,Ware House A,2026-05-21,2026-05-30,42,3079,Delivered,Electronics
1499,471,Ware House B,2026-05-21,2026-05-26,68,9148,In Transit,FMCG
1500,352,Ware House C,2026-05-27,2026-06-06,34,2027,In Transit,Automotive
1501,430,Ware House C,2026-05-31,2026-06-01,84,6373,In Transit,FMCG
1502,448,Ware House A,2026-05-25,2026-05-31,33,2755,Delivered,FMCG
1503,454,Ware House C,2026-06-03,2026-06-06,26,5534,Delivered,Electronics
1504,41,Ware House D,2026-05-06,2026-05-08,94,2656,Delivered,Automotive
1505,177,Ware House B,2026-05-18,2026-05-26,3,5537,Delivered,Pharma
1506,379,Ware House B,2026-05-13,2026-05-23,77,514,In Transit,Electronics
1507,204,Ware House D,2026-05-23,2026-05-28,11,7103,Cancelled,Automotive
1508,100,Ware House A,2026-05-14,2026-05-16,80,2849,Delayed,FMCG
1509,150,Ware House B,2026-05-15,2026-05-18,87,601,In Transit,Electronics
1510,320,Ware House C,2026-05-12,2026-05-15,87,2382,In Transit,Pharma
1511,287,Ware House D,2026-05-29,2026-06-03,19,8614,Delivered,Electronics
1512,475,Ware House D,2026-05-29,2026-06-05,37,1577,Cancelled,Electronics
1513,430,Ware House C,2026-05-27,2026-06-05,84,2291,Delivered,Pharma
1514,26,Ware House D,2026-05-30,2026-06-06,35,6902,Delivered,Pharma
1515,62,Ware House D,2026-06-03,2026-06-07,85,9326,Delayed,FMCG
1516,72,Ware House D,2026-05-23,2026-05-25,5,2435,In Transit,Industrial
1517,23,Ware House A,2026-05-25,2026-05-26,78,1942,In Transit,Pharma
1518,111,Ware House A,2026-05-07,2026-05-17,97,7682,In Transit,Electronics
1519,16,Ware House E,2026-05-15,2026-05-21,83,5621,Cancelled,Industrial
1520,13,Ware House C,2026-05-08,2026-05-15,95,7410,Delayed,Electronics
1521,384,Ware House D,2026-06-02,2026-06-10,71,6068,Cancelled,Industrial
1522,212,Ware House C,2026-06-04,2026-06-09,69,1725,In Transit,Automotive
1523,54,Ware House D,2026-05-27,2026-06-05,100,3715,Cancelled,Industrial
1524,242,Ware House B,2026-05-07,2026-05-09,13,3723,In Transit,Industrial
1525,61,Ware House B,2026-06-01,2026-06-10,76,529,In Transit,Electronics
1526,401,Ware House E,2026-05-21,2026-05-31,11,3215,Delayed,FMCG
1527,80,Ware House C,2026-05-26,2026-05-29,45,7278,In Transit,Automotive
1528,62,Ware House D,2026-05-20,2026-05-27,40,692,Delivered,Pharma
1529,115,Ware House D,2026-05-10,2026-05-17,72,3990,Delivered,Electronics
1530,206,Ware House A,2026-05-06,2026-05-09,46,6406,In Transit,Pharma
1531,156,Ware House C,2026-05-10,2026-05-12,71,547,Delayed,Industrial
1532,128,Ware House A,2026-05-30,2026-06-03,4,2911,Delivered,FMCG
1533,191,Ware House C,2026-05-20,2026-05-29,25,8441,Delivered,FMCG
1534,61,Ware House B,2026-05-08,2026-05-17,3,9446,Delayed,Automotive
1535,192,Ware House A,2026-05-31,2026-06-06,20,8620,Delayed,Industrial
1536,242,Ware House B,2026-05-22,2026-05-31,30,5238,Delivered,Automotive
1537,274,Ware House B,2026-05-08,2026-05-16,24,5048,Cancelled,Industrial
1538,68,Ware House E,2026-05-21,2026-05-31,2,5339,Delayed,Industrial
1539,418,Ware House A,2026-06-03,2026-06-04,33,7466,Cancelled,Automotive
1540,261,Ware House C,2026-05-13,2026-05-20,12,205,Cancelled,Automotive
1541,198,Ware House A,2026-05-27,2026-06-06,92,4888,Delayed,FMCG
1542,195,Ware House A,2026-05-19,2026-05-21,34,2995,Delayed,Automotive
1543,8,Ware House A,2026-05-22,2026-05-27,49,8226,Delayed,Automotive
1544,60,Ware House B,2026-05-25,2026-05-31,53,4018,In Transit,Pharma
1545,434,Ware House E,2026-05-13,2026-05-14,99,1196,Delivered,Automotive
1546,422,Ware House E,2026-05-18,2026-05-28,81,3578,Delayed,FMCG
1547,187,Ware House B,2026-05-12,2026-05-19,14,9247,Delivered,Industrial
1548,102,Ware House A,2026-06-04,2026-06-12,65,1251,Cancelled,Industrial
1549,47,Ware House E,2026-05-15,2026-05-16,2,1195,Cancelled,Pharma
1550,208,Ware House D,2026-05-12,2026-05-22,9,2637,Delivered,Industrial
1551,288,Ware House B,2026-05-12,2026-05-22,2,2767,Delayed,Industrial
1552,86,Ware House C,2026-06-03,2026-06-07,32,4665,Delivered,FMCG
1553,273,Ware House C,2026-05-14,2026-05-20,57,7945,Cancelled,Industrial
1554,416,Ware House B,2026-05-30,2026-06-02,58,1806,Delivered,Electronics
1555,344,Ware House A,2026-05-21,2026-05-31,11,4259,Cancelled,Pharma
1556,54,Ware House E,2026-05-16,2026-05-25,91,7052,Cancelled,Pharma
1557,181,Ware House A,2026-05-30,2026-06-09,81,6626,In Transit,Electronics
1558,367,Ware House A,2026-05-25,2026-05-27,20,9936,Cancelled,FMCG
1559,384,Ware House C,2026-06-04,2026-06-09,54,7425,Delayed,Pharma
1560,56,Ware House C,2026-05-12,2026-05-15,61,2480,Cancelled,FMCG
1561,116,Ware House A,2026-05-24,2026-06-01,63,7919,Cancelled,Electronics
1562,2,Ware House B,2026-06-01,2026-06-06,9,4766,In Transit,Automotive
1563,83,Ware House A,2026-05-11,2026-05-20,6,5391,Cancelled,FMCG
1564,463,Ware House B,2026-05-18,2026-05-28,3,9621,Cancelled,Industrial
1565,175,Ware House C,2026-05-13,2026-05-18,93,6377,Delivered,Electronics
1566,438,Ware House A,2026-06-02,2026-06-08,59,9275,In Transit,Electronics
1567,90,Ware House D,2026-05-11,2026-05-19,58,7412,Cancelled,Electronics
1568,67,Ware House D,2026-06-02,2026-06-08,36,6894,In Transit,FMCG
1569,206,Ware House B,2026-05-11,2026-05-19,36,4844,In Transit,FMCG
1570,382,Ware House C,2026-05-07,2026-05-16,71,4516,In Transit,Industrial
1571,154,Ware House B,2026-05-11,2026-05-16,71,1254,In Transit,Pharma
1572,366,Ware House E,2026-05-06,2026-05-07,1,5521,Delayed,Pharma
1573,324,Ware House D,2026-06-04,2026-06-09,17,8050,Delayed,Industrial
1574,144,Ware House E,2026-05-17,2026-05-26,76,2345,In Transit,Electronics
1575,164,Ware House B,2026-05-27,2026-06-03,15,9282,Delayed,Industrial
1576,187,Ware House C,2026-05-11,2026-05-20,21,3963,Delivered,Electronics
1577,182,Ware House C,2026-05-21,2026-05-27,20,6010,Cancelled,Electronics
1578,384,Ware House B,2026-05-09,2026-05-19,64,928,Delayed,Industrial
1579,196,Ware House E,2026-05-14,2026-05-16,88,4614,Delayed,Industrial
1580,180,Ware House E,2026-05-09,2026-05-12,22,5962,Cancelled,FMCG
1581,241,Ware House E,2026-05-22,2026-05-26,39,5795,Cancelled,Pharma
1582,186,Ware House C,2026-05-28,2026-06-01,2,8385,In Transit,FMCG
1583,449,Ware House A,2026-05-25,2026-05-27,48,2687,Delivered,FMCG
1584,356,Ware House C,2026-05-22,2026-05-24,43,4387,Delivered,Electronics
1585,391,Ware House E,2026-05-13,2026-05-22,38,1443,Delayed,Industrial
1586,413,Ware House E,2026-05-18,2026-05-27,8,3385,In Transit,Automotive
1587,236,Ware House E,2026-05-17,2026-05-25,40,3195,In Transit,Pharma
1588,477,Ware House A,2026-05-16,2026-05-17,83,6460,Delayed,Automotive
1589,118,Ware House B,2026-05-16,2026-05-19,13,8947,In Transit,Electronics
1590,70,Ware House B,2026-05-07,2026-05-15,34,4545,Delivered,Automotive
1591,493,Ware House B,2026-05-25,2026-05-28,73,1753,In Transit,Pharma
1592,493,Ware House D,2026-05-25,2026-06-04,95,990,Delayed,Automotive
1593,167,Ware House A,2026-05-30,2026-06-04,40,1540,Cancelled,Electronics
1594,358,Ware House E,2026-05-18,2026-05-23,33,2850,In Transit,Electronics
1595,42,Ware House B,2026-05-06,2026-05-08,95,5686,Delivered,Industrial
1596,225,Ware House A,2026-05-20,2026-05-29,49,4284,Delivered,Electronics
1597,289,Ware House B,2026-05-24,2026-05-30,28,2341,Delayed,Industrial
1598,302,Ware House D,2026-05-10,2026-05-16,76,9764,In Transit,Industrial
1599,330,Ware House E,2026-05-31,2026-06-08,69,5793,In Transit,Pharma
1600,339,Ware House A,2026-05-16,2026-05-25,45,5711,Delivered,FMCG
1601,382,Ware House B,2026-05-18,2026-05-27,12,2640,Delivered,Industrial
1602,255,Ware House A,2026-05-08,2026-05-16,23,6815,Cancelled,Industrial
1603,470,Ware House A,2026-06-01,2026-06-10,49,8762,Cancelled,Automotive
1604,383,Ware House B,2026-05-16,2026-05-19,60,567,In Transit,Pharma
1605,415,Ware House E,2026-05-15,2026-05-24,38,8978,Delivered,Pharma
1606,44,Ware House D,2026-05-12,2026-05-20,30,1645,Cancelled,FMCG
1607,176,Ware House A,2026-05-09,2026-05-18,38,7965,In Transit,Industrial
1608,169,Ware House B,2026-06-02,2026-06-06,42,514,Cancelled,Industrial
1609,126,Ware House B,2026-05-27,2026-06-04,75,4646,Delivered,Pharma
1610,47,Ware House B,2026-05-16,2026-05-21,39,2620,In Transit,Pharma
1611,144,Ware House C,2026-06-01,2026-06-11,87,2027,Delayed,Automotive
1612,13,Ware House B,2026-06-03,2026-06-07,96,8317,In Transit,Pharma
1613,357,Ware House D,2026-05-07,2026-05-09,61,2841,Cancelled,Electronics
1614,364,Ware House C,2026-05-21,2026-05-31,81,1439,In Transit,Pharma
1615,230,Ware House A,2026-05-07,2026-05-12,31,7483,Delivered,Industrial
1616,424,Ware House A,2026-05-19,2026-05-28,84,9012,Delivered,Automotive
1617,497,Ware House B,2026-05-31,2026-06-08,61,2795,Delayed,Pharma
1618,375,Ware House C,2026-05-27,2026-05-31,23,4088,Cancelled,Automotive
1619,28,Ware House B,2026-05-06,2026-05-13,3,1403,In Transit,Industrial
1620,258,Ware House E,2026-05-31,2026-06-04,46,5996,Delayed,Pharma
1621,314,Ware House D,2026-05-22,2026-05-28,42,5081,Delayed,Pharma
1622,401,Ware House B,2026-05-12,2026-05-16,71,5002,Delivered,Automotive
1623,247,Ware House B,2026-05-10,2026-05-19,16,5438,In Transit,Industrial
1624,461,Ware House B,2026-05-23,2026-05-25,100,1999,Cancelled,Electronics
1625,131,Ware House D,2026-05-20,2026-05-29,28,4521,Delivered,Pharma
1626,104,Ware House E,2026-05-19,2026-05-25,83,2932,Delivered,FMCG
1627,355,Ware House D,2026-05-24,2026-05-30,36,1462,Delayed,Pharma
1628,57,Ware House D,2026-05-11,2026-05-17,1,4390,Delivered,FMCG
1629,313,Ware House C,2026-05-30,2026-06-03,46,8856,In Transit,Pharma
1630,290,Ware House E,2026-05-21,2026-05-26,5,3167,In Transit,Industrial
1631,203,Ware House A,2026-06-04,2026-06-13,77,7391,Delivered,Industrial
1632,478,Ware House E,2026-05-24,2026-05-27,45,8596,Cancelled,Pharma
1633,406,Ware House C,2026-06-01,2026-06-09,33,8701,Delayed,Pharma
1634,140,Ware House C,2026-06-02,2026-06-07,30,631,In Transit,Industrial
1635,440,Ware House C,2026-05-20,2026-05-24,82,4411,Delivered,Pharma
1636,488,Ware House A,2026-06-02,2026-06-07,17,1575,In Transit,Automotive
1637,306,Ware House C,2026-05-10,2026-05-20,61,7993,Cancelled,FMCG
1638,307,Ware House D,2026-05-07,2026-05-10,93,1712,Delivered,Automotive
1639,134,Ware House E,2026-05-21,2026-05-25,35,1806,In Transit,Pharma
1640,99,Ware House C,2026-05-16,2026-05-21,67,4022,In Transit,Automotive
1641,469,Ware House D,2026-06-04,2026-06-07,25,311,Cancelled,Electronics
1642,115,Ware House A,2026-05-23,2026-06-01,33,7911,Cancelled,Pharma
1643,490,Ware House A,2026-05-25,2026-06-01,36,7569,In Transit,Industrial
1644,143,Ware House C,2026-05-25,2026-06-04,8,5929,In Transit,FMCG
1645,267,Ware House C,2026-05-12,2026-05-14,22,6905,In Transit,Industrial
1646,425,Ware House B,2026-05-29,2026-06-08,76,305,Delayed,Pharma
1647,373,Ware House D,2026-05-31,2026-06-07,62,7578,Delayed,Pharma
1648,480,Ware House D,2026-05-20,2026-05-26,48,8285,In Transit,Automotive
1649,282,Ware House B,2026-05-21,2026-05-30,24,3277,Delivered,FMCG
1650,38,Ware House E,2026-06-01,2026-06-02,81,9888,Delayed,Pharma
1651,160,Ware House C,2026-05-16,2026-05-17,40,2531,In Transit,Industrial
1652,446,Ware House C,2026-05-21,2026-05-27,8,5085,In Transit,Industrial
1653,103,Ware House C,2026-05-26,2026-06-04,87,713,In Transit,Industrial
1654,444,Ware House B,2026-06-01,2026-06-07,41,5516,Delayed,Electronics
1655,4,Ware House A,2026-05-08,2026-05-11,68,7990,Delivered,Automotive
1656,381,Ware House B,2026-05-28,2026-06-04,39,6575,Delayed,Industrial
1657,40,Ware House E,2026-06-01,2026-06-04,70,1728,Delivered,Pharma
1658,2,Ware House C,2026-05-31,2026-06-01,68,3807,Cancelled,Electronics
1659,408,Ware House C,2026-05-23,2026-05-31,4,448,Delivered,Electronics
1660,139,Ware House E,2026-05-17,2026-05-24,36,8499,Delayed,Automotive
1661,239,Ware House E,2026-05-07,2026-05-11,61,3977,Delivered,FMCG
1662,69,Ware House D,2026-05-25,2026-05-26,74,2022,Delivered,Automotive
1663,404,Ware House B,2026-05-09,2026-05-18,46,2802,Delayed,Pharma
1664,282,Ware House A,2026-05-30,2026-06-02,89,6444,Delivered,Pharma
1665,478,Ware House C,2026-05-26,2026-06-01,49,7655,Cancelled,FMCG
1666,367,Ware House D,2026-05-25,2026-06-04,73,6963,In Transit,Industrial
1667,186,Ware House C,2026-05-30,2026-06-07,82,5430,Delivered,Automotive
1668,99,Ware House A,2026-06-01,2026-06-09,90,6672,Cancelled,Pharma
1669,67,Ware House C,2026-05-31,2026-06-05,17,734,Cancelled,FMCG
1670,118,Ware House B,2026-05-06,2026-05-09,58,6514,Cancelled,Pharma
1671,426,Ware House A,2026-05-20,2026-05-30,12,6319,In Transit,Industrial
1672,421,Ware House A,2026-05-14,2026-05-22,50,2640,Delivered,Industrial
1673,223,Ware House B,2026-05-11,2026-05-12,36,7069,In Transit,Pharma
1674,317,Ware House B,2026-05-13,2026-05-23,1,3391,Delivered,Industrial
1675,341,Ware House B,2026-05-22,2026-05-24,12,9478,Cancelled,Pharma
1676,303,Ware House A,2026-05-06,2026-05-15,31,4826,Cancelled,Automotive
1677,34,Ware House E,2026-05-16,2026-05-22,97,437,In Transit,FMCG
1678,79,Ware House A,2026-05-10,2026-05-13,90,3267,Cancelled,FMCG
1679,299,Ware House B,2026-05-13,2026-05-21,65,5067,Delayed,Pharma
1680,449,Ware House B,2026-05-27,2026-05-29,47,9950,In Transit,FMCG
1681,361,Ware House A,2026-05-12,2026-05-18,60,1693,In Transit,Electronics
1682,405,Ware House C,2026-05-13,2026-05-17,65,7372,Delayed,Industrial
1683,338,Ware House D,2026-05-11,2026-05-21,13,2796,In Transit,FMCG
1684,121,Ware House A,2026-05-17,2026-05-21,88,9336,Cancelled,Automotive
1685,418,Ware House D,2026-05-12,2026-05-15,93,2297,Delayed,Pharma
1686,30,Ware House A,2026-05-31,2026-06-02,59,8179,Delivered,Pharma
1687,75,Ware House D,2026-05-08,2026-05-17,92,2381,Delivered,Automotive
1688,433,Ware House A,2026-05-30,2026-06-02,47,9724,Delayed,Electronics
1689,303,Ware House C,2026-06-01,2026-06-10,86,8718,Delivered,Industrial
1690,486,Ware House D,2026-05-07,2026-05-14,70,2283,In Transit,FMCG
1691,313,Ware House D,2026-05-19,2026-05-27,66,5409,Cancelled,FMCG
1692,291,Ware House A,2026-05-13,2026-05-20,6,6423,Delayed,Electronics
1693,345,Ware House B,2026-05-28,2026-06-02,72,6744,Delivered,Pharma
1694,354,Ware House D,2026-06-02,2026-06-08,34,9970,Delivered,Industrial
1695,273,Ware House D,2026-05-27,2026-05-31,54,4148,Delivered,Electronics
1696,218,Ware House D,2026-05-31,2026-06-10,1,4899,Delivered,Electronics
1697,408,Ware House C,2026-05-28,2026-05-29,65,2878,Cancelled,Pharma
1698,477,Ware House A,2026-05-25,2026-05-29,65,292,Delivered,Electronics
1699,64,Ware House D,2026-05-19,2026-05-29,93,680,Delivered,FMCG
1700,14,Ware House A,2026-05-11,2026-05-15,10,8782,Delayed,Pharma
1701,275,Ware House A,2026-05-16,2026-05-24,96,1350,Delivered,FMCG
1702,469,Ware House B,2026-05-11,2026-05-17,84,2953,In Transit,Electronics
1703,248,Ware House A,2026-05-29,2026-06-02,76,1133,Delayed,FMCG
1704,443,Ware House A,2026-05-16,2026-05-22,99,7086,Cancelled,Industrial
1705,5,Ware House A,2026-05-19,2026-05-28,28,9046,Delivered,Automotive
1706,374,Ware House A,2026-05-21,2026-05-29,56,1719,Delivered,Pharma
1707,433,Ware House E,2026-05-28,2026-05-31,14,9319,Delivered,Pharma
1708,145,Ware House E,2026-05-24,2026-06-01,90,8975,In Transit,Industrial
1709,251,Ware House E,2026-05-11,2026-05-15,6,8145,In Transit,Pharma
1710,150,Ware House D,2026-05-24,2026-05-29,1,9522,Delayed,Electronics
1711,73,Ware House D,2026-05-09,2026-05-12,53,7804,Cancelled,Electronics
1712,69,Ware House E,2026-05-16,2026-05-19,61,1725,In Transit,Automotive
1713,478,Ware House A,2026-05-27,2026-06-03,26,5800,Delivered,Electronics
1714,48,Ware House E,2026-05-11,2026-05-19,64,7058,Delivered,Electronics
1715,403,Ware House D,2026-05-26,2026-05-27,93,3286,Delivered,Industrial
1716,29,Ware House C,2026-05-08,2026-05-13,75,5693,Delivered,FMCG
1717,231,Ware House B,2026-05-28,2026-06-05,78,4490,Delayed,Automotive
1718,223,Ware House D,2026-05-25,2026-05-30,62,9970,Delayed,Pharma
1719,2,Ware House D,2026-05-11,2026-05-12,19,5592,Delivered,Industrial
1720,392,Ware House E,2026-05-18,2026-05-22,60,7652,Delayed,Industrial
1721,300,Ware House A,2026-05-11,2026-05-16,73,8648,In Transit,Industrial
1722,320,Ware House A,2026-05-16,2026-05-22,58,6712,Delayed,Pharma
1723,431,Ware House A,2026-05-25,2026-05-31,32,4889,Delivered,Electronics
1724,149,Ware House E,2026-05-19,2026-05-29,56,2075,Delivered,Automotive
1725,125,Ware House A,2026-05-08,2026-05-11,11,219,Delivered,FMCG
1726,160,Ware House C,2026-05-14,2026-05-18,41,4005,Cancelled,Electronics
1727,35,Ware House D,2026-05-24,2026-05-30,58,6673,Cancelled,Pharma
1728,261,Ware House C,2026-05-10,2026-05-13,57,6213,Cancelled,FMCG
1729,74,Ware House B,2026-05-25,2026-06-03,35,5672,Delivered,Industrial
1730,153,Ware House E,2026-05-13,2026-05-16,69,6209,In Transit,FMCG
1731,25,Ware House C,2026-05-29,2026-05-30,65,5004,Delayed,Pharma
1732,399,Ware House E,2026-05-28,2026-06-06,17,7900,Cancelled,Pharma
1733,328,Ware House D,2026-05-19,2026-05-29,95,7948,Cancelled,Automotive
1734,144,Ware House D,2026-05-10,2026-05-20,49,8930,Cancelled,Pharma
1735,181,Ware House B,2026-05-06,2026-05-16,43,6135,Delayed,Industrial
1736,289,Ware House C,2026-05-11,2026-05-18,35,6776,Cancelled,FMCG
1737,154,Ware House C,2026-05-20,2026-05-26,14,6276,In Transit,Electronics
1738,293,Ware House D,2026-05-12,2026-05-16,44,8630,Delayed,Pharma
1739,63,Ware House E,2026-05-10,2026-05-18,91,6710,In Transit,Industrial
1740,28,Ware House D,2026-05-10,2026-05-17,77,4683,Delayed,Pharma
1741,16,Ware House B,2026-05-11,2026-05-13,57,8114,Delayed,Electronics
1742,10,Ware House E,2026-05-31,2026-06-01,28,779,Cancelled,Pharma
1743,124,Ware House C,2026-05-26,2026-06-05,83,3811,Delivered,Industrial
1744,404,Ware House D,2026-05-27,2026-05-29,11,9438,Delivered,FMCG
1745,238,Ware House B,2026-05-27,2026-05-30,33,3300,Delivered,FMCG
1746,114,Ware House B,2026-06-02,2026-06-09,94,5869,In Transit,Automotive
1747,388,Ware House D,2026-05-25,2026-05-31,48,9522,Cancelled,Automotive
1748,244,Ware House C,2026-05-07,2026-05-08,18,5331,Delayed,Industrial
1749,141,Ware House C,2026-05-14,2026-05-24,64,950,In Transit,Electronics
1750,173,Ware House E,2026-05-19,2026-05-23,52,9414,In Transit,Electronics
1751,183,Ware House A,2026-05-16,2026-05-23,15,4302,In Transit,FMCG
1752,55,Ware House A,2026-05-23,2026-05-24,52,2933,Delivered,Industrial
1753,100,Ware House C,2026-06-04,2026-06-12,49,1300,Delayed,FMCG
1754,290,Ware House A,2026-05-16,2026-05-26,71,8368,Cancelled,Electronics
1755,14,Ware House D,2026-05-13,2026-05-19,37,1002,In Transit,Electronics
1756,250,Ware House E,2026-05-10,2026-05-16,64,5803,In Transit,Electronics
1757,485,Ware House D,2026-05-24,2026-06-03,68,707,Delayed,FMCG
1758,353,Ware House C,2026-05-30,2026-06-05,41,8671,In Transit,FMCG
1759,217,Ware House C,2026-05-08,2026-05-12,64,7918,In Transit,Pharma
1760,107,Ware House E,2026-05-26,2026-05-29,49,5724,Delivered,FMCG
1761,325,Ware House A,2026-05-19,2026-05-26,63,5827,In Transit,FMCG
1762,441,Ware House E,2026-05-13,2026-05-20,52,3160,In Transit,FMCG
1763,291,Ware House D,2026-05-14,2026-05-22,62,5337,In Transit,FMCG
1764,211,Ware House B,2026-05-07,2026-05-14,28,9326,Delivered,FMCG
1765,469,Ware House B,2026-05-08,2026-05-14,51,2315,Delivered,Automotive
1766,173,Ware House C,2026-05-30,2026-06-02,96,6552,Delivered,Industrial
1767,13,Ware House E,2026-05-12,2026-05-22,97,4640,Delivered,Industrial
1768,213,Ware House E,2026-05-06,2026-05-08,42,2650,Cancelled,Pharma
1769,387,Ware House A,2026-05-30,2026-06-02,25,5370,Delivered,Electronics
1770,248,Ware House B,2026-06-01,2026-06-10,72,7388,Cancelled,Industrial
1771,467,Ware House C,2026-05-17,2026-05-27,47,2789,Delayed,Pharma
1772,78,Ware House E,2026-05-24,2026-05-28,68,329,Cancelled,Electronics
1773,376,Ware House C,2026-05-11,2026-05-14,95,6682,Delayed,Industrial
1774,55,Ware House C,2026-05-24,2026-06-02,79,304,Delayed,Industrial
1775,7,Ware House A,2026-05-16,2026-05-17,82,4913,Delivered,Electronics
1776,123,Ware House A,2026-05-15,2026-05-18,42,1094,In Transit,FMCG
1777,276,Ware House D,2026-05-25,2026-05-26,61,9670,Cancelled,FMCG
1778,161,Ware House B,2026-05-11,2026-05-19,49,7705,Delayed,Electronics
1779,204,Ware House B,2026-05-10,2026-05-20,78,6855,In Transit,Industrial
1780,63,Ware House D,2026-05-19,2026-05-20,87,4922,Delivered,Industrial
1781,106,Ware House C,2026-05-16,2026-05-21,21,6320,Delivered,Pharma
1782,238,Ware House D,2026-06-04,2026-06-06,39,7172,Cancelled,Electronics
1783,103,Ware House A,2026-05-17,2026-05-22,14,371,In Transit,Electronics
1784,478,Ware House C,2026-05-31,2026-06-09,78,7973,In Transit,Industrial
1785,228,Ware House E,2026-05-06,2026-05-07,91,8803,Delayed,Pharma
1786,246,Ware House D,2026-05-16,2026-05-21,95,6287,Delayed,FMCG
1787,132,Ware House D,2026-05-31,2026-06-07,55,8148,In Transit,Electronics
1788,271,Ware House E,2026-05-10,2026-05-20,45,6881,Delayed,Industrial
1789,257,Ware House A,2026-05-15,2026-05-17,81,2819,Cancelled,Pharma
1790,3,Ware House C,2026-05-11,2026-05-20,69,2860,Cancelled,Industrial
1791,1,Ware House E,2026-05-21,2026-05-24,36,9223,Delivered,Electronics
1792,2,Ware House B,2026-05-16,2026-05-20,4,5600,Delivered,Pharma
1793,273,Ware House A,2026-05-20,2026-05-26,86,6152,Delivered,Industrial
1794,319,Ware House D,2026-05-14,2026-05-16,4,9875,Cancelled,FMCG
1795,40,Ware House B,2026-05-14,2026-05-15,85,2596,In Transit,Automotive
1796,73,Ware House A,2026-05-16,2026-05-22,87,4476,In Transit,Automotive
1797,425,Ware House A,2026-05-11,2026-05-14,3,2789,Delivered,Automotive
1798,176,Ware House B,2026-05-09,2026-05-17,39,6690,Cancelled,FMCG
1799,101,Ware House E,2026-05-18,2026-05-24,21,5792,In Transit,FMCG
1800,228,Ware House A,2026-05-27,2026-06-03,97,1752,In Transit,FMCG
1801,13,Ware House B,2026-06-02,2026-06-05,42,5792,Delivered,Electronics
1802,461,Ware House D,2026-05-30,2026-06-09,45,4567,Delayed,Industrial
1803,271,Ware House B,2026-06-04,2026-06-14,91,3225,Delivered,Pharma
1804,355,Ware House D,2026-05-12,2026-05-21,38,517,In Transit,Automotive
1805,470,Ware House E,2026-06-04,2026-06-14,71,7781,In Transit,Electronics
1806,351,Ware House A,2026-05-23,2026-06-01,44,6442,Cancelled,Pharma
1807,202,Ware House C,2026-05-24,2026-05-28,81,194,In Transit,Electronics
1808,287,Ware House A,2026-05-29,2026-06-01,1,3657,Delayed,Industrial
1809,214,Ware House A,2026-05-24,2026-05-30,83,4789,Delayed,FMCG
1810,325,Ware House E,2026-05-12,2026-05-22,89,3062,Delivered,Pharma
1811,111,Ware House B,2026-05-09,2026-05-18,12,6951,In Transit,Industrial
1812,286,Ware House B,2026-05-09,2026-05-15,56,2790,Cancelled,Automotive
1813,418,Ware House C,2026-05-26,2026-05-31,11,4603,In Transit,Electronics
1814,220,Ware House C,2026-05-17,2026-05-20,49,9641,Cancelled,Industrial
1815,406,Ware House B,2026-05-25,2026-06-04,27,1655,Delivered,FMCG
1816,203,Ware House A,2026-05-07,2026-05-12,22,8282,Delivered,Pharma
1817,12,Ware House B,2026-06-02,2026-06-08,46,8014,Cancelled,Industrial
1818,23,Ware House E,2026-05-06,2026-05-08,38,4291,Delayed,Automotive
1819,310,Ware House D,2026-05-11,2026-05-17,88,1875,Cancelled,FMCG
1820,493,Ware House C,2026-05-10,2026-05-12,89,3302,Delayed,Industrial
1821,196,Ware House E,2026-05-31,2026-06-01,63,9764,In Transit,FMCG
1822,211,Ware House A,2026-06-04,2026-06-10,55,5250,Delivered,Electronics
1823,115,Ware House C,2026-06-04,2026-06-08,2,4611,Delivered,Industrial
1824,259,Ware House E,2026-05-19,2026-05-22,62,1947,Cancelled,Industrial
1825,244,Ware House C,2026-05-30,2026-06-09,19,1113,Delivered,Automotive
1826,197,Ware House C,2026-06-03,2026-06-07,4,8554,In Transit,Electronics
1827,469,Ware House A,2026-06-02,2026-06-12,81,8766,Delivered,Industrial
1828,250,Ware House C,2026-05-19,2026-05-26,73,8167,Delayed,Electronics
1829,160,Ware House E,2026-05-17,2026-05-24,84,7713,Delayed,FMCG
1830,79,Ware House D,2026-05-08,2026-05-16,6,9273,Delivered,FMCG
1831,120,Ware House C,2026-05-13,2026-05-17,98,8854,Delayed,Automotive
1832,140,Ware House A,2026-06-03,2026-06-07,5,2541,Cancelled,Electronics
1833,314,Ware House A,2026-05-19,2026-05-20,17,561,Delivered,Electronics
1834,62,Ware House E,2026-05-27,2026-06-03,54,4832,Delayed,Automotive
1835,203,Ware House C,2026-05-16,2026-05-25,64,4431,Delivered,Pharma
1836,431,Ware House C,2026-05-21,2026-05-22,62,4788,Cancelled,Automotive
1837,20,Ware House A,2026-06-02,2026-06-09,49,7602,Cancelled,Electronics
1838,485,Ware House E,2026-05-25,2026-06-03,14,1833,Delivered,Pharma
1839,197,Ware House C,2026-05-19,2026-05-28,51,7029,In Transit,Electronics
1840,464,Ware House C,2026-05-20,2026-05-23,78,5086,Cancelled,Automotive
1841,272,Ware House C,2026-05-09,2026-05-18,21,1921,Delivered,Automotive
1842,186,Ware House A,2026-05-30,2026-06-05,42,9592,Delivered,Industrial
1843,197,Ware House A,2026-05-26,2026-05-31,4,1138,Delivered,Electronics
1844,209,Ware House D,2026-05-20,2026-05-30,1,7194,Delivered,FMCG
1845,46,Ware House C,2026-05-28,2026-06-04,92,2649,Delivered,FMCG
1846,234,Ware House A,2026-05-29,2026-06-04,20,5074,Delayed,FMCG
1847,439,Ware House E,2026-05-27,2026-05-28,49,7536,Delayed,Automotive
1848,166,Ware House D,2026-05-16,2026-05-24,43,2510,Delayed,Electronics
1849,1,Ware House A,2026-05-24,2026-05-30,44,7193,In Transit,Industrial
1850,305,Ware House E,2026-05-12,2026-05-17,78,7464,Cancelled,Industrial
1851,313,Ware House D,2026-05-20,2026-05-23,8,1794,Delayed,Pharma
1852,142,Ware House E,2026-05-22,2026-05-29,15,9464,Delivered,Pharma
1853,209,Ware House E,2026-05-13,2026-05-22,81,1597,Delivered,Pharma
1854,143,Ware House A,2026-05-22,2026-05-27,72,3198,Delayed,FMCG
1855,403,Ware House E,2026-05-29,2026-05-30,97,8742,Cancelled,Industrial
1856,40,Ware House D,2026-05-07,2026-05-10,26,9602,Delivered,Automotive
1857,321,Ware House D,2026-05-20,2026-05-21,33,4940,Delivered,Automotive
1858,293,Ware House D,2026-05-07,2026-05-16,45,9421,Delayed,Automotive
1859,326,Ware House C,2026-06-03,2026-06-12,16,689,Cancelled,Industrial
1860,27,Ware House D,2026-05-13,2026-05-18,31,7148,Delivered,Electronics
1861,378,Ware House A,2026-05-22,2026-05-24,51,7869,Delivered,Pharma
1862,115,Ware House C,2026-05-16,2026-05-25,50,6025,Delivered,Industrial
1863,462,Ware House B,2026-06-02,2026-06-09,99,7724,Cancelled,Industrial
1864,94,Ware House D,2026-05-11,2026-05-20,10,9990,Cancelled,Industrial
1865,473,Ware House B,2026-05-25,2026-06-02,83,5150,Delivered,Industrial
1866,479,Ware House B,2026-05-30,2026-06-07,77,3916,Delayed,Automotive
1867,146,Ware House E,2026-05-21,2026-05-26,6,9657,Delayed,Automotive
1868,235,Ware House D,2026-05-14,2026-05-22,61,7578,Delivered,Electronics
1869,13,Ware House D,2026-05-19,2026-05-26,34,7538,Delivered,Industrial
1870,204,Ware House C,2026-06-04,2026-06-14,78,476,In Transit,FMCG
1871,10,Ware House D,2026-05-19,2026-05-20,78,5147,Delayed,Automotive
1872,102,Ware House B,2026-05-30,2026-06-01,14,2326,Delayed,Pharma
1873,11,Ware House B,2026-05-25,2026-05-30,37,7730,Delayed,Industrial
1874,123,Ware House C,2026-05-30,2026-06-02,19,6337,Cancelled,Automotive
1875,349,Ware House B,2026-05-15,2026-05-17,15,3377,In Transit,Industrial
1876,469,Ware House E,2026-06-01,2026-06-09,53,2781,Delayed,Electronics
1877,89,Ware House B,2026-05-22,2026-06-01,4,4669,In Transit,Industrial
1878,214,Ware House D,2026-05-24,2026-05-27,99,2774,Delivered,Electronics
1879,319,Ware House C,2026-05-24,2026-05-29,51,7020,Delayed,FMCG
1880,320,Ware House B,2026-05-15,2026-05-23,90,1845,Delivered,Electronics
1881,478,Ware House B,2026-06-01,2026-06-05,51,863,Delivered,Electronics
1882,339,Ware House B,2026-05-22,2026-05-28,37,6019,Cancelled,FMCG
1883,236,Ware House A,2026-05-14,2026-05-19,16,7417,In Transit,Pharma
1884,84,Ware House C,2026-05-18,2026-05-25,75,5803,Cancelled,Pharma
1885,200,Ware House C,2026-05-19,2026-05-21,52,4410,In Transit,Automotive
1886,183,Ware House D,2026-05-11,2026-05-12,73,2889,Cancelled,Pharma
1887,135,Ware House A,2026-05-11,2026-05-21,92,9128,Delayed,FMCG
1888,43,Ware House A,2026-06-04,2026-06-09,45,3757,Delivered,Electronics
1889,95,Ware House C,2026-05-22,2026-05-24,21,6080,Delivered,Electronics
1890,205,Ware House D,2026-06-03,2026-06-10,66,2006,Cancelled,Electronics
1891,144,Ware House C,2026-05-16,2026-05-22,70,7455,In Transit,Industrial
1892,428,Ware House B,2026-05-23,2026-05-28,3,9478,Delivered,Automotive
1893,249,Ware House A,2026-05-16,2026-05-20,43,616,Delivered,Industrial
1894,181,Ware House A,2026-06-02,2026-06-11,18,7674,Cancelled,Automotive
1895,2,Ware House A,2026-06-02,2026-06-03,1,9352,Cancelled,Industrial
1896,291,Ware House B,2026-05-08,2026-05-13,24,2632,Delivered,Pharma
1897,245,Ware House A,2026-06-02,2026-06-09,72,5026,Cancelled,Automotive
1898,288,Ware House C,2026-05-11,2026-05-18,88,1379,Delayed,Automotive
1899,140,Ware House E,2026-05-30,2026-06-03,31,1169,Delayed,Electronics
1900,29,Ware House C,2026-05-22,2026-05-23,98,2682,Delayed,Automotive
1901,443,Ware House E,2026-05-08,2026-05-09,43,7911,Cancelled,FMCG
1902,150,Ware House D,2026-05-08,2026-05-11,26,6629,Delivered,Pharma
1903,456,Ware House B,2026-05-14,2026-05-24,78,6072,Delivered,FMCG
1904,112,Ware House A,2026-06-02,2026-06-05,35,7114,In Transit,Industrial
1905,99,Ware House D,2026-05-29,2026-06-05,19,3205,Cancelled,Industrial
1906,306,Ware House A,2026-05-22,2026-05-30,19,5855,Cancelled,Industrial
1907,137,Ware House A,2026-05-27,2026-05-29,66,6199,Delivered,Pharma
1908,482,Ware House D,2026-05-31,2026-06-04,3,4069,Cancelled,Automotive
1909,247,Ware House D,2026-05-16,2026-05-17,94,8153,Cancelled,Industrial
1910,312,Ware House D,2026-05-10,2026-05-12,16,2505,Delayed,Industrial
1911,22,Ware House D,2026-05-30,2026-06-04,43,8468,Delayed,Electronics
1912,256,Ware House E,2026-05-23,2026-06-02,9,757,In Transit,FMCG
1913,451,Ware House D,2026-05-11,2026-05-12,97,7149,In Transit,FMCG
1914,20,Ware House E,2026-05-08,2026-05-10,47,987,Cancelled,Automotive
1915,315,Ware House D,2026-05-14,2026-05-20,90,5114,Delayed,Industrial
1916,279,Ware House D,2026-06-04,2026-06-13,66,1972,Cancelled,FMCG
1917,221,Ware House D,2026-05-28,2026-05-29,5,1241,In Transit,Automotive
1918,440,Ware House C,2026-05-06,2026-05-07,20,6175,Cancelled,Pharma
1919,51,Ware House A,2026-06-04,2026-06-13,29,8474,Cancelled,Industrial
1920,316,Ware House D,2026-06-01,2026-06-02,94,3814,Delayed,Automotive
1921,434,Ware House D,2026-05-29,2026-06-07,72,6729,Cancelled,Pharma
1922,156,Ware House A,2026-05-29,2026-05-30,62,3120,Cancelled,Electronics
1923,357,Ware House D,2026-05-25,2026-06-03,98,8821,In Transit,Automotive
1924,144,Ware House D,2026-05-12,2026-05-14,56,8320,Cancelled,Electronics
1925,37,Ware House A,2026-05-16,2026-05-26,88,7435,Delivered,Automotive
1926,366,Ware House A,2026-06-02,2026-06-11,57,1743,Delayed,Electronics
1927,293,Ware House D,2026-05-28,2026-06-02,30,8991,In Transit,FMCG
1928,215,Ware House D,2026-05-25,2026-05-30,83,5086,In Transit,Electronics
1929,383,Ware House E,2026-05-30,2026-06-05,39,1948,In Transit,Automotive
1930,407,Ware House B,2026-05-17,2026-05-21,76,8838,Delivered,FMCG
1931,109,Ware House A,2026-05-17,2026-05-19,86,6688,Cancelled,FMCG
1932,31,Ware House E,2026-05-08,2026-05-10,36,8184,In Transit,Industrial
1933,333,Ware House E,2026-05-23,2026-05-30,62,434,In Transit,Industrial
1934,315,Ware House A,2026-05-13,2026-05-21,87,3632,Delivered,Pharma
1935,493,Ware House E,2026-05-21,2026-05-26,50,3760,Delayed,Automotive
1936,418,Ware House A,2026-05-17,2026-05-26,7,8847,Delayed,Electronics
1937,92,Ware House C,2026-05-22,2026-06-01,70,8870,Cancelled,Industrial
1938,357,Ware House D,2026-05-13,2026-05-15,81,9738,Delivered,FMCG
1939,204,Ware House D,2026-05-17,2026-05-23,35,3658,Delayed,Electronics
1940,170,Ware House C,2026-05-29,2026-06-02,96,3177,In Transit,FMCG
1941,88,Ware House A,2026-06-02,2026-06-03,83,7044,Delayed,Automotive
1942,234,Ware House B,2026-06-03,2026-06-11,61,3947,In Transit,FMCG
1943,345,Ware House E,2026-05-23,2026-05-25,89,4472,Delayed,Pharma
1944,382,Ware House A,2026-05-28,2026-05-29,23,1114,In Transit,Electronics
1945,358,Ware House D,2026-05-17,2026-05-26,76,870,In Transit,Pharma
1946,334,Ware House B,2026-05-07,2026-05-15,5,5590,Cancelled,FMCG
1947,107,Ware House B,2026-05-07,2026-05-15,10,1894,Delivered,Industrial
1948,100,Ware House D,2026-05-07,2026-05-15,17,3533,Delayed,Industrial
1949,65,Ware House B,2026-05-13,2026-05-23,38,4757,Delayed,Automotive
1950,164,Ware House B,2026-05-20,2026-05-26,51,874,In Transit,Pharma
1951,303,Ware House A,2026-05-09,2026-05-13,65,1492,Delivered,FMCG
1952,305,Ware House D,2026-05-21,2026-05-22,34,6798,In Transit,Electronics
1953,181,Ware House B,2026-05-19,2026-05-23,34,7531,Delivered,Electronics
1954,145,Ware House A,2026-05-09,2026-05-10,58,1300,In Transit,Electronics
1955,180,Ware House C,2026-05-09,2026-05-14,1,7734,In Transit,Pharma
1956,243,Ware House B,2026-05-18,2026-05-19,62,3037,Delivered,FMCG
1957,71,Ware House B,2026-05-17,2026-05-24,87,147,Delivered,Industrial
1958,83,Ware House A,2026-05-24,2026-05-27,87,6577,Cancelled,Automotive
1959,310,Ware House D,2026-05-31,2026-06-06,7,5827,Delivered,Automotive
1960,460,Ware House D,2026-06-04,2026-06-11,1,5515,In Transit,Pharma
1961,57,Ware House B,2026-05-08,2026-05-14,40,9468,Delivered,FMCG
1962,340,Ware House C,2026-05-19,2026-05-22,50,1077,Cancelled,Industrial
1963,79,Ware House E,2026-05-31,2026-06-06,33,2873,Cancelled,Electronics
1964,456,Ware House D,2026-05-28,2026-06-07,85,6240,Cancelled,Pharma
1965,359,Ware House A,2026-05-07,2026-05-15,21,6894,Cancelled,Electronics
1966,397,Ware House D,2026-05-12,2026-05-14,52,6367,Delayed,Industrial
1967,166,Ware House D,2026-05-07,2026-05-12,15,9166,In Transit,Electronics
1968,311,Ware House B,2026-06-01,2026-06-06,26,8851,Delayed,Electronics
1969,21,Ware House A,2026-05-17,2026-05-20,9,2667,Cancelled,Industrial
1970,217,Ware House E,2026-05-15,2026-05-22,65,9308,Delayed,Industrial
1971,117,Ware House C,2026-05-08,2026-05-10,68,3229,In Transit,Pharma
1972,253,Ware House B,2026-05-20,2026-05-23,52,4065,Cancelled,FMCG
1973,245,Ware House E,2026-05-16,2026-05-21,90,4461,Delayed,Automotive
1974,349,Ware House A,2026-05-22,2026-05-26,58,5967,In Transit,Automotive
1975,172,Ware House D,2026-05-28,2026-06-03,69,9909,Delayed,Automotive
1976,9,Ware House A,2026-05-25,2026-05-30,83,8490,Cancelled,Electronics
1977,483,Ware House D,2026-05-07,2026-05-14,80,8864,Delayed,Pharma
1978,116,Ware House C,2026-05-07,2026-05-14,28,4840,In Transit,FMCG
1979,484,Ware House B,2026-05-07,2026-05-11,31,5793,In Transit,Industrial
1980,446,Ware House B,2026-06-03,2026-06-11,47,3908,Delayed,FMCG
1981,94,Ware House B,2026-05-27,2026-05-30,34,5914,In Transit,Electronics
1982,179,Ware House E,2026-05-06,2026-05-09,61,6810,Delivered,FMCG
1983,162,Ware House B,2026-05-25,2026-06-04,28,5619,Delayed,Pharma
1984,333,Ware House C,2026-05-24,2026-05-29,95,1229,Delayed,Pharma
1985,432,Ware House D,2026-05-18,2026-05-26,26,5996,Delayed,Industrial
1986,309,Ware House D,2026-05-07,2026-05-08,57,5366,Delayed,Automotive
1987,292,Ware House C,2026-05-14,2026-05-24,43,399,Delayed,Electronics
1988,180,Ware House B,2026-05-19,2026-05-21,45,9815,Delivered,Electronics
1989,379,Ware House C,2026-05-19,2026-05-27,67,3862,In Transit,Automotive
1990,43,Ware House D,2026-05-07,2026-05-10,63,2426,Cancelled,Automotive
1991,224,Ware House B,2026-06-03,2026-06-13,5,6810,Cancelled,Electronics
1992,139,Ware House D,2026-05-14,2026-05-21,1,8863,Delayed,Industrial
1993,221,Ware House D,2026-05-19,2026-05-27,94,9863,Cancelled,FMCG
1994,405,Ware House D,2026-06-04,2026-06-05,84,3683,Delayed,Industrial
1995,61,Ware House B,2026-05-19,2026-05-21,83,8957,Delivered,Pharma
1996,244,Ware House E,2026-05-13,2026-05-14,23,8935,In Transit,Automotive
1997,387,Ware House B,2026-06-02,2026-06-10,87,3901,Delayed,Industrial
1998,488,Ware House D,2026-05-23,2026-05-27,71,8283,Cancelled,Pharma
1999,277,Ware House D,2026-05-28,2026-05-29,33,5080,Delivered,FMCG
2000,353,Ware House E,2026-05-26,2026-05-28,44,4082,In Transit,Automotive
2001,4,Ware House B,2026-06-04,2026-06-08,7,8493,In Transit,FMCG
2002,267,Ware House D,2026-05-25,2026-05-31,32,556,Delayed,Automotive
2003,408,Ware House E,2026-05-29,2026-06-08,49,9176,Delayed,Pharma
2004,107,Ware House D,2026-05-13,2026-05-22,8,8156,Delayed,Automotive
2005,184,Ware House D,2026-05-11,2026-05-20,36,6672,Delayed,Electronics
2006,81,Ware House D,2026-05-19,2026-05-29,71,3300,Delivered,Industrial
2007,82,Ware House E,2026-05-06,2026-05-07,97,2949,Cancelled,Pharma
2008,450,Ware House B,2026-06-01,2026-06-04,38,1705,Delivered,Electronics
2009,86,Ware House A,2026-05-13,2026-05-18,6,2005,Cancelled,Industrial
2010,48,Ware House E,2026-05-14,2026-05-17,10,1217,In Transit,Electronics
2011,457,Ware House C,2026-05-14,2026-05-18,17,2218,Cancelled,Electronics
2012,189,Ware House D,2026-06-04,2026-06-07,61,2639,Cancelled,Industrial
2013,57,Ware House A,2026-05-10,2026-05-19,44,9065,Delivered,Automotive
2014,486,Ware House D,2026-05-31,2026-06-07,97,5367,Delivered,FMCG
2015,181,Ware House B,2026-05-26,2026-05-27,98,8367,Delivered,Pharma
2016,172,Ware House D,2026-05-22,2026-05-24,42,3513,Delivered,Automotive
2017,486,Ware House B,2026-05-15,2026-05-17,47,5358,Delayed,Pharma
2018,189,Ware House B,2026-05-09,2026-05-16,60,7404,Delayed,Electronics
2019,185,Ware House D,2026-05-29,2026-06-05,21,4962,Cancelled,Automotive
2020,364,Ware House B,2026-05-13,2026-05-14,7,9886,In Transit,Automotive
2021,358,Ware House A,2026-05-13,2026-05-22,7,7455,Delayed,Electronics
2022,67,Ware House B,2026-05-19,2026-05-24,98,8822,In Transit,Electronics
2023,433,Ware House D,2026-05-07,2026-05-10,59,5963,Delivered,Automotive
2024,74,Ware House A,2026-05-22,2026-05-27,73,9949,Delivered,Automotive
2025,444,Ware House B,2026-05-15,2026-05-25,17,3626,In Transit,Pharma
2026,84,Ware House B,2026-05-18,2026-05-20,57,4943,In Transit,FMCG
2027,460,Ware House B,2026-05-14,2026-05-22,65,7841,Delivered,Industrial
2028,472,Ware House B,2026-05-09,2026-05-13,39,2657,In Transit,Electronics
2029,361,Ware House D,2026-05-29,2026-06-01,51,2316,Cancelled,Electronics
2030,375,Ware House D,2026-05-25,2026-06-02,58,4606,Cancelled,Industrial
2031,390,Ware House D,2026-05-11,2026-05-14,90,7278,In Transit,Electronics
2032,186,Ware House D,2026-05-16,2026-05-17,81,4062,Delivered,Electronics
2033,296,Ware House E,2026-05-09,2026-05-11,71,4554,Delayed,Electronics
2034,11,Ware House D,2026-05-23,2026-05-29,75,3105,Cancelled,Electronics
2035,169,Ware House E,2026-05-15,2026-05-22,52,2290,Delivered,FMCG
2036,205,Ware House A,2026-05-07,2026-05-09,12,6392,Delivered,FMCG
2037,170,Ware House B,2026-05-29,2026-06-07,80,1252,Delayed,FMCG
2038,33,Ware House B,2026-05-29,2026-06-08,91,5092,Delivered,Industrial
2039,319,Ware House C,2026-05-28,2026-05-29,3,3346,Delayed,Pharma
2040,42,Ware House C,2026-05-16,2026-05-21,86,3859,In Transit,Industrial
2041,207,Ware House A,2026-05-31,2026-06-02,1,3767,Delivered,Automotive
2042,71,Ware House A,2026-05-24,2026-06-01,90,7763,In Transit,FMCG
2043,328,Ware House B,2026-05-31,2026-06-08,31,1264,Cancelled,Pharma
2044,313,Ware House D,2026-05-22,2026-05-28,12,4261,In Transit,Industrial
2045,413,Ware House E,2026-05-11,2026-05-16,9,1246,In Transit,Electronics
2046,136,Ware House B,2026-05-26,2026-06-03,30,7044,Delayed,Industrial
2047,67,Ware House E,2026-05-28,2026-06-03,46,6363,In Transit,Automotive
2048,109,Ware House D,2026-05-08,2026-05-17,8,2533,Cancelled,Automotive
2049,58,Ware House A,2026-05-16,2026-05-26,21,9098,Cancelled,Pharma
2050,49,Ware House E,2026-05-15,2026-05-25,3,7537,In Transit,FMCG
2051,178,Ware House E,2026-06-02,2026-06-09,35,8308,Delivered,Electronics
2052,166,Ware House C,2026-06-02,2026-06-12,60,5780,In Transit,Automotive
2053,9,Ware House C,2026-06-01,2026-06-06,86,5161,Delayed,Electronics
2054,212,Ware House C,2026-05-23,2026-06-02,10,8231,Delivered,Industrial
2055,45,Ware House E,2026-05-29,2026-06-07,66,3385,In Transit,Industrial
2056,382,Ware House A,2026-05-12,2026-05-21,63,1568,Cancelled,Automotive
2057,224,Ware House E,2026-05-30,2026-06-01,20,7254,Cancelled,Electronics
2058,232,Ware House C,2026-05-08,2026-05-16,90,993,Delivered,FMCG
2059,375,Ware House D,2026-05-07,2026-05-12,72,7983,In Transit,Industrial
2060,135,Ware House A,2026-05-17,2026-05-27,65,7210,Delivered,Pharma
2061,283,Ware House D,2026-05-17,2026-05-25,71,4823,Delayed,Automotive
2062,250,Ware House C,2026-05-20,2026-05-24,47,4159,Delivered,Automotive
2063,73,Ware House B,2026-05-23,2026-06-01,19,7554,Delayed,FMCG
2064,404,Ware House D,2026-05-17,2026-05-20,53,2615,Delivered,Electronics
2065,92,Ware House E,2026-05-18,2026-05-20,38,1268,In Transit,Industrial
2066,127,Ware House E,2026-06-01,2026-06-02,46,7971,Cancelled,Pharma
2067,465,Ware House B,2026-05-15,2026-05-22,81,3958,Cancelled,Pharma
2068,115,Ware House D,2026-05-15,2026-05-18,83,8009,Cancelled,FMCG
2069,166,Ware House B,2026-05-13,2026-05-18,73,8577,Cancelled,Automotive
2070,18,Ware House C,2026-05-13,2026-05-18,38,3599,In Transit,Automotive
2071,433,Ware House A,2026-05-10,2026-05-20,47,6620,Delayed,Electronics
2072,197,Ware House B,2026-05-26,2026-05-28,75,5192,Delivered,FMCG
2073,248,Ware House E,2026-05-12,2026-05-13,5,3935,In Transit,FMCG
2074,213,Ware House E,2026-05-26,2026-06-03,46,5768,Cancelled,FMCG
2075,178,Ware House C,2026-05-16,2026-05-24,95,5400,In Transit,FMCG
2076,117,Ware House C,2026-05-18,2026-05-20,92,6762,In Transit,FMCG
2077,433,Ware House D,2026-06-01,2026-06-02,82,3866,Delayed,Automotive
2078,23,Ware House D,2026-05-18,2026-05-22,61,5983,Delayed,Electronics
2079,24,Ware House A,2026-06-04,2026-06-07,12,421,Delivered,Industrial
2080,4,Ware House C,2026-05-18,2026-05-21,59,3393,Cancelled,FMCG
2081,304,Ware House B,2026-05-29,2026-06-03,55,3215,Cancelled,FMCG
2082,423,Ware House B,2026-05-15,2026-05-18,39,1225,Delivered,FMCG
2083,330,Ware House B,2026-05-26,2026-05-28,78,6624,In Transit,Automotive
2084,14,Ware House D,2026-05-28,2026-06-06,51,9173,In Transit,Industrial
2085,69,Ware House C,2026-05-06,2026-05-15,97,3292,Cancelled,Industrial
2086,34,Ware House D,2026-05-14,2026-05-16,55,8589,Delivered,Industrial
2087,417,Ware House B,2026-05-24,2026-06-01,73,829,Cancelled,Electronics
2088,30,Ware House E,2026-05-10,2026-05-14,65,9791,Delivered,Pharma
2089,43,Ware House C,2026-05-08,2026-05-12,33,1721,Delivered,Electronics
2090,357,Ware House A,2026-05-29,2026-06-01,24,7623,Cancelled,Industrial
2091,331,Ware House C,2026-05-08,2026-05-17,38,732,In Transit,Industrial
2092,6,Ware House C,2026-06-02,2026-06-10,88,3741,Delayed,Automotive
2093,61,Ware House D,2026-05-26,2026-05-28,36,3940,In Transit,Automotive
2094,192,Ware House E,2026-05-13,2026-05-14,41,8249,Delivered,Industrial
2095,101,Ware House E,2026-05-15,2026-05-20,61,6934,In Transit,Industrial
2096,266,Ware House B,2026-05-18,2026-05-21,6,2379,Cancelled,Pharma
2097,161,Ware House D,2026-05-26,2026-06-05,16,4803,In Transit,Industrial
2098,123,Ware House C,2026-05-10,2026-05-19,32,2494,Cancelled,FMCG
2099,43,Ware House E,2026-05-31,2026-06-04,91,9556,In Transit,Electronics
2100,479,Ware House D,2026-05-19,2026-05-26,84,2089,Cancelled,Electronics
2101,68,Ware House D,2026-05-16,2026-05-24,17,9705,In Transit,FMCG
2102,480,Ware House B,2026-05-30,2026-06-08,66,4004,In Transit,FMCG
2103,394,Ware House B,2026-05-16,2026-05-26,76,935,Cancelled,Electronics
2104,164,Ware House C,2026-05-23,2026-05-29,84,4045,In Transit,Industrial
2105,40,Ware House C,2026-05-06,2026-05-16,54,1321,Delayed,Pharma
2106,146,Ware House C,2026-05-12,2026-05-17,19,2938,In Transit,Industrial
2107,245,Ware House B,2026-05-06,2026-05-08,74,512,Delivered,Automotive
2108,494,Ware House D,2026-05-10,2026-05-19,37,9984,In Transit,Industrial
2109,77,Ware House A,2026-05-25,2026-05-29,5,7633,In Transit,Electronics
2110,9,Ware House D,2026-05-09,2026-05-16,6,5986,In Transit,Industrial
2111,400,Ware House C,2026-05-28,2026-05-29,70,5839,Delayed,Electronics
2112,309,Ware House B,2026-05-24,2026-05-30,43,5606,Delivered,Electronics
2113,240,Ware House B,2026-05-19,2026-05-23,7,3578,Delivered,Automotive
2114,447,Ware House E,2026-06-01,2026-06-10,75,2095,Delivered,Automotive
2115,333,Ware House D,2026-05-13,2026-05-22,21,2220,Cancelled,Industrial
2116,263,Ware House E,2026-05-11,2026-05-14,29,1120,Delivered,Automotive
2117,461,Ware House D,2026-05-25,2026-06-03,41,8660,Cancelled,Automotive
2118,97,Ware House A,2026-05-07,2026-05-12,48,1728,In Transit,FMCG
2119,12,Ware House A,2026-05-28,2026-06-03,60,3202,Delivered,FMCG
2120,26,Ware House D,2026-06-04,2026-06-11,8,8616,Delayed,Automotive
2121,254,Ware House E,2026-05-10,2026-05-19,33,7309,Cancelled,Pharma
2122,195,Ware House B,2026-05-25,2026-05-26,68,5988,Delayed,Automotive
2123,309,Ware House D,2026-05-18,2026-05-21,59,5003,Delivered,Electronics
2124,7,Ware House E,2026-06-04,2026-06-12,95,6367,Cancelled,Automotive
2125,173,Ware House B,2026-05-25,2026-06-04,61,4603,Delivered,Industrial
2126,114,Ware House D,2026-05-20,2026-05-24,11,7156,Cancelled,Industrial
2127,214,Ware House E,2026-05-13,2026-05-23,29,6505,Delayed,FMCG
2128,257,Ware House A,2026-05-06,2026-05-08,76,209,Delayed,FMCG
2129,327,Ware House A,2026-05-14,2026-05-18,98,1539,In Transit,Electronics
2130,228,Ware House B,2026-05-11,2026-05-14,81,5053,Cancelled,Automotive
2131,382,Ware House A,2026-05-07,2026-05-17,69,8433,Cancelled,Automotive
2132,280,Ware House A,2026-05-17,2026-05-25,43,8516,In Transit,Industrial
2133,40,Ware House E,2026-05-23,2026-05-26,83,7795,Delivered,Electronics
2134,372,Ware House C,2026-05-30,2026-06-04,47,2570,In Transit,Electronics
2135,101,Ware House B,2026-05-31,2026-06-06,11,8172,Delayed,FMCG
2136,260,Ware House A,2026-05-14,2026-05-19,90,5552,In Transit,Automotive
2137,423,Ware House D,2026-05-11,2026-05-13,40,2655,Cancelled,Industrial
2138,136,Ware House C,2026-05-20,2026-05-27,42,1206,Delivered,Automotive
2139,486,Ware House B,2026-05-30,2026-06-03,87,3778,Cancelled,Industrial
2140,162,Ware House B,2026-05-13,2026-05-19,71,618,In Transit,Pharma
2141,234,Ware House D,2026-06-03,2026-06-09,44,2510,In Transit,Electronics
2142,220,Ware House D,2026-05-15,2026-05-22,100,6470,In Transit,Electronics
2143,395,Ware House D,2026-05-22,2026-05-30,79,2591,Delivered,FMCG
2144,60,Ware House B,2026-05-20,2026-05-24,79,7939,Cancelled,FMCG
2145,67,Ware House A,2026-05-10,2026-05-15,75,7347,Cancelled,Industrial
2146,47,Ware House E,2026-05-12,2026-05-16,69,7231,Delivered,Automotive
2147,268,Ware House E,2026-05-11,2026-05-19,59,6947,In Transit,Automotive
2148,57,Ware House A,2026-05-23,2026-05-25,9,6276,In Transit,Industrial
2149,262,Ware House B,2026-05-29,2026-06-08,3,3816,Cancelled,Industrial
2150,341,Ware House A,2026-05-10,2026-05-17,26,3640,Cancelled,Industrial
2151,352,Ware House A,2026-05-25,2026-05-28,28,7049,Delivered,FMCG
2152,174,Ware House D,2026-05-19,2026-05-28,78,1902,Cancelled,Industrial
2153,292,Ware House E,2026-05-24,2026-05-28,20,1518,Delayed,Industrial
2154,102,Ware House D,2026-06-04,2026-06-05,17,880,Delayed,FMCG
2155,180,Ware House B,2026-06-04,2026-06-09,60,2447,Delayed,Automotive
2156,314,Ware House A,2026-05-24,2026-05-31,8,4022,Delayed,Electronics
2157,322,Ware House B,2026-05-23,2026-05-28,49,5775,Cancelled,FMCG
2158,274,Ware House A,2026-05-17,2026-05-19,4,9624,Delayed,Automotive
2159,132,Ware House C,2026-05-24,2026-05-25,93,4054,In Transit,FMCG
2160,305,Ware House E,2026-05-30,2026-06-09,11,813,Delivered,FMCG
2161,130,Ware House A,2026-05-10,2026-05-18,68,1892,Cancelled,Electronics
2162,412,Ware House B,2026-05-15,2026-05-17,84,1474,Delivered,Electronics
2163,125,Ware House D,2026-05-08,2026-05-16,80,1942,In Transit,Electronics
2164,228,Ware House B,2026-05-23,2026-05-25,15,8683,In Transit,Automotive
2165,453,Ware House C,2026-05-15,2026-05-23,16,663,Cancelled,Industrial
2166,309,Ware House B,2026-05-20,2026-05-25,67,6738,Delayed,Automotive
2167,14,Ware House E,2026-05-08,2026-05-13,79,4287,In Transit,Industrial
2168,265,Ware House E,2026-06-02,2026-06-11,19,6697,In Transit,Automotive
2169,20,Ware House B,2026-05-27,2026-06-06,2,9556,Delivered,Electronics
2170,88,Ware House E,2026-05-31,2026-06-02,92,6740,In Transit,FMCG
2171,316,Ware House E,2026-05-31,2026-06-07,78,2905,In Transit,Electronics
2172,45,Ware House C,2026-05-12,2026-05-21,6,5385,Cancelled,Electronics
2173,61,Ware House D,2026-05-24,2026-05-25,13,6346,Cancelled,Automotive
2174,380,Ware House E,2026-05-12,2026-05-15,5,9323,Delayed,Electronics
2175,195,Ware House C,2026-06-03,2026-06-09,14,3564,In Transit,Pharma
2176,42,Ware House A,2026-06-01,2026-06-05,12,6587,Cancelled,FMCG
2177,495,Ware House A,2026-05-12,2026-05-21,16,1992,In Transit,Automotive
2178,117,Ware House C,2026-05-29,2026-06-06,55,9207,In Transit,Electronics
2179,285,Ware House E,2026-05-26,2026-05-30,83,2862,Cancelled,Industrial
2180,302,Ware House D,2026-06-03,2026-06-11,91,4946,Delivered,Automotive
2181,385,Ware House E,2026-05-30,2026-06-03,68,8612,Delivered,Industrial
2182,388,Ware House B,2026-05-27,2026-06-03,94,3583,Delayed,Pharma
2183,480,Ware House E,2026-06-03,2026-06-11,24,8189,Delivered,Electronics
2184,464,Ware House C,2026-05-14,2026-05-20,100,923,In Transit,Automotive
2185,386,Ware House B,2026-05-25,2026-05-29,94,9814,Cancelled,Pharma
2186,55,Ware House A,2026-05-12,2026-05-14,17,2291,Delivered,Industrial
2187,494,Ware House E,2026-05-21,2026-05-29,73,6934,Cancelled,FMCG
2188,47,Ware House D,2026-05-18,2026-05-21,31,8241,Delivered,FMCG
2189,393,Ware House D,2026-05-17,2026-05-26,52,7705,Delivered,Automotive
2190,135,Ware House B,2026-05-25,2026-05-27,55,5975,Delayed,Industrial
2191,67,Ware House D,2026-05-26,2026-05-31,76,8644,Cancelled,Automotive
2192,312,Ware House D,2026-05-27,2026-06-03,80,2985,Delayed,Automotive
2193,157,Ware House B,2026-05-29,2026-05-30,29,300,Delivered,Electronics
2194,130,Ware House E,2026-05-13,2026-05-21,87,1484,Delivered,Electronics
2195,369,Ware House A,2026-05-24,2026-05-30,97,4568,Delayed,Industrial
2196,367,Ware House A,2026-05-22,2026-05-26,8,7817,Delayed,Electronics
2197,163,Ware House C,2026-05-11,2026-05-21,64,6475,In Transit,Automotive
2198,184,Ware House C,2026-05-31,2026-06-07,40,1640,In Transit,Industrial
2199,121,Ware House E,2026-05-10,2026-05-19,79,9882,Delayed,Industrial
2200,340,Ware House B,2026-05-29,2026-06-06,32,9923,Delivered,Automotive
2201,33,Ware House D,2026-05-15,2026-05-21,15,913,Delayed,Electronics
2202,249,Ware House C,2026-05-23,2026-05-30,63,770,Cancelled,Electronics
2203,427,Ware House D,2026-06-01,2026-06-02,70,6209,Cancelled,Electronics
2204,242,Ware House A,2026-05-23,2026-05-28,6,397,In Transit,Automotive
2205,410,Ware House A,2026-05-31,2026-06-02,10,9378,Delivered,FMCG
2206,42,Ware House D,2026-05-18,2026-05-27,34,1273,Delivered,Electronics
2207,8,Ware House D,2026-05-19,2026-05-21,58,9575,Cancelled,Automotive
2208,296,Ware House A,2026-05-20,2026-05-28,99,9852,In Transit,Pharma
2209,370,Ware House B,2026-05-25,2026-05-29,15,4363,Cancelled,Automotive
2210,34,Ware House E,2026-05-08,2026-05-17,99,9432,In Transit,Automotive
2211,389,Ware House B,2026-05-29,2026-06-07,26,2263,Cancelled,FMCG
2212,435,Ware House C,2026-06-02,2026-06-06,31,5828,Delivered,Automotive
2213,469,Ware House C,2026-05-11,2026-05-13,58,3859,Delayed,Industrial
2214,177,Ware House E,2026-05-30,2026-05-31,57,4560,Cancelled,Industrial
2215,282,Ware House D,2026-05-08,2026-05-18,93,4958,In Transit,Pharma
2216,40,Ware House B,2026-05-29,2026-06-02,67,2439,Delayed,FMCG
2217,309,Ware House C,2026-05-31,2026-06-02,57,4160,Delivered,Electronics
2218,156,Ware House C,2026-05-19,2026-05-26,56,2596,Delivered,FMCG
2219,174,Ware House B,2026-05-18,2026-05-28,14,778,Delayed,FMCG
2220,208,Ware House A,2026-05-31,2026-06-02,37,8693,Delivered,Electronics
2221,442,Ware House D,2026-05-31,2026-06-03,14,3024,Delayed,Pharma
2222,303,Ware House C,2026-05-27,2026-06-01,55,522,In Transit,Electronics
2223,458,Ware House E,2026-05-06,2026-05-12,69,7519,Cancelled,FMCG
2224,431,Ware House A,2026-05-10,2026-05-12,52,5253,Delayed,FMCG
2225,247,Ware House D,2026-06-01,2026-06-10,77,2057,Delivered,Electronics
2226,192,Ware House D,2026-05-11,2026-05-14,83,1642,Cancelled,Automotive
2227,337,Ware House A,2026-05-25,2026-05-31,76,9981,Cancelled,FMCG
2228,358,Ware House C,2026-05-07,2026-05-16,57,6396,Cancelled,Automotive
2229,491,Ware House E,2026-05-11,2026-05-16,37,7521,Delayed,FMCG
2230,251,Ware House B,2026-05-25,2026-05-28,69,7833,Delayed,FMCG
2231,43,Ware House A,2026-05-07,2026-05-11,47,7476,Delayed,Industrial
2232,121,Ware House C,2026-06-04,2026-06-07,76,4170,Delayed,Electronics
2233,434,Ware House E,2026-05-29,2026-06-01,32,4788,In Transit,Automotive
2234,453,Ware House E,2026-06-01,2026-06-04,64,1009,In Transit,Electronics
2235,290,Ware House D,2026-05-11,2026-05-14,27,3798,Delivered,Electronics
2236,410,Ware House B,2026-05-06,2026-05-10,42,2783,Cancelled,Pharma
2237,10,Ware House E,2026-05-19,2026-05-26,4,6747,Delivered,Electronics
2238,254,Ware House B,2026-05-06,2026-05-15,50,4421,Delayed,Industrial
2239,54,Ware House B,2026-05-25,2026-05-26,94,225,Cancelled,Pharma
2240,479,Ware House C,2026-05-07,2026-05-14,67,5267,Cancelled,FMCG
2241,196,Ware House B,2026-05-24,2026-06-03,82,6857,Delayed,FMCG
2242,93,Ware House D,2026-05-22,2026-05-29,36,7941,Delivered,Pharma
2243,349,Ware House E,2026-05-24,2026-05-27,70,2935,Delayed,Automotive
2244,10,Ware House E,2026-05-09,2026-05-18,87,6149,In Transit,Industrial
2245,13,Ware House D,2026-05-15,2026-05-25,56,6157,Delayed,FMCG
2246,249,Ware House B,2026-06-04,2026-06-12,54,9272,In Transit,Pharma
2247,59,Ware House C,2026-05-26,2026-06-05,73,114,Delayed,Industrial
2248,347,Ware House E,2026-05-30,2026-06-03,78,751,Cancelled,Pharma
2249,389,Ware House C,2026-05-08,2026-05-13,5,6959,Delayed,Automotive
2250,287,Ware House E,2026-05-25,2026-06-01,35,8411,Delivered,Electronics
2251,335,Ware House E,2026-05-30,2026-06-09,8,5021,Cancelled,Automotive
2252,69,Ware House B,2026-05-10,2026-05-15,96,8989,Delivered,Pharma
2253,449,Ware House B,2026-05-18,2026-05-28,8,5329,Delivered,FMCG
2254,425,Ware House C,2026-05-06,2026-05-12,60,2861,Cancelled,Pharma
2255,111,Ware House B,2026-05-19,2026-05-26,67,6979,Delivered,Pharma
2256,395,Ware House A,2026-05-22,2026-05-28,61,1303,Delivered,Industrial
2257,471,Ware House C,2026-05-30,2026-06-04,70,4571,Delivered,Automotive
2258,366,Ware House B,2026-05-30,2026-06-06,12,6782,In Transit,Pharma
2259,300,Ware House C,2026-05-15,2026-05-20,46,8612,In Transit,Pharma
2260,235,Ware House D,2026-05-18,2026-05-28,88,131,Delivered,Industrial
2261,429,Ware House C,2026-05-23,2026-05-24,94,327,Delayed,Automotive
2262,407,Ware House E,2026-05-24,2026-05-30,98,3968,Delayed,Pharma
2263,187,Ware House B,2026-05-18,2026-05-22,88,6166,Delivered,Industrial
2264,41,Ware House B,2026-05-14,2026-05-20,6,7199,Delayed,FMCG
2265,356,Ware House A,2026-05-16,2026-05-25,94,6162,Delivered,Pharma
2266,44,Ware House A,2026-05-08,2026-05-14,18,7353,Delivered,Automotive
2267,95,Ware House B,2026-06-04,2026-06-11,98,9247,Delivered,Pharma
2268,222,Ware House D,2026-05-28,2026-05-31,77,5716,Cancelled,Automotive
2269,118,Ware House D,2026-05-09,2026-05-13,77,6925,Cancelled,FMCG
2270,411,Ware House C,2026-05-20,2026-05-28,42,3539,Delayed,Pharma
2271,174,Ware House E,2026-05-25,2026-05-28,71,7759,Delivered,Electronics
2272,31,Ware House C,2026-05-23,2026-05-24,97,6142,In Transit,Pharma
2273,195,Ware House E,2026-05-09,2026-05-14,48,4075,Delayed,FMCG
2274,474,Ware House A,2026-05-12,2026-05-19,35,1409,Delayed,Pharma
2275,442,Ware House A,2026-05-31,2026-06-10,32,8494,Delivered,Automotive
2276,83,Ware House B,2026-05-10,2026-05-12,99,5702,Cancelled,Industrial
2277,33,Ware House B,2026-05-27,2026-06-04,100,2653,Cancelled,Electronics
2278,315,Ware House B,2026-05-16,2026-05-21,95,4600,Delayed,Automotive
2279,198,Ware House B,2026-05-18,2026-05-24,73,2773,Cancelled,FMCG
2280,83,Ware House D,2026-05-17,2026-05-19,5,7462,Cancelled,Automotive
2281,338,Ware House E,2026-05-06,2026-05-16,11,2303,Delivered,Electronics
2282,250,Ware House A,2026-06-01,2026-06-02,31,7795,Delivered,Electronics
2283,301,Ware House D,2026-05-29,2026-06-01,93,1545,Delayed,Automotive
2284,375,Ware House D,2026-06-03,2026-06-12,79,9083,Cancelled,Pharma
2285,405,Ware House E,2026-06-01,2026-06-06,93,5913,Delayed,FMCG
2286,468,Ware House C,2026-05-24,2026-05-30,53,1426,In Transit,Industrial
2287,143,Ware House B,2026-05-18,2026-05-24,44,661,Cancelled,Automotive
2288,46,Ware House C,2026-05-21,2026-05-28,84,9339,Delivered,Pharma
2289,243,Ware House C,2026-05-06,2026-05-13,17,7474,Delivered,Pharma
2290,222,Ware House C,2026-06-03,2026-06-07,34,2650,Delayed,Industrial
2291,72,Ware House D,2026-05-09,2026-05-17,83,424,Cancelled,Pharma
2292,177,Ware House E,2026-05-24,2026-05-26,44,4397,Cancelled,Electronics
2293,477,Ware House D,2026-05-25,2026-05-31,94,2272,Delayed,Pharma
2294,286,Ware House D,2026-05-10,2026-05-14,23,8736,Delayed,Automotive
2295,94,Ware House C,2026-05-21,2026-05-30,1,455,Delayed,Pharma
2296,117,Ware House E,2026-05-23,2026-05-27,3,9817,In Transit,FMCG
2297,419,Ware House B,2026-05-28,2026-06-06,14,6352,Delivered,Pharma
2298,258,Ware House C,2026-05-18,2026-05-20,94,5141,In Transit,Automotive
2299,344,Ware House A,2026-05-29,2026-06-03,69,9847,Cancelled,Industrial
2300,328,Ware House C,2026-05-13,2026-05-16,80,8317,Delayed,Automotive
2301,464,Ware House E,2026-05-20,2026-05-22,21,8668,In Transit,Pharma
2302,420,Ware House A,2026-05-15,2026-05-18,88,2642,Delayed,FMCG
2303,481,Ware House C,2026-05-14,2026-05-17,36,6038,Delayed,Pharma
2304,293,Ware House B,2026-05-23,2026-06-02,88,3216,In Transit,Electronics
2305,340,Ware House D,2026-06-04,2026-06-08,94,8748,In Transit,FMCG
2306,164,Ware House D,2026-05-22,2026-05-28,21,5189,Delayed,FMCG
2307,373,Ware House E,2026-05-14,2026-05-16,58,2613,Cancelled,Pharma
2308,209,Ware House C,2026-06-02,2026-06-06,69,1310,Cancelled,Automotive
2309,66,Ware House A,2026-06-04,2026-06-14,59,7361,Delivered,FMCG
2310,213,Ware House C,2026-06-04,2026-06-14,96,802,In Transit,Automotive
2311,376,Ware House B,2026-05-28,2026-06-04,21,2325,Delayed,Automotive
2312,398,Ware House A,2026-05-11,2026-05-14,39,1403,In Transit,Pharma
2313,68,Ware House D,2026-05-06,2026-05-15,31,2676,Delivered,Pharma
2314,89,Ware House C,2026-05-07,2026-05-15,69,3722,In Transit,Pharma
2315,140,Ware House A,2026-05-11,2026-05-18,27,9867,Delivered,Electronics
2316,82,Ware House A,2026-05-11,2026-05-16,85,6641,In Transit,Industrial
2317,202,Ware House D,2026-05-26,2026-05-27,100,5404,Cancelled,Automotive
2318,470,Ware House D,2026-05-14,2026-05-23,43,6345,In Transit,Electronics
2319,98,Ware House D,2026-05-12,2026-05-20,17,1903,Delayed,Pharma
2320,276,Ware House E,2026-05-19,2026-05-27,87,1292,In Transit,Pharma
2321,449,Ware House A,2026-05-21,2026-05-31,7,9441,Cancelled,Pharma
2322,64,Ware House B,2026-06-02,2026-06-10,17,1990,In Transit,Pharma
2323,90,Ware House B,2026-05-11,2026-05-15,27,202,Delivered,Industrial
2324,412,Ware House A,2026-06-04,2026-06-11,12,1838,Delayed,Pharma
2325,417,Ware House E,2026-05-25,2026-05-26,64,3517,In Transit,Pharma
2326,284,Ware House B,2026-05-13,2026-05-22,99,1069,Delivered,Automotive
2327,379,Ware House A,2026-06-03,2026-06-13,1,8256,Delivered,Pharma
2328,217,Ware House D,2026-06-04,2026-06-09,72,8846,Delivered,Automotive
2329,49,Ware House E,2026-05-28,2026-06-06,4,3072,Delivered,Industrial
2330,36,Ware House B,2026-05-26,2026-06-05,9,6109,In Transit,Electronics
2331,160,Ware House B,2026-05-12,2026-05-20,85,1204,Delayed,FMCG
2332,135,Ware House C,2026-05-29,2026-06-01,19,840,In Transit,Electronics
2333,471,Ware House B,2026-05-31,2026-06-05,83,8134,In Transit,Automotive
2334,134,Ware House A,2026-05-13,2026-05-19,75,8591,Cancelled,Industrial
2335,498,Ware House E,2026-05-27,2026-06-04,41,9527,Cancelled,Electronics
2336,349,Ware House E,2026-06-02,2026-06-05,68,4601,In Transit,Industrial
2337,160,Ware House D,2026-05-15,2026-05-22,61,9179,Cancelled,Industrial
2338,353,Ware House E,2026-05-29,2026-05-30,16,7583,Cancelled,Automotive
2339,21,Ware House C,2026-05-31,2026-06-10,79,351,Delivered,Pharma
2340,90,Ware House B,2026-06-04,2026-06-14,70,3411,Delayed,Pharma
2341,205,Ware House A,2026-06-01,2026-06-11,37,4796,Cancelled,Electronics
2342,219,Ware House E,2026-05-13,2026-05-21,46,6970,Delayed,Industrial
2343,224,Ware House C,2026-05-06,2026-05-07,86,951,Delayed,FMCG
2344,308,Ware House C,2026-05-15,2026-05-19,43,9674,Delivered,Electronics
2345,18,Ware House E,2026-05-20,2026-05-26,71,3780,Delayed,Automotive
2346,416,Ware House A,2026-05-06,2026-05-15,78,2230,Cancelled,Industrial
2347,148,Ware House E,2026-05-25,2026-05-28,33,1908,Delayed,FMCG
2348,458,Ware House A,2026-05-21,2026-05-26,46,181,Delayed,Electronics
2349,20,Ware House B,2026-05-18,2026-05-21,3,4809,Delayed,Electronics
2350,395,Ware House E,2026-06-04,2026-06-07,21,8690,Cancelled,Industrial
2351,62,Ware House C,2026-06-02,2026-06-08,44,5671,In Transit,Pharma
2352,264,Ware House B,2026-05-09,2026-05-17,71,3886,Delivered,Automotive
2353,351,Ware House B,2026-05-13,2026-05-14,58,817,Delivered,Pharma
2354,27,Ware House A,2026-06-01,2026-06-03,18,5378,Delivered,Industrial
2355,174,Ware House B,2026-06-03,2026-06-05,33,8920,Delivered,Pharma
2356,499,Ware House E,2026-05-27,2026-05-29,10,4297,Delayed,Electronics
2357,187,Ware House D,2026-05-22,2026-06-01,39,1856,Delivered,Pharma
2358,469,Ware House C,2026-05-26,2026-05-29,60,1339,Delivered,Electronics
2359,193,Ware House E,2026-05-26,2026-05-27,36,7141,Delayed,FMCG
2360,371,Ware House D,2026-05-09,2026-05-17,58,7423,Delivered,FMCG
2361,21,Ware House E,2026-05-22,2026-05-28,4,1383,In Transit,FMCG
2362,480,Ware House E,2026-06-04,2026-06-14,84,5788,In Transit,Industrial
2363,77,Ware House E,2026-06-01,2026-06-04,21,6505,Delayed,FMCG
2364,217,Ware House C,2026-05-10,2026-05-12,27,4814,Delivered,Electronics
2365,109,Ware House A,2026-06-03,2026-06-06,89,3343,In Transit,Pharma
2366,93,Ware House E,2026-05-06,2026-05-09,12,3074,Delivered,Automotive
2367,466,Ware House B,2026-05-24,2026-05-31,98,2078,Delayed,Pharma
2368,305,Ware House A,2026-05-23,2026-05-24,15,3456,Delayed,Pharma
2369,381,Ware House D,2026-05-09,2026-05-18,33,7967,In Transit,FMCG
2370,414,Ware House B,2026-05-10,2026-05-19,13,9452,Delivered,FMCG
2371,426,Ware House D,2026-05-18,2026-05-27,13,2887,In Transit,FMCG
2372,45,Ware House B,2026-05-31,2026-06-07,48,2874,In Transit,FMCG
2373,119,Ware House A,2026-05-16,2026-05-20,9,6573,Delivered,Automotive
2374,207,Ware House E,2026-05-14,2026-05-17,13,3502,Delivered,FMCG
2375,202,Ware House C,2026-05-26,2026-05-31,16,5343,In Transit,Industrial
2376,365,Ware House B,2026-05-19,2026-05-20,55,7815,Delivered,FMCG
2377,368,Ware House B,2026-05-08,2026-05-10,79,8447,Cancelled,Electronics
2378,300,Ware House D,2026-05-23,2026-05-28,77,7424,In Transit,Automotive
2379,252,Ware House C,2026-05-07,2026-05-11,82,8374,Delayed,Industrial
2380,383,Ware House E,2026-05-31,2026-06-08,49,8730,Delivered,Electronics
2381,314,Ware House C,2026-05-14,2026-05-18,16,4200,In Transit,FMCG
2382,283,Ware House C,2026-06-04,2026-06-13,34,9240,Delivered,Automotive
2383,212,Ware House A,2026-06-01,2026-06-11,83,1918,Delayed,Electronics
2384,177,Ware House A,2026-05-19,2026-05-24,75,6443,Delayed,FMCG
2385,385,Ware House A,2026-05-15,2026-05-18,49,7225,Delayed,Industrial
2386,163,Ware House B,2026-05-31,2026-06-07,94,8970,Delivered,Industrial
2387,188,Ware House A,2026-05-26,2026-05-30,47,4367,In Transit,Pharma
2388,298,Ware House B,2026-05-09,2026-05-15,16,3567,In Transit,FMCG
2389,376,Ware House A,2026-05-08,2026-05-17,36,8786,Delivered,Pharma
2390,42,Ware House C,2026-05-14,2026-05-21,20,9959,Delayed,Pharma
2391,446,Ware House C,2026-05-10,2026-05-20,73,9643,Delayed,Industrial
2392,345,Ware House C,2026-05-14,2026-05-15,18,4558,In Transit,FMCG
2393,72,Ware House B,2026-06-04,2026-06-07,51,2150,Delivered,Pharma
2394,417,Ware House D,2026-05-29,2026-06-02,37,8727,Cancelled,Automotive
2395,488,Ware House C,2026-05-14,2026-05-22,13,7855,Delivered,Electronics
2396,44,Ware House B,2026-05-08,2026-05-15,16,2814,Delayed,Electronics
2397,61,Ware House C,2026-05-24,2026-05-28,74,7749,Delayed,FMCG
2398,71,Ware House A,2026-05-15,2026-05-19,44,1563,In Transit,Pharma
2399,207,Ware House C,2026-05-09,2026-05-12,30,965,Cancelled,Industrial
2400,323,Ware House D,2026-05-13,2026-05-21,91,9749,Delivered,Electronics
2401,434,Ware House C,2026-05-26,2026-06-04,57,7741,In Transit,Pharma
2402,260,Ware House B,2026-05-11,2026-05-14,22,3979,Delivered,FMCG
2403,102,Ware House D,2026-05-07,2026-05-14,33,9844,Delayed,Electronics
2404,275,Ware House A,2026-05-07,2026-05-17,43,9064,Cancelled,Automotive
2405,5,Ware House E,2026-05-31,2026-06-08,24,6284,In Transit,Automotive
2406,265,Ware House A,2026-05-22,2026-05-31,20,9816,Cancelled,Industrial
2407,332,Ware House D,2026-05-27,2026-05-28,6,8358,In Transit,Electronics
2408,411,Ware House D,2026-05-18,2026-05-21,18,5326,Cancelled,Electronics
2409,351,Ware House C,2026-06-03,2026-06-08,19,8197,Delivered,Automotive
2410,292,Ware House D,2026-05-14,2026-05-19,28,5102,Cancelled,Electronics
2411,395,Ware House C,2026-05-28,2026-06-03,92,4765,Delayed,Automotive
2412,195,Ware House D,2026-05-31,2026-06-10,9,9476,In Transit,Pharma
2413,218,Ware House E,2026-05-29,2026-06-06,2,9146,In Transit,FMCG
2414,493,Ware House D,2026-05-19,2026-05-24,66,6889,Cancelled,Pharma
2415,257,Ware House E,2026-05-31,2026-06-10,25,161,Cancelled,Automotive
2416,481,Ware House E,2026-05-26,2026-06-02,97,707,Cancelled,FMCG
2417,72,Ware House C,2026-05-29,2026-06-03,17,9385,Delivered,Automotive
2418,259,Ware House C,2026-05-21,2026-05-24,11,2113,Delayed,Electronics
2419,445,Ware House A,2026-05-07,2026-05-17,92,3305,Delivered,Industrial
2420,379,Ware House E,2026-05-13,2026-05-23,44,954,Delivered,Industrial
2421,447,Ware House A,2026-06-03,2026-06-09,6,7541,In Transit,Automotive
2422,396,Ware House E,2026-05-17,2026-05-27,17,9204,In Transit,Electronics
2423,140,Ware House D,2026-05-19,2026-05-29,100,2746,Delivered,Pharma
2424,51,Ware House E,2026-05-13,2026-05-17,32,673,In Transit,Automotive
2425,137,Ware House A,2026-05-25,2026-05-29,7,5395,Delayed,Electronics
2426,405,Ware House A,2026-05-20,2026-05-30,24,1992,Cancelled,FMCG
2427,366,Ware House E,2026-05-22,2026-05-29,83,1883,In Transit,Electronics
2428,212,Ware House B,2026-05-06,2026-05-07,100,188,Delivered,Automotive
2429,369,Ware House B,2026-05-25,2026-05-30,69,1542,Delivered,Pharma
2430,477,Ware House D,2026-05-08,2026-05-11,66,1412,In Transit,Industrial
2431,121,Ware House C,2026-05-30,2026-06-01,42,5448,Cancelled,FMCG
2432,363,Ware House C,2026-05-10,2026-05-11,97,8796,Delivered,Automotive
2433,62,Ware House C,2026-06-04,2026-06-08,91,5847,Delayed,Automotive
2434,132,Ware House A,2026-05-06,2026-05-13,41,5281,Cancelled,Automotive
2435,189,Ware House E,2026-05-08,2026-05-18,44,2608,Delivered,FMCG
2436,232,Ware House A,2026-05-07,2026-05-11,83,5604,Delayed,FMCG
2437,188,Ware House D,2026-05-18,2026-05-20,23,165,Delivered,Pharma
2438,422,Ware House C,2026-05-31,2026-06-01,55,231,Delivered,FMCG
2439,256,Ware House D,2026-05-11,2026-05-16,57,2622,In Transit,Automotive
2440,58,Ware House D,2026-05-31,2026-06-01,63,330,Delayed,Automotive
2441,197,Ware House A,2026-05-10,2026-05-20,91,3681,Delayed,Industrial
2442,211,Ware House A,2026-05-19,2026-05-27,88,3720,Cancelled,Electronics
2443,9,Ware House D,2026-05-10,2026-05-17,72,2776,Delayed,Industrial
2444,455,Ware House B,2026-05-13,2026-05-15,26,7251,Delayed,FMCG
2445,455,Ware House B,2026-05-18,2026-05-21,66,7859,Delivered,FMCG
2446,234,Ware House D,2026-05-17,2026-05-22,55,9997,In Transit,Automotive
2447,221,Ware House E,2026-05-17,2026-05-18,23,3934,Delivered,FMCG
2448,379,Ware House E,2026-05-28,2026-06-01,68,6344,Delayed,Industrial
2449,157,Ware House B,2026-05-17,2026-05-25,94,2398,Delivered,Pharma
2450,475,Ware House C,2026-05-25,2026-06-02,83,1154,Cancelled,Pharma
2451,358,Ware House E,2026-05-16,2026-05-26,28,927,Delivered,Automotive
2452,281,Ware House E,2026-05-13,2026-05-20,39,4448,In Transit,Automotive
2453,74,Ware House B,2026-05-13,2026-05-15,1,4277,Cancelled,Electronics
2454,399,Ware House B,2026-05-11,2026-05-18,54,3611,Delayed,Industrial
2455,103,Ware House B,2026-05-29,2026-06-04,11,9814,Delayed,Pharma
2456,229,Ware House A,2026-05-21,2026-05-26,80,9204,Delayed,Industrial
2457,265,Ware House E,2026-05-11,2026-05-16,58,6612,In Transit,Industrial
2458,69,Ware House D,2026-05-27,2026-05-29,41,5528,Cancelled,Pharma
2459,89,Ware House E,2026-05-21,2026-05-28,49,9900,Cancelled,Industrial
2460,492,Ware House E,2026-06-01,2026-06-08,26,5210,In Transit,FMCG
2461,374,Ware House E,2026-05-29,2026-05-30,4,4886,Delivered,Pharma
2462,11,Ware House C,2026-06-04,2026-06-06,89,1649,Delayed,FMCG
2463,20,Ware House B,2026-05-28,2026-05-30,77,8807,Delayed,Pharma
2464,111,Ware House A,2026-05-07,2026-05-13,98,8862,Cancelled,Automotive
2465,416,Ware House B,2026-05-31,2026-06-09,6,9774,Delivered,Electronics
2466,244,Ware House A,2026-05-20,2026-05-26,54,4834,Delivered,Electronics
2467,138,Ware House A,2026-05-17,2026-05-20,97,3900,Delayed,Pharma
2468,435,Ware House B,2026-06-02,2026-06-04,57,5142,Cancelled,Electronics
2469,460,Ware House E,2026-05-22,2026-05-25,60,6764,Delivered,FMCG
2470,428,Ware House D,2026-05-28,2026-06-06,36,2355,Cancelled,Industrial
2471,122,Ware House B,2026-05-28,2026-05-31,37,3788,Delivered,Pharma
2472,60,Ware House B,2026-05-20,2026-05-21,28,8459,Cancelled,FMCG
2473,176,Ware House B,2026-05-16,2026-05-22,13,7531,In Transit,Electronics
2474,481,Ware House B,2026-05-20,2026-05-29,51,4862,Cancelled,Industrial
2475,304,Ware House D,2026-05-16,2026-05-19,36,9000,Delayed,Automotive
2476,179,Ware House B,2026-05-25,2026-05-26,73,1464,Delayed,Automotive
2477,306,Ware House C,2026-05-06,2026-05-15,82,6597,Delayed,Industrial
2478,417,Ware House C,2026-05-10,2026-05-12,90,2025,In Transit,Pharma
2479,213,Ware House E,2026-06-03,2026-06-10,63,5042,In Transit,FMCG
2480,243,Ware House A,2026-05-21,2026-05-24,90,8951,Delayed,Industrial
2481,401,Ware House E,2026-05-15,2026-05-19,64,9532,Delivered,Automotive
2482,204,Ware House D,2026-05-22,2026-05-29,27,4271,In Transit,Industrial
2483,311,Ware House D,2026-05-16,2026-05-26,15,7454,Delivered,Automotive
2484,432,Ware House A,2026-05-28,2026-06-06,68,4686,Delivered,FMCG
2485,95,Ware House D,2026-05-09,2026-05-13,94,7071,Delivered,Pharma
2486,260,Ware House B,2026-05-25,2026-05-27,42,1045,In Transit,FMCG
2487,393,Ware House D,2026-05-06,2026-05-12,99,8309,In Transit,Industrial
2488,280,Ware House C,2026-05-13,2026-05-15,32,5509,Cancelled,Electronics
2489,449,Ware House B,2026-06-04,2026-06-13,68,6198,Delivered,FMCG
2490,386,Ware House B,2026-06-03,2026-06-08,12,5088,Delivered,Automotive
2491,442,Ware House B,2026-05-10,2026-05-14,69,7695,Delayed,FMCG
2492,414,Ware House E,2026-05-19,2026-05-21,14,3141,In Transit,Industrial
2493,427,Ware House E,2026-06-03,2026-06-08,55,2588,Cancelled,Electronics
2494,335,Ware House E,2026-05-31,2026-06-05,100,7475,In Transit,Pharma
2495,81,Ware House E,2026-05-13,2026-05-16,50,5218,Delivered,FMCG
2496,6,Ware House D,2026-06-04,2026-06-06,27,2691,In Transit,FMCG
2497,83,Ware House A,2026-05-10,2026-05-15,1,5194,Cancelled,Electronics
2498,334,Ware House B,2026-05-16,2026-05-20,82,9494,Cancelled,Automotive
2499,87,Ware House A,2026-05-21,2026-05-25,5,3491,In Transit,Electronics
2500,17,Ware House B,2026-06-03,2026-06-04,6,2532,Cancelled,Pharma
2501,73,Ware House C,2026-05-16,2026-05-24,40,1005,Cancelled,Electronics
2502,461,Ware House A,2026-05-27,2026-06-01,73,4975,Delivered,Automotive
2503,370,Ware House A,2026-05-06,2026-05-11,66,7977,Cancelled,Automotive
2504,431,Ware House E,2026-06-02,2026-06-04,77,6517,Delayed,Electronics
2505,129,Ware House E,2026-05-30,2026-06-02,76,7701,Cancelled,Automotive
2506,129,Ware House E,2026-05-23,2026-05-28,35,8415,Delayed,Pharma
2507,148,Ware House C,2026-06-02,2026-06-06,24,5787,Delayed,FMCG
2508,417,Ware House A,2026-05-29,2026-06-04,62,3771,Delayed,Pharma
2509,309,Ware House C,2026-05-30,2026-06-09,42,1544,Delayed,Electronics
2510,267,Ware House A,2026-05-17,2026-05-24,20,9739,Cancelled,Automotive
2511,281,Ware House D,2026-05-11,2026-05-19,85,2928,Delayed,Electronics
2512,192,Ware House A,2026-05-28,2026-05-29,1,2761,Cancelled,Electronics
2513,396,Ware House B,2026-05-16,2026-05-19,35,8199,Delivered,FMCG
2514,210,Ware House B,2026-05-07,2026-05-15,48,3142,Delayed,Pharma
2515,306,Ware House D,2026-05-28,2026-06-06,97,6106,Delayed,Pharma
2516,323,Ware House E,2026-06-01,2026-06-11,74,6937,Cancelled,Pharma
2517,364,Ware House B,2026-05-09,2026-05-19,66,522,In Transit,Industrial
2518,96,Ware House A,2026-05-25,2026-05-29,100,2459,Delayed,Industrial
2519,435,Ware House D,2026-05-28,2026-06-02,83,588,Cancelled,Automotive
2520,317,Ware House A,2026-05-19,2026-05-22,95,7043,Cancelled,Industrial
2521,423,Ware House E,2026-05-25,2026-05-27,92,7058,In Transit,Electronics
2522,115,Ware House A,2026-05-27,2026-05-31,76,4070,Cancelled,Industrial
2523,395,Ware House B,2026-05-09,2026-05-16,82,4366,Delayed,Pharma
2524,325,Ware House B,2026-05-07,2026-05-17,95,4393,Delivered,Electronics
2525,187,Ware House B,2026-05-26,2026-06-05,97,4471,Cancelled,Industrial
2526,277,Ware House E,2026-05-31,2026-06-06,69,1612,Delivered,Pharma
2527,307,Ware House E,2026-05-06,2026-05-08,80,7778,Delayed,Automotive
2528,11,Ware House A,2026-06-04,2026-06-12,18,9677,Delayed,Industrial
2529,184,Ware House E,2026-05-09,2026-05-19,74,8425,In Transit,Electronics
2530,428,Ware House D,2026-05-08,2026-05-14,44,6962,In Transit,Industrial
2531,275,Ware House B,2026-05-30,2026-06-03,72,459,Delivered,Automotive
2532,272,Ware House E,2026-05-30,2026-06-07,72,7630,Delayed,Automotive
2533,259,Ware House D,2026-05-27,2026-06-01,18,441,Delivered,Industrial
2534,206,Ware House A,2026-05-16,2026-05-18,33,6316,Delivered,Industrial
2535,244,Ware House B,2026-05-07,2026-05-16,14,1225,Delivered,Pharma
2536,84,Ware House C,2026-05-08,2026-05-09,50,4770,Delivered,FMCG
2537,479,Ware House C,2026-05-24,2026-05-25,69,4660,Cancelled,FMCG
2538,452,Ware House C,2026-05-20,2026-05-30,69,4362,Cancelled,Industrial
2539,276,Ware House C,2026-05-11,2026-05-20,85,1928,Delayed,Pharma
2540,255,Ware House E,2026-05-11,2026-05-15,50,1963,Delivered,FMCG
2541,201,Ware House D,2026-05-10,2026-05-12,25,6260,In Transit,Automotive
2542,115,Ware House B,2026-06-01,2026-06-05,28,5724,Cancelled,Pharma
2543,50,Ware House B,2026-05-28,2026-06-02,87,9625,Cancelled,Electronics
2544,147,Ware House D,2026-05-20,2026-05-27,89,4010,Delivered,Automotive
2545,380,Ware House D,2026-05-22,2026-05-26,45,809,In Transit,Automotive
2546,374,Ware House B,2026-05-26,2026-05-29,3,8290,Delivered,Electronics
2547,126,Ware House B,2026-05-22,2026-05-31,6,502,Delayed,FMCG
2548,418,Ware House E,2026-05-09,2026-05-16,15,2643,Delayed,FMCG
2549,255,Ware House B,2026-05-06,2026-05-07,76,2560,Delivered,Pharma
2550,114,Ware House C,2026-05-23,2026-05-31,83,5701,Delayed,Industrial
2551,89,Ware House B,2026-05-24,2026-05-26,12,9986,Delivered,Automotive
2552,464,Ware House D,2026-05-29,2026-06-04,2,3899,Cancelled,Pharma
2553,251,Ware House E,2026-05-10,2026-05-17,69,8380,In Transit,Industrial
2554,445,Ware House D,2026-06-01,2026-06-05,80,532,Delivered,Automotive
2555,443,Ware House A,2026-05-22,2026-05-31,69,1086,Cancelled,Electronics
2556,335,Ware House A,2026-05-23,2026-05-28,3,6450,Cancelled,Pharma
2557,53,Ware House A,2026-05-21,2026-05-23,98,9521,In Transit,Industrial
2558,392,Ware House A,2026-05-18,2026-05-26,46,8852,Cancelled,Electronics
2559,372,Ware House B,2026-05-08,2026-05-09,81,804,Cancelled,Industrial
2560,475,Ware House A,2026-06-01,2026-06-08,62,5691,In Transit,Industrial
2561,312,Ware House C,2026-05-30,2026-05-31,35,5387,Cancelled,Automotive
2562,194,Ware House D,2026-05-18,2026-05-26,44,6086,In Transit,FMCG
2563,386,Ware House C,2026-06-02,2026-06-05,25,7937,Delivered,Electronics
2564,191,Ware House D,2026-05-14,2026-05-17,84,4455,Delayed,Automotive
2565,73,Ware House D,2026-05-29,2026-06-01,46,6936,Delayed,FMCG
2566,436,Ware House C,2026-05-30,2026-06-02,16,9529,Cancelled,Electronics
2567,43,Ware House E,2026-05-15,2026-05-19,45,9585,Cancelled,Industrial
2568,137,Ware House A,2026-05-27,2026-05-31,16,5767,Cancelled,Electronics
2569,459,Ware House E,2026-05-28,2026-06-05,58,1042,In Transit,Pharma
2570,73,Ware House D,2026-05-24,2026-05-31,52,4323,Delivered,FMCG
2571,344,Ware House C,2026-05-21,2026-05-27,87,6668,Cancelled,Pharma
2572,93,Ware House A,2026-05-22,2026-05-29,17,4429,Cancelled,Automotive
2573,106,Ware House E,2026-05-13,2026-05-21,30,7049,In Transit,Industrial
2574,253,Ware House C,2026-05-26,2026-06-05,49,8542,In Transit,Pharma
2575,9,Ware House A,2026-05-12,2026-05-19,91,8835,In Transit,Automotive
2576,441,Ware House A,2026-05-11,2026-05-17,61,2861,Delayed,Industrial
2577,131,Ware House A,2026-05-13,2026-05-17,52,670,Delivered,FMCG
2578,49,Ware House A,2026-05-22,2026-05-24,91,5562,In Transit,FMCG
2579,362,Ware House C,2026-06-01,2026-06-08,33,4988,Delivered,Industrial
2580,79,Ware House B,2026-05-25,2026-06-01,15,5449,In Transit,Industrial
2581,70,Ware House C,2026-06-03,2026-06-07,8,8441,Delayed,Electronics
2582,462,Ware House C,2026-05-09,2026-05-17,15,1683,In Transit,Industrial
2583,226,Ware House B,2026-05-27,2026-06-02,52,7576,Cancelled,Pharma
2584,143,Ware House B,2026-05-29,2026-06-04,90,145,In Transit,Electronics
2585,243,Ware House D,2026-05-26,2026-06-05,94,5671,Delivered,Industrial
2586,409,Ware House B,2026-05-23,2026-06-02,86,6029,Delivered,Electronics
2587,416,Ware House D,2026-05-07,2026-05-15,58,7294,In Transit,Pharma
2588,93,Ware House D,2026-05-07,2026-05-10,42,7762,In Transit,Industrial
2589,50,Ware House E,2026-05-10,2026-05-13,70,2204,Cancelled,Electronics
2590,219,Ware House D,2026-05-14,2026-05-18,71,5783,In Transit,Pharma
2591,141,Ware House B,2026-06-02,2026-06-07,88,1717,Cancelled,FMCG
2592,7,Ware House C,2026-06-01,2026-06-07,95,7854,Cancelled,Electronics
2593,293,Ware House A,2026-05-08,2026-05-10,19,3389,Cancelled,Industrial
2594,449,Ware House B,2026-05-29,2026-06-05,24,2082,Delayed,Pharma
2595,428,Ware House B,2026-06-04,2026-06-07,14,9817,Cancelled,Electronics
2596,67,Ware House A,2026-05-29,2026-06-07,82,3857,Cancelled,Pharma
2597,382,Ware House A,2026-05-27,2026-06-03,75,3981,Delayed,Automotive
2598,210,Ware House A,2026-06-04,2026-06-08,42,8096,Delivered,Pharma
2599,275,Ware House A,2026-05-25,2026-05-31,44,4542,Delayed,Automotive
2600,97,Ware House B,2026-05-19,2026-05-24,98,8999,Cancelled,Electronics
2601,359,Ware House D,2026-05-18,2026-05-21,30,2460,Cancelled,FMCG
2602,130,Ware House E,2026-05-14,2026-05-21,77,2432,Delayed,Pharma
2603,433,Ware House D,2026-06-01,2026-06-11,21,2181,Cancelled,Industrial
2604,231,Ware House C,2026-05-15,2026-05-22,91,8468,Delivered,FMCG
2605,222,Ware House D,2026-05-21,2026-05-22,100,7617,Delivered,FMCG
2606,301,Ware House D,2026-06-01,2026-06-11,11,8261,Delivered,Electronics
2607,410,Ware House E,2026-05-08,2026-05-10,79,5421,Delayed,Pharma
2608,213,Ware House C,2026-05-09,2026-05-10,85,3113,Delivered,Pharma
2609,61,Ware House B,2026-05-24,2026-05-26,61,2587,In Transit,FMCG
2610,225,Ware House D,2026-05-29,2026-06-05,59,9093,In Transit,FMCG
2611,48,Ware House E,2026-06-02,2026-06-11,67,6497,Delayed,FMCG
2612,270,Ware House B,2026-05-12,2026-05-22,60,3862,Delivered,FMCG
2613,352,Ware House C,2026-05-16,2026-05-17,49,2316,Delivered,Electronics
2614,121,Ware House C,2026-05-11,2026-05-21,27,8003,Delayed,Electronics
2615,218,Ware House C,2026-05-25,2026-06-03,49,6862,Cancelled,Pharma
2616,22,Ware House B,2026-05-06,2026-05-15,43,4239,Delayed,FMCG
2617,35,Ware House A,2026-05-29,2026-06-08,92,4149,Delivered,Pharma
2618,113,Ware House B,2026-05-09,2026-05-17,3,7910,Cancelled,Electronics
2619,247,Ware House A,2026-05-14,2026-05-15,51,8490,Delivered,Automotive
2620,457,Ware House D,2026-06-03,2026-06-07,79,2305,In Transit,Industrial
2621,255,Ware House D,2026-05-14,2026-05-20,84,6274,Delayed,Industrial
2622,318,Ware House D,2026-05-12,2026-05-21,44,5107,In Transit,Electronics
2623,271,Ware House C,2026-05-16,2026-05-21,43,3505,In Transit,Automotive
2624,29,Ware House D,2026-05-11,2026-05-14,12,8926,Delivered,Pharma
2625,442,Ware House C,2026-05-11,2026-05-15,90,1573,Delayed,Industrial
2626,449,Ware House C,2026-05-27,2026-06-05,85,7936,In Transit,FMCG
2627,311,Ware House B,2026-05-15,2026-05-20,50,4194,Delivered,Pharma
2628,38,Ware House B,2026-06-01,2026-06-05,26,1969,In Transit,Industrial
2629,40,Ware House E,2026-05-09,2026-05-12,82,6366,Delivered,Automotive
2630,288,Ware House C,2026-05-29,2026-05-30,83,2452,Delayed,Automotive
2631,445,Ware House A,2026-05-14,2026-05-23,47,9765,Cancelled,FMCG
2632,63,Ware House B,2026-05-21,2026-05-28,22,553,Delivered,Pharma
2633,442,Ware House E,2026-05-23,2026-05-25,83,7416,Delayed,Pharma
2634,61,Ware House A,2026-05-19,2026-05-27,5,3832,Delayed,Electronics
2635,416,Ware House A,2026-05-23,2026-05-28,31,9978,Cancelled,FMCG
2636,257,Ware House C,2026-05-27,2026-05-29,100,8428,Delayed,FMCG
2637,385,Ware House A,2026-05-24,2026-05-26,71,1507,Delayed,Industrial
2638,266,Ware House C,2026-06-02,2026-06-10,20,1160,Delayed,Pharma
2639,269,Ware House C,2026-05-30,2026-06-09,98,3471,Delayed,Automotive
2640,483,Ware House D,2026-05-31,2026-06-05,32,4006,Delayed,Automotive
2641,459,Ware House A,2026-05-20,2026-05-24,74,572,In Transit,FMCG
2642,480,Ware House C,2026-05-26,2026-06-04,80,2921,In Transit,Industrial
2643,48,Ware House B,2026-05-25,2026-06-01,77,9676,In Transit,Electronics
2644,21,Ware House B,2026-05-22,2026-05-29,4,133,Delivered,Industrial
2645,160,Ware House C,2026-05-23,2026-05-25,94,2841,Delayed,Industrial
2646,312,Ware House D,2026-06-02,2026-06-09,100,1781,Cancelled,Electronics
2647,313,Ware House E,2026-06-01,2026-06-06,28,4688,Cancelled,Pharma
2648,49,Ware House D,2026-05-23,2026-05-27,94,9735,Delayed,Pharma
2649,219,Ware House D,2026-05-27,2026-05-31,22,1995,In Transit,Industrial
2650,206,Ware House A,2026-05-10,2026-05-14,41,2395,Delivered,Industrial
2651,499,Ware House A,2026-05-20,2026-05-21,77,634,In Transit,FMCG
2652,231,Ware House D,2026-05-13,2026-05-14,96,3200,Cancelled,Electronics
2653,183,Ware House C,2026-05-16,2026-05-25,87,3473,Delivered,Automotive
2654,138,Ware House B,2026-06-02,2026-06-09,23,6689,Cancelled,FMCG
2655,20,Ware House A,2026-05-11,2026-05-20,88,4715,In Transit,FMCG
2656,168,Ware House C,2026-05-15,2026-05-18,3,805,Delayed,Automotive
2657,31,Ware House D,2026-05-22,2026-05-25,16,1476,In Transit,FMCG
2658,485,Ware House D,2026-05-25,2026-05-31,15,907,In Transit,Electronics
2659,58,Ware House D,2026-05-20,2026-05-27,71,2419,Cancelled,Pharma
2660,222,Ware House D,2026-05-27,2026-06-06,80,7864,Delayed,Industrial
2661,105,Ware House C,2026-05-28,2026-06-03,55,3312,Cancelled,Electronics
2662,441,Ware House A,2026-05-07,2026-05-16,17,1002,Cancelled,Industrial
2663,318,Ware House E,2026-06-04,2026-06-09,34,2921,Delayed,Pharma
2664,355,Ware House D,2026-05-22,2026-05-26,91,2653,Delayed,Pharma
2665,157,Ware House C,2026-05-27,2026-06-02,52,4307,Cancelled,Automotive
2666,312,Ware House D,2026-06-02,2026-06-08,85,1663,Cancelled,Electronics
2667,431,Ware House E,2026-05-15,2026-05-18,88,6039,Delayed,Pharma
2668,235,Ware House D,2026-05-25,2026-06-03,53,4977,In Transit,Industrial
2669,225,Ware House E,2026-05-27,2026-06-04,6,5611,Delivered,Electronics
2670,146,Ware House D,2026-05-18,2026-05-22,72,2611,Delivered,Pharma
2671,11,Ware House C,2026-05-13,2026-05-18,31,6429,In Transit,Automotive
2672,345,Ware House E,2026-05-25,2026-05-31,62,7785,Delayed,FMCG
2673,188,Ware House B,2026-05-12,2026-05-13,83,1852,In Transit,Electronics
2674,360,Ware House A,2026-06-02,2026-06-10,82,7758,Delivered,Electronics
2675,282,Ware House A,2026-05-26,2026-05-30,78,8625,In Transit,Electronics
2676,497,Ware House B,2026-05-24,2026-05-28,19,8218,Delayed,Industrial
2677,59,Ware House B,2026-05-27,2026-06-06,1,6436,Delivered,Electronics
2678,175,Ware House B,2026-05-06,2026-05-11,86,5151,Delivered,Industrial
2679,479,Ware House D,2026-06-01,2026-06-06,31,1536,In Transit,Automotive
2680,139,Ware House B,2026-05-29,2026-06-07,29,1711,Cancelled,Pharma
2681,309,Ware House E,2026-05-11,2026-05-20,83,6297,In Transit,Industrial
2682,120,Ware House B,2026-06-03,2026-06-10,19,7040,Delayed,Electronics
2683,79,Ware House C,2026-05-23,2026-05-25,53,5245,Delayed,FMCG
2684,247,Ware House C,2026-05-29,2026-06-05,15,7035,Delayed,Electronics
2685,183,Ware House C,2026-05-09,2026-05-10,70,1317,Delayed,Pharma
2686,66,Ware House B,2026-06-01,2026-06-10,92,2853,Cancelled,Industrial
2687,238,Ware House B,2026-06-02,2026-06-10,14,7392,Cancelled,Pharma
2688,92,Ware House E,2026-05-30,2026-05-31,12,2788,Delayed,Electronics
2689,328,Ware House D,2026-05-24,2026-06-03,46,3647,Cancelled,FMCG
2690,246,Ware House C,2026-05-24,2026-05-27,75,1829,Cancelled,Automotive
2691,46,Ware House A,2026-05-23,2026-05-26,43,7615,Delivered,Automotive
2692,15,Ware House A,2026-05-18,2026-05-28,48,8756,Cancelled,FMCG
2693,390,Ware House C,2026-05-26,2026-06-01,43,6965,Delayed,Industrial
2694,211,Ware House A,2026-05-24,2026-06-03,23,1381,In Transit,Automotive
2695,271,Ware House D,2026-05-29,2026-06-02,78,4697,Cancelled,Pharma
2696,455,Ware House C,2026-05-10,2026-05-17,10,7712,Cancelled,Automotive
2697,34,Ware House B,2026-05-28,2026-06-03,50,6157,Cancelled,Electronics
2698,34,Ware House E,2026-05-21,2026-05-24,76,8309,In Transit,Pharma
2699,492,Ware House D,2026-05-12,2026-05-19,45,1658,Delivered,Electronics
2700,121,Ware House B,2026-05-12,2026-05-21,95,897,Delivered,Pharma
2701,281,Ware House A,2026-05-30,2026-06-02,32,8483,Delivered,Industrial
2702,233,Ware House B,2026-05-31,2026-06-01,21,4083,Delivered,Automotive
2703,55,Ware House C,2026-05-16,2026-05-18,33,7226,Delivered,Pharma
2704,425,Ware House D,2026-06-02,2026-06-03,43,7474,Delayed,Electronics
2705,321,Ware House A,2026-05-13,2026-05-16,15,5033,Delayed,Automotive
2706,71,Ware House C,2026-06-03,2026-06-06,58,2201,Delivered,Pharma
2707,312,Ware House C,2026-05-06,2026-05-16,28,9343,Cancelled,Automotive
2708,321,Ware House A,2026-05-20,2026-05-25,89,4355,In Transit,Automotive
2709,66,Ware House A,2026-05-21,2026-05-26,16,1287,Delayed,Electronics
2710,442,Ware House D,2026-05-13,2026-05-20,58,4914,Delayed,Pharma
2711,354,Ware House C,2026-06-03,2026-06-09,11,3157,In Transit,Automotive
2712,284,Ware House C,2026-05-26,2026-06-05,36,6383,In Transit,Industrial
2713,434,Ware House B,2026-05-14,2026-05-18,20,103,In Transit,FMCG
2714,245,Ware House C,2026-05-07,2026-05-12,88,9758,Delayed,Pharma
2715,100,Ware House C,2026-05-12,2026-05-19,10,3766,In Transit,FMCG
2716,192,Ware House E,2026-06-01,2026-06-11,59,2772,In Transit,Industrial
2717,94,Ware House D,2026-06-04,2026-06-14,40,5536,Delivered,Industrial
2718,258,Ware House B,2026-05-27,2026-05-31,8,4639,Delivered,Industrial
2719,236,Ware House B,2026-05-18,2026-05-23,42,3471,In Transit,Electronics
2720,336,Ware House E,2026-06-03,2026-06-06,35,2764,Delivered,Industrial
2721,32,Ware House A,2026-05-11,2026-05-15,51,9590,Cancelled,FMCG
2722,468,Ware House C,2026-06-04,2026-06-11,20,6918,Cancelled,Automotive
2723,156,Ware House D,2026-05-22,2026-05-30,87,4000,Delayed,FMCG
2724,211,Ware House C,2026-05-20,2026-05-23,80,9733,In Transit,Automotive
2725,482,Ware House C,2026-05-16,2026-05-18,27,2429,Cancelled,Electronics
2726,435,Ware House C,2026-05-21,2026-05-26,87,4341,Delayed,Industrial
2727,87,Ware House C,2026-05-22,2026-05-25,83,5686,Cancelled,Pharma
2728,425,Ware House C,2026-05-16,2026-05-23,61,1679,Delayed,Electronics
2729,259,Ware House B,2026-05-27,2026-06-04,61,5894,Delivered,Pharma
2730,320,Ware House A,2026-05-18,2026-05-22,14,8012,Cancelled,Industrial
2731,399,Ware House B,2026-05-10,2026-05-15,86,5380,Cancelled,Industrial
2732,437,Ware House B,2026-05-20,2026-05-25,39,7480,In Transit,Pharma
2733,324,Ware House C,2026-05-08,2026-05-14,41,6572,Delivered,Automotive
2734,320,Ware House D,2026-05-17,2026-05-21,52,917,Cancelled,Industrial
2735,468,Ware House E,2026-05-30,2026-05-31,25,4401,Delayed,Industrial
2736,253,Ware House A,2026-05-15,2026-05-19,24,7759,Delivered,Automotive
2737,140,Ware House C,2026-05-16,2026-05-22,90,1345,Delayed,FMCG
2738,308,Ware House A,2026-05-23,2026-05-26,18,7672,Delayed,Automotive
2739,336,Ware House D,2026-05-28,2026-06-05,33,9490,Delivered,Electronics
2740,166,Ware House A,2026-05-13,2026-05-18,31,5180,Delivered,Electronics
2741,233,Ware House E,2026-05-16,2026-05-22,79,4548,Cancelled,Electronics
2742,384,Ware House D,2026-06-04,2026-06-11,20,1976,In Transit,Pharma
2743,436,Ware House E,2026-06-04,2026-06-08,13,5945,Delayed,Pharma
2744,184,Ware House E,2026-05-16,2026-05-25,1,5487,Delivered,Industrial
2745,351,Ware House E,2026-05-30,2026-06-05,74,9420,Cancelled,Electronics
2746,243,Ware House B,2026-05-09,2026-05-19,34,3573,Delivered,Pharma
2747,219,Ware House C,2026-05-13,2026-05-22,88,1553,Cancelled,Automotive
2748,388,Ware House C,2026-05-27,2026-06-04,86,5227,Cancelled,Pharma
2749,429,Ware House A,2026-05-07,2026-05-15,95,4384,In Transit,Automotive
2750,357,Ware House A,2026-05-11,2026-05-15,82,6824,Delayed,Automotive
2751,472,Ware House E,2026-05-12,2026-05-20,70,6450,In Transit,Automotive
2752,162,Ware House B,2026-06-04,2026-06-07,84,9873,Delayed,Industrial
2753,452,Ware House B,2026-05-09,2026-05-12,95,5689,In Transit,Automotive
2754,352,Ware House A,2026-05-27,2026-05-31,95,1467,Cancelled,Pharma
2755,120,Ware House E,2026-05-29,2026-06-02,86,4619,In Transit,Electronics
2756,409,Ware House D,2026-05-10,2026-05-18,61,8162,Cancelled,Automotive
2757,78,Ware House A,2026-05-11,2026-05-21,25,4174,Delayed,Pharma
2758,59,Ware House A,2026-05-23,2026-05-29,57,9660,Delayed,Pharma
2759,80,Ware House B,2026-05-18,2026-05-25,53,3144,Delivered,FMCG
2760,250,Ware House D,2026-05-22,2026-05-28,71,5123,Cancelled,Electronics
2761,406,Ware House E,2026-05-14,2026-05-19,26,4343,Delivered,FMCG
2762,490,Ware House E,2026-05-09,2026-05-16,2,7027,Delivered,Industrial
2763,250,Ware House E,2026-05-19,2026-05-28,10,2450,Delayed,Pharma
2764,241,Ware House D,2026-05-09,2026-05-17,34,5330,In Transit,FMCG
2765,415,Ware House E,2026-05-23,2026-05-27,29,4296,Delayed,Automotive
2766,405,Ware House A,2026-05-21,2026-05-23,94,9321,Delivered,Pharma
2767,102,Ware House D,2026-05-27,2026-06-03,65,9964,Delivered,Pharma
2768,399,Ware House E,2026-05-19,2026-05-25,66,5957,Delivered,Pharma
2769,16,Ware House A,2026-06-03,2026-06-07,78,7967,Delayed,Pharma
2770,309,Ware House C,2026-05-18,2026-05-25,87,1772,Delayed,Automotive
2771,216,Ware House B,2026-06-04,2026-06-13,90,8427,In Transit,Pharma
2772,323,Ware House A,2026-05-22,2026-06-01,43,4866,Cancelled,Pharma
2773,195,Ware House A,2026-05-14,2026-05-21,16,6409,Cancelled,Industrial
2774,152,Ware House E,2026-05-11,2026-05-19,46,7195,In Transit,Pharma
2775,393,Ware House C,2026-06-04,2026-06-07,14,1852,Delayed,FMCG
2776,111,Ware House E,2026-05-14,2026-05-17,12,4024,In Transit,Electronics
2777,446,Ware House C,2026-05-31,2026-06-08,40,9310,Cancelled,FMCG
2778,477,Ware House E,2026-05-26,2026-06-05,63,3100,Delayed,FMCG
2779,310,Ware House B,2026-05-13,2026-05-21,55,1857,In Transit,Automotive
2780,177,Ware House D,2026-05-21,2026-05-26,15,8078,Delivered,Electronics
2781,274,Ware House E,2026-05-26,2026-05-28,11,3563,Delayed,Electronics
2782,393,Ware House E,2026-05-11,2026-05-14,12,651,Cancelled,FMCG
2783,146,Ware House D,2026-05-08,2026-05-13,63,8408,Cancelled,Pharma
2784,500,Ware House B,2026-05-25,2026-05-26,40,5525,Cancelled,Industrial
2785,115,Ware House A,2026-05-26,2026-06-02,26,9246,In Transit,Pharma
2786,170,Ware House B,2026-05-26,2026-06-05,9,6407,In Transit,Industrial
2787,268,Ware House D,2026-06-01,2026-06-09,77,9045,Delivered,Electronics
2788,141,Ware House A,2026-05-17,2026-05-18,97,8330,In Transit,Electronics
2789,259,Ware House E,2026-05-19,2026-05-29,12,307,Delayed,Industrial
2790,140,Ware House B,2026-05-18,2026-05-25,25,243,Delivered,FMCG
2791,477,Ware House C,2026-05-12,2026-05-22,69,5565,Cancelled,Electronics
2792,462,Ware House B,2026-06-01,2026-06-07,68,1401,Delivered,FMCG
2793,251,Ware House D,2026-05-31,2026-06-04,69,2529,Delayed,FMCG
2794,328,Ware House D,2026-05-31,2026-06-08,29,9457,Cancelled,FMCG
2795,80,Ware House A,2026-05-20,2026-05-27,8,323,Delayed,Pharma
2796,37,Ware House A,2026-06-01,2026-06-08,12,4848,Delivered,FMCG
2797,131,Ware House A,2026-05-22,2026-06-01,16,2250,Delivered,Automotive
2798,357,Ware House C,2026-05-12,2026-05-19,71,9137,In Transit,Automotive
2799,73,Ware House C,2026-05-26,2026-05-29,100,5104,In Transit,Automotive
2800,343,Ware House C,2026-05-24,2026-05-26,51,5721,Delivered,Pharma
2801,374,Ware House E,2026-05-24,2026-06-01,52,9187,Cancelled,FMCG
2802,351,Ware House B,2026-05-18,2026-05-25,100,5985,In Transit,FMCG
2803,164,Ware House E,2026-05-25,2026-05-30,76,4206,Cancelled,Industrial
2804,170,Ware House A,2026-05-10,2026-05-11,37,2887,Cancelled,Electronics
2805,497,Ware House A,2026-05-25,2026-05-26,35,3572,Cancelled,Electronics
2806,85,Ware House D,2026-05-30,2026-06-07,75,142,Delivered,Automotive
2807,225,Ware House D,2026-05-11,2026-05-19,96,9074,In Transit,Industrial
2808,427,Ware House E,2026-05-11,2026-05-13,3,8123,Delayed,FMCG
2809,4,Ware House C,2026-05-07,2026-05-13,85,8850,Cancelled,Pharma
2810,29,Ware House C,2026-05-29,2026-06-04,99,6540,Delayed,Industrial
2811,414,Ware House A,2026-05-14,2026-05-17,46,3671,Cancelled,FMCG
2812,226,Ware House C,2026-05-22,2026-06-01,4,3078,Delayed,Industrial
2813,318,Ware House C,2026-05-22,2026-05-23,64,1382,In Transit,Pharma
2814,392,Ware House D,2026-05-10,2026-05-11,7,7152,In Transit,Pharma
2815,483,Ware House D,2026-06-01,2026-06-08,85,9590,In Transit,Electronics
2816,223,Ware House C,2026-05-25,2026-05-30,83,4796,Delayed,Electronics
2817,29,Ware House C,2026-05-15,2026-05-16,3,3250,In Transit,Pharma
2818,264,Ware House D,2026-05-22,2026-06-01,61,890,Delivered,Electronics
2819,402,Ware House B,2026-06-01,2026-06-11,91,578,Delivered,Industrial
2820,384,Ware House E,2026-05-23,2026-05-27,41,3722,Delayed,Electronics
2821,19,Ware House B,2026-05-21,2026-05-28,97,5384,Delivered,Automotive
2822,85,Ware House E,2026-05-06,2026-05-12,44,8070,Cancelled,Electronics
2823,335,Ware House E,2026-05-08,2026-05-14,10,6099,Delayed,Pharma
2824,301,Ware House D,2026-05-10,2026-05-14,71,4952,Cancelled,Electronics
2825,42,Ware House D,2026-05-24,2026-06-03,60,6862,In Transit,Automotive
2826,426,Ware House C,2026-05-28,2026-06-05,78,7273,In Transit,Pharma
2827,131,Ware House A,2026-05-26,2026-06-04,41,9683,In Transit,FMCG
2828,153,Ware House B,2026-05-26,2026-06-04,24,867,Delivered,FMCG
2829,427,Ware House C,2026-05-08,2026-05-11,90,6310,Cancelled,Automotive
2830,53,Ware House B,2026-05-18,2026-05-23,13,3403,In Transit,FMCG
2831,379,Ware House D,2026-05-21,2026-05-24,4,7746,Delayed,Pharma
2832,192,Ware House B,2026-05-28,2026-06-07,39,9739,Cancelled,Automotive
2833,80,Ware House E,2026-05-29,2026-06-04,77,9882,In Transit,Electronics
2834,98,Ware House B,2026-05-30,2026-06-04,40,3474,In Transit,Industrial
2835,210,Ware House A,2026-06-01,2026-06-03,90,2833,In Transit,FMCG
2836,318,Ware House B,2026-05-15,2026-05-18,22,516,Delivered,FMCG
2837,181,Ware House D,2026-05-14,2026-05-23,92,7022,In Transit,FMCG
2838,225,Ware House C,2026-06-03,2026-06-10,95,6433,In Transit,Industrial
2839,70,Ware House D,2026-05-16,2026-05-20,60,7056,Delivered,Pharma
2840,29,Ware House A,2026-05-10,2026-05-19,60,300,Delayed,FMCG
2841,235,Ware House C,2026-05-23,2026-05-30,33,4555,Delayed,Automotive
2842,221,Ware House D,2026-05-16,2026-05-23,94,2392,Delivered,Industrial
2843,32,Ware House C,2026-06-02,2026-06-09,92,6176,Cancelled,Automotive
2844,249,Ware House E,2026-05-25,2026-06-01,93,8654,In Transit,FMCG
2845,303,Ware House A,2026-05-15,2026-05-25,23,4043,Cancelled,Industrial
2846,487,Ware House A,2026-05-17,2026-05-19,48,8696,Delivered,FMCG
2847,7,Ware House B,2026-05-24,2026-05-29,72,1936,Delivered,Automotive
2848,285,Ware House A,2026-06-02,2026-06-12,52,4199,Delivered,Industrial
2849,104,Ware House E,2026-05-30,2026-05-31,53,227,In Transit,Pharma
2850,449,Ware House D,2026-05-12,2026-05-17,55,7289,Cancelled,Automotive
2851,154,Ware House B,2026-05-07,2026-05-14,49,4387,Delayed,Industrial
2852,73,Ware House B,2026-05-31,2026-06-10,48,8867,Delivered,Electronics
2853,339,Ware House B,2026-05-30,2026-06-04,43,6602,Delivered,Pharma
2854,445,Ware House D,2026-05-15,2026-05-24,57,4407,Cancelled,Electronics
2855,204,Ware House E,2026-05-09,2026-05-11,77,7955,Delivered,Pharma
2856,442,Ware House B,2026-05-19,2026-05-23,16,1069,In Transit,FMCG
2857,322,Ware House E,2026-05-21,2026-05-23,64,1728,In Transit,FMCG
2858,176,Ware House B,2026-05-10,2026-05-20,99,8917,Delayed,Automotive
2859,119,Ware House A,2026-05-31,2026-06-07,53,2994,Delivered,Pharma
2860,200,Ware House C,2026-05-18,2026-05-25,85,5567,Delayed,Electronics
2861,120,Ware House D,2026-05-11,2026-05-16,32,7410,Delivered,Industrial
2862,56,Ware House B,2026-06-03,2026-06-04,40,5708,Delivered,Industrial
2863,197,Ware House B,2026-05-12,2026-05-15,76,1212,In Transit,FMCG
2864,67,Ware House B,2026-05-18,2026-05-26,38,7384,In Transit,FMCG
2865,231,Ware House C,2026-05-07,2026-05-11,2,6591,In Transit,FMCG
2866,289,Ware House C,2026-05-22,2026-06-01,95,907,Delayed,Automotive
2867,74,Ware House E,2026-05-13,2026-05-15,52,8484,Delayed,Automotive
2868,191,Ware House C,2026-05-14,2026-05-16,92,9076,Cancelled,Electronics
2869,215,Ware House D,2026-05-14,2026-05-16,47,8059,In Transit,Automotive
2870,225,Ware House C,2026-05-26,2026-06-04,43,618,Delivered,Electronics
2871,456,Ware House A,2026-06-04,2026-06-06,81,2350,In Transit,Electronics
2872,204,Ware House E,2026-05-21,2026-05-30,67,9356,Cancelled,Electronics
2873,187,Ware House C,2026-05-24,2026-05-25,37,1599,Delayed,Electronics
2874,160,Ware House B,2026-05-08,2026-05-10,37,9971,In Transit,Electronics
2875,185,Ware House B,2026-05-27,2026-06-06,42,3251,Delayed,Industrial
2876,228,Ware House D,2026-05-17,2026-05-21,70,3220,Delayed,FMCG
2877,114,Ware House B,2026-05-29,2026-06-03,55,7942,Cancelled,Automotive
2878,340,Ware House B,2026-05-29,2026-06-02,78,7995,Cancelled,Pharma
2879,158,Ware House B,2026-05-22,2026-05-28,45,9467,Cancelled,Electronics
2880,196,Ware House A,2026-05-12,2026-05-16,44,4076,Cancelled,Pharma
2881,217,Ware House C,2026-05-16,2026-05-21,76,2101,In Transit,Automotive
2882,236,Ware House A,2026-05-26,2026-05-29,26,7695,Cancelled,FMCG
2883,170,Ware House C,2026-05-21,2026-05-24,51,9432,Delivered,FMCG
2884,336,Ware House C,2026-05-28,2026-06-04,17,1463,Cancelled,Automotive
2885,31,Ware House A,2026-05-23,2026-06-02,75,5737,Cancelled,Industrial
2886,264,Ware House E,2026-05-29,2026-06-01,8,2245,Cancelled,Automotive
2887,483,Ware House D,2026-05-27,2026-05-28,68,3323,Delayed,Pharma
2888,495,Ware House D,2026-05-29,2026-06-04,45,453,Cancelled,Electronics
2889,490,Ware House E,2026-05-13,2026-05-18,23,4223,Cancelled,FMCG
2890,193,Ware House D,2026-06-02,2026-06-05,100,4678,Delayed,Automotive
2891,28,Ware House A,2026-05-18,2026-05-20,79,7467,Delivered,Automotive
2892,304,Ware House D,2026-05-30,2026-06-02,51,3785,In Transit,Industrial
2893,139,Ware House A,2026-05-10,2026-05-19,42,1353,In Transit,Automotive
2894,45,Ware House B,2026-05-21,2026-05-22,69,1601,Delayed,Pharma
2895,118,Ware House B,2026-05-19,2026-05-29,21,1552,Cancelled,FMCG
2896,225,Ware House C,2026-05-15,2026-05-20,63,7720,In Transit,Industrial
2897,125,Ware House D,2026-05-13,2026-05-15,82,292,Delivered,FMCG
2898,31,Ware House D,2026-05-12,2026-05-20,32,9035,In Transit,Automotive
2899,315,Ware House B,2026-05-22,2026-05-24,23,7810,Delivered,Automotive
2900,200,Ware House B,2026-05-25,2026-05-30,66,3696,Delayed,Industrial
2901,380,Ware House D,2026-06-02,2026-06-10,1,4067,Delayed,Pharma
2902,334,Ware House B,2026-05-11,2026-05-15,84,1696,Delivered,FMCG
2903,344,Ware House C,2026-05-26,2026-06-04,79,2684,In Transit,FMCG
2904,461,Ware House B,2026-05-22,2026-05-30,63,5381,In Transit,FMCG
2905,82,Ware House D,2026-05-18,2026-05-20,68,5506,Delayed,FMCG
2906,20,Ware House A,2026-05-29,2026-06-07,65,6103,In Transit,Pharma
2907,95,Ware House E,2026-05-16,2026-05-23,73,7644,Cancelled,Pharma
2908,215,Ware House A,2026-05-21,2026-05-24,48,617,Delivered,Electronics
2909,407,Ware House C,2026-05-26,2026-06-05,31,8676,Delivered,Pharma
2910,113,Ware House D,2026-05-30,2026-06-04,30,6648,Delivered,Industrial
2911,14,Ware House A,2026-05-31,2026-06-03,98,7981,In Transit,Electronics
2912,426,Ware House C,2026-05-17,2026-05-21,56,2486,Cancelled,Automotive
2913,257,Ware House A,2026-05-23,2026-06-01,33,7434,Cancelled,Electronics
2914,17,Ware House C,2026-05-10,2026-05-11,35,8814,In Transit,Automotive
2915,233,Ware House B,2026-05-14,2026-05-22,87,4809,Cancelled,Electronics
2916,76,Ware House E,2026-05-06,2026-05-13,70,612,Delivered,Automotive
2917,67,Ware House E,2026-06-01,2026-06-03,31,278,In Transit,Electronics
2918,249,Ware House D,2026-05-13,2026-05-22,8,8495,Delayed,Automotive
2919,404,Ware House E,2026-05-16,2026-05-20,16,7405,Delayed,FMCG
2920,34,Ware House D,2026-05-29,2026-06-03,40,1049,Delivered,FMCG
2921,188,Ware House B,2026-05-07,2026-05-14,41,7830,Delivered,Electronics
2922,246,Ware House E,2026-05-15,2026-05-16,21,8256,Delivered,Automotive
2923,343,Ware House C,2026-05-30,2026-06-04,85,3915,Cancelled,Automotive
2924,93,Ware House A,2026-05-21,2026-05-30,46,746,Delayed,Pharma
2925,102,Ware House E,2026-05-14,2026-05-17,94,9328,In Transit,Automotive
2926,28,Ware House E,2026-05-24,2026-05-30,89,3096,Delayed,Pharma
2927,358,Ware House B,2026-05-12,2026-05-17,64,7074,Cancelled,Pharma
2928,36,Ware House B,2026-05-06,2026-05-08,65,5918,Delivered,FMCG
2929,1,Ware House C,2026-05-14,2026-05-18,54,9260,Delayed,Automotive
2930,429,Ware House E,2026-05-12,2026-05-20,50,3771,In Transit,Pharma
2931,117,Ware House A,2026-05-11,2026-05-20,74,5210,Delayed,FMCG
2932,317,Ware House B,2026-05-11,2026-05-17,77,3385,Cancelled,FMCG
2933,266,Ware House D,2026-05-12,2026-05-13,46,5359,Cancelled,FMCG
2934,339,Ware House E,2026-05-30,2026-05-31,35,2662,In Transit,Pharma
2935,173,Ware House A,2026-05-17,2026-05-23,83,2964,Delivered,Industrial
2936,387,Ware House C,2026-05-07,2026-05-17,36,5740,In Transit,Pharma
2937,403,Ware House D,2026-05-31,2026-06-05,71,2046,Cancelled,Industrial
2938,394,Ware House B,2026-05-30,2026-06-04,20,4256,Cancelled,Electronics
2939,5,Ware House D,2026-06-01,2026-06-10,27,5507,Delayed,Automotive
2940,499,Ware House C,2026-05-15,2026-05-16,43,5061,Cancelled,Pharma
2941,482,Ware House A,2026-05-31,2026-06-08,12,7122,Delayed,Automotive
2942,160,Ware House A,2026-06-02,2026-06-04,4,9935,In Transit,Electronics
2943,110,Ware House E,2026-05-19,2026-05-23,46,8214,Cancelled,Automotive
2944,162,Ware House E,2026-05-15,2026-05-20,69,2087,In Transit,Automotive
2945,426,Ware House B,2026-06-01,2026-06-07,59,9749,Cancelled,Automotive
2946,335,Ware House A,2026-05-14,2026-05-22,86,8633,Delayed,Electronics
2947,117,Ware House C,2026-05-24,2026-05-26,70,5976,Delayed,Electronics
2948,184,Ware House B,2026-05-29,2026-06-03,24,9979,In Transit,Electronics
2949,328,Ware House A,2026-06-04,2026-06-10,75,1387,Delayed,FMCG
2950,259,Ware House D,2026-05-21,2026-05-23,21,4158,In Transit,Industrial
2951,164,Ware House D,2026-05-07,2026-05-12,53,9851,Cancelled,Electronics
2952,183,Ware House B,2026-05-20,2026-05-22,96,2185,Cancelled,FMCG
2953,339,Ware House C,2026-05-29,2026-06-06,89,4722,In Transit,Industrial
2954,132,Ware House E,2026-05-17,2026-05-20,7,2497,Delivered,Pharma
2955,479,Ware House A,2026-05-30,2026-06-07,2,8617,Cancelled,FMCG
2956,17,Ware House A,2026-05-09,2026-05-13,23,4444,In Transit,Electronics
2957,116,Ware House C,2026-05-27,2026-05-30,20,5600,Delayed,Industrial
2958,211,Ware House D,2026-05-16,2026-05-24,16,6588,Delayed,Pharma
2959,246,Ware House B,2026-05-06,2026-05-09,45,2561,Cancelled,FMCG
2960,154,Ware House A,2026-05-17,2026-05-18,33,6939,In Transit,Electronics
2961,80,Ware House E,2026-05-09,2026-05-12,73,202,In Transit,FMCG
2962,281,Ware House A,2026-05-09,2026-05-13,76,3124,Delivered,Electronics
2963,221,Ware House D,2026-05-15,2026-05-25,99,5443,Delayed,Pharma
2964,85,Ware House D,2026-05-22,2026-05-30,12,2004,Cancelled,FMCG
2965,366,Ware House C,2026-05-16,2026-05-26,15,7700,Delivered,Electronics
2966,273,Ware House A,2026-05-11,2026-05-15,40,5443,In Transit,Industrial
2967,483,Ware House C,2026-05-14,2026-05-23,68,6796,Delayed,Pharma
2968,416,Ware House A,2026-05-14,2026-05-20,73,4116,Cancelled,Pharma
2969,137,Ware House B,2026-05-13,2026-05-21,27,6769,Delayed,Automotive
2970,96,Ware House C,2026-05-19,2026-05-25,85,4490,In Transit,Electronics
2971,97,Ware House B,2026-05-17,2026-05-18,18,1470,Delivered,Industrial
2972,141,Ware House C,2026-06-01,2026-06-07,72,8794,Delayed,Pharma
2973,317,Ware House C,2026-06-03,2026-06-09,28,231,Delivered,Automotive
2974,234,Ware House E,2026-05-06,2026-05-15,17,8701,Delivered,Pharma
2975,66,Ware House C,2026-05-26,2026-06-05,61,5925,Cancelled,Automotive
2976,441,Ware House B,2026-05-18,2026-05-20,41,5714,Cancelled,Pharma
2977,156,Ware House B,2026-05-17,2026-05-23,64,8714,Cancelled,Automotive
2978,291,Ware House B,2026-05-08,2026-05-14,73,8662,Cancelled,Automotive
2979,190,Ware House E,2026-05-08,2026-05-11,45,8972,Delayed,FMCG
2980,229,Ware House E,2026-05-19,2026-05-20,84,7320,Cancelled,Automotive
2981,399,Ware House D,2026-05-06,2026-05-11,69,5651,In Transit,Electronics
2982,191,Ware House D,2026-05-07,2026-05-17,43,3853,Cancelled,Pharma
2983,75,Ware House A,2026-05-30,2026-06-06,23,4315,Delayed,Electronics
2984,342,Ware House C,2026-05-07,2026-05-11,36,1998,Delayed,Industrial
2985,489,Ware House C,2026-05-18,2026-05-28,15,9856,Delivered,FMCG
2986,111,Ware House A,2026-05-11,2026-05-15,1,8095,Cancelled,Automotive
2987,295,Ware House D,2026-05-20,2026-05-29,31,6295,Cancelled,Pharma
2988,431,Ware House E,2026-05-07,2026-05-15,36,6153,In Transit,FMCG
2989,127,Ware House C,2026-05-27,2026-06-02,92,4428,Cancelled,Pharma
2990,270,Ware House B,2026-05-13,2026-05-15,98,4077,In Transit,FMCG
2991,241,Ware House A,2026-05-18,2026-05-21,16,3950,Delayed,Industrial
2992,244,Ware House E,2026-05-14,2026-05-20,24,8474,Cancelled,Pharma
2993,198,Ware House D,2026-05-21,2026-05-28,41,8932,Delayed,Industrial
2994,107,Ware House A,2026-05-07,2026-05-17,29,6481,Delivered,Industrial
2995,158,Ware House D,2026-05-18,2026-05-19,8,523,Delivered,FMCG
2996,126,Ware House E,2026-06-02,2026-06-03,64,1617,Delayed,FMCG
2997,398,Ware House E,2026-05-12,2026-05-22,96,9843,In Transit,Pharma
2998,144,Ware House C,2026-05-09,2026-05-15,73,4711,Delayed,Pharma
2999,170,Ware House A,2026-05-27,2026-06-06,12,4303,In Transit,Electronics
3000,102,Ware House A,2026-05-07,2026-05-08,73,3693,Delayed,Automotive
3001,284,Ware House A,2026-05-16,2026-05-17,94,2408,In Transit,FMCG
3002,221,Ware House E,2026-05-18,2026-05-23,74,2903,Delivered,Automotive
3003,488,Ware House A,2026-05-23,2026-06-02,74,8318,In Transit,Electronics
3004,126,Ware House C,2026-06-04,2026-06-07,4,3343,Cancelled,Electronics
3005,142,Ware House B,2026-05-09,2026-05-18,55,7315,Delivered,Automotive
3006,366,Ware House B,2026-06-04,2026-06-10,66,7079,Delayed,Pharma
3007,397,Ware House A,2026-05-30,2026-05-31,33,6545,Delayed,Electronics
3008,3,Ware House E,2026-05-20,2026-05-24,58,5559,Delayed,FMCG
3009,493,Ware House D,2026-05-24,2026-05-27,80,7273,Cancelled,FMCG
3010,114,Ware House D,2026-05-28,2026-06-02,93,7429,Cancelled,Industrial
3011,193,Ware House E,2026-05-22,2026-05-30,61,9959,In Transit,Industrial
3012,36,Ware House E,2026-05-10,2026-05-19,99,3842,Delivered,Automotive
3013,183,Ware House C,2026-05-22,2026-05-23,17,9261,Delivered,Pharma
3014,284,Ware House A,2026-05-12,2026-05-17,12,9925,Delivered,Industrial
3015,226,Ware House B,2026-05-16,2026-05-20,9,8736,Delayed,Industrial
3016,411,Ware House A,2026-05-31,2026-06-02,27,3321,In Transit,Pharma
3017,29,Ware House B,2026-05-20,2026-05-25,69,2373,Cancelled,Automotive
3018,477,Ware House C,2026-05-23,2026-05-30,85,8275,Cancelled,Automotive
3019,383,Ware House B,2026-05-28,2026-06-03,8,8328,In Transit,FMCG
3020,218,Ware House B,2026-05-27,2026-06-05,81,501,Delivered,Industrial
3021,243,Ware House C,2026-05-26,2026-06-02,96,5027,In Transit,Automotive
3022,471,Ware House D,2026-05-14,2026-05-21,35,4040,Delivered,FMCG
3023,223,Ware House E,2026-05-30,2026-06-07,59,2687,In Transit,FMCG
3024,315,Ware House C,2026-05-30,2026-06-08,37,1792,Delivered,Pharma
3025,377,Ware House D,2026-05-20,2026-05-22,86,1361,In Transit,Electronics
3026,332,Ware House C,2026-05-12,2026-05-16,77,8808,Delivered,Electronics
3027,274,Ware House A,2026-05-18,2026-05-28,50,1260,Delivered,Industrial
3028,388,Ware House E,2026-05-26,2026-05-28,1,2174,Delayed,Industrial
3029,383,Ware House C,2026-05-17,2026-05-21,50,3202,Delayed,Electronics
3030,489,Ware House B,2026-05-20,2026-05-25,97,6956,In Transit,FMCG
3031,402,Ware House C,2026-05-21,2026-05-27,64,568,In Transit,Automotive
3032,254,Ware House C,2026-05-15,2026-05-21,20,7842,In Transit,Industrial
3033,43,Ware House B,2026-05-23,2026-05-30,82,4339,Delivered,Automotive
3034,12,Ware House E,2026-05-16,2026-05-21,16,9312,Delayed,Pharma
3035,210,Ware House E,2026-05-30,2026-06-07,70,8475,In Transit,Automotive
3036,109,Ware House D,2026-05-10,2026-05-12,97,468,In Transit,Industrial
3037,210,Ware House B,2026-06-01,2026-06-03,1,328,Cancelled,Automotive
3038,275,Ware House C,2026-05-15,2026-05-21,57,8117,Delivered,FMCG
3039,213,Ware House D,2026-05-22,2026-06-01,96,1303,Cancelled,Electronics
3040,458,Ware House A,2026-05-25,2026-05-26,96,2592,Delayed,Automotive
3041,246,Ware House C,2026-05-06,2026-05-10,20,8814,Delivered,Automotive
3042,39,Ware House C,2026-05-26,2026-05-31,11,5473,Cancelled,Pharma
3043,292,Ware House D,2026-05-12,2026-05-14,100,5901,Delayed,Electronics
3044,65,Ware House C,2026-05-10,2026-05-18,46,2823,Delivered,FMCG
3045,322,Ware House E,2026-05-09,2026-05-13,32,1075,Cancelled,Automotive
3046,360,Ware House D,2026-05-31,2026-06-08,28,461,Delayed,Pharma
3047,484,Ware House B,2026-06-02,2026-06-10,68,1803,Cancelled,FMCG
3048,134,Ware House C,2026-05-29,2026-06-07,53,5323,Delivered,Pharma
3049,197,Ware House A,2026-05-30,2026-06-07,47,2454,Delayed,Pharma
3050,294,Ware House A,2026-05-20,2026-05-29,76,7703,Cancelled,Pharma
3051,228,Ware House C,2026-05-25,2026-06-01,84,8605,In Transit,Pharma
3052,276,Ware House E,2026-05-23,2026-05-30,60,6401,Delayed,Pharma
3053,479,Ware House C,2026-05-12,2026-05-17,12,1568,Cancelled,Electronics
3054,111,Ware House B,2026-05-13,2026-05-23,6,4044,Delayed,Electronics
3055,93,Ware House C,2026-05-11,2026-05-13,14,8421,In Transit,Pharma
3056,217,Ware House C,2026-05-23,2026-05-24,44,6342,In Transit,Pharma
3057,331,Ware House A,2026-05-17,2026-05-22,40,739,Delayed,Pharma
3058,207,Ware House B,2026-05-19,2026-05-26,6,4683,Delayed,Electronics
3059,447,Ware House E,2026-06-01,2026-06-05,3,8404,In Transit,FMCG
3060,259,Ware House C,2026-05-06,2026-05-10,94,9549,Delivered,Electronics
3061,47,Ware House E,2026-05-17,2026-05-20,32,9362,In Transit,FMCG
3062,264,Ware House A,2026-05-11,2026-05-12,69,6505,Cancelled,Automotive
3063,163,Ware House D,2026-05-13,2026-05-22,37,9453,Delayed,FMCG
3064,222,Ware House B,2026-05-22,2026-05-31,28,1004,In Transit,Industrial
3065,386,Ware House E,2026-06-02,2026-06-07,42,3819,Delivered,Industrial
3066,280,Ware House B,2026-05-14,2026-05-22,85,5554,Cancelled,Industrial
3067,254,Ware House B,2026-05-10,2026-05-20,80,6128,Cancelled,Automotive
3068,234,Ware House E,2026-05-20,2026-05-29,14,5039,Delayed,Electronics
3069,40,Ware House E,2026-05-31,2026-06-10,20,5015,In Transit,Industrial
3070,436,Ware House C,2026-05-22,2026-05-23,64,7590,Cancelled,Pharma
3071,156,Ware House C,2026-05-13,2026-05-22,69,7164,In Transit,FMCG
3072,449,Ware House C,2026-05-21,2026-05-27,84,439,Cancelled,FMCG
3073,278,Ware House A,2026-05-18,2026-05-21,55,9309,In Transit,Pharma
3074,349,Ware House E,2026-05-27,2026-06-05,34,4634,In Transit,FMCG
3075,356,Ware House B,2026-06-01,2026-06-07,74,6256,Delayed,Industrial
3076,232,Ware House A,2026-05-09,2026-05-12,54,8786,Delayed,Industrial
3077,145,Ware House B,2026-05-06,2026-05-07,57,8603,In Transit,FMCG
3078,124,Ware House B,2026-05-20,2026-05-29,18,6843,Cancelled,Pharma
3079,375,Ware House E,2026-05-12,2026-05-21,22,1565,Cancelled,FMCG
3080,131,Ware House E,2026-05-11,2026-05-20,16,6424,In Transit,Pharma
3081,396,Ware House A,2026-05-19,2026-05-23,7,9908,Cancelled,Automotive
3082,313,Ware House E,2026-05-28,2026-05-31,99,8828,In Transit,Electronics
3083,323,Ware House C,2026-05-16,2026-05-22,69,5299,Cancelled,Pharma
3084,168,Ware House D,2026-05-19,2026-05-27,85,4535,In Transit,Industrial
3085,211,Ware House A,2026-06-04,2026-06-12,61,3541,Delivered,Industrial
3086,311,Ware House A,2026-05-20,2026-05-28,20,7258,Cancelled,Electronics
3087,437,Ware House E,2026-05-31,2026-06-05,40,6650,Cancelled,Pharma
3088,185,Ware House C,2026-05-12,2026-05-21,92,9843,Delivered,FMCG
3089,125,Ware House B,2026-05-07,2026-05-16,70,3670,Cancelled,Automotive
3090,413,Ware House A,2026-05-06,2026-05-08,10,4274,Delayed,Automotive
3091,32,Ware House E,2026-05-24,2026-05-27,31,8492,In Transit,Electronics
3092,378,Ware House C,2026-05-19,2026-05-23,7,9391,Cancelled,Industrial
3093,365,Ware House B,2026-05-27,2026-06-01,21,8814,Delivered,Electronics
3094,160,Ware House A,2026-05-10,2026-05-18,72,4141,Delayed,Electronics
3095,378,Ware House A,2026-05-21,2026-05-23,30,2936,Delayed,Electronics
3096,120,Ware House D,2026-05-24,2026-05-26,46,2027,Cancelled,Industrial
3097,332,Ware House C,2026-05-19,2026-05-22,33,6048,In Transit,FMCG
3098,389,Ware House E,2026-05-21,2026-05-27,70,1115,Delivered,Pharma
3099,383,Ware House C,2026-05-30,2026-06-03,72,2173,Delayed,FMCG
3100,347,Ware House C,2026-05-25,2026-06-04,18,7602,Cancelled,Pharma
3101,302,Ware House E,2026-05-28,2026-05-29,36,8593,In Transit,Automotive
3102,110,Ware House D,2026-05-31,2026-06-08,36,5797,Cancelled,Industrial
3103,24,Ware House A,2026-05-09,2026-05-13,60,7545,Delivered,Industrial
3104,187,Ware House B,2026-06-03,2026-06-04,42,7013,In Transit,Pharma
3105,305,Ware House B,2026-05-26,2026-06-02,45,106,In Transit,FMCG
3106,214,Ware House B,2026-05-20,2026-05-30,31,4899,In Transit,FMCG
3107,380,Ware House D,2026-05-09,2026-05-12,53,9832,Delayed,Industrial
3108,371,Ware House D,2026-05-09,2026-05-18,59,523,Delayed,Industrial
3109,337,Ware House B,2026-05-22,2026-05-31,28,9190,Delayed,FMCG
3110,266,Ware House C,2026-05-14,2026-05-20,91,3765,Delayed,Pharma
3111,113,Ware House C,2026-05-23,2026-05-29,92,6532,Cancelled,Automotive
3112,32,Ware House A,2026-05-15,2026-05-22,9,954,Delivered,Industrial
3113,16,Ware House E,2026-05-30,2026-06-07,98,4129,Cancelled,Pharma
3114,51,Ware House D,2026-05-30,2026-06-01,41,4899,In Transit,Industrial
3115,172,Ware House D,2026-05-16,2026-05-20,56,2746,In Transit,Automotive
3116,464,Ware House D,2026-05-13,2026-05-23,64,4172,Delayed,Industrial
3117,89,Ware House D,2026-05-27,2026-05-30,55,6847,Delivered,Pharma
3118,97,Ware House E,2026-05-25,2026-05-28,94,9133,Delayed,Industrial
3119,337,Ware House D,2026-05-06,2026-05-11,83,9968,In Transit,Automotive
3120,486,Ware House B,2026-05-21,2026-05-24,13,7706,Delivered,Automotive
3121,153,Ware House B,2026-05-11,2026-05-17,4,2869,Delayed,Automotive
3122,220,Ware House C,2026-05-06,2026-05-10,85,4531,Delayed,Pharma
3123,9,Ware House D,2026-05-31,2026-06-04,58,3865,Delayed,Automotive
3124,62,Ware House C,2026-05-15,2026-05-17,64,946,Cancelled,FMCG
3125,438,Ware House B,2026-05-17,2026-05-21,68,3049,Cancelled,Electronics
3126,177,Ware House D,2026-05-16,2026-05-21,38,4789,Cancelled,Pharma
3127,148,Ware House A,2026-06-01,2026-06-05,38,184,Delivered,Pharma
3128,42,Ware House E,2026-05-10,2026-05-11,78,7662,Delivered,Electronics
3129,324,Ware House C,2026-05-20,2026-05-23,89,7454,Cancelled,FMCG
3130,135,Ware House C,2026-05-23,2026-06-02,25,8022,Delivered,FMCG
3131,342,Ware House A,2026-05-08,2026-05-18,65,9352,In Transit,Industrial
3132,405,Ware House C,2026-05-16,2026-05-21,92,6205,Delivered,Industrial
3133,455,Ware House E,2026-05-24,2026-05-30,76,4049,Cancelled,Industrial
3134,416,Ware House A,2026-06-03,2026-06-13,39,577,In Transit,Industrial
3135,2,Ware House A,2026-05-08,2026-05-11,85,3627,In Transit,Industrial
3136,255,Ware House A,2026-05-10,2026-05-15,16,9148,Delivered,Automotive
3137,431,Ware House C,2026-05-28,2026-06-04,75,2999,Delayed,FMCG
3138,127,Ware House D,2026-05-23,2026-05-27,51,1302,Delayed,Electronics
3139,289,Ware House C,2026-05-24,2026-06-01,37,3958,Delivered,Industrial
3140,292,Ware House D,2026-05-31,2026-06-09,31,7162,Delayed,FMCG
3141,449,Ware House B,2026-05-20,2026-05-25,89,4957,Cancelled,Automotive
3142,380,Ware House C,2026-06-04,2026-06-13,40,2055,Delayed,Pharma
3143,350,Ware House B,2026-05-21,2026-05-22,27,7345,Delivered,Electronics
3144,168,Ware House A,2026-05-11,2026-05-18,67,272,Cancelled,Industrial
3145,145,Ware House C,2026-05-06,2026-05-13,14,6205,Delivered,Automotive
3146,384,Ware House E,2026-06-01,2026-06-07,67,5929,In Transit,Automotive
3147,358,Ware House A,2026-05-10,2026-05-18,31,2923,In Transit,Electronics
3148,133,Ware House C,2026-06-01,2026-06-05,21,1679,Delivered,Automotive
3149,277,Ware House A,2026-05-20,2026-05-22,92,9777,Delivered,FMCG
3150,397,Ware House C,2026-05-27,2026-05-31,76,125,Delivered,Electronics
3151,146,Ware House C,2026-05-25,2026-06-02,5,8561,In Transit,Electronics
3152,211,Ware House D,2026-05-13,2026-05-16,40,8307,Cancelled,Automotive
3153,422,Ware House D,2026-05-31,2026-06-04,4,8475,Cancelled,FMCG
3154,397,Ware House A,2026-05-19,2026-05-24,44,8368,Cancelled,Electronics
3155,263,Ware House D,2026-06-04,2026-06-05,22,6716,Cancelled,FMCG
3156,133,Ware House D,2026-05-24,2026-05-29,33,128,Cancelled,Electronics
3157,264,Ware House A,2026-06-01,2026-06-06,36,7830,Cancelled,Automotive
3158,15,Ware House C,2026-05-13,2026-05-22,62,2186,Delivered,Pharma
3159,407,Ware House D,2026-05-08,2026-05-14,86,3242,Cancelled,Electronics
3160,140,Ware House B,2026-05-10,2026-05-20,84,2292,Delivered,Automotive
3161,249,Ware House B,2026-05-10,2026-05-11,4,7636,Delivered,Pharma
3162,320,Ware House A,2026-05-13,2026-05-19,81,8856,In Transit,Automotive
3163,23,Ware House E,2026-05-23,2026-06-02,18,7692,Delivered,Industrial
3164,188,Ware House A,2026-05-29,2026-06-04,70,2003,Cancelled,Pharma
3165,251,Ware House B,2026-05-18,2026-05-25,25,8306,Delivered,Pharma
3166,426,Ware House D,2026-05-26,2026-05-29,66,7484,In Transit,Electronics
3167,150,Ware House C,2026-06-02,2026-06-10,59,5286,Delayed,FMCG
3168,291,Ware House D,2026-05-14,2026-05-24,4,8934,Delivered,Automotive
3169,405,Ware House B,2026-05-30,2026-06-07,17,1406,Cancelled,Automotive
3170,198,Ware House A,2026-05-16,2026-05-24,35,4029,Delivered,Automotive
3171,170,Ware House D,2026-05-12,2026-05-13,31,4182,In Transit,Pharma
3172,211,Ware House C,2026-05-24,2026-05-30,63,6575,Delayed,Industrial
3173,214,Ware House E,2026-05-17,2026-05-27,46,9000,Cancelled,Pharma
3174,496,Ware House A,2026-05-26,2026-06-04,58,9382,Delivered,Electronics
3175,466,Ware House B,2026-06-03,2026-06-13,88,3475,In Transit,Industrial
3176,2,Ware House E,2026-05-11,2026-05-15,36,7426,Cancelled,Automotive
3177,476,Ware House D,2026-05-11,2026-05-19,16,8909,Delivered,FMCG
3178,471,Ware House D,2026-05-08,2026-05-15,68,865,Delayed,FMCG
3179,322,Ware House B,2026-05-31,2026-06-06,100,8655,In Transit,Pharma
3180,391,Ware House D,2026-05-20,2026-05-22,30,5297,In Transit,FMCG
3181,20,Ware House A,2026-05-29,2026-06-08,68,7174,Cancelled,Pharma
3182,40,Ware House D,2026-05-24,2026-05-26,44,3967,Delayed,FMCG
3183,281,Ware House E,2026-05-30,2026-06-01,68,6626,Delivered,FMCG
3184,147,Ware House D,2026-05-14,2026-05-15,83,2702,Cancelled,Pharma
3185,140,Ware House E,2026-05-30,2026-06-09,4,1324,In Transit,Pharma
3186,19,Ware House E,2026-05-08,2026-05-16,68,2109,In Transit,FMCG
3187,348,Ware House E,2026-05-25,2026-05-29,2,5170,Delayed,Industrial
3188,243,Ware House A,2026-05-07,2026-05-16,61,6484,In Transit,FMCG
3189,213,Ware House B,2026-05-20,2026-05-26,60,2009,Delayed,Industrial
3190,64,Ware House C,2026-05-06,2026-05-15,66,4025,Delivered,Industrial
3191,423,Ware House D,2026-05-31,2026-06-05,81,5951,Delayed,Pharma
3192,284,Ware House A,2026-05-17,2026-05-20,2,6775,In Transit,Electronics
3193,278,Ware House E,2026-06-04,2026-06-10,28,5557,Delivered,Automotive
3194,44,Ware House C,2026-05-08,2026-05-12,18,6038,In Transit,Automotive
3195,272,Ware House B,2026-05-19,2026-05-21,28,6871,Delayed,Electronics
3196,196,Ware House C,2026-05-13,2026-05-14,68,9239,Delivered,Electronics
3197,457,Ware House D,2026-05-25,2026-05-31,54,1595,In Transit,Automotive
3198,192,Ware House A,2026-05-24,2026-05-27,60,5430,Cancelled,Electronics
3199,490,Ware House A,2026-05-27,2026-05-28,68,4134,Delayed,Automotive
3200,192,Ware House C,2026-05-13,2026-05-15,91,9548,Delayed,Pharma
3201,146,Ware House D,2026-05-16,2026-05-18,76,4300,Delayed,Automotive
3202,326,Ware House C,2026-06-02,2026-06-09,81,5608,In Transit,Pharma
3203,72,Ware House C,2026-05-17,2026-05-25,53,118,Delivered,Automotive
3204,413,Ware House A,2026-05-20,2026-05-24,6,3030,Delivered,Automotive
3205,108,Ware House B,2026-05-10,2026-05-12,77,3572,Cancelled,Industrial
3206,35,Ware House E,2026-05-14,2026-05-24,64,2746,Delivered,Automotive
3207,12,Ware House D,2026-06-02,2026-06-04,39,9414,Cancelled,Pharma
3208,462,Ware House B,2026-05-30,2026-06-02,17,3485,Delayed,Industrial
3209,348,Ware House B,2026-05-27,2026-05-30,70,1407,Delivered,Electronics
3210,62,Ware House E,2026-05-29,2026-05-31,38,8985,Delivered,Pharma
3211,172,Ware House E,2026-05-30,2026-06-04,24,8255,Delivered,Industrial
3212,471,Ware House E,2026-05-17,2026-05-26,65,253,Delayed,FMCG
3213,436,Ware House D,2026-05-21,2026-05-22,29,7772,Cancelled,Automotive
3214,25,Ware House C,2026-06-03,2026-06-09,77,3684,Delivered,Pharma
3215,45,Ware House A,2026-05-26,2026-06-04,90,5651,Delivered,Electronics
3216,367,Ware House A,2026-05-31,2026-06-07,75,1194,In Transit,Automotive
3217,218,Ware House B,2026-05-17,2026-05-25,31,4605,Cancelled,Pharma
3218,466,Ware House E,2026-06-03,2026-06-05,19,2475,Delivered,Electronics
3219,136,Ware House E,2026-05-16,2026-05-21,98,7598,Delivered,Electronics
3220,65,Ware House A,2026-05-11,2026-05-19,65,2740,Cancelled,FMCG
3221,306,Ware House D,2026-05-22,2026-05-27,73,8873,Delayed,Automotive
3222,179,Ware House C,2026-05-18,2026-05-21,20,6605,Cancelled,Electronics
3223,338,Ware House C,2026-06-02,2026-06-06,17,4104,In Transit,Electronics
3224,118,Ware House D,2026-05-08,2026-05-10,54,9545,Delivered,Industrial
3225,208,Ware House C,2026-06-03,2026-06-07,6,5978,Cancelled,FMCG
3226,429,Ware House B,2026-05-23,2026-06-02,51,3685,In Transit,FMCG
3227,85,Ware House A,2026-05-08,2026-05-11,43,9739,Delayed,FMCG
3228,153,Ware House E,2026-05-10,2026-05-18,64,995,Delivered,Industrial
3229,78,Ware House C,2026-05-31,2026-06-04,48,9637,In Transit,Automotive
3230,319,Ware House C,2026-05-26,2026-06-04,98,2833,Delivered,Electronics
3231,367,Ware House E,2026-05-19,2026-05-28,100,3039,Delayed,FMCG
3232,247,Ware House D,2026-05-07,2026-05-09,65,3449,Cancelled,Automotive
3233,359,Ware House E,2026-05-09,2026-05-17,67,5716,Cancelled,Industrial
3234,80,Ware House D,2026-05-10,2026-05-12,13,815,In Transit,Automotive
3235,115,Ware House A,2026-05-10,2026-05-20,53,496,Delivered,Electronics
3236,378,Ware House D,2026-05-24,2026-05-27,76,5294,In Transit,Electronics
3237,337,Ware House C,2026-05-30,2026-06-06,75,8239,Cancelled,Industrial
3238,166,Ware House B,2026-05-31,2026-06-03,17,1843,Delivered,Electronics
3239,296,Ware House D,2026-05-17,2026-05-27,96,4765,Cancelled,Industrial
3240,310,Ware House C,2026-05-31,2026-06-04,70,4454,Delivered,Electronics
3241,230,Ware House D,2026-05-14,2026-05-19,48,1716,Delivered,Industrial
3242,11,Ware House C,2026-05-19,2026-05-22,90,9112,Cancelled,FMCG
3243,483,Ware House B,2026-05-18,2026-05-23,77,8959,Delivered,FMCG
3244,478,Ware House C,2026-05-12,2026-05-21,40,9049,In Transit,Industrial
3245,478,Ware House C,2026-05-22,2026-05-26,87,1119,Delivered,Pharma
3246,9,Ware House C,2026-05-14,2026-05-23,6,4781,In Transit,Automotive
3247,305,Ware House C,2026-05-26,2026-05-30,88,411,Cancelled,Electronics
3248,240,Ware House D,2026-06-03,2026-06-10,18,4284,In Transit,Industrial
3249,465,Ware House D,2026-05-06,2026-05-11,85,4002,Delayed,FMCG
3250,157,Ware House B,2026-05-18,2026-05-24,6,2496,Delivered,Automotive
3251,160,Ware House D,2026-05-26,2026-06-05,22,8386,Delayed,Pharma
3252,409,Ware House E,2026-05-27,2026-05-29,45,896,Delayed,Automotive
3253,455,Ware House E,2026-05-12,2026-05-20,50,5713,Delayed,FMCG
3254,241,Ware House D,2026-06-04,2026-06-13,6,6171,Cancelled,Electronics
3255,193,Ware House A,2026-05-15,2026-05-19,10,6326,Delivered,FMCG
3256,66,Ware House E,2026-05-10,2026-05-16,31,7718,Delivered,Electronics
3257,91,Ware House A,2026-05-24,2026-06-02,10,6341,Cancelled,FMCG
3258,269,Ware House E,2026-06-02,2026-06-09,31,3370,Delayed,Pharma
3259,392,Ware House C,2026-05-06,2026-05-12,43,688,Cancelled,Automotive
3260,293,Ware House E,2026-05-09,2026-05-11,37,851,Delayed,Pharma
3261,15,Ware House B,2026-06-02,2026-06-10,49,2339,Delivered,FMCG
3262,184,Ware House E,2026-05-09,2026-05-15,1,5263,Cancelled,FMCG
3263,286,Ware House B,2026-05-14,2026-05-19,62,7592,Delayed,Industrial
3264,96,Ware House B,2026-05-26,2026-06-04,67,5529,Cancelled,Pharma
3265,432,Ware House E,2026-05-09,2026-05-12,93,1749,Cancelled,Industrial
3266,129,Ware House A,2026-05-28,2026-06-02,45,561,Delayed,Electronics
3267,26,Ware House A,2026-05-13,2026-05-18,75,4617,In Transit,FMCG
3268,126,Ware House B,2026-05-23,2026-05-28,10,4816,In Transit,Automotive
3269,290,Ware House C,2026-06-04,2026-06-06,49,434,In Transit,Pharma
3270,131,Ware House B,2026-05-11,2026-05-18,27,1547,In Transit,Electronics
3271,448,Ware House E,2026-05-11,2026-05-17,62,3102,Delayed,Automotive
3272,274,Ware House C,2026-05-26,2026-05-31,82,4792,Cancelled,FMCG
3273,112,Ware House A,2026-05-15,2026-05-16,43,5473,Cancelled,Pharma
3274,105,Ware House D,2026-05-19,2026-05-24,88,856,Cancelled,Industrial
3275,29,Ware House A,2026-05-24,2026-06-02,70,1704,Delivered,Pharma
3276,184,Ware House A,2026-06-03,2026-06-07,67,5612,In Transit,FMCG
3277,38,Ware House E,2026-05-22,2026-05-27,14,4230,Delivered,FMCG
3278,44,Ware House D,2026-05-26,2026-05-31,67,7149,In Transit,Industrial
3279,28,Ware House B,2026-05-08,2026-05-13,84,2516,Cancelled,Industrial
3280,82,Ware House C,2026-06-02,2026-06-06,49,8389,Delivered,Electronics
3281,129,Ware House E,2026-05-17,2026-05-27,12,5930,Cancelled,Electronics
3282,267,Ware House E,2026-05-24,2026-06-03,73,5220,Cancelled,Electronics
3283,413,Ware House D,2026-05-16,2026-05-17,56,8970,Delayed,FMCG
3284,114,Ware House E,2026-05-30,2026-06-02,35,4692,Cancelled,Electronics
3285,350,Ware House E,2026-05-14,2026-05-24,41,8319,Cancelled,FMCG
3286,198,Ware House A,2026-05-14,2026-05-24,76,7506,Delayed,FMCG
3287,453,Ware House B,2026-05-24,2026-05-28,23,5390,Delivered,Industrial
3288,68,Ware House B,2026-05-09,2026-05-13,2,4691,Cancelled,Pharma
3289,287,Ware House D,2026-05-08,2026-05-14,25,1516,In Transit,FMCG
3290,449,Ware House A,2026-05-20,2026-05-29,87,205,Delayed,FMCG
3291,107,Ware House A,2026-05-18,2026-05-22,18,6771,In Transit,Electronics
3292,173,Ware House A,2026-05-17,2026-05-25,51,3290,Delivered,FMCG
3293,500,Ware House E,2026-05-15,2026-05-22,89,6136,Delayed,Automotive
3294,254,Ware House C,2026-05-10,2026-05-20,61,480,Delivered,Automotive
3295,32,Ware House D,2026-06-01,2026-06-06,75,6998,In Transit,Automotive
3296,306,Ware House A,2026-05-26,2026-06-01,37,6163,Delayed,Electronics
3297,26,Ware House B,2026-05-12,2026-05-19,59,5737,Cancelled,FMCG
3298,266,Ware House E,2026-05-13,2026-05-14,13,7978,Delayed,Pharma
3299,403,Ware House A,2026-05-19,2026-05-27,31,5260,Cancelled,FMCG
3300,228,Ware House A,2026-05-09,2026-05-11,57,8663,Delayed,FMCG
3301,261,Ware House C,2026-05-20,2026-05-26,75,2884,Delivered,Electronics
3302,402,Ware House A,2026-05-28,2026-06-06,83,3677,Cancelled,Automotive
3303,57,Ware House A,2026-05-09,2026-05-13,11,276,In Transit,Industrial
3304,223,Ware House C,2026-05-08,2026-05-16,22,2007,Delivered,Pharma
3305,49,Ware House B,2026-05-17,2026-05-18,84,6760,Delivered,Pharma
3306,139,Ware House B,2026-06-01,2026-06-05,33,1008,Cancelled,Industrial
3307,184,Ware House D,2026-05-07,2026-05-09,86,2745,Cancelled,Automotive
3308,16,Ware House B,2026-05-27,2026-06-01,41,3339,Delivered,FMCG
3309,202,Ware House A,2026-05-27,2026-06-04,99,4308,Delayed,Automotive
3310,322,Ware House A,2026-05-29,2026-06-05,25,8837,Cancelled,Automotive
3311,264,Ware House B,2026-05-29,2026-06-08,32,3399,Cancelled,Pharma
3312,399,Ware House D,2026-05-28,2026-06-02,40,5788,Delayed,FMCG
3313,299,Ware House B,2026-05-22,2026-05-31,73,3175,Delivered,Automotive
3314,284,Ware House C,2026-05-24,2026-05-25,49,9698,Delivered,Industrial
3315,91,Ware House C,2026-06-04,2026-06-11,79,3645,Delivered,FMCG
3316,485,Ware House A,2026-05-26,2026-05-27,36,7342,Cancelled,Pharma
3317,420,Ware House A,2026-05-30,2026-05-31,12,8564,Cancelled,Automotive
3318,432,Ware House C,2026-06-02,2026-06-11,73,3869,In Transit,FMCG
3319,495,Ware House C,2026-06-04,2026-06-12,21,7975,Delivered,Electronics
3320,432,Ware House C,2026-05-11,2026-05-15,2,1402,In Transit,FMCG
3321,349,Ware House D,2026-05-06,2026-05-11,84,2601,In Transit,FMCG
3322,288,Ware House C,2026-05-25,2026-06-04,90,2860,Delayed,Electronics
3323,383,Ware House C,2026-05-29,2026-06-04,17,2459,Cancelled,Industrial
3324,330,Ware House D,2026-05-24,2026-05-30,5,3860,Delivered,FMCG
3325,272,Ware House A,2026-05-09,2026-05-16,71,7639,In Transit,Automotive
3326,374,Ware House C,2026-05-20,2026-05-26,89,9168,Cancelled,Industrial
3327,225,Ware House E,2026-05-07,2026-05-13,31,7569,Delivered,Industrial
3328,398,Ware House D,2026-05-13,2026-05-14,94,7911,Delayed,FMCG
3329,97,Ware House E,2026-06-02,2026-06-04,30,6082,Delivered,Industrial
3330,174,Ware House B,2026-05-09,2026-05-14,26,4612,Delayed,Automotive
3331,123,Ware House B,2026-05-31,2026-06-07,44,4798,Delivered,Electronics
3332,147,Ware House B,2026-05-22,2026-05-31,69,1847,Delayed,Industrial
3333,453,Ware House C,2026-06-03,2026-06-06,2,9671,Cancelled,Automotive
3334,39,Ware House C,2026-05-31,2026-06-06,41,1359,Cancelled,FMCG
3335,26,Ware House C,2026-06-01,2026-06-04,44,6478,Delivered,Pharma
3336,11,Ware House A,2026-05-31,2026-06-05,22,9742,In Transit,Industrial
3337,14,Ware House E,2026-05-08,2026-05-14,64,3192,Delayed,Pharma
3338,181,Ware House D,2026-05-24,2026-05-31,97,6116,Delivered,Pharma
3339,188,Ware House D,2026-05-19,2026-05-28,89,3675,In Transit,FMCG
3340,180,Ware House C,2026-06-02,2026-06-04,82,6777,Delayed,Pharma
3341,7,Ware House C,2026-05-06,2026-05-13,69,6081,In Transit,Automotive
3342,45,Ware House A,2026-05-09,2026-05-17,58,7513,Delivered,FMCG
3343,203,Ware House C,2026-05-08,2026-05-13,72,852,Delivered,Pharma
3344,52,Ware House E,2026-05-24,2026-05-31,72,2113,Delivered,FMCG
3345,123,Ware House D,2026-05-31,2026-06-05,35,1031,In Transit,Automotive
3346,136,Ware House D,2026-05-16,2026-05-19,9,3303,Delayed,Automotive
3347,316,Ware House B,2026-05-09,2026-05-11,79,4156,Delivered,Industrial
3348,260,Ware House B,2026-06-01,2026-06-03,86,5739,In Transit,FMCG
3349,272,Ware House B,2026-05-28,2026-06-07,6,9913,In Transit,Pharma
3350,123,Ware House D,2026-06-01,2026-06-08,82,7577,In Transit,Electronics
3351,83,Ware House C,2026-05-18,2026-05-25,71,9240,In Transit,Electronics
3352,459,Ware House C,2026-05-14,2026-05-16,98,1013,In Transit,Electronics
3353,457,Ware House A,2026-05-11,2026-05-14,10,8518,In Transit,FMCG
3354,373,Ware House D,2026-05-14,2026-05-15,85,7564,Delivered,FMCG
3355,345,Ware House D,2026-06-03,2026-06-08,55,2321,Delayed,Automotive
3356,411,Ware House B,2026-06-02,2026-06-07,18,5623,Cancelled,Industrial
3357,434,Ware House B,2026-05-25,2026-05-28,55,6475,Cancelled,Industrial
3358,291,Ware House C,2026-05-22,2026-06-01,33,7673,Delayed,Pharma
3359,315,Ware House A,2026-05-30,2026-06-02,90,6468,Delayed,Industrial
3360,457,Ware House D,2026-06-04,2026-06-14,66,7627,Cancelled,Industrial
3361,79,Ware House A,2026-05-21,2026-05-30,1,6038,Delivered,Electronics
3362,491,Ware House E,2026-05-24,2026-06-02,56,974,Delayed,Electronics
3363,17,Ware House D,2026-05-07,2026-05-11,96,8981,Cancelled,Automotive
3364,374,Ware House D,2026-05-07,2026-05-09,87,8024,Cancelled,Industrial
3365,253,Ware House E,2026-05-29,2026-06-02,73,4068,In Transit,Pharma
3366,231,Ware House B,2026-05-30,2026-06-03,25,6977,In Transit,Automotive
3367,403,Ware House E,2026-05-31,2026-06-06,58,334,In Transit,Electronics
3368,63,Ware House A,2026-06-04,2026-06-06,61,2269,In Transit,Electronics
3369,16,Ware House A,2026-05-27,2026-05-30,90,1455,In Transit,Pharma
3370,410,Ware House E,2026-05-11,2026-05-15,5,1361,Delivered,Automotive
3371,151,Ware House A,2026-06-02,2026-06-06,60,3031,In Transit,Industrial
3372,344,Ware House C,2026-05-26,2026-06-01,55,3686,Cancelled,Automotive
3373,400,Ware House B,2026-05-11,2026-05-13,6,5009,In Transit,Industrial
3374,300,Ware House A,2026-05-25,2026-06-04,25,7343,In Transit,Electronics
3375,329,Ware House C,2026-05-15,2026-05-22,66,3366,Delayed,Electronics
3376,263,Ware House D,2026-05-20,2026-05-27,86,3183,Delayed,Pharma
3377,68,Ware House E,2026-06-04,2026-06-07,99,9451,Delivered,FMCG
3378,41,Ware House E,2026-05-22,2026-05-28,62,3919,Cancelled,FMCG
3379,402,Ware House B,2026-05-16,2026-05-23,98,4894,Cancelled,Electronics
3380,204,Ware House A,2026-05-21,2026-05-30,39,4494,Delivered,Electronics
3381,174,Ware House E,2026-05-06,2026-05-10,51,3633,Delivered,Industrial
3382,391,Ware House A,2026-05-17,2026-05-27,1,3415,Delayed,Industrial
3383,231,Ware House C,2026-05-08,2026-05-17,46,2074,In Transit,Industrial
3384,53,Ware House A,2026-05-27,2026-06-06,11,3782,Cancelled,Electronics
3385,118,Ware House B,2026-05-16,2026-05-24,17,6487,Delivered,Pharma
3386,398,Ware House A,2026-05-11,2026-05-21,95,1753,Cancelled,Electronics
3387,226,Ware House B,2026-06-02,2026-06-12,25,9701,Cancelled,Industrial
3388,429,Ware House D,2026-05-20,2026-05-29,75,7374,Delayed,Automotive
3389,435,Ware House C,2026-05-19,2026-05-21,6,8714,Delivered,Pharma
3390,61,Ware House D,2026-06-03,2026-06-07,39,4721,In Transit,FMCG
3391,463,Ware House C,2026-05-20,2026-05-30,24,1037,Delayed,Pharma
3392,153,Ware House D,2026-05-29,2026-06-03,93,3647,Delivered,Electronics
3393,38,Ware House C,2026-05-21,2026-05-23,96,7605,Cancelled,FMCG
3394,450,Ware House D,2026-05-12,2026-05-16,9,900,In Transit,Pharma
3395,450,Ware House E,2026-05-22,2026-05-24,32,1777,Cancelled,FMCG
3396,263,Ware House D,2026-05-27,2026-06-01,85,9868,Delivered,Pharma
3397,354,Ware House D,2026-05-07,2026-05-11,55,4168,In Transit,Electronics
3398,162,Ware House C,2026-05-17,2026-05-20,70,4534,Cancelled,Industrial
3399,270,Ware House E,2026-05-24,2026-05-25,31,6464,In Transit,FMCG
3400,294,Ware House C,2026-05-19,2026-05-26,10,1316,In Transit,Automotive
3401,105,Ware House E,2026-06-02,2026-06-04,18,6174,Delivered,FMCG
3402,424,Ware House B,2026-05-18,2026-05-21,50,5883,Delayed,Automotive
3403,258,Ware House B,2026-05-16,2026-05-19,33,7530,Delivered,Pharma
3404,113,Ware House E,2026-05-08,2026-05-15,21,9421,Delivered,Automotive
3405,366,Ware House B,2026-05-25,2026-06-04,91,2864,Delayed,Industrial
3406,465,Ware House C,2026-05-24,2026-06-02,76,4338,Cancelled,Electronics
3407,20,Ware House D,2026-05-14,2026-05-22,97,6623,Cancelled,Industrial
3408,228,Ware House C,2026-05-21,2026-05-22,74,4334,Delayed,FMCG
3409,70,Ware House D,2026-06-02,2026-06-03,27,3387,Delivered,FMCG
3410,478,Ware House B,2026-05-14,2026-05-19,83,2714,Cancelled,FMCG
3411,98,Ware House D,2026-06-02,2026-06-03,52,6174,Delayed,Industrial
3412,323,Ware House C,2026-05-27,2026-06-01,81,2098,Delayed,Automotive
3413,39,Ware House C,2026-05-25,2026-06-02,83,3090,Cancelled,FMCG
3414,349,Ware House A,2026-05-30,2026-06-01,100,2186,In Transit,FMCG
3415,418,Ware House B,2026-05-24,2026-05-26,37,3743,Delayed,Industrial
3416,296,Ware House B,2026-05-16,2026-05-22,47,8245,In Transit,Electronics
3417,290,Ware House E,2026-05-31,2026-06-02,40,9142,In Transit,FMCG
3418,379,Ware House C,2026-05-07,2026-05-14,65,6823,In Transit,Pharma
3419,57,Ware House D,2026-05-29,2026-06-08,11,5137,Delayed,Industrial
3420,493,Ware House D,2026-05-16,2026-05-18,16,2045,In Transit,Automotive
3421,201,Ware House C,2026-05-22,2026-05-23,75,5335,In Transit,Industrial
3422,60,Ware House E,2026-06-02,2026-06-11,75,3620,Delayed,Electronics
3423,365,Ware House C,2026-05-13,2026-05-20,76,186,Cancelled,Electronics
3424,452,Ware House C,2026-06-03,2026-06-12,73,697,Cancelled,Electronics
3425,123,Ware House E,2026-06-02,2026-06-09,30,7848,Delayed,Industrial
3426,357,Ware House C,2026-05-15,2026-05-25,4,1761,Cancelled,Industrial
3427,440,Ware House E,2026-05-10,2026-05-18,32,3311,Cancelled,Electronics
3428,292,Ware House A,2026-05-08,2026-05-14,97,5451,Cancelled,Industrial
3429,55,Ware House D,2026-05-13,2026-05-17,92,1254,Delayed,Automotive
3430,311,Ware House C,2026-05-22,2026-05-31,64,5123,Cancelled,Pharma
3431,292,Ware House E,2026-05-20,2026-05-28,91,6806,Cancelled,Automotive
3432,310,Ware House B,2026-05-16,2026-05-20,71,4408,Cancelled,Automotive
3433,273,Ware House B,2026-05-29,2026-06-07,12,7699,Delayed,FMCG
3434,69,Ware House A,2026-05-31,2026-06-03,87,879,In Transit,Industrial
3435,240,Ware House A,2026-05-22,2026-05-28,20,2052,Delayed,Electronics
3436,203,Ware House E,2026-05-23,2026-05-30,99,387,Cancelled,Pharma
3437,71,Ware House B,2026-05-21,2026-05-22,31,4714,In Transit,FMCG
3438,400,Ware House A,2026-05-26,2026-06-01,11,8580,Cancelled,Electronics
3439,406,Ware House B,2026-05-26,2026-06-04,46,7023,Delayed,FMCG
3440,234,Ware House A,2026-05-21,2026-05-24,50,1237,Cancelled,FMCG
3441,190,Ware House E,2026-06-01,2026-06-06,59,5680,In Transit,Industrial
3442,336,Ware House B,2026-05-20,2026-05-30,73,8440,Cancelled,Electronics
3443,328,Ware House A,2026-05-18,2026-05-23,35,2853,Cancelled,Electronics
3444,225,Ware House E,2026-05-23,2026-05-31,87,3234,Delivered,Electronics
3445,192,Ware House A,2026-06-01,2026-06-09,58,512,Delayed,Automotive
3446,406,Ware House A,2026-05-09,2026-05-18,85,7024,Delivered,FMCG
3447,425,Ware House D,2026-05-22,2026-06-01,51,5943,In Transit,Electronics
3448,151,Ware House E,2026-05-06,2026-05-11,98,8964,Cancelled,Electronics
3449,47,Ware House A,2026-06-04,2026-06-13,44,2184,Delayed,Electronics
3450,468,Ware House D,2026-05-27,2026-06-01,77,1133,Cancelled,FMCG
3451,321,Ware House C,2026-05-31,2026-06-10,56,4143,Cancelled,Pharma
3452,453,Ware House B,2026-05-08,2026-05-14,16,7889,Delayed,Pharma
3453,478,Ware House D,2026-05-25,2026-06-03,45,195,Cancelled,Industrial
3454,219,Ware House E,2026-05-17,2026-05-21,62,7132,Delayed,Electronics
3455,168,Ware House E,2026-05-13,2026-05-14,78,7656,Delivered,Pharma
3456,461,Ware House E,2026-05-22,2026-05-29,19,7726,Delayed,Industrial
3457,50,Ware House A,2026-05-08,2026-05-10,67,6626,Cancelled,Industrial
3458,427,Ware House A,2026-05-27,2026-06-02,23,1339,Cancelled,Automotive
3459,283,Ware House A,2026-05-30,2026-06-05,41,1355,Delivered,FMCG
3460,460,Ware House E,2026-05-06,2026-05-08,52,6994,Cancelled,Electronics
3461,59,Ware House E,2026-05-19,2026-05-28,13,4202,Cancelled,Electronics
3462,45,Ware House C,2026-05-14,2026-05-22,19,2332,Delivered,FMCG
3463,400,Ware House C,2026-05-21,2026-05-26,41,2178,In Transit,FMCG
3464,192,Ware House A,2026-05-29,2026-06-02,35,4183,Cancelled,Electronics
3465,327,Ware House C,2026-05-26,2026-06-04,33,9958,Delivered,FMCG
3466,496,Ware House D,2026-05-22,2026-05-31,3,5488,In Transit,Pharma
3467,72,Ware House B,2026-05-30,2026-06-06,4,9122,Delayed,Electronics
3468,426,Ware House A,2026-05-27,2026-05-31,86,3580,In Transit,Automotive
3469,238,Ware House B,2026-05-11,2026-05-12,8,9335,Delivered,Electronics
3470,307,Ware House B,2026-05-21,2026-05-23,87,4499,Delivered,Pharma
3471,68,Ware House E,2026-06-02,2026-06-07,2,6783,In Transit,Pharma
3472,308,Ware House B,2026-05-19,2026-05-22,91,6383,Delayed,Electronics
3473,209,Ware House C,2026-05-19,2026-05-25,44,8216,Cancelled,Pharma
3474,154,Ware House D,2026-05-26,2026-05-28,40,7733,Delivered,Industrial
3475,364,Ware House A,2026-05-25,2026-05-29,26,2193,Delivered,FMCG
3476,424,Ware House B,2026-05-25,2026-06-04,8,3719,In Transit,Pharma
3477,337,Ware House C,2026-05-27,2026-05-28,54,7655,Delivered,Industrial
3478,385,Ware House A,2026-05-10,2026-05-15,42,814,Delayed,Automotive
3479,206,Ware House B,2026-05-17,2026-05-18,73,6697,Cancelled,FMCG
3480,15,Ware House D,2026-05-12,2026-05-21,9,6696,Delivered,FMCG
3481,498,Ware House A,2026-05-25,2026-05-30,66,9899,Delivered,Pharma
3482,355,Ware House D,2026-05-07,2026-05-15,81,3845,In Transit,Automotive
3483,125,Ware House D,2026-05-06,2026-05-12,81,4183,Delivered,Pharma
3484,114,Ware House B,2026-05-08,2026-05-14,97,7935,Delayed,FMCG
3485,395,Ware House D,2026-05-18,2026-05-27,15,7944,Delivered,Industrial
3486,72,Ware House A,2026-05-14,2026-05-15,34,8020,Delayed,Industrial
3487,317,Ware House E,2026-05-16,2026-05-23,93,3415,In Transit,Industrial
3488,121,Ware House C,2026-05-09,2026-05-13,46,4348,In Transit,Pharma
3489,435,Ware House B,2026-05-14,2026-05-24,43,3219,Cancelled,FMCG
3490,180,Ware House C,2026-05-08,2026-05-12,29,5964,Delivered,Electronics
3491,294,Ware House D,2026-05-20,2026-05-26,54,6879,Delivered,Automotive
3492,61,Ware House A,2026-06-03,2026-06-11,28,8996,Delivered,Industrial
3493,485,Ware House B,2026-05-22,2026-05-28,11,3765,Delayed,Electronics
3494,112,Ware House D,2026-05-08,2026-05-15,95,9490,Cancelled,Industrial
3495,87,Ware House A,2026-05-22,2026-05-24,38,4103,In Transit,Pharma
3496,164,Ware House B,2026-05-20,2026-05-21,65,6354,Cancelled,Electronics
3497,28,Ware House A,2026-05-20,2026-05-23,1,779,Delivered,Electronics
3498,166,Ware House D,2026-05-26,2026-06-01,73,7097,Delayed,Industrial
3499,98,Ware House C,2026-05-19,2026-05-21,48,2547,Delivered,Industrial
3500,18,Ware House B,2026-05-16,2026-05-24,1,3916,Delivered,Automotive
3501,142,Ware House B,2026-05-15,2026-05-24,95,5868,Cancelled,Automotive
3502,129,Ware House E,2026-06-02,2026-06-12,98,7379,Delivered,FMCG
3503,53,Ware House E,2026-05-20,2026-05-26,26,8525,Delayed,Industrial
3504,139,Ware House C,2026-05-24,2026-05-28,39,9164,Delayed,FMCG
3505,72,Ware House C,2026-05-09,2026-05-17,74,988,Cancelled,Electronics
3506,308,Ware House E,2026-06-04,2026-06-07,86,7229,Delivered,Industrial
3507,252,Ware House C,2026-05-19,2026-05-27,51,3269,In Transit,Industrial
3508,457,Ware House B,2026-05-29,2026-05-30,53,7275,In Transit,Automotive
3509,491,Ware House E,2026-05-10,2026-05-13,83,6683,Delivered,Electronics
3510,188,Ware House C,2026-05-06,2026-05-11,81,9170,In Transit,Pharma
3511,332,Ware House E,2026-05-29,2026-06-05,68,9603,Cancelled,Industrial
3512,363,Ware House C,2026-05-06,2026-05-15,89,603,Delivered,Electronics
3513,3,Ware House C,2026-05-29,2026-06-04,4,4942,Cancelled,Pharma
3514,193,Ware House D,2026-06-02,2026-06-11,15,3549,In Transit,Industrial
3515,76,Ware House A,2026-06-04,2026-06-10,55,649,Cancelled,Industrial
3516,442,Ware House A,2026-05-20,2026-05-25,99,7231,Delivered,Pharma
3517,247,Ware House C,2026-05-22,2026-05-31,39,1950,Cancelled,FMCG
3518,211,Ware House D,2026-05-18,2026-05-21,87,5681,Delayed,Pharma
3519,410,Ware House E,2026-05-22,2026-05-31,48,9841,Delivered,Pharma
3520,264,Ware House C,2026-05-07,2026-05-17,73,9662,In Transit,Electronics
3521,174,Ware House E,2026-06-03,2026-06-08,85,609,Delivered,Pharma
3522,306,Ware House C,2026-05-07,2026-05-13,35,5194,Delivered,Industrial
3523,238,Ware House E,2026-06-04,2026-06-13,32,7965,In Transit,FMCG
3524,92,Ware House B,2026-05-22,2026-05-23,24,8342,Delivered,FMCG
3525,330,Ware House B,2026-05-20,2026-05-21,87,3939,Delivered,Automotive
3526,418,Ware House A,2026-06-04,2026-06-10,58,908,In Transit,Electronics
3527,158,Ware House D,2026-06-03,2026-06-08,39,2730,Delayed,Automotive
3528,175,Ware House D,2026-05-22,2026-06-01,16,4790,Delayed,FMCG
3529,484,Ware House E,2026-05-18,2026-05-28,9,3260,Delayed,Automotive
3530,136,Ware House A,2026-05-20,2026-05-30,16,6439,Cancelled,Automotive
3531,451,Ware House B,2026-05-07,2026-05-14,19,2966,In Transit,Electronics
3532,160,Ware House E,2026-05-23,2026-05-24,76,5537,Cancelled,Electronics
3533,78,Ware House A,2026-05-17,2026-05-26,45,7233,Delayed,Electronics
3534,34,Ware House D,2026-06-01,2026-06-08,24,7346,Delayed,Pharma
3535,56,Ware House E,2026-05-12,2026-05-21,69,4557,Delayed,Pharma
3536,85,Ware House B,2026-05-26,2026-06-03,90,9846,Delivered,FMCG
3537,46,Ware House C,2026-05-23,2026-05-28,8,8816,Cancelled,Electronics
3538,316,Ware House E,2026-06-03,2026-06-13,24,9889,Cancelled,Automotive
3539,488,Ware House E,2026-06-03,2026-06-04,66,341,In Transit,Industrial
3540,286,Ware House B,2026-05-30,2026-06-03,12,1201,Delivered,FMCG
3541,128,Ware House A,2026-05-31,2026-06-03,15,8342,Cancelled,FMCG
3542,162,Ware House E,2026-05-31,2026-06-03,80,5995,In Transit,Industrial
3543,427,Ware House B,2026-05-24,2026-06-01,80,8029,Delayed,FMCG
3544,35,Ware House C,2026-05-28,2026-05-29,21,4298,Delayed,Pharma
3545,238,Ware House D,2026-05-21,2026-05-22,82,7816,Cancelled,Industrial
3546,289,Ware House B,2026-05-29,2026-06-02,8,9125,Cancelled,Electronics
3547,218,Ware House C,2026-05-22,2026-05-27,22,4044,In Transit,FMCG
3548,9,Ware House A,2026-05-21,2026-05-26,78,2494,Delivered,Industrial
3549,38,Ware House B,2026-05-29,2026-06-01,66,6542,Cancelled,Industrial
3550,217,Ware House C,2026-05-10,2026-05-18,56,4568,In Transit,Electronics
3551,396,Ware House B,2026-05-11,2026-05-18,7,7129,In Transit,FMCG
3552,96,Ware House D,2026-05-27,2026-05-29,32,4815,Delayed,Automotive
3553,389,Ware House D,2026-05-13,2026-05-22,13,1127,Cancelled,Pharma
3554,27,Ware House A,2026-05-18,2026-05-26,13,4254,Delivered,Electronics
3555,179,Ware House A,2026-05-26,2026-06-04,33,3230,Delayed,Industrial
3556,454,Ware House E,2026-06-02,2026-06-11,94,6067,Delayed,FMCG
3557,464,Ware House D,2026-05-06,2026-05-11,42,4324,Delayed,Pharma
3558,144,Ware House E,2026-05-22,2026-05-24,60,3639,Cancelled,Automotive
3559,384,Ware House E,2026-06-04,2026-06-05,94,481,Cancelled,Automotive
3560,451,Ware House D,2026-05-14,2026-05-23,76,7447,Delayed,Electronics
3561,49,Ware House C,2026-05-17,2026-05-25,24,7958,Delivered,Electronics
3562,301,Ware House B,2026-05-09,2026-05-19,1,8032,Delayed,Automotive
3563,229,Ware House C,2026-05-15,2026-05-24,83,8860,Cancelled,Automotive
3564,406,Ware House B,2026-05-15,2026-05-22,32,1510,In Transit,Pharma
3565,48,Ware House D,2026-05-30,2026-05-31,60,7500,In Transit,FMCG
3566,415,Ware House A,2026-06-04,2026-06-09,57,713,Delivered,Pharma
3567,81,Ware House D,2026-05-25,2026-06-01,18,3397,Cancelled,FMCG
3568,260,Ware House A,2026-05-21,2026-05-23,74,9559,In Transit,Industrial
3569,80,Ware House D,2026-05-10,2026-05-17,64,1816,Delayed,FMCG
3570,442,Ware House A,2026-05-17,2026-05-20,16,6370,In Transit,Electronics
3571,316,Ware House D,2026-05-17,2026-05-18,90,4649,Delayed,FMCG
3572,396,Ware House C,2026-05-18,2026-05-27,21,3048,In Transit,FMCG
3573,102,Ware House A,2026-05-26,2026-06-02,36,5295,Delivered,Automotive
3574,388,Ware House D,2026-05-06,2026-05-07,92,4222,Cancelled,Automotive
3575,357,Ware House B,2026-05-20,2026-05-29,74,6116,In Transit,Automotive
3576,449,Ware House B,2026-05-24,2026-05-27,90,5144,Delivered,Industrial
3577,465,Ware House D,2026-05-14,2026-05-18,22,1467,In Transit,Electronics
3578,142,Ware House E,2026-05-21,2026-05-23,34,6232,Delivered,Automotive
3579,287,Ware House A,2026-05-15,2026-05-20,63,8671,Delayed,Electronics
3580,454,Ware House D,2026-05-31,2026-06-04,96,3254,Delayed,FMCG
3581,456,Ware House D,2026-05-20,2026-05-28,26,4862,Cancelled,Pharma
3582,130,Ware House E,2026-06-01,2026-06-04,21,9183,Delivered,Industrial
3583,175,Ware House E,2026-05-28,2026-06-01,69,5175,In Transit,Automotive
3584,227,Ware House B,2026-05-11,2026-05-16,27,717,Cancelled,Electronics
3585,322,Ware House B,2026-05-25,2026-05-26,5,2021,Cancelled,Automotive
3586,175,Ware House C,2026-05-29,2026-06-04,70,4817,Delayed,Electronics
3587,337,Ware House B,2026-05-11,2026-05-15,95,2539,Delayed,Electronics
3588,358,Ware House A,2026-05-12,2026-05-14,86,4720,Delayed,Pharma
3589,412,Ware House A,2026-05-20,2026-05-25,59,8584,Cancelled,Industrial
3590,447,Ware House B,2026-05-13,2026-05-20,20,9751,Delivered,Industrial
3591,203,Ware House A,2026-05-20,2026-05-28,13,8950,Delivered,Automotive
3592,381,Ware House B,2026-05-10,2026-05-13,66,2537,Delayed,Pharma
3593,471,Ware House D,2026-05-25,2026-05-30,34,854,Cancelled,Industrial
3594,109,Ware House C,2026-06-04,2026-06-14,12,9678,Delayed,Industrial
3595,313,Ware House A,2026-05-29,2026-05-30,33,7691,Delayed,FMCG
3596,143,Ware House B,2026-05-31,2026-06-06,59,7631,Delayed,Pharma
3597,99,Ware House D,2026-05-13,2026-05-14,12,9627,Delayed,FMCG
3598,400,Ware House A,2026-05-10,2026-05-12,70,9667,Delivered,FMCG
3599,192,Ware House C,2026-05-15,2026-05-25,75,4586,Cancelled,Pharma
3600,183,Ware House E,2026-06-04,2026-06-12,31,6996,Cancelled,Electronics
3601,280,Ware House C,2026-05-20,2026-05-29,53,4020,Delivered,Automotive
3602,259,Ware House C,2026-06-04,2026-06-14,83,1639,Delayed,Automotive
3603,357,Ware House D,2026-05-11,2026-05-14,42,563,Delivered,FMCG
3604,229,Ware House E,2026-05-21,2026-05-26,33,124,Delivered,Electronics
3605,162,Ware House B,2026-06-03,2026-06-09,73,3720,In Transit,FMCG
3606,310,Ware House A,2026-05-14,2026-05-23,2,1937,Delayed,Pharma
3607,16,Ware House A,2026-05-30,2026-06-03,40,9758,Cancelled,Industrial
3608,37,Ware House C,2026-05-10,2026-05-19,3,7133,Cancelled,Industrial
3609,60,Ware House A,2026-05-18,2026-05-19,15,1529,Cancelled,Electronics
3610,190,Ware House A,2026-06-02,2026-06-10,48,8249,Delayed,Electronics
3611,177,Ware House C,2026-05-31,2026-06-05,43,5846,Delivered,Pharma
3612,355,Ware House E,2026-05-11,2026-05-19,55,8620,Delayed,Automotive
3613,279,Ware House A,2026-05-15,2026-05-22,77,5147,Delivered,Pharma
3614,244,Ware House A,2026-05-28,2026-05-30,57,9331,In Transit,Electronics
3615,85,Ware House A,2026-05-16,2026-05-24,1,6872,Cancelled,FMCG
3616,203,Ware House E,2026-05-15,2026-05-22,98,3654,In Transit,Industrial
3617,405,Ware House C,2026-06-02,2026-06-08,90,4355,Delivered,Industrial
3618,126,Ware House D,2026-05-19,2026-05-21,67,3230,Delivered,Automotive
3619,299,Ware House C,2026-05-31,2026-06-05,78,240,In Transit,Pharma
3620,340,Ware House A,2026-05-20,2026-05-29,61,1004,Delayed,FMCG
3621,499,Ware House B,2026-05-20,2026-05-26,96,732,Delayed,Pharma
3622,272,Ware House D,2026-05-12,2026-05-15,46,9625,Cancelled,Pharma
3623,329,Ware House E,2026-05-31,2026-06-05,19,1492,Delayed,Pharma
3624,67,Ware House B,2026-05-11,2026-05-21,18,927,Cancelled,Industrial
3625,168,Ware House A,2026-05-28,2026-05-30,40,8583,Cancelled,Industrial
3626,458,Ware House A,2026-05-24,2026-05-31,95,1602,Delivered,Automotive
3627,372,Ware House C,2026-05-22,2026-05-27,91,1809,Delayed,Industrial
3628,329,Ware House C,2026-05-25,2026-05-27,4,3099,Delivered,Automotive
3629,449,Ware House D,2026-05-28,2026-05-30,65,4827,Cancelled,Pharma
3630,366,Ware House B,2026-05-06,2026-05-14,8,2640,In Transit,FMCG
3631,292,Ware House E,2026-05-26,2026-05-29,61,1183,Cancelled,Electronics
3632,370,Ware House E,2026-05-14,2026-05-18,44,5070,In Transit,Pharma
3633,51,Ware House B,2026-05-07,2026-05-11,44,6190,Delivered,FMCG
3634,82,Ware House B,2026-05-16,2026-05-24,48,9583,In Transit,FMCG
3635,280,Ware House E,2026-06-03,2026-06-08,12,2356,Cancelled,Automotive
3636,329,Ware House A,2026-05-31,2026-06-06,92,4303,Delayed,Pharma
3637,396,Ware House A,2026-05-15,2026-05-22,10,1640,Cancelled,Automotive
3638,93,Ware House C,2026-05-28,2026-05-30,19,3899,Delayed,FMCG
3639,274,Ware House A,2026-05-16,2026-05-17,64,4070,Cancelled,FMCG
3640,142,Ware House E,2026-05-23,2026-06-01,27,1035,In Transit,FMCG
3641,426,Ware House D,2026-05-14,2026-05-21,36,6397,Delivered,Industrial
3642,345,Ware House B,2026-05-21,2026-05-24,11,4079,Delivered,FMCG
3643,301,Ware House C,2026-05-13,2026-05-15,8,8883,In Transit,FMCG
3644,268,Ware House E,2026-05-12,2026-05-18,24,5894,Delivered,Automotive
3645,251,Ware House E,2026-05-19,2026-05-26,6,4993,In Transit,Automotive
3646,455,Ware House D,2026-05-19,2026-05-21,70,8165,Cancelled,Electronics
3647,11,Ware House B,2026-05-19,2026-05-21,34,9203,In Transit,FMCG
3648,288,Ware House C,2026-05-16,2026-05-24,86,886,In Transit,Industrial
3649,164,Ware House D,2026-05-18,2026-05-23,93,998,Delayed,Automotive
3650,416,Ware House D,2026-05-30,2026-06-09,79,5816,In Transit,Automotive
3651,133,Ware House E,2026-05-10,2026-05-20,41,9907,In Transit,Industrial
3652,168,Ware House C,2026-05-09,2026-05-11,25,7127,Delayed,Pharma
3653,406,Ware House B,2026-05-07,2026-05-09,85,971,Delayed,Automotive
3654,447,Ware House D,2026-05-11,2026-05-19,90,7854,Delayed,Automotive
3655,135,Ware House B,2026-05-10,2026-05-17,46,1893,In Transit,Industrial
3656,494,Ware House D,2026-05-21,2026-05-25,49,2217,Delayed,FMCG
3657,327,Ware House A,2026-05-14,2026-05-17,45,3401,Delayed,Electronics
3658,254,Ware House A,2026-05-17,2026-05-27,21,1864,Cancelled,FMCG
3659,262,Ware House D,2026-05-06,2026-05-07,69,7290,In Transit,Electronics
3660,338,Ware House A,2026-05-24,2026-05-26,22,4860,Delayed,Automotive
3661,372,Ware House C,2026-05-15,2026-05-23,80,6149,Cancelled,FMCG
3662,445,Ware House B,2026-05-27,2026-06-01,67,6721,Cancelled,Pharma
3663,298,Ware House A,2026-05-15,2026-05-20,39,8459,Delivered,FMCG
3664,143,Ware House E,2026-05-25,2026-06-04,37,739,In Transit,Electronics
3665,200,Ware House A,2026-06-03,2026-06-13,59,5374,Delivered,Pharma
3666,441,Ware House C,2026-05-24,2026-05-29,3,5204,Cancelled,Electronics
3667,114,Ware House B,2026-05-19,2026-05-26,80,8389,Delayed,FMCG
3668,10,Ware House B,2026-05-06,2026-05-11,94,6040,Delayed,Pharma
3669,156,Ware House A,2026-06-02,2026-06-12,74,9421,Delivered,Pharma
3670,402,Ware House E,2026-05-18,2026-05-23,85,8614,Delayed,Industrial
3671,227,Ware House B,2026-05-10,2026-05-15,37,1704,Delayed,Automotive
3672,346,Ware House B,2026-05-27,2026-05-31,45,6583,In Transit,FMCG
3673,307,Ware House E,2026-05-14,2026-05-24,9,254,Delayed,Pharma
3674,330,Ware House C,2026-05-22,2026-05-30,65,2449,Cancelled,Pharma
3675,388,Ware House C,2026-06-04,2026-06-08,67,997,Delivered,Pharma
3676,144,Ware House E,2026-05-24,2026-05-25,80,7612,Delayed,Pharma
3677,266,Ware House C,2026-05-27,2026-05-28,56,6969,In Transit,Pharma
3678,245,Ware House A,2026-05-28,2026-05-29,93,330,Cancelled,Industrial
3679,244,Ware House C,2026-06-04,2026-06-14,10,3632,Delayed,Pharma
3680,433,Ware House A,2026-05-30,2026-06-08,27,3039,Delivered,Automotive
3681,300,Ware House B,2026-05-31,2026-06-07,57,7899,Delivered,FMCG
3682,283,Ware House B,2026-05-17,2026-05-24,72,1580,In Transit,Pharma
3683,305,Ware House B,2026-05-13,2026-05-21,82,7050,Delayed,FMCG
3684,264,Ware House E,2026-05-27,2026-06-01,34,2309,Cancelled,Industrial
3685,311,Ware House C,2026-05-07,2026-05-11,44,4091,Cancelled,Industrial
3686,104,Ware House D,2026-05-30,2026-06-05,39,1051,Delivered,FMCG
3687,392,Ware House E,2026-05-28,2026-06-02,8,6230,Cancelled,Electronics
3688,152,Ware House C,2026-05-20,2026-05-30,95,7495,In Transit,Automotive
3689,250,Ware House E,2026-05-26,2026-05-30,93,4639,In Transit,FMCG
3690,223,Ware House D,2026-05-08,2026-05-18,5,6417,Delayed,Industrial
3691,360,Ware House C,2026-06-03,2026-06-12,92,1983,Delivered,FMCG
3692,159,Ware House B,2026-05-29,2026-05-31,97,9914,Delivered,FMCG
3693,446,Ware House B,2026-05-26,2026-05-31,14,8812,In Transit,FMCG
3694,85,Ware House A,2026-05-07,2026-05-10,81,9129,In Transit,FMCG
3695,319,Ware House E,2026-05-07,2026-05-14,15,621,Delayed,FMCG
3696,375,Ware House D,2026-05-27,2026-06-05,79,2503,In Transit,Electronics
3697,190,Ware House E,2026-05-31,2026-06-04,42,8661,Delivered,Pharma
3698,62,Ware House B,2026-05-29,2026-06-03,20,4738,Cancelled,Pharma
3699,21,Ware House C,2026-05-10,2026-05-17,70,6504,Cancelled,FMCG
3700,110,Ware House E,2026-05-30,2026-06-09,39,9247,Delivered,Automotive
3701,188,Ware House A,2026-05-10,2026-05-11,41,1421,Delayed,Pharma
3702,428,Ware House E,2026-05-06,2026-05-16,90,7185,Cancelled,Automotive
3703,165,Ware House D,2026-05-17,2026-05-24,60,8389,Cancelled,Electronics
3704,244,Ware House C,2026-05-23,2026-05-25,6,3787,Delayed,Industrial
3705,253,Ware House E,2026-06-02,2026-06-09,55,3383,In Transit,Industrial
3706,469,Ware House A,2026-05-17,2026-05-18,68,5255,Delayed,Automotive
3707,330,Ware House D,2026-05-27,2026-06-01,74,3646,Delayed,FMCG
3708,110,Ware House A,2026-05-17,2026-05-26,7,8698,Delayed,Automotive
3709,484,Ware House A,2026-05-28,2026-06-04,81,9186,Delivered,Automotive
3710,338,Ware House A,2026-05-07,2026-05-16,38,7937,Delayed,FMCG
3711,429,Ware House D,2026-05-06,2026-05-09,75,2145,Delayed,FMCG
3712,19,Ware House B,2026-05-18,2026-05-27,13,7436,Delivered,Industrial
3713,347,Ware House E,2026-05-14,2026-05-18,74,1452,Delivered,Industrial
3714,361,Ware House E,2026-06-01,2026-06-06,82,9735,Delivered,Electronics
3715,419,Ware House A,2026-05-26,2026-05-31,68,1708,In Transit,Electronics
3716,163,Ware House E,2026-05-25,2026-05-31,45,6971,Cancelled,Automotive
3717,383,Ware House B,2026-06-04,2026-06-10,57,6158,Delivered,Electronics
3718,179,Ware House E,2026-05-07,2026-05-15,21,8516,Cancelled,Pharma
3719,269,Ware House E,2026-05-31,2026-06-09,74,5845,Cancelled,Industrial
3720,273,Ware House A,2026-05-16,2026-05-19,67,6938,Delivered,Electronics
3721,156,Ware House E,2026-05-29,2026-06-03,60,3569,Cancelled,Pharma
3722,265,Ware House B,2026-05-27,2026-05-28,44,5131,Delivered,Automotive
3723,393,Ware House A,2026-05-13,2026-05-19,49,2827,Delivered,Industrial
3724,21,Ware House D,2026-05-17,2026-05-22,22,8903,In Transit,Automotive
3725,203,Ware House A,2026-05-17,2026-05-25,79,9488,Cancelled,Industrial
3726,494,Ware House C,2026-06-01,2026-06-05,67,8103,Cancelled,Electronics
3727,362,Ware House B,2026-06-02,2026-06-10,36,3458,Cancelled,Electronics
3728,426,Ware House C,2026-05-24,2026-05-31,29,3141,Cancelled,Automotive
3729,270,Ware House B,2026-05-09,2026-05-14,53,2432,Delayed,Industrial
3730,2,Ware House D,2026-05-10,2026-05-19,38,8030,In Transit,Automotive
3731,89,Ware House E,2026-05-07,2026-05-17,42,6129,Delayed,FMCG
3732,331,Ware House B,2026-05-20,2026-05-30,76,2716,Delivered,FMCG
3733,300,Ware House D,2026-06-04,2026-06-13,26,4825,In Transit,Pharma
3734,87,Ware House E,2026-05-14,2026-05-23,28,7336,In Transit,Pharma
3735,499,Ware House E,2026-05-18,2026-05-23,1,2675,Delayed,Industrial
3736,129,Ware House B,2026-05-21,2026-05-24,55,8721,Delayed,FMCG
3737,155,Ware House A,2026-05-08,2026-05-14,55,8775,Cancelled,Industrial
3738,266,Ware House B,2026-05-31,2026-06-04,27,5661,Cancelled,Pharma
3739,11,Ware House A,2026-06-04,2026-06-11,77,8781,Delivered,FMCG
3740,315,Ware House A,2026-05-25,2026-05-29,34,7240,Delayed,Automotive
3741,468,Ware House E,2026-05-06,2026-05-16,73,3789,Cancelled,Electronics
3742,228,Ware House C,2026-05-13,2026-05-14,61,6577,Delivered,Industrial
3743,441,Ware House E,2026-05-13,2026-05-18,84,2833,Delivered,Industrial
3744,285,Ware House A,2026-05-24,2026-06-02,4,290,Cancelled,Pharma
3745,392,Ware House C,2026-05-24,2026-05-25,81,417,Delivered,Pharma
3746,160,Ware House B,2026-05-09,2026-05-16,84,7874,Delayed,Pharma
3747,195,Ware House A,2026-06-01,2026-06-05,21,6061,Delayed,Electronics
3748,228,Ware House C,2026-05-31,2026-06-05,1,8152,Cancelled,Automotive
3749,101,Ware House C,2026-05-06,2026-05-08,29,517,Delivered,Pharma
3750,357,Ware House D,2026-06-01,2026-06-04,11,5983,Cancelled,FMCG
3751,271,Ware House C,2026-05-29,2026-06-07,50,4324,Cancelled,Pharma
3752,396,Ware House D,2026-05-13,2026-05-21,36,7247,Delayed,Electronics
3753,260,Ware House D,2026-05-24,2026-05-28,13,7470,Delivered,Pharma
3754,220,Ware House D,2026-06-04,2026-06-13,8,7950,Delivered,Electronics
3755,277,Ware House E,2026-05-09,2026-05-10,71,1645,Cancelled,FMCG
3756,65,Ware House A,2026-06-04,2026-06-05,40,2319,Delivered,Electronics
3757,430,Ware House C,2026-05-21,2026-05-29,25,1758,Delivered,Industrial
3758,212,Ware House E,2026-05-16,2026-05-18,33,5303,Delayed,Pharma
3759,489,Ware House E,2026-05-17,2026-05-22,9,7420,Cancelled,Automotive
3760,276,Ware House C,2026-05-17,2026-05-19,24,1258,Cancelled,Industrial
3761,466,Ware House A,2026-05-25,2026-06-04,2,2460,Delivered,FMCG
3762,87,Ware House A,2026-05-14,2026-05-19,44,6536,In Transit,Industrial
3763,55,Ware House D,2026-05-29,2026-06-08,99,6249,Cancelled,Automotive
3764,131,Ware House B,2026-05-22,2026-05-30,82,3811,In Transit,Pharma
3765,174,Ware House C,2026-05-11,2026-05-19,53,7233,Delivered,Electronics
3766,418,Ware House C,2026-06-04,2026-06-11,80,5020,Cancelled,Automotive
3767,217,Ware House E,2026-05-18,2026-05-26,82,1381,Delivered,Electronics
3768,173,Ware House A,2026-05-16,2026-05-17,14,2886,Delivered,Automotive
3769,365,Ware House E,2026-05-06,2026-05-15,98,3000,In Transit,Automotive
3770,124,Ware House B,2026-05-16,2026-05-19,42,3775,In Transit,FMCG
3771,409,Ware House A,2026-05-29,2026-06-04,1,5873,In Transit,Pharma
3772,14,Ware House C,2026-05-31,2026-06-09,68,4814,Delivered,Industrial
3773,232,Ware House D,2026-05-11,2026-05-16,19,5736,Delayed,Electronics
3774,483,Ware House C,2026-05-23,2026-05-24,19,6428,Cancelled,FMCG
3775,420,Ware House E,2026-05-11,2026-05-15,38,8211,Delivered,FMCG
3776,359,Ware House B,2026-05-20,2026-05-21,80,5845,Delayed,Industrial
3777,363,Ware House D,2026-05-26,2026-06-02,23,2971,Delivered,Electronics
3778,473,Ware House A,2026-05-23,2026-05-24,47,4902,Cancelled,Industrial
3779,272,Ware House A,2026-05-21,2026-05-31,24,9606,Cancelled,Electronics
3780,483,Ware House E,2026-05-15,2026-05-19,41,9359,Delayed,Electronics
3781,86,Ware House A,2026-05-24,2026-05-31,44,4518,Delayed,Automotive
3782,33,Ware House B,2026-05-20,2026-05-28,17,5552,Cancelled,Industrial
3783,357,Ware House A,2026-05-15,2026-05-22,90,3040,Cancelled,Electronics
3784,115,Ware House B,2026-05-12,2026-05-22,42,8124,Delayed,Electronics
3785,467,Ware House C,2026-05-15,2026-05-25,38,5084,Cancelled,Pharma
3786,332,Ware House E,2026-05-28,2026-06-04,28,9125,In Transit,FMCG
3787,407,Ware House A,2026-05-16,2026-05-17,100,2824,Cancelled,Automotive
3788,244,Ware House C,2026-05-31,2026-06-03,59,2560,Cancelled,FMCG
3789,365,Ware House D,2026-05-06,2026-05-11,6,3928,Cancelled,Electronics
3790,324,Ware House C,2026-05-29,2026-06-02,78,5056,Delivered,Automotive
3791,366,Ware House A,2026-05-11,2026-05-13,63,280,In Transit,Pharma
3792,476,Ware House A,2026-06-01,2026-06-04,8,4343,Delivered,Automotive
3793,292,Ware House A,2026-05-15,2026-05-25,36,3134,Cancelled,Industrial
3794,89,Ware House E,2026-05-14,2026-05-18,55,3857,Cancelled,Industrial
3795,257,Ware House B,2026-05-21,2026-05-29,77,8776,Delivered,Automotive
3796,50,Ware House C,2026-05-13,2026-05-18,8,5959,Delivered,Industrial
3797,427,Ware House B,2026-05-26,2026-05-28,31,3553,Delayed,Pharma
3798,143,Ware House E,2026-05-07,2026-05-14,48,5802,In Transit,Electronics
3799,257,Ware House A,2026-05-28,2026-06-02,28,1452,Delivered,Automotive
3800,207,Ware House D,2026-05-15,2026-05-24,19,6021,Delivered,Pharma
3801,462,Ware House B,2026-05-26,2026-06-02,40,1686,Cancelled,Pharma
3802,304,Ware House D,2026-05-23,2026-05-31,9,6012,In Transit,Industrial
3803,431,Ware House A,2026-05-06,2026-05-15,53,4256,Delivered,Automotive
3804,107,Ware House C,2026-05-24,2026-05-26,15,1064,Delayed,Electronics
3805,417,Ware House C,2026-05-21,2026-05-28,98,1807,Cancelled,Industrial
3806,301,Ware House A,2026-05-17,2026-05-22,13,3479,In Transit,Automotive
3807,140,Ware House A,2026-05-18,2026-05-25,42,4771,Delayed,FMCG
3808,93,Ware House C,2026-05-09,2026-05-19,76,5289,In Transit,FMCG
3809,491,Ware House B,2026-05-19,2026-05-24,5,5113,Delivered,Automotive
3810,51,Ware House C,2026-05-21,2026-05-24,19,1507,Delivered,Electronics
3811,206,Ware House C,2026-05-20,2026-05-26,65,8827,Delayed,Electronics
3812,180,Ware House E,2026-05-23,2026-06-01,35,4039,Cancelled,Automotive
3813,474,Ware House C,2026-05-22,2026-06-01,5,8053,Cancelled,Industrial
3814,60,Ware House C,2026-05-23,2026-05-29,55,5871,Cancelled,Pharma
3815,172,Ware House B,2026-05-13,2026-05-19,7,3100,Delivered,Electronics
3816,303,Ware House A,2026-05-06,2026-05-11,69,1863,In Transit,Pharma
3817,383,Ware House D,2026-06-01,2026-06-09,63,9111,Cancelled,FMCG
3818,20,Ware House B,2026-05-16,2026-05-17,31,6969,Delivered,Automotive
3819,366,Ware House E,2026-05-08,2026-05-13,83,105,Cancelled,Industrial
3820,361,Ware House B,2026-05-08,2026-05-14,35,4538,In Transit,FMCG
3821,136,Ware House A,2026-05-15,2026-05-21,86,9364,Cancelled,Electronics
3822,310,Ware House E,2026-05-26,2026-06-01,86,2774,Delivered,Automotive
3823,155,Ware House B,2026-05-12,2026-05-20,58,3162,Delayed,Industrial
3824,189,Ware House A,2026-06-01,2026-06-11,47,1475,Delayed,Industrial
3825,298,Ware House C,2026-05-29,2026-06-08,33,9112,Cancelled,Industrial
3826,285,Ware House A,2026-05-10,2026-05-20,4,2864,Delayed,Automotive
3827,432,Ware House C,2026-05-20,2026-05-24,10,9979,Cancelled,Industrial
3828,428,Ware House E,2026-05-24,2026-05-27,73,8196,In Transit,Electronics
3829,345,Ware House A,2026-05-18,2026-05-21,100,9419,In Transit,Electronics
3830,182,Ware House C,2026-05-14,2026-05-18,48,8408,In Transit,FMCG
3831,342,Ware House B,2026-05-22,2026-05-25,92,9466,Delivered,Industrial
3832,14,Ware House E,2026-05-08,2026-05-14,7,2210,In Transit,Automotive
3833,355,Ware House C,2026-06-01,2026-06-03,70,3588,Delivered,Automotive
3834,487,Ware House C,2026-05-27,2026-05-31,33,2396,Delayed,FMCG
3835,273,Ware House B,2026-05-16,2026-05-22,97,1052,Cancelled,Automotive
3836,294,Ware House B,2026-05-29,2026-06-01,69,6215,Cancelled,Automotive
3837,452,Ware House E,2026-05-08,2026-05-11,96,5141,In Transit,Industrial
3838,337,Ware House A,2026-05-25,2026-06-03,100,2807,Delivered,Pharma
3839,272,Ware House C,2026-05-22,2026-05-28,19,9200,Delivered,Automotive
3840,467,Ware House D,2026-06-02,2026-06-09,29,2135,Delayed,Pharma
3841,428,Ware House E,2026-06-02,2026-06-09,98,4045,Delivered,Electronics
3842,346,Ware House A,2026-05-24,2026-05-25,13,459,Delivered,Pharma
3843,267,Ware House D,2026-05-06,2026-05-11,88,5987,Delayed,FMCG
3844,363,Ware House C,2026-05-26,2026-06-04,80,8536,In Transit,Electronics
3845,103,Ware House A,2026-05-17,2026-05-21,3,1348,Delivered,Electronics
3846,462,Ware House A,2026-05-26,2026-05-27,73,9028,Delayed,FMCG
3847,485,Ware House B,2026-05-14,2026-05-19,89,8526,Delayed,Automotive
3848,470,Ware House E,2026-05-07,2026-05-08,8,6929,Delayed,Electronics
3849,289,Ware House C,2026-05-21,2026-05-30,89,8179,Delivered,FMCG
3850,400,Ware House B,2026-05-22,2026-06-01,6,5758,Cancelled,FMCG
3851,44,Ware House E,2026-05-25,2026-05-30,76,3547,In Transit,Pharma
3852,122,Ware House C,2026-06-03,2026-06-04,59,4210,In Transit,FMCG
3853,189,Ware House D,2026-05-08,2026-05-14,21,3667,Cancelled,Industrial
3854,158,Ware House B,2026-05-16,2026-05-24,76,2006,Delayed,FMCG
3855,170,Ware House D,2026-05-10,2026-05-18,48,5489,Delivered,Automotive
3856,288,Ware House E,2026-06-04,2026-06-07,95,8951,Delivered,Automotive
3857,227,Ware House B,2026-06-02,2026-06-08,9,7040,In Transit,Automotive
3858,336,Ware House E,2026-06-04,2026-06-14,65,7972,In Transit,Industrial
3859,438,Ware House D,2026-05-18,2026-05-21,63,8360,Cancelled,FMCG
3860,150,Ware House D,2026-05-15,2026-05-25,72,6824,In Transit,Electronics
3861,181,Ware House B,2026-05-17,2026-05-23,79,4059,Delayed,Industrial
3862,451,Ware House D,2026-05-19,2026-05-20,85,5400,Cancelled,Electronics
3863,29,Ware House C,2026-05-19,2026-05-21,29,9014,Cancelled,Industrial
3864,77,Ware House B,2026-05-11,2026-05-12,33,1792,Delayed,Electronics
3865,18,Ware House E,2026-05-25,2026-05-30,58,5066,Cancelled,Industrial
3866,321,Ware House D,2026-06-03,2026-06-05,32,2672,In Transit,Automotive
3867,488,Ware House E,2026-05-18,2026-05-26,60,9798,Delivered,Pharma
3868,446,Ware House C,2026-05-22,2026-05-24,54,2471,Delivered,Electronics
3869,134,Ware House A,2026-05-12,2026-05-20,68,7510,Delayed,Automotive
3870,79,Ware House C,2026-05-06,2026-05-11,94,5452,Delivered,FMCG
3871,294,Ware House A,2026-05-28,2026-06-01,31,6133,In Transit,Pharma
3872,368,Ware House E,2026-05-10,2026-05-18,67,6355,In Transit,Automotive
3873,267,Ware House C,2026-06-02,2026-06-05,37,5608,Cancelled,Pharma
3874,489,Ware House D,2026-05-14,2026-05-24,61,3327,In Transit,Automotive
3875,475,Ware House E,2026-05-26,2026-06-04,100,566,Delivered,Automotive
3876,218,Ware House E,2026-05-10,2026-05-17,4,5111,In Transit,Industrial
3877,385,Ware House A,2026-05-14,2026-05-23,37,4874,Delayed,Automotive
3878,233,Ware House E,2026-05-29,2026-06-05,74,896,Delayed,Pharma
3879,424,Ware House A,2026-05-30,2026-06-03,46,1551,In Transit,Electronics
3880,386,Ware House D,2026-06-04,2026-06-08,42,9880,Delayed,Electronics
3881,252,Ware House C,2026-05-19,2026-05-20,83,1182,In Transit,FMCG
3882,143,Ware House A,2026-05-06,2026-05-14,72,9930,In Transit,Industrial
3883,403,Ware House C,2026-05-13,2026-05-20,55,603,Delayed,FMCG
3884,249,Ware House A,2026-05-24,2026-05-30,28,8795,In Transit,Automotive
3885,417,Ware House D,2026-05-08,2026-05-15,97,8107,Cancelled,Electronics
3886,499,Ware House A,2026-05-07,2026-05-14,42,679,In Transit,Electronics
3887,182,Ware House E,2026-05-25,2026-05-31,38,7228,Delayed,Industrial
3888,456,Ware House E,2026-05-06,2026-05-08,65,2389,In Transit,Automotive
3889,215,Ware House A,2026-05-24,2026-05-25,35,9099,Cancelled,Industrial
3890,104,Ware House B,2026-05-16,2026-05-25,17,5008,Delivered,Automotive
3891,458,Ware House D,2026-05-28,2026-06-06,76,1922,Cancelled,Pharma
3892,220,Ware House C,2026-05-31,2026-06-01,90,1432,Delivered,Pharma
3893,482,Ware House B,2026-05-18,2026-05-22,48,2012,Delivered,Automotive
3894,315,Ware House C,2026-05-07,2026-05-09,44,2117,In Transit,FMCG
3895,331,Ware House D,2026-05-28,2026-05-30,30,954,Delayed,Automotive
3896,155,Ware House D,2026-05-26,2026-06-05,71,6825,Delivered,Industrial
3897,73,Ware House B,2026-05-29,2026-06-06,86,5245,Delivered,Electronics
3898,113,Ware House D,2026-06-03,2026-06-04,58,334,Cancelled,Automotive
3899,172,Ware House A,2026-05-31,2026-06-06,68,9532,Delayed,Automotive
3900,64,Ware House E,2026-05-15,2026-05-17,10,7572,Cancelled,Electronics
3901,37,Ware House B,2026-05-09,2026-05-16,47,3111,Delayed,Automotive
3902,412,Ware House B,2026-05-07,2026-05-12,48,566,In Transit,Pharma
3903,101,Ware House B,2026-05-21,2026-05-24,75,6601,Delivered,FMCG
3904,475,Ware House C,2026-05-11,2026-05-15,48,9388,Delayed,Automotive
3905,273,Ware House A,2026-05-13,2026-05-23,75,160,Delayed,Automotive
3906,375,Ware House B,2026-05-10,2026-05-19,50,7025,Delivered,Electronics
3907,240,Ware House D,2026-05-10,2026-05-18,83,2112,In Transit,Automotive
3908,125,Ware House C,2026-05-20,2026-05-25,63,6109,Delayed,FMCG
3909,61,Ware House E,2026-05-21,2026-05-23,25,541,Delayed,FMCG
3910,14,Ware House A,2026-05-13,2026-05-14,25,4540,Delivered,Industrial
3911,367,Ware House C,2026-05-15,2026-05-19,58,6475,Cancelled,Pharma
3912,491,Ware House C,2026-05-19,2026-05-22,87,5926,Delayed,Automotive
3913,325,Ware House E,2026-05-16,2026-05-23,30,189,Cancelled,Electronics
3914,297,Ware House E,2026-05-08,2026-05-12,43,439,In Transit,Automotive
3915,75,Ware House E,2026-05-25,2026-05-30,42,8449,Cancelled,FMCG
3916,201,Ware House B,2026-06-03,2026-06-06,54,5837,Cancelled,Industrial
3917,72,Ware House C,2026-05-20,2026-05-27,19,7193,Delivered,Electronics
3918,458,Ware House D,2026-05-21,2026-05-25,39,9938,Delivered,FMCG
3919,458,Ware House D,2026-05-26,2026-05-29,37,6494,Delivered,Industrial
3920,246,Ware House E,2026-05-22,2026-05-26,53,764,Delayed,Pharma
3921,372,Ware House B,2026-05-15,2026-05-25,9,3603,Delayed,Industrial
3922,310,Ware House B,2026-05-19,2026-05-27,46,892,In Transit,Automotive
3923,465,Ware House A,2026-05-13,2026-05-19,100,9782,Delivered,Industrial
3924,466,Ware House E,2026-05-16,2026-05-25,61,9727,In Transit,Automotive
3925,36,Ware House A,2026-05-24,2026-05-25,73,3553,Delivered,Industrial
3926,480,Ware House C,2026-05-12,2026-05-15,10,8213,Cancelled,Industrial
3927,58,Ware House D,2026-05-06,2026-05-12,43,3873,Cancelled,Automotive
3928,451,Ware House D,2026-05-16,2026-05-19,81,1813,Delivered,FMCG
3929,370,Ware House E,2026-05-10,2026-05-11,93,4121,In Transit,FMCG
3930,113,Ware House B,2026-06-01,2026-06-09,22,6284,Delayed,Automotive
3931,261,Ware House B,2026-05-27,2026-06-06,40,1122,In Transit,Electronics
3932,255,Ware House D,2026-06-03,2026-06-04,84,8667,Delayed,FMCG
3933,480,Ware House E,2026-05-06,2026-05-09,93,7469,Cancelled,Pharma
3934,360,Ware House D,2026-05-11,2026-05-14,100,1525,Delayed,FMCG
3935,161,Ware House E,2026-05-12,2026-05-19,8,1205,Delivered,FMCG
3936,368,Ware House C,2026-05-10,2026-05-19,95,6170,Cancelled,Automotive
3937,207,Ware House E,2026-06-02,2026-06-04,37,3081,Delayed,Pharma
3938,387,Ware House E,2026-05-17,2026-05-21,49,9868,Delayed,Electronics
3939,148,Ware House A,2026-05-24,2026-06-01,78,6889,Cancelled,Pharma
3940,240,Ware House E,2026-05-10,2026-05-14,73,5042,In Transit,FMCG
3941,362,Ware House C,2026-05-14,2026-05-19,30,1667,Cancelled,Electronics
3942,194,Ware House E,2026-05-29,2026-05-30,60,5218,In Transit,FMCG
3943,144,Ware House A,2026-05-29,2026-06-04,85,7947,Cancelled,FMCG
3944,177,Ware House B,2026-05-21,2026-05-27,53,6220,In Transit,Pharma
3945,418,Ware House C,2026-05-20,2026-05-27,88,4855,Delivered,Pharma
3946,293,Ware House C,2026-05-22,2026-05-31,48,5828,In Transit,Electronics
3947,366,Ware House A,2026-05-08,2026-05-17,34,9746,Delayed,Industrial
3948,28,Ware House D,2026-05-08,2026-05-15,77,4438,Delivered,Electronics
3949,114,Ware House E,2026-06-02,2026-06-07,19,935,Delayed,FMCG
3950,17,Ware House B,2026-05-12,2026-05-19,57,4700,Delayed,Automotive
3951,197,Ware House A,2026-05-17,2026-05-21,42,3872,Delivered,Electronics
3952,414,Ware House A,2026-05-26,2026-06-05,70,4142,Cancelled,FMCG
3953,11,Ware House D,2026-05-16,2026-05-19,18,8301,In Transit,Industrial
3954,277,Ware House D,2026-05-09,2026-05-12,38,5472,Delayed,FMCG
3955,362,Ware House E,2026-06-04,2026-06-09,28,4755,Cancelled,Electronics
3956,329,Ware House B,2026-05-12,2026-05-21,57,5788,Cancelled,Electronics
3957,354,Ware House A,2026-05-22,2026-05-25,71,5493,Delivered,Electronics
3958,76,Ware House E,2026-05-13,2026-05-16,41,6874,In Transit,FMCG
3959,184,Ware House D,2026-05-08,2026-05-12,52,6474,Cancelled,Pharma
3960,461,Ware House A,2026-05-21,2026-05-31,71,9546,In Transit,Electronics
3961,482,Ware House D,2026-05-21,2026-05-24,65,9376,In Transit,Automotive
3962,474,Ware House D,2026-05-13,2026-05-17,64,9249,In Transit,Automotive
3963,131,Ware House B,2026-05-18,2026-05-19,84,2640,Delivered,Pharma
3964,28,Ware House A,2026-05-27,2026-06-04,80,1097,In Transit,Automotive
3965,309,Ware House B,2026-05-21,2026-05-26,51,7472,Delivered,Electronics
3966,351,Ware House E,2026-05-20,2026-05-26,100,391,Delayed,Pharma
3967,326,Ware House D,2026-05-31,2026-06-09,97,697,Delivered,Pharma
3968,498,Ware House A,2026-05-30,2026-06-02,85,996,Delivered,Pharma
3969,367,Ware House C,2026-05-23,2026-05-27,54,733,In Transit,Electronics
3970,454,Ware House C,2026-05-12,2026-05-14,57,7113,Delayed,Automotive
3971,169,Ware House A,2026-05-17,2026-05-23,66,242,In Transit,Automotive
3972,289,Ware House C,2026-05-29,2026-06-07,51,750,Cancelled,Automotive
3973,9,Ware House C,2026-05-18,2026-05-19,48,4032,Cancelled,Electronics
3974,366,Ware House B,2026-06-01,2026-06-06,99,6564,Delivered,Pharma
3975,446,Ware House C,2026-05-30,2026-06-04,39,8305,Delivered,Electronics
3976,212,Ware House D,2026-05-27,2026-05-30,81,2869,Cancelled,Industrial
3977,1,Ware House A,2026-05-14,2026-05-15,42,9190,Delayed,Pharma
3978,406,Ware House D,2026-06-04,2026-06-10,73,2443,In Transit,FMCG
3979,481,Ware House C,2026-06-03,2026-06-10,32,7572,Delayed,Electronics
3980,424,Ware House E,2026-05-06,2026-05-10,23,6680,Delivered,Pharma
3981,443,Ware House C,2026-05-28,2026-06-05,41,6167,Delayed,Pharma
3982,332,Ware House E,2026-05-09,2026-05-14,66,4759,In Transit,Pharma
3983,166,Ware House E,2026-06-04,2026-06-05,99,4614,Delivered,Automotive
3984,53,Ware House B,2026-05-09,2026-05-15,7,8102,Delivered,Pharma
3985,218,Ware House A,2026-05-10,2026-05-14,91,6421,Cancelled,FMCG
3986,5,Ware House A,2026-05-20,2026-05-22,77,6500,Delayed,Electronics
3987,76,Ware House A,2026-05-12,2026-05-18,51,2073,In Transit,Electronics
3988,395,Ware House D,2026-05-22,2026-06-01,42,2012,In Transit,Pharma
3989,359,Ware House B,2026-05-08,2026-05-16,42,6741,In Transit,Electronics
3990,435,Ware House C,2026-06-02,2026-06-10,29,9418,Delivered,Pharma
3991,182,Ware House B,2026-05-14,2026-05-17,74,265,Delayed,Pharma
3992,338,Ware House A,2026-06-04,2026-06-11,39,6753,Cancelled,Automotive
3993,42,Ware House E,2026-05-13,2026-05-14,23,4246,Delivered,Automotive
3994,456,Ware House E,2026-06-01,2026-06-09,28,3498,Delayed,Pharma
3995,12,Ware House E,2026-05-20,2026-05-27,70,515,In Transit,Industrial
3996,173,Ware House E,2026-05-28,2026-06-05,100,5507,Delayed,Electronics
3997,419,Ware House A,2026-05-21,2026-05-30,76,4510,Cancelled,Pharma
3998,138,Ware House A,2026-05-10,2026-05-18,94,1183,In Transit,Electronics
3999,461,Ware House D,2026-05-07,2026-05-10,31,1528,Cancelled,Electronics
4000,373,Ware House E,2026-05-20,2026-05-21,76,7037,Delivered,Industrial
4001,277,Ware House E,2026-05-15,2026-05-17,40,9714,Delayed,Industrial
4002,349,Ware House A,2026-05-11,2026-05-12,89,4936,In Transit,Industrial
4003,478,Ware House B,2026-05-13,2026-05-22,57,2396,Delayed,Pharma
4004,185,Ware House D,2026-05-16,2026-05-20,56,6946,Delayed,Pharma
4005,250,Ware House C,2026-05-22,2026-06-01,75,4160,In Transit,FMCG
4006,218,Ware House B,2026-05-18,2026-05-28,26,5438,Cancelled,Automotive
4007,27,Ware House A,2026-05-19,2026-05-25,85,8284,In Transit,FMCG
4008,158,Ware House D,2026-05-07,2026-05-13,65,3759,In Transit,Automotive
4009,144,Ware House C,2026-05-16,2026-05-24,70,2030,Delivered,Electronics
4010,153,Ware House A,2026-05-30,2026-05-31,77,3035,Delivered,FMCG
4011,354,Ware House B,2026-05-22,2026-05-27,21,9506,In Transit,Industrial
4012,304,Ware House D,2026-05-06,2026-05-09,87,9890,In Transit,Pharma
4013,404,Ware House C,2026-05-12,2026-05-20,71,5442,Delivered,Automotive
4014,233,Ware House A,2026-05-21,2026-05-28,47,4683,Cancelled,FMCG
4015,254,Ware House B,2026-05-30,2026-06-07,6,291,In Transit,Automotive
4016,177,Ware House E,2026-06-03,2026-06-13,51,7801,In Transit,Automotive
4017,158,Ware House B,2026-06-03,2026-06-10,13,7899,Delayed,FMCG
4018,156,Ware House B,2026-06-03,2026-06-12,34,5282,In Transit,Pharma
4019,112,Ware House A,2026-05-29,2026-06-07,31,7110,Delivered,FMCG
4020,472,Ware House E,2026-05-15,2026-05-22,55,7217,In Transit,Pharma
4021,277,Ware House E,2026-05-21,2026-05-31,90,8925,Delayed,FMCG
4022,363,Ware House E,2026-05-13,2026-05-15,80,6190,Delivered,Electronics
4023,356,Ware House B,2026-05-15,2026-05-25,88,6437,Delivered,Automotive
4024,43,Ware House A,2026-05-15,2026-05-17,78,5543,Delayed,Industrial
4025,172,Ware House D,2026-05-21,2026-05-29,43,4343,Delayed,FMCG
4026,288,Ware House E,2026-05-09,2026-05-13,33,9053,Cancelled,Industrial
4027,231,Ware House B,2026-05-15,2026-05-17,77,3812,Delayed,Automotive
4028,419,Ware House A,2026-05-07,2026-05-14,57,4053,Delayed,Pharma
4029,137,Ware House A,2026-05-23,2026-05-24,32,5169,In Transit,Automotive
4030,8,Ware House D,2026-05-26,2026-06-02,3,1774,Cancelled,FMCG
4031,337,Ware House E,2026-05-23,2026-05-25,60,2503,Cancelled,Electronics
4032,250,Ware House C,2026-05-19,2026-05-28,40,1233,Delayed,Pharma
4033,229,Ware House C,2026-05-26,2026-05-27,2,7871,Cancelled,Electronics
4034,272,Ware House D,2026-05-27,2026-06-05,74,5492,Delivered,Automotive
4035,374,Ware House E,2026-05-11,2026-05-12,62,6716,In Transit,FMCG
4036,279,Ware House D,2026-05-29,2026-06-08,97,6060,Delivered,Pharma
4037,25,Ware House D,2026-05-21,2026-05-26,56,1150,In Transit,Pharma
4038,499,Ware House E,2026-06-01,2026-06-09,2,5994,Delayed,Pharma
4039,55,Ware House D,2026-06-01,2026-06-05,6,7641,In Transit,Automotive
4040,49,Ware House E,2026-05-25,2026-05-30,15,9098,Delayed,Electronics
4041,266,Ware House B,2026-06-02,2026-06-10,21,9688,Delayed,Industrial
4042,137,Ware House C,2026-05-14,2026-05-24,91,4278,In Transit,Industrial
4043,54,Ware House B,2026-05-25,2026-05-28,1,745,Cancelled,Automotive
4044,182,Ware House D,2026-05-30,2026-06-02,28,393,Delivered,Industrial
4045,385,Ware House E,2026-05-29,2026-06-02,85,8053,In Transit,FMCG
4046,344,Ware House E,2026-05-12,2026-05-13,80,2576,Cancelled,Electronics
4047,450,Ware House E,2026-05-17,2026-05-18,55,5400,In Transit,Electronics
4048,12,Ware House E,2026-05-07,2026-05-13,59,5216,Delayed,Pharma
4049,338,Ware House E,2026-05-18,2026-05-25,9,9023,Delayed,Electronics
4050,370,Ware House E,2026-05-18,2026-05-28,50,5532,In Transit,Automotive
4051,254,Ware House E,2026-06-01,2026-06-04,44,8846,Cancelled,Industrial
4052,148,Ware House E,2026-05-21,2026-05-25,71,694,Delayed,Pharma
4053,368,Ware House E,2026-05-31,2026-06-10,59,9114,In Transit,Pharma
4054,475,Ware House A,2026-05-25,2026-05-30,91,2748,Cancelled,Pharma
4055,241,Ware House C,2026-05-13,2026-05-23,50,4156,Delivered,Pharma
4056,168,Ware House C,2026-05-14,2026-05-21,43,7231,Delivered,FMCG
4057,228,Ware House B,2026-06-04,2026-06-07,60,3860,Cancelled,Electronics
4058,285,Ware House E,2026-05-30,2026-06-05,4,5941,Cancelled,FMCG
4059,53,Ware House E,2026-05-10,2026-05-20,32,790,Delivered,Electronics
4060,182,Ware House B,2026-05-24,2026-05-27,66,3257,Cancelled,Automotive
4061,75,Ware House A,2026-05-16,2026-05-24,44,1844,Delayed,Industrial
4062,451,Ware House D,2026-05-12,2026-05-18,10,471,Cancelled,Electronics
4063,264,Ware House A,2026-05-22,2026-05-23,82,6033,Delayed,FMCG
4064,494,Ware House B,2026-05-10,2026-05-17,85,5010,Cancelled,Electronics
4065,113,Ware House B,2026-05-31,2026-06-04,63,6635,Delayed,Industrial
4066,416,Ware House B,2026-05-29,2026-05-30,2,7882,In Transit,Industrial
4067,496,Ware House A,2026-05-31,2026-06-02,7,2598,Delivered,Automotive
4068,177,Ware House E,2026-05-30,2026-06-08,55,8203,Delayed,FMCG
4069,83,Ware House E,2026-05-26,2026-05-28,83,5253,Delivered,Pharma
4070,100,Ware House E,2026-05-19,2026-05-22,5,8205,Delivered,Pharma
4071,295,Ware House D,2026-05-14,2026-05-17,89,7700,Delivered,Electronics
4072,481,Ware House A,2026-06-01,2026-06-02,9,2571,Delivered,FMCG
4073,314,Ware House E,2026-05-10,2026-05-11,10,3923,Delayed,Electronics
4074,388,Ware House C,2026-05-19,2026-05-29,55,3042,Cancelled,FMCG
4075,88,Ware House D,2026-05-22,2026-05-27,12,8019,Cancelled,FMCG
4076,427,Ware House D,2026-05-22,2026-05-31,42,9290,Delivered,Pharma
4077,439,Ware House D,2026-06-04,2026-06-08,8,5633,Delivered,Automotive
4078,7,Ware House E,2026-05-25,2026-06-04,60,9946,Delivered,FMCG
4079,222,Ware House A,2026-05-22,2026-05-26,88,1136,Cancelled,Automotive
4080,107,Ware House E,2026-05-09,2026-05-11,39,5510,Delayed,FMCG
4081,369,Ware House A,2026-05-28,2026-06-02,11,5043,Delayed,Automotive
4082,347,Ware House C,2026-05-24,2026-05-26,16,2921,In Transit,Industrial
4083,96,Ware House D,2026-05-12,2026-05-18,57,9644,In Transit,Industrial
4084,139,Ware House E,2026-06-04,2026-06-05,61,877,In Transit,Industrial
4085,224,Ware House B,2026-05-22,2026-05-23,60,9237,Cancelled,FMCG
4086,371,Ware House C,2026-05-22,2026-05-28,36,8026,Delivered,Pharma
4087,177,Ware House B,2026-06-01,2026-06-02,79,9079,Delivered,Automotive
4088,344,Ware House E,2026-05-16,2026-05-26,33,5508,Delivered,FMCG
4089,432,Ware House C,2026-05-11,2026-05-19,98,8004,In Transit,Pharma
4090,253,Ware House E,2026-05-22,2026-05-27,75,8933,Cancelled,Automotive
4091,425,Ware House E,2026-06-03,2026-06-09,87,3898,Delayed,Pharma
4092,322,Ware House D,2026-05-18,2026-05-20,75,4797,Delivered,Electronics
4093,460,Ware House D,2026-05-24,2026-05-25,16,6256,Delayed,Automotive
4094,19,Ware House D,2026-05-24,2026-06-02,95,5056,Cancelled,Electronics
4095,125,Ware House A,2026-05-13,2026-05-17,5,8925,Delayed,Automotive
4096,107,Ware House E,2026-05-24,2026-05-28,47,8146,Cancelled,FMCG
4097,176,Ware House B,2026-05-30,2026-06-06,25,7546,Cancelled,Electronics
4098,342,Ware House C,2026-05-18,2026-05-22,81,4768,Cancelled,Industrial
4099,441,Ware House C,2026-05-08,2026-05-13,21,3181,Cancelled,Pharma
4100,115,Ware House B,2026-05-31,2026-06-04,47,4279,Delivered,Pharma
4101,455,Ware House D,2026-05-26,2026-05-30,41,5952,Delayed,FMCG
4102,491,Ware House B,2026-05-29,2026-05-31,11,6631,Delayed,Automotive
4103,28,Ware House C,2026-05-14,2026-05-16,20,5493,Delivered,FMCG
4104,235,Ware House B,2026-06-02,2026-06-08,44,2871,In Transit,Pharma
4105,32,Ware House A,2026-05-28,2026-05-30,95,9111,Delayed,Electronics
4106,390,Ware House C,2026-05-06,2026-05-07,81,4382,Delivered,Industrial
4107,380,Ware House D,2026-05-07,2026-05-08,77,3603,Cancelled,Industrial
4108,37,Ware House A,2026-05-14,2026-05-18,42,9793,Cancelled,FMCG
4109,157,Ware House A,2026-05-29,2026-06-01,75,1242,In Transit,Industrial
4110,150,Ware House D,2026-05-18,2026-05-20,52,8171,Cancelled,Industrial
4111,477,Ware House D,2026-06-01,2026-06-05,15,2818,Cancelled,Pharma
4112,401,Ware House E,2026-05-11,2026-05-15,54,8040,In Transit,Electronics
4113,320,Ware House A,2026-05-31,2026-06-07,53,4353,Delayed,FMCG
4114,467,Ware House E,2026-05-20,2026-05-23,17,4417,Delivered,Pharma
4115,467,Ware House C,2026-05-26,2026-05-30,25,2866,Cancelled,FMCG
4116,74,Ware House E,2026-05-31,2026-06-09,44,3119,Delayed,Industrial
4117,110,Ware House A,2026-05-25,2026-05-31,79,5677,Delayed,Automotive
4118,256,Ware House A,2026-05-17,2026-05-18,94,9864,Delivered,Industrial
4119,354,Ware House B,2026-05-27,2026-05-31,6,4644,Cancelled,Pharma
4120,402,Ware House A,2026-05-24,2026-05-29,27,1659,In Transit,Industrial
4121,416,Ware House A,2026-05-14,2026-05-15,59,5622,In Transit,Electronics
4122,184,Ware House C,2026-05-28,2026-06-07,11,8335,In Transit,Automotive
4123,467,Ware House D,2026-05-12,2026-05-17,23,2596,In Transit,Electronics
4124,422,Ware House C,2026-05-19,2026-05-21,24,8137,In Transit,Pharma
4125,71,Ware House C,2026-06-04,2026-06-06,25,4396,Cancelled,Industrial
4126,114,Ware House B,2026-05-19,2026-05-29,71,8904,Delivered,Automotive
4127,416,Ware House A,2026-05-26,2026-05-31,10,488,Cancelled,Electronics
4128,374,Ware House D,2026-05-16,2026-05-21,88,1870,Cancelled,Electronics
4129,484,Ware House A,2026-05-06,2026-05-16,72,4043,Delivered,Pharma
4130,183,Ware House B,2026-05-21,2026-05-26,86,9160,Cancelled,Electronics
4131,169,Ware House D,2026-05-25,2026-06-04,95,7652,In Transit,FMCG
4132,20,Ware House E,2026-05-20,2026-05-30,44,372,In Transit,FMCG
4133,444,Ware House E,2026-05-24,2026-05-30,77,9467,Delivered,FMCG
4134,363,Ware House E,2026-05-08,2026-05-14,33,1314,Cancelled,Electronics
4135,485,Ware House A,2026-05-06,2026-05-12,31,4415,In Transit,FMCG
4136,43,Ware House C,2026-05-21,2026-05-24,66,9208,In Transit,Industrial
4137,357,Ware House D,2026-05-17,2026-05-26,40,6704,In Transit,Automotive
4138,466,Ware House C,2026-05-08,2026-05-14,61,5312,Delayed,Pharma
4139,43,Ware House A,2026-05-13,2026-05-22,8,2515,Delivered,Automotive
4140,208,Ware House D,2026-05-17,2026-05-19,35,5277,Delivered,FMCG
4141,325,Ware House A,2026-05-06,2026-05-11,66,7567,Delayed,Electronics
4142,11,Ware House E,2026-06-03,2026-06-09,29,5911,Delivered,Automotive
4143,216,Ware House C,2026-05-30,2026-06-02,19,1103,Delayed,Automotive
4144,355,Ware House B,2026-05-07,2026-05-12,91,6152,Delivered,Electronics
4145,398,Ware House C,2026-05-14,2026-05-24,37,6709,Delivered,Industrial
4146,245,Ware House D,2026-05-12,2026-05-15,64,1092,Delayed,FMCG
4147,119,Ware House C,2026-05-25,2026-05-30,49,3206,Cancelled,Automotive
4148,368,Ware House C,2026-05-21,2026-05-27,74,3633,Cancelled,Pharma
4149,478,Ware House E,2026-05-24,2026-05-26,22,6696,Cancelled,Industrial
4150,59,Ware House A,2026-06-03,2026-06-06,21,7074,Delayed,Industrial
4151,121,Ware House B,2026-05-19,2026-05-29,54,6799,Delayed,Industrial
4152,25,Ware House B,2026-05-29,2026-06-02,99,7678,Delayed,Electronics
4153,142,Ware House E,2026-05-24,2026-05-26,88,550,Delayed,Electronics
4154,34,Ware House B,2026-05-09,2026-05-13,48,5588,Delivered,Electronics
4155,497,Ware House C,2026-06-03,2026-06-12,81,5790,Delayed,Automotive
4156,5,Ware House E,2026-06-01,2026-06-06,81,5504,Delivered,Electronics
4157,385,Ware House D,2026-05-12,2026-05-14,1,9245,In Transit,Electronics
4158,264,Ware House D,2026-06-03,2026-06-05,25,7956,Delivered,Electronics
4159,415,Ware House A,2026-05-31,2026-06-03,42,3377,Delayed,FMCG
4160,59,Ware House D,2026-05-25,2026-06-02,6,2531,Cancelled,Automotive
4161,237,Ware House E,2026-06-03,2026-06-11,61,6458,In Transit,Pharma
4162,122,Ware House B,2026-06-03,2026-06-12,94,3720,Delayed,Automotive
4163,212,Ware House B,2026-05-09,2026-05-10,90,7187,In Transit,Automotive
4164,490,Ware House B,2026-05-27,2026-05-31,44,6746,Cancelled,FMCG
4165,226,Ware House C,2026-05-12,2026-05-20,69,3068,In Transit,Electronics
4166,294,Ware House D,2026-05-12,2026-05-17,99,442,In Transit,Industrial
4167,492,Ware House B,2026-05-28,2026-06-02,67,7596,Delayed,FMCG
4168,403,Ware House B,2026-06-04,2026-06-06,43,6295,In Transit,Pharma
4169,401,Ware House C,2026-06-01,2026-06-04,81,9956,Cancelled,Industrial
4170,390,Ware House A,2026-05-11,2026-05-16,3,6391,Delayed,Pharma
4171,416,Ware House E,2026-05-13,2026-05-23,63,4706,Delivered,FMCG
4172,189,Ware House B,2026-05-23,2026-05-25,95,6238,In Transit,Automotive
4173,420,Ware House C,2026-05-20,2026-05-28,11,3874,Delayed,FMCG
4174,486,Ware House C,2026-05-23,2026-05-25,77,1530,Cancelled,FMCG
4175,406,Ware House B,2026-05-27,2026-06-03,95,861,Delivered,Pharma
4176,382,Ware House D,2026-06-04,2026-06-11,76,3235,Delayed,Industrial
4177,354,Ware House D,2026-05-26,2026-06-04,26,1368,In Transit,Automotive
4178,248,Ware House A,2026-05-15,2026-05-16,39,9431,Delayed,Pharma
4179,349,Ware House A,2026-05-14,2026-05-19,31,5413,Delivered,Pharma
4180,345,Ware House B,2026-05-21,2026-05-27,64,7094,Delivered,Electronics
4181,219,Ware House D,2026-05-25,2026-05-26,70,797,Cancelled,Automotive
4182,372,Ware House D,2026-05-22,2026-05-26,27,5785,Delivered,Electronics
4183,141,Ware House A,2026-05-21,2026-05-26,66,9440,Delivered,Electronics
4184,28,Ware House B,2026-05-23,2026-05-27,14,6647,Delivered,Industrial
4185,196,Ware House E,2026-05-19,2026-05-21,35,9083,Delivered,Automotive
4186,182,Ware House B,2026-05-15,2026-05-17,10,3544,Delayed,Automotive
4187,475,Ware House E,2026-05-26,2026-06-04,83,4100,Delayed,Industrial
4188,96,Ware House A,2026-05-06,2026-05-14,97,1985,In Transit,Pharma
4189,250,Ware House C,2026-06-01,2026-06-08,22,6063,Delayed,FMCG
4190,422,Ware House C,2026-05-22,2026-05-24,52,4215,In Transit,Industrial
4191,340,Ware House B,2026-05-31,2026-06-09,25,999,Delayed,Automotive
4192,243,Ware House B,2026-05-09,2026-05-17,58,4589,Cancelled,Automotive
4193,218,Ware House A,2026-06-01,2026-06-10,8,2600,In Transit,Automotive
4194,148,Ware House E,2026-05-12,2026-05-18,96,3360,Delivered,Automotive
4195,259,Ware House C,2026-05-20,2026-05-30,36,7263,In Transit,Electronics
4196,451,Ware House D,2026-05-06,2026-05-09,22,3729,Delivered,Pharma
4197,165,Ware House D,2026-05-17,2026-05-24,51,3011,Delayed,Pharma
4198,232,Ware House D,2026-05-19,2026-05-24,85,7502,Delayed,Industrial
4199,279,Ware House C,2026-05-28,2026-05-31,30,346,Cancelled,Electronics
4200,101,Ware House E,2026-05-06,2026-05-13,80,316,Delayed,FMCG
4201,336,Ware House A,2026-05-06,2026-05-10,58,8597,Cancelled,Electronics
4202,294,Ware House B,2026-05-26,2026-05-29,65,6715,Delivered,Electronics
4203,417,Ware House A,2026-05-20,2026-05-26,48,4517,Delivered,Electronics
4204,464,Ware House C,2026-05-11,2026-05-16,63,2954,Delayed,FMCG
4205,125,Ware House D,2026-05-18,2026-05-19,59,3889,In Transit,Industrial
4206,483,Ware House B,2026-05-06,2026-05-14,2,952,Cancelled,FMCG
4207,216,Ware House C,2026-05-09,2026-05-10,62,4644,In Transit,Electronics
4208,315,Ware House A,2026-05-24,2026-06-02,38,5754,Cancelled,Industrial
4209,78,Ware House A,2026-05-16,2026-05-24,100,4374,Delayed,Pharma
4210,199,Ware House A,2026-05-20,2026-05-21,77,6968,Delivered,FMCG
4211,317,Ware House A,2026-05-23,2026-05-30,83,7010,Delayed,FMCG
4212,48,Ware House D,2026-05-14,2026-05-22,33,9797,Cancelled,Automotive
4213,109,Ware House B,2026-05-23,2026-06-02,82,1360,Delivered,FMCG
4214,231,Ware House A,2026-05-16,2026-05-23,5,1825,Delayed,FMCG
4215,51,Ware House A,2026-05-15,2026-05-23,38,8109,Delivered,Pharma
4216,9,Ware House B,2026-05-20,2026-05-29,19,604,In Transit,FMCG
4217,234,Ware House D,2026-05-31,2026-06-01,31,2718,Delayed,Electronics
4218,356,Ware House E,2026-05-11,2026-05-18,73,5735,In Transit,Industrial
4219,450,Ware House C,2026-05-27,2026-05-29,96,4475,Delayed,Industrial
4220,459,Ware House E,2026-05-09,2026-05-12,16,9862,Delivered,Automotive
4221,293,Ware House C,2026-06-02,2026-06-05,96,3851,In Transit,Pharma
4222,317,Ware House A,2026-05-25,2026-06-03,98,9606,Delayed,FMCG
4223,278,Ware House C,2026-06-04,2026-06-10,67,3507,Delayed,Electronics
4224,40,Ware House A,2026-05-06,2026-05-08,34,6690,Delayed,Automotive
4225,325,Ware House B,2026-05-29,2026-06-04,5,1083,Cancelled,Automotive
4226,377,Ware House B,2026-05-06,2026-05-10,57,2669,Cancelled,Automotive
4227,492,Ware House C,2026-05-23,2026-05-30,84,6371,Delayed,Pharma
4228,273,Ware House C,2026-05-27,2026-06-04,46,6297,Cancelled,Electronics
4229,68,Ware House A,2026-05-19,2026-05-24,38,9879,In Transit,Industrial
4230,58,Ware House C,2026-05-19,2026-05-23,26,9977,Delivered,Electronics
4231,347,Ware House D,2026-05-28,2026-06-03,79,500,Delivered,Electronics
4232,77,Ware House B,2026-05-21,2026-05-31,38,835,In Transit,Electronics
4233,200,Ware House B,2026-05-14,2026-05-20,49,4635,Delayed,FMCG
4234,33,Ware House E,2026-05-18,2026-05-20,57,8444,Delivered,Electronics
4235,75,Ware House C,2026-05-18,2026-05-23,26,9596,Cancelled,Industrial
4236,214,Ware House A,2026-05-18,2026-05-27,76,2839,Delivered,Industrial
4237,267,Ware House C,2026-06-02,2026-06-11,74,9375,In Transit,Pharma
4238,475,Ware House A,2026-06-03,2026-06-07,44,6436,In Transit,Automotive
4239,389,Ware House C,2026-05-22,2026-05-26,98,5422,Delivered,FMCG
4240,3,Ware House A,2026-05-22,2026-05-24,32,3508,Delivered,Electronics
4241,60,Ware House E,2026-05-09,2026-05-19,72,5212,Delayed,Industrial
4242,242,Ware House A,2026-05-23,2026-05-27,9,7743,Delivered,Pharma
4243,79,Ware House D,2026-05-11,2026-05-21,4,8085,In Transit,Industrial
4244,361,Ware House E,2026-05-29,2026-06-02,44,7093,Cancelled,Automotive
4245,223,Ware House B,2026-05-30,2026-06-02,40,3314,Delivered,FMCG
4246,330,Ware House E,2026-05-06,2026-05-16,97,150,Delivered,Automotive
4247,495,Ware House D,2026-05-31,2026-06-01,27,2858,Cancelled,Automotive
4248,51,Ware House B,2026-05-25,2026-05-31,23,9135,Cancelled,Pharma
4249,163,Ware House E,2026-05-28,2026-05-30,24,2643,Delivered,Automotive
4250,55,Ware House B,2026-05-21,2026-05-30,66,623,In Transit,Pharma
4251,280,Ware House D,2026-06-04,2026-06-07,36,518,Delayed,FMCG
4252,361,Ware House A,2026-05-13,2026-05-18,75,3484,Delivered,Pharma
4253,99,Ware House E,2026-05-16,2026-05-23,88,8749,In Transit,Pharma
4254,139,Ware House B,2026-05-17,2026-05-23,91,7026,Delivered,Electronics
4255,293,Ware House C,2026-06-04,2026-06-13,10,3730,Delayed,Industrial
4256,39,Ware House C,2026-05-14,2026-05-17,58,9774,Delivered,Electronics
4257,79,Ware House D,2026-05-20,2026-05-27,8,2896,Cancelled,Automotive
4258,319,Ware House E,2026-05-29,2026-06-04,1,7073,In Transit,Pharma
4259,140,Ware House A,2026-05-09,2026-05-12,87,6935,Delivered,FMCG
4260,387,Ware House A,2026-05-26,2026-06-04,22,1585,In Transit,Automotive
4261,348,Ware House A,2026-05-16,2026-05-19,92,4278,Delayed,Pharma
4262,381,Ware House A,2026-05-07,2026-05-17,97,4036,Cancelled,Automotive
4263,235,Ware House A,2026-05-19,2026-05-27,13,2956,Delivered,FMCG
4264,84,Ware House C,2026-05-16,2026-05-20,55,9809,In Transit,Automotive
4265,300,Ware House C,2026-05-17,2026-05-27,55,2047,Delayed,Electronics
4266,219,Ware House B,2026-05-10,2026-05-12,1,415,In Transit,Automotive
4267,372,Ware House E,2026-05-25,2026-06-02,61,500,Delivered,FMCG
4268,279,Ware House A,2026-05-28,2026-05-29,14,7476,In Transit,FMCG
4269,249,Ware House A,2026-06-04,2026-06-05,92,8298,Delivered,FMCG
4270,208,Ware House B,2026-05-22,2026-05-27,4,5101,Delivered,Electronics
4271,338,Ware House E,2026-05-08,2026-05-16,10,897,In Transit,Industrial
4272,392,Ware House B,2026-05-16,2026-05-23,41,8204,Cancelled,Electronics
4273,462,Ware House E,2026-05-08,2026-05-11,30,5284,In Transit,Automotive
4274,324,Ware House C,2026-05-11,2026-05-12,44,859,Delivered,Pharma
4275,132,Ware House B,2026-05-31,2026-06-01,77,4190,Cancelled,Pharma
4276,131,Ware House D,2026-05-14,2026-05-20,24,5900,Delivered,Electronics
4277,422,Ware House C,2026-06-04,2026-06-06,12,5161,In Transit,Industrial
4278,313,Ware House A,2026-05-07,2026-05-11,39,8735,Delayed,Industrial
4279,224,Ware House C,2026-05-23,2026-05-27,5,5854,Delivered,FMCG
4280,464,Ware House B,2026-05-16,2026-05-25,27,9204,Delivered,Pharma
4281,428,Ware House D,2026-05-17,2026-05-18,77,2515,In Transit,Automotive
4282,142,Ware House C,2026-05-29,2026-06-03,7,6098,Cancelled,Electronics
4283,247,Ware House A,2026-05-16,2026-05-21,68,3981,Cancelled,FMCG
4284,21,Ware House D,2026-05-30,2026-06-03,59,350,Delivered,Pharma
4285,208,Ware House D,2026-05-26,2026-06-01,37,2096,Delayed,Automotive
4286,26,Ware House D,2026-05-31,2026-06-04,35,9615,In Transit,Automotive
4287,367,Ware House B,2026-05-18,2026-05-28,52,4777,Delivered,Industrial
4288,349,Ware House D,2026-05-20,2026-05-30,27,1711,Delayed,Electronics
4289,392,Ware House E,2026-05-16,2026-05-23,85,2885,Cancelled,Automotive
4290,302,Ware House B,2026-05-19,2026-05-20,98,819,In Transit,Automotive
4291,415,Ware House D,2026-05-18,2026-05-26,66,4957,Delayed,Pharma
4292,70,Ware House A,2026-05-23,2026-06-01,57,3447,Delayed,Pharma
4293,306,Ware House A,2026-05-06,2026-05-08,29,1467,Delivered,Industrial
4294,124,Ware House B,2026-05-12,2026-05-19,28,193,Delivered,Electronics
4295,185,Ware House B,2026-05-18,2026-05-23,38,622,Delivered,Automotive
4296,158,Ware House E,2026-05-26,2026-06-05,11,7419,Delayed,Electronics
4297,126,Ware House D,2026-05-24,2026-05-29,13,246,Delayed,Industrial
4298,324,Ware House D,2026-05-12,2026-05-16,3,7226,Cancelled,Industrial
4299,255,Ware House C,2026-05-18,2026-05-20,94,2930,Cancelled,Industrial
4300,108,Ware House D,2026-05-26,2026-06-05,25,5277,Delayed,Automotive
4301,391,Ware House B,2026-05-22,2026-05-29,68,1392,Delayed,Pharma
4302,253,Ware House C,2026-05-27,2026-05-30,38,3783,Delayed,Pharma
4303,394,Ware House E,2026-05-28,2026-06-03,99,5871,Delayed,FMCG
4304,234,Ware House D,2026-05-24,2026-06-02,74,3971,Delivered,Industrial
4305,40,Ware House C,2026-05-14,2026-05-22,20,8554,Delayed,Industrial
4306,212,Ware House B,2026-05-20,2026-05-26,60,8703,Delivered,Industrial
4307,487,Ware House D,2026-06-02,2026-06-03,60,1432,In Transit,Automotive
4308,461,Ware House D,2026-05-18,2026-05-22,73,6956,Delayed,Automotive
4309,122,Ware House E,2026-05-13,2026-05-18,52,1042,In Transit,FMCG
4310,327,Ware House D,2026-05-28,2026-05-31,85,7236,In Transit,Pharma
4311,416,Ware House E,2026-05-14,2026-05-20,52,3793,Delivered,Electronics
4312,217,Ware House C,2026-05-29,2026-06-02,10,8201,Delivered,Electronics
4313,365,Ware House A,2026-05-31,2026-06-04,10,7720,Delayed,Electronics
4314,347,Ware House D,2026-05-15,2026-05-16,37,6787,Delivered,Pharma
4315,373,Ware House E,2026-05-18,2026-05-26,50,402,Delayed,FMCG
4316,236,Ware House A,2026-06-04,2026-06-10,41,9442,Cancelled,Electronics
4317,252,Ware House D,2026-05-15,2026-05-22,80,6713,Cancelled,Electronics
4318,368,Ware House E,2026-05-06,2026-05-15,86,7370,Delivered,Industrial
4319,320,Ware House D,2026-05-20,2026-05-28,18,7127,Delayed,Automotive
4320,410,Ware House B,2026-06-03,2026-06-08,3,8386,In Transit,Industrial
4321,217,Ware House B,2026-05-07,2026-05-11,60,7941,Cancelled,Industrial
4322,32,Ware House D,2026-06-03,2026-06-13,22,8473,Cancelled,Automotive
4323,364,Ware House D,2026-06-04,2026-06-07,3,9155,Delayed,Automotive
4324,144,Ware House B,2026-05-24,2026-06-02,8,4964,Delivered,Industrial
4325,311,Ware House C,2026-05-25,2026-06-01,97,4693,Delayed,Automotive
4326,115,Ware House E,2026-05-14,2026-05-21,54,9777,Cancelled,Automotive
4327,459,Ware House C,2026-06-03,2026-06-06,33,3545,Delivered,Industrial
4328,56,Ware House D,2026-05-12,2026-05-18,1,1932,Delivered,Pharma
4329,81,Ware House D,2026-05-18,2026-05-28,84,8111,Delayed,Industrial
4330,456,Ware House B,2026-06-01,2026-06-04,47,2697,In Transit,Automotive
4331,150,Ware House B,2026-05-29,2026-05-31,89,4577,Delivered,Electronics
4332,295,Ware House E,2026-05-13,2026-05-17,78,1470,Delivered,Pharma
4333,47,Ware House A,2026-05-10,2026-05-12,71,3971,In Transit,Automotive
4334,427,Ware House B,2026-05-10,2026-05-17,30,3173,Delayed,Pharma
4335,388,Ware House D,2026-05-19,2026-05-22,34,4891,Delayed,Automotive
4336,253,Ware House E,2026-06-03,2026-06-04,65,3449,In Transit,Automotive
4337,315,Ware House B,2026-05-10,2026-05-12,31,7006,Delayed,Pharma
4338,446,Ware House E,2026-06-02,2026-06-07,40,4749,Delayed,Industrial
4339,156,Ware House C,2026-05-28,2026-06-04,55,4982,In Transit,Pharma
4340,318,Ware House D,2026-05-07,2026-05-16,49,394,Delayed,Automotive
4341,483,Ware House E,2026-05-31,2026-06-08,13,2542,Delayed,FMCG
4342,465,Ware House B,2026-05-26,2026-06-01,43,3143,Delivered,FMCG
4343,455,Ware House C,2026-05-17,2026-05-27,31,702,Cancelled,Industrial
4344,364,Ware House C,2026-05-14,2026-05-20,68,3585,Delivered,Electronics
4345,387,Ware House E,2026-06-02,2026-06-12,45,7291,In Transit,FMCG
4346,346,Ware House E,2026-05-26,2026-06-02,11,9761,Delayed,Pharma
4347,19,Ware House C,2026-05-27,2026-06-02,79,6366,Delayed,Automotive
4348,376,Ware House E,2026-05-30,2026-05-31,73,7867,Cancelled,Electronics
4349,222,Ware House A,2026-05-11,2026-05-19,1,1437,In Transit,FMCG
4350,409,Ware House C,2026-05-20,2026-05-28,75,9882,Cancelled,Electronics
4351,97,Ware House D,2026-05-19,2026-05-24,82,3269,Delayed,FMCG
4352,8,Ware House A,2026-05-30,2026-06-06,28,9523,Delayed,Automotive
4353,457,Ware House D,2026-06-04,2026-06-13,65,2791,Cancelled,Automotive
4354,355,Ware House E,2026-06-02,2026-06-06,86,1403,Delayed,Electronics
4355,487,Ware House C,2026-06-02,2026-06-07,37,6878,Cancelled,FMCG
4356,202,Ware House C,2026-05-12,2026-05-18,44,7290,Delivered,FMCG
4357,91,Ware House D,2026-05-17,2026-05-25,87,1102,In Transit,Automotive
4358,490,Ware House D,2026-05-24,2026-06-03,71,5978,Delayed,Automotive
4359,249,Ware House B,2026-05-17,2026-05-26,50,8296,Cancelled,Electronics
4360,251,Ware House B,2026-05-20,2026-05-27,47,5722,Delivered,FMCG
4361,202,Ware House A,2026-05-30,2026-06-04,23,6308,In Transit,FMCG
4362,300,Ware House E,2026-05-06,2026-05-08,52,4587,Delayed,Industrial
4363,424,Ware House E,2026-05-28,2026-05-31,42,470,Delayed,Automotive
4364,418,Ware House C,2026-05-22,2026-05-30,22,340,Delayed,Pharma
4365,73,Ware House B,2026-05-18,2026-05-26,45,4754,Delayed,Industrial
4366,407,Ware House C,2026-06-01,2026-06-06,46,2688,Cancelled,Industrial
4367,27,Ware House A,2026-05-31,2026-06-04,35,189,Delivered,Pharma
4368,112,Ware House A,2026-05-25,2026-05-26,21,3307,In Transit,Electronics
4369,330,Ware House E,2026-05-09,2026-05-16,28,4802,In Transit,Automotive
4370,31,Ware House B,2026-05-10,2026-05-18,23,8897,Delivered,FMCG
4371,183,Ware House A,2026-05-16,2026-05-21,71,8285,In Transit,Electronics
4372,4,Ware House D,2026-05-25,2026-05-26,23,4926,Delivered,Pharma
4373,320,Ware House D,2026-05-24,2026-06-02,9,7738,Delivered,FMCG
4374,473,Ware House C,2026-05-12,2026-05-16,83,1133,Cancelled,Automotive
4375,198,Ware House C,2026-05-22,2026-05-25,3,9929,Delayed,FMCG
4376,411,Ware House A,2026-06-04,2026-06-05,33,7596,In Transit,Pharma
4377,497,Ware House A,2026-05-22,2026-05-28,28,8743,Delivered,Automotive
4378,286,Ware House C,2026-05-29,2026-06-05,51,8503,Delivered,Automotive
4379,446,Ware House D,2026-05-12,2026-05-17,100,7691,Delivered,Electronics
4380,395,Ware House D,2026-05-27,2026-05-30,5,9583,In Transit,Pharma
4381,434,Ware House E,2026-06-03,2026-06-05,2,2445,Cancelled,Electronics
4382,121,Ware House C,2026-05-11,2026-05-15,24,9158,In Transit,FMCG
4383,61,Ware House A,2026-05-14,2026-05-17,31,8866,Cancelled,FMCG
4384,297,Ware House C,2026-05-15,2026-05-20,98,2851,Delivered,Automotive
4385,438,Ware House A,2026-05-11,2026-05-16,16,6950,In Transit,Pharma
4386,129,Ware House A,2026-05-18,2026-05-26,100,3588,Delivered,Automotive
4387,296,Ware House E,2026-05-16,2026-05-18,75,3561,Delivered,Electronics
4388,127,Ware House C,2026-05-15,2026-05-23,70,4519,In Transit,Automotive
4389,398,Ware House A,2026-05-27,2026-05-28,77,5477,In Transit,Electronics
4390,271,Ware House D,2026-06-01,2026-06-09,89,6162,Delivered,Electronics
4391,57,Ware House E,2026-05-18,2026-05-23,99,2006,Cancelled,Pharma
4392,350,Ware House D,2026-06-02,2026-06-04,25,8174,Delivered,Electronics
4393,451,Ware House C,2026-06-03,2026-06-09,41,2873,In Transit,Pharma
4394,124,Ware House C,2026-05-26,2026-05-27,92,1324,Delayed,Pharma
4395,281,Ware House C,2026-05-27,2026-05-29,47,1499,Delayed,Industrial
4396,407,Ware House D,2026-05-27,2026-05-30,90,1280,Cancelled,Pharma
4397,119,Ware House C,2026-05-29,2026-06-04,44,1488,Delayed,Electronics
4398,21,Ware House E,2026-05-10,2026-05-19,89,930,Cancelled,Automotive
4399,431,Ware House A,2026-05-30,2026-06-02,89,5556,In Transit,Electronics
4400,98,Ware House D,2026-05-06,2026-05-16,47,6136,In Transit,Electronics
4401,6,Ware House A,2026-05-19,2026-05-20,20,4730,Delayed,Industrial
4402,47,Ware House E,2026-05-09,2026-05-15,90,1171,Delayed,Industrial
4403,219,Ware House A,2026-06-04,2026-06-14,70,9062,Delivered,Pharma
4404,140,Ware House A,2026-05-09,2026-05-14,98,6506,In Transit,Electronics
4405,6,Ware House D,2026-05-06,2026-05-16,70,5923,Cancelled,Pharma
4406,396,Ware House B,2026-05-31,2026-06-04,29,9749,Delayed,Pharma
4407,243,Ware House B,2026-05-22,2026-05-26,81,5184,Cancelled,Industrial
4408,72,Ware House D,2026-06-02,2026-06-12,19,2609,In Transit,FMCG
4409,32,Ware House C,2026-05-17,2026-05-22,33,5538,Delayed,Electronics
4410,375,Ware House E,2026-05-08,2026-05-14,3,6246,In Transit,FMCG
4411,367,Ware House C,2026-05-20,2026-05-21,100,149,In Transit,Electronics
4412,385,Ware House E,2026-05-21,2026-05-22,88,1919,Cancelled,Industrial
4413,43,Ware House E,2026-05-17,2026-05-24,91,412,Delayed,Pharma
4414,226,Ware House A,2026-05-28,2026-06-02,57,3038,In Transit,Industrial
4415,355,Ware House D,2026-05-28,2026-06-07,85,7949,Delivered,Automotive
4416,139,Ware House B,2026-05-20,2026-05-27,79,7469,Cancelled,Automotive
4417,270,Ware House A,2026-05-11,2026-05-15,62,173,Delivered,Automotive
4418,225,Ware House C,2026-05-14,2026-05-16,16,2384,In Transit,FMCG
4419,335,Ware House C,2026-05-26,2026-05-27,64,7469,Cancelled,Industrial
4420,189,Ware House C,2026-05-26,2026-05-31,91,4934,Delivered,Pharma
4421,363,Ware House E,2026-05-12,2026-05-20,32,131,Delivered,FMCG
4422,227,Ware House E,2026-06-01,2026-06-09,13,6694,Delivered,FMCG
4423,414,Ware House D,2026-05-31,2026-06-04,26,8572,Delayed,FMCG
4424,439,Ware House A,2026-06-02,2026-06-09,61,9219,Cancelled,Electronics
4425,89,Ware House B,2026-05-17,2026-05-25,82,6988,Delivered,FMCG
4426,413,Ware House C,2026-05-22,2026-05-24,57,6346,Cancelled,Automotive
4427,475,Ware House B,2026-05-28,2026-06-04,36,1925,In Transit,Electronics
4428,86,Ware House A,2026-05-27,2026-06-04,76,8826,Delayed,Automotive
4429,75,Ware House A,2026-05-10,2026-05-18,13,5084,In Transit,Electronics
4430,301,Ware House B,2026-05-14,2026-05-19,37,3602,In Transit,Automotive
4431,238,Ware House E,2026-05-31,2026-06-01,57,8474,Delivered,Automotive
4432,185,Ware House A,2026-05-24,2026-05-29,92,5635,Delayed,Industrial
4433,214,Ware House B,2026-06-01,2026-06-08,61,6861,In Transit,Industrial
4434,198,Ware House A,2026-06-04,2026-06-12,3,3198,Cancelled,Electronics
4435,222,Ware House A,2026-06-02,2026-06-12,12,8428,Cancelled,FMCG
4436,23,Ware House E,2026-05-27,2026-05-31,23,8702,Delivered,Pharma
4437,62,Ware House E,2026-06-04,2026-06-10,3,9124,Delayed,FMCG
4438,84,Ware House D,2026-05-15,2026-05-25,72,281,Delayed,FMCG
4439,216,Ware House D,2026-05-09,2026-05-16,68,5706,Cancelled,Industrial
4440,41,Ware House D,2026-06-01,2026-06-02,24,3517,In Transit,Pharma
4441,22,Ware House C,2026-05-24,2026-05-30,11,8423,Delivered,Automotive
4442,482,Ware House D,2026-06-04,2026-06-10,98,6396,Delayed,Electronics
4443,28,Ware House E,2026-05-06,2026-05-08,73,2574,Delivered,Industrial
4444,385,Ware House B,2026-05-22,2026-05-24,64,5612,In Transit,Industrial
4445,253,Ware House A,2026-05-29,2026-06-02,14,2397,Delivered,Electronics
4446,118,Ware House D,2026-05-08,2026-05-16,60,3942,Delayed,Pharma
4447,130,Ware House D,2026-05-09,2026-05-10,16,4452,Delivered,Industrial
4448,77,Ware House E,2026-05-17,2026-05-24,70,2535,Delivered,Electronics
4449,241,Ware House D,2026-05-16,2026-05-26,40,5456,Delayed,Pharma
4450,337,Ware House B,2026-05-10,2026-05-13,53,3278,Delayed,Automotive
4451,151,Ware House D,2026-06-02,2026-06-08,68,8132,Delivered,FMCG
4452,495,Ware House A,2026-05-28,2026-06-05,17,6621,Delayed,Pharma
4453,357,Ware House A,2026-05-18,2026-05-19,88,9390,Delivered,Pharma
4454,104,Ware House C,2026-05-07,2026-05-10,16,326,Delayed,Electronics
4455,31,Ware House B,2026-05-31,2026-06-01,46,3490,In Transit,FMCG
4456,233,Ware House A,2026-06-03,2026-06-13,11,5234,Delayed,FMCG
4457,39,Ware House B,2026-05-08,2026-05-18,17,4877,Delayed,Electronics
4458,375,Ware House B,2026-05-27,2026-05-28,93,4139,Delayed,Electronics
4459,183,Ware House C,2026-05-20,2026-05-28,25,5710,Delivered,Electronics
4460,153,Ware House C,2026-05-19,2026-05-26,78,7414,Delivered,Industrial
4461,491,Ware House B,2026-05-25,2026-05-29,95,6963,In Transit,Automotive
4462,435,Ware House D,2026-05-27,2026-06-02,7,936,Delivered,FMCG
4463,419,Ware House B,2026-05-06,2026-05-15,71,4479,Cancelled,FMCG
4464,304,Ware House C,2026-05-25,2026-06-02,47,4832,Delayed,FMCG
4465,160,Ware House C,2026-05-23,2026-05-25,100,1407,In Transit,FMCG
4466,89,Ware House A,2026-05-15,2026-05-21,92,7162,Delayed,Pharma
4467,244,Ware House B,2026-05-16,2026-05-25,49,6293,Delayed,Industrial
4468,138,Ware House B,2026-05-16,2026-05-21,45,201,Cancelled,Automotive
4469,41,Ware House E,2026-05-24,2026-06-01,8,6984,Cancelled,Automotive
4470,355,Ware House E,2026-05-11,2026-05-18,58,159,Delivered,FMCG
4471,261,Ware House D,2026-05-15,2026-05-18,27,2283,Delayed,Automotive
4472,369,Ware House C,2026-05-28,2026-06-03,61,241,In Transit,Industrial
4473,39,Ware House A,2026-05-11,2026-05-12,53,6524,In Transit,FMCG
4474,264,Ware House D,2026-05-29,2026-06-04,30,4202,Delayed,Pharma
4475,152,Ware House D,2026-05-18,2026-05-23,80,989,Cancelled,FMCG
4476,152,Ware House B,2026-06-01,2026-06-06,64,6991,Delayed,Pharma
4477,123,Ware House B,2026-05-19,2026-05-25,72,8976,Delivered,Automotive
4478,499,Ware House E,2026-05-14,2026-05-16,33,2412,Cancelled,Industrial
4479,95,Ware House D,2026-05-31,2026-06-09,94,3142,Cancelled,FMCG
4480,446,Ware House E,2026-05-28,2026-06-03,18,5178,In Transit,Industrial
4481,73,Ware House C,2026-05-25,2026-05-29,64,4269,Delayed,Electronics
4482,58,Ware House A,2026-05-22,2026-05-25,67,516,Delayed,Industrial
4483,191,Ware House C,2026-06-02,2026-06-09,78,4901,Delivered,FMCG
4484,85,Ware House E,2026-05-17,2026-05-27,39,6965,Delayed,Automotive
4485,25,Ware House A,2026-05-23,2026-05-29,92,5784,Delivered,Electronics
4486,281,Ware House A,2026-05-24,2026-06-01,42,6784,Delayed,Pharma
4487,35,Ware House B,2026-05-12,2026-05-22,21,342,In Transit,Pharma
4488,93,Ware House D,2026-05-28,2026-06-02,38,1594,Cancelled,Industrial
4489,419,Ware House A,2026-05-30,2026-05-31,9,1810,Delivered,Pharma
4490,469,Ware House D,2026-05-13,2026-05-15,54,7051,Delayed,Electronics
4491,121,Ware House C,2026-05-12,2026-05-13,81,1163,Delivered,Electronics
4492,205,Ware House E,2026-05-09,2026-05-18,28,3829,Cancelled,Electronics
4493,251,Ware House B,2026-05-08,2026-05-10,53,2644,Delivered,Pharma
4494,32,Ware House E,2026-05-28,2026-05-31,26,853,Delivered,Pharma
4495,492,Ware House C,2026-05-27,2026-06-06,74,3915,Delivered,Industrial
4496,300,Ware House E,2026-05-19,2026-05-29,50,5772,Cancelled,Automotive
4497,298,Ware House A,2026-05-31,2026-06-03,21,6655,Delivered,Electronics
4498,138,Ware House E,2026-05-20,2026-05-27,67,145,Delivered,Pharma
4499,173,Ware House D,2026-05-19,2026-05-21,50,8155,Delivered,Industrial
4500,77,Ware House A,2026-05-13,2026-05-20,77,2751,Delayed,Pharma
4501,387,Ware House B,2026-05-07,2026-05-09,49,1128,Delayed,Pharma
4502,113,Ware House C,2026-05-13,2026-05-21,27,7874,Delivered,Pharma
4503,228,Ware House B,2026-05-25,2026-06-01,42,2857,Delayed,Automotive
4504,430,Ware House E,2026-05-08,2026-05-11,39,1169,In Transit,Automotive
4505,78,Ware House C,2026-05-07,2026-05-16,74,8173,In Transit,Pharma
4506,479,Ware House E,2026-06-02,2026-06-08,86,7444,Delivered,Pharma
4507,132,Ware House E,2026-05-09,2026-05-17,26,262,Delivered,Pharma
4508,423,Ware House B,2026-06-02,2026-06-05,17,6561,Delivered,FMCG
4509,35,Ware House A,2026-05-24,2026-05-30,43,8180,In Transit,FMCG
4510,430,Ware House D,2026-05-13,2026-05-14,74,6157,Cancelled,Industrial
4511,345,Ware House A,2026-05-12,2026-05-21,53,9622,In Transit,Automotive
4512,322,Ware House A,2026-05-08,2026-05-11,61,4565,In Transit,Automotive
4513,425,Ware House D,2026-05-16,2026-05-21,19,5828,Delayed,FMCG
4514,491,Ware House A,2026-05-31,2026-06-09,8,874,Cancelled,Electronics
4515,331,Ware House A,2026-05-21,2026-05-30,90,5746,Delayed,FMCG
4516,137,Ware House A,2026-06-02,2026-06-10,94,4026,Cancelled,Electronics
4517,189,Ware House A,2026-05-12,2026-05-18,36,9117,Cancelled,FMCG
4518,157,Ware House D,2026-05-26,2026-05-29,92,9264,Delayed,Pharma
4519,476,Ware House A,2026-05-30,2026-06-05,65,6709,Delayed,Industrial
4520,75,Ware House C,2026-05-11,2026-05-13,64,2001,Cancelled,FMCG
4521,382,Ware House E,2026-05-23,2026-05-29,23,3120,Cancelled,Electronics
4522,224,Ware House C,2026-05-13,2026-05-17,70,1275,Cancelled,Electronics
4523,8,Ware House D,2026-05-11,2026-05-18,36,8910,In Transit,Automotive
4524,465,Ware House B,2026-05-10,2026-05-11,88,3576,Delayed,Automotive
4525,478,Ware House E,2026-05-12,2026-05-22,12,2602,Cancelled,Industrial
4526,392,Ware House E,2026-05-11,2026-05-13,55,3400,Cancelled,Pharma
4527,323,Ware House D,2026-05-14,2026-05-19,3,8987,Delivered,Pharma
4528,184,Ware House E,2026-06-01,2026-06-08,68,5466,Cancelled,Industrial
4529,76,Ware House E,2026-05-23,2026-06-02,24,103,Delivered,Pharma
4530,390,Ware House A,2026-05-14,2026-05-22,43,1232,Delivered,FMCG
4531,455,Ware House E,2026-05-07,2026-05-16,5,5211,Delivered,Electronics
4532,390,Ware House C,2026-05-27,2026-05-31,31,4736,In Transit,FMCG
4533,139,Ware House E,2026-05-09,2026-05-16,69,4354,Cancelled,Pharma
4534,430,Ware House A,2026-05-29,2026-06-06,63,1516,Cancelled,Automotive
4535,227,Ware House A,2026-05-22,2026-05-25,41,1832,Delayed,Industrial
4536,439,Ware House E,2026-05-24,2026-06-03,91,8562,Delivered,Electronics
4537,133,Ware House B,2026-05-06,2026-05-16,24,8022,In Transit,Automotive
4538,333,Ware House B,2026-06-03,2026-06-13,99,6831,Cancelled,Automotive
4539,432,Ware House B,2026-05-06,2026-05-12,67,3694,Cancelled,Pharma
4540,351,Ware House B,2026-05-24,2026-05-27,85,7927,Cancelled,Pharma
4541,367,Ware House A,2026-05-24,2026-05-28,25,3263,In Transit,Automotive
4542,17,Ware House C,2026-05-23,2026-05-29,42,4988,Cancelled,Electronics
4543,336,Ware House A,2026-05-09,2026-05-13,12,2052,Delayed,Industrial
4544,327,Ware House A,2026-05-11,2026-05-21,22,4977,In Transit,Pharma
4545,212,Ware House C,2026-06-03,2026-06-07,80,5298,In Transit,Pharma
4546,203,Ware House D,2026-05-25,2026-05-29,69,9743,Delivered,Industrial
4547,386,Ware House B,2026-05-13,2026-05-19,61,5205,In Transit,Pharma
4548,37,Ware House A,2026-05-07,2026-05-12,36,2014,In Transit,Electronics
4549,225,Ware House E,2026-05-23,2026-05-28,86,6903,Delayed,Industrial
4550,101,Ware House B,2026-05-29,2026-06-04,63,6318,Cancelled,Industrial
4551,467,Ware House C,2026-05-17,2026-05-27,67,7673,Delivered,Electronics
4552,61,Ware House B,2026-05-13,2026-05-15,75,9995,Delayed,Automotive
4553,268,Ware House D,2026-06-03,2026-06-07,9,1008,Delayed,FMCG
4554,433,Ware House B,2026-05-26,2026-05-30,48,3447,Delayed,Pharma
4555,23,Ware House C,2026-05-29,2026-06-04,80,3592,Delayed,Pharma
4556,132,Ware House B,2026-05-27,2026-06-03,57,7627,Cancelled,Electronics
4557,443,Ware House C,2026-06-02,2026-06-09,13,6965,Delayed,Industrial
4558,180,Ware House D,2026-05-25,2026-05-29,97,3266,Delayed,Electronics
4559,170,Ware House C,2026-05-18,2026-05-22,22,3103,In Transit,Automotive
4560,158,Ware House E,2026-06-03,2026-06-06,98,2303,In Transit,FMCG
4561,372,Ware House B,2026-05-18,2026-05-19,59,6535,Delivered,FMCG
4562,123,Ware House D,2026-06-04,2026-06-08,7,4644,Cancelled,Industrial
4563,320,Ware House A,2026-05-31,2026-06-01,92,9676,Delivered,Automotive
4564,258,Ware House B,2026-05-12,2026-05-19,52,4837,Delivered,FMCG
4565,121,Ware House C,2026-05-11,2026-05-16,99,6717,Cancelled,Electronics
4566,77,Ware House D,2026-05-14,2026-05-19,9,4163,Cancelled,FMCG
4567,487,Ware House D,2026-06-03,2026-06-06,36,1678,In Transit,Pharma
4568,227,Ware House E,2026-05-13,2026-05-19,48,4300,In Transit,Industrial
4569,124,Ware House A,2026-05-11,2026-05-21,90,4247,In Transit,Automotive
4570,339,Ware House B,2026-05-15,2026-05-22,74,1106,Delayed,FMCG
4571,143,Ware House A,2026-05-11,2026-05-17,25,1936,Cancelled,Automotive
4572,323,Ware House B,2026-05-09,2026-05-14,32,8440,Delivered,Electronics
4573,162,Ware House E,2026-05-25,2026-05-27,61,8405,Delayed,Industrial
4574,168,Ware House C,2026-05-18,2026-05-20,87,1745,Delayed,Pharma
4575,216,Ware House C,2026-05-17,2026-05-27,18,9946,In Transit,FMCG
4576,74,Ware House C,2026-05-26,2026-06-05,72,4066,In Transit,Industrial
4577,258,Ware House B,2026-05-17,2026-05-23,82,1868,Delayed,Automotive
4578,491,Ware House C,2026-05-15,2026-05-16,85,7195,In Transit,Electronics
4579,93,Ware House A,2026-05-19,2026-05-26,10,1945,Delivered,Electronics
4580,174,Ware House C,2026-05-06,2026-05-15,2,4582,Cancelled,Pharma
4581,259,Ware House E,2026-05-16,2026-05-18,94,2517,Delivered,Pharma
4582,179,Ware House E,2026-05-31,2026-06-02,43,6465,Delayed,Automotive
4583,349,Ware House E,2026-05-16,2026-05-17,99,6172,Cancelled,Pharma
4584,362,Ware House D,2026-05-14,2026-05-16,51,1147,In Transit,Automotive
4585,212,Ware House C,2026-06-01,2026-06-09,25,5578,Delivered,Pharma
4586,203,Ware House C,2026-05-17,2026-05-21,14,9936,Delayed,Industrial
4587,449,Ware House A,2026-05-12,2026-05-19,17,4494,Delivered,FMCG
4588,462,Ware House C,2026-05-31,2026-06-07,54,3948,Delayed,Pharma
4589,367,Ware House A,2026-06-01,2026-06-05,79,7865,Delivered,FMCG
4590,500,Ware House A,2026-05-13,2026-05-21,24,5942,In Transit,Automotive
4591,55,Ware House D,2026-05-17,2026-05-21,51,2705,In Transit,FMCG
4592,497,Ware House E,2026-05-11,2026-05-13,34,9438,Delivered,Pharma
4593,272,Ware House C,2026-05-27,2026-06-06,85,9253,In Transit,Automotive
4594,320,Ware House A,2026-05-16,2026-05-24,48,6667,Delivered,Pharma
4595,419,Ware House A,2026-05-17,2026-05-19,90,6521,Cancelled,Electronics
4596,345,Ware House E,2026-05-16,2026-05-25,42,823,In Transit,Automotive
4597,490,Ware House B,2026-05-09,2026-05-18,4,3356,Cancelled,Electronics
4598,157,Ware House B,2026-05-15,2026-05-19,36,1185,Delayed,Automotive
4599,122,Ware House C,2026-05-28,2026-06-04,100,7615,Delayed,Automotive
4600,419,Ware House B,2026-05-31,2026-06-05,5,8181,Cancelled,FMCG
4601,217,Ware House A,2026-05-26,2026-05-30,87,3340,Delayed,FMCG
4602,482,Ware House E,2026-06-02,2026-06-04,16,6630,Cancelled,FMCG
4603,259,Ware House C,2026-05-09,2026-05-19,18,949,Cancelled,Pharma
4604,351,Ware House B,2026-05-17,2026-05-18,2,3084,In Transit,Pharma
4605,452,Ware House B,2026-05-23,2026-05-25,21,7741,Delayed,Electronics
4606,440,Ware House A,2026-05-28,2026-06-06,17,5889,Cancelled,Industrial
4607,415,Ware House D,2026-05-20,2026-05-29,96,6428,In Transit,Pharma
4608,23,Ware House B,2026-05-06,2026-05-12,24,7985,Delayed,Automotive
4609,378,Ware House A,2026-05-09,2026-05-14,11,5478,In Transit,Pharma
4610,259,Ware House A,2026-05-25,2026-06-03,48,1017,Cancelled,Pharma
4611,335,Ware House D,2026-05-13,2026-05-22,46,8310,Delivered,FMCG
4612,253,Ware House E,2026-05-22,2026-05-30,40,6762,Delayed,Industrial
4613,318,Ware House E,2026-05-06,2026-05-08,22,7365,Delayed,Industrial
4614,403,Ware House C,2026-05-22,2026-05-23,88,7779,In Transit,Pharma
4615,136,Ware House A,2026-05-23,2026-05-27,66,8416,Cancelled,Pharma
4616,260,Ware House E,2026-05-10,2026-05-12,29,3492,Delivered,Automotive
4617,40,Ware House D,2026-05-15,2026-05-22,38,4768,Cancelled,Industrial
4618,360,Ware House A,2026-05-06,2026-05-12,79,4242,Cancelled,Industrial
4619,232,Ware House C,2026-05-12,2026-05-20,2,2041,In Transit,Industrial
4620,453,Ware House A,2026-05-08,2026-05-12,28,2403,Delayed,Automotive
4621,375,Ware House C,2026-05-17,2026-05-23,3,1448,Delayed,Pharma
4622,485,Ware House C,2026-05-21,2026-05-25,37,3187,Cancelled,Electronics
4623,319,Ware House B,2026-05-11,2026-05-15,23,5598,Delivered,Industrial
4624,199,Ware House B,2026-05-26,2026-06-04,58,6836,In Transit,FMCG
4625,185,Ware House B,2026-05-07,2026-05-13,6,5618,Delivered,FMCG
4626,232,Ware House D,2026-05-23,2026-05-24,47,1716,Delayed,Pharma
4627,70,Ware House A,2026-05-15,2026-05-16,69,8052,Delayed,Automotive
4628,272,Ware House A,2026-05-22,2026-05-26,22,9152,In Transit,Industrial
4629,429,Ware House A,2026-05-14,2026-05-20,51,9464,Delayed,FMCG
4630,240,Ware House D,2026-05-10,2026-05-13,71,953,Delivered,Electronics
4631,338,Ware House C,2026-06-02,2026-06-05,67,9603,Delayed,FMCG
4632,134,Ware House E,2026-05-09,2026-05-19,22,2057,Cancelled,Pharma
4633,164,Ware House B,2026-05-08,2026-05-15,39,9383,In Transit,Electronics
4634,168,Ware House E,2026-05-29,2026-05-31,55,598,In Transit,Industrial
4635,330,Ware House E,2026-05-16,2026-05-20,29,8332,In Transit,Electronics
4636,221,Ware House A,2026-05-09,2026-05-19,38,3107,Delayed,Pharma
4637,370,Ware House E,2026-05-24,2026-06-02,42,3506,In Transit,FMCG
4638,343,Ware House A,2026-05-18,2026-05-19,86,1263,Delivered,Automotive
4639,27,Ware House A,2026-05-25,2026-06-03,78,5893,Delayed,Industrial
4640,11,Ware House C,2026-05-22,2026-05-28,56,5496,Delivered,Industrial
4641,347,Ware House E,2026-05-20,2026-05-26,26,5761,In Transit,Pharma
4642,61,Ware House E,2026-05-11,2026-05-15,43,9875,Delivered,Automotive
4643,300,Ware House C,2026-05-07,2026-05-17,53,8714,Delivered,FMCG
4644,64,Ware House C,2026-05-25,2026-06-01,65,1824,Delayed,Industrial
4645,412,Ware House C,2026-05-07,2026-05-13,11,4158,Delivered,Automotive
4646,213,Ware House C,2026-05-14,2026-05-23,61,830,In Transit,Industrial
4647,487,Ware House C,2026-05-10,2026-05-19,22,6003,In Transit,Electronics
4648,28,Ware House B,2026-05-14,2026-05-19,65,7692,Cancelled,Pharma
4649,371,Ware House D,2026-05-18,2026-05-21,60,9377,Delayed,Industrial
4650,114,Ware House E,2026-05-26,2026-06-05,16,5387,In Transit,Electronics
4651,20,Ware House A,2026-05-11,2026-05-21,24,842,Delivered,FMCG
4652,35,Ware House E,2026-05-20,2026-05-27,12,834,Delayed,FMCG
4653,201,Ware House A,2026-05-06,2026-05-13,39,4977,Delivered,Electronics
4654,95,Ware House B,2026-05-08,2026-05-16,16,8317,Cancelled,Automotive
4655,118,Ware House D,2026-05-27,2026-06-03,100,6102,Cancelled,Electronics
4656,273,Ware House B,2026-06-02,2026-06-04,49,2267,Delayed,Industrial
4657,130,Ware House B,2026-05-12,2026-05-22,50,4853,Cancelled,FMCG
4658,453,Ware House C,2026-06-01,2026-06-04,22,8395,Delayed,Electronics
4659,293,Ware House C,2026-05-21,2026-05-30,71,489,Cancelled,Automotive
4660,475,Ware House E,2026-05-18,2026-05-20,95,1824,In Transit,Electronics
4661,113,Ware House E,2026-06-04,2026-06-09,70,3288,Delayed,Electronics
4662,497,Ware House C,2026-05-17,2026-05-26,62,1860,In Transit,Industrial
4663,272,Ware House D,2026-05-23,2026-05-26,40,6345,Delivered,Industrial
4664,221,Ware House B,2026-05-17,2026-05-18,21,6531,In Transit,FMCG
4665,172,Ware House C,2026-05-11,2026-05-12,64,4914,Delivered,Industrial
4666,197,Ware House A,2026-05-11,2026-05-17,81,9665,Delivered,Electronics
4667,12,Ware House C,2026-05-20,2026-05-27,1,8925,Delivered,Automotive
4668,425,Ware House C,2026-05-21,2026-05-25,83,8621,Delayed,Industrial
4669,483,Ware House E,2026-05-15,2026-05-21,84,1447,Delivered,Pharma
4670,434,Ware House A,2026-05-12,2026-05-18,32,3938,Delivered,FMCG
4671,379,Ware House C,2026-05-21,2026-05-26,89,967,Cancelled,Automotive
4672,305,Ware House B,2026-05-12,2026-05-19,71,3205,In Transit,Pharma
4673,124,Ware House C,2026-05-23,2026-06-02,84,8272,Delayed,Automotive
4674,334,Ware House A,2026-05-20,2026-05-27,5,1953,In Transit,Automotive
4675,488,Ware House C,2026-05-13,2026-05-22,76,8040,In Transit,Automotive
4676,175,Ware House E,2026-05-19,2026-05-27,79,3416,Cancelled,FMCG
4677,83,Ware House D,2026-06-02,2026-06-10,17,1599,Delayed,Automotive
4678,342,Ware House C,2026-06-03,2026-06-07,21,4021,Delayed,FMCG
4679,417,Ware House A,2026-05-24,2026-05-27,83,6864,Delayed,Automotive
4680,24,Ware House E,2026-05-19,2026-05-26,9,5791,Delivered,Automotive
4681,318,Ware House A,2026-05-31,2026-06-08,48,1975,Cancelled,Pharma
4682,62,Ware House A,2026-06-04,2026-06-12,30,5430,Delayed,FMCG
4683,344,Ware House C,2026-05-19,2026-05-25,19,7601,Cancelled,Pharma
4684,86,Ware House E,2026-05-28,2026-05-31,52,5763,Cancelled,FMCG
4685,407,Ware House A,2026-05-13,2026-05-19,91,4854,In Transit,Pharma
4686,288,Ware House A,2026-05-20,2026-05-24,48,5422,In Transit,Industrial
4687,405,Ware House B,2026-05-14,2026-05-24,64,9814,Cancelled,Automotive
4688,50,Ware House A,2026-06-03,2026-06-10,95,7635,Cancelled,Industrial
4689,482,Ware House D,2026-05-15,2026-05-16,26,840,Cancelled,Industrial
4690,323,Ware House C,2026-05-10,2026-05-19,20,9521,Delivered,Industrial
4691,294,Ware House A,2026-05-20,2026-05-25,56,9867,Delayed,Automotive
4692,91,Ware House C,2026-05-15,2026-05-21,75,5331,In Transit,Industrial
4693,188,Ware House C,2026-05-20,2026-05-22,29,3345,Delivered,FMCG
4694,328,Ware House E,2026-05-11,2026-05-20,49,7218,Delayed,Industrial
4695,327,Ware House D,2026-05-12,2026-05-21,29,5468,Delivered,Electronics
4696,455,Ware House E,2026-05-23,2026-05-26,44,8024,Delayed,Pharma
4697,300,Ware House C,2026-05-27,2026-05-29,71,1038,Delivered,Automotive
4698,152,Ware House D,2026-05-18,2026-05-26,42,934,Cancelled,Industrial
4699,472,Ware House B,2026-05-15,2026-05-25,29,6294,Delayed,Electronics
4700,312,Ware House A,2026-05-20,2026-05-29,70,1464,Delayed,Automotive
4701,171,Ware House C,2026-05-17,2026-05-22,81,9644,Delayed,Industrial
4702,395,Ware House D,2026-05-30,2026-06-09,38,5522,Cancelled,Pharma
4703,158,Ware House E,2026-05-31,2026-06-07,56,3037,In Transit,Electronics
4704,41,Ware House C,2026-05-09,2026-05-15,9,101,In Transit,Electronics
4705,114,Ware House E,2026-06-04,2026-06-12,87,4754,Delivered,Electronics
4706,434,Ware House C,2026-05-09,2026-05-19,64,2089,In Transit,Electronics
4707,96,Ware House A,2026-05-28,2026-06-06,30,1084,Delayed,Electronics
4708,2,Ware House A,2026-05-13,2026-05-19,83,8874,Delayed,FMCG
4709,187,Ware House D,2026-05-20,2026-05-26,47,9581,In Transit,Automotive
4710,256,Ware House C,2026-05-09,2026-05-19,26,5985,In Transit,Industrial
4711,450,Ware House A,2026-05-28,2026-05-31,18,7939,Delivered,FMCG
4712,58,Ware House A,2026-05-28,2026-06-04,76,7324,Delayed,Pharma
4713,299,Ware House B,2026-05-22,2026-06-01,82,9846,Delayed,Industrial
4714,154,Ware House D,2026-05-27,2026-06-06,49,7746,Delivered,Pharma
4715,463,Ware House A,2026-05-10,2026-05-14,97,6899,Delayed,FMCG
4716,310,Ware House C,2026-05-30,2026-06-06,44,1736,Cancelled,Pharma
4717,335,Ware House E,2026-05-20,2026-05-21,95,4333,In Transit,Pharma
4718,331,Ware House C,2026-05-20,2026-05-22,1,1512,Delayed,Automotive
4719,287,Ware House E,2026-05-22,2026-05-23,35,5684,Delivered,Automotive
4720,463,Ware House E,2026-05-12,2026-05-19,60,3865,Cancelled,Industrial
4721,150,Ware House A,2026-05-11,2026-05-17,30,7792,Delivered,Automotive
4722,207,Ware House D,2026-05-19,2026-05-25,73,3412,In Transit,Automotive
4723,476,Ware House A,2026-05-08,2026-05-14,22,4289,Cancelled,Electronics
4724,39,Ware House E,2026-05-07,2026-05-10,25,9060,In Transit,Electronics
4725,202,Ware House E,2026-05-15,2026-05-24,75,4804,Delivered,Pharma
4726,126,Ware House E,2026-06-04,2026-06-08,93,3528,Delivered,FMCG
4727,261,Ware House B,2026-05-06,2026-05-08,96,6073,Delivered,Electronics
4728,310,Ware House C,2026-05-06,2026-05-07,23,3329,Delayed,Pharma
4729,66,Ware House A,2026-05-28,2026-05-31,99,1725,Cancelled,Pharma
4730,474,Ware House B,2026-05-28,2026-06-03,98,4633,Delivered,Industrial
4731,125,Ware House A,2026-05-26,2026-06-02,37,5428,Cancelled,Automotive
4732,77,Ware House A,2026-05-19,2026-05-26,97,5325,Delivered,Automotive
4733,495,Ware House A,2026-06-04,2026-06-12,43,2959,Cancelled,FMCG
4734,491,Ware House B,2026-05-16,2026-05-18,20,970,Delivered,Industrial
4735,86,Ware House E,2026-06-01,2026-06-11,63,5712,Delivered,FMCG
4736,390,Ware House D,2026-05-17,2026-05-21,42,1516,Delayed,FMCG
4737,137,Ware House D,2026-06-02,2026-06-12,63,8823,In Transit,Automotive
4738,142,Ware House C,2026-06-01,2026-06-04,20,4364,In Transit,Industrial
4739,108,Ware House E,2026-06-02,2026-06-09,24,8078,Cancelled,FMCG
4740,279,Ware House D,2026-05-16,2026-05-21,64,3042,Cancelled,Industrial
4741,123,Ware House B,2026-05-14,2026-05-19,32,8475,Delayed,FMCG
4742,174,Ware House D,2026-06-02,2026-06-12,51,4359,Delivered,Electronics
4743,183,Ware House C,2026-05-06,2026-05-14,45,4291,Delivered,Pharma
4744,187,Ware House E,2026-05-06,2026-05-09,67,1813,Cancelled,FMCG
4745,153,Ware House C,2026-05-29,2026-06-04,83,1493,Delayed,Electronics
4746,444,Ware House C,2026-05-22,2026-06-01,30,9655,Delivered,Industrial
4747,204,Ware House C,2026-05-31,2026-06-06,69,4239,Delayed,Electronics
4748,136,Ware House C,2026-05-11,2026-05-20,64,6425,In Transit,Pharma
4749,481,Ware House B,2026-05-29,2026-06-04,63,5195,In Transit,Pharma
4750,165,Ware House D,2026-06-03,2026-06-06,21,3293,In Transit,Electronics
4751,48,Ware House E,2026-06-01,2026-06-05,71,7787,Cancelled,Automotive
4752,178,Ware House D,2026-06-01,2026-06-03,65,4650,Cancelled,Automotive
4753,404,Ware House D,2026-05-19,2026-05-25,6,7635,Cancelled,Industrial
4754,86,Ware House B,2026-05-17,2026-05-22,77,9489,Delayed,Electronics
4755,128,Ware House D,2026-05-21,2026-05-22,54,7795,Delayed,Automotive
4756,470,Ware House C,2026-05-25,2026-05-29,91,5254,Cancelled,Pharma
4757,305,Ware House B,2026-05-12,2026-05-16,58,4226,Delayed,Electronics
4758,490,Ware House C,2026-05-24,2026-06-02,5,640,Delivered,Industrial
4759,253,Ware House E,2026-05-30,2026-06-09,8,9893,Delivered,Automotive
4760,243,Ware House A,2026-05-26,2026-06-01,74,8685,In Transit,Electronics
4761,219,Ware House C,2026-05-29,2026-06-02,99,976,Cancelled,Industrial
4762,65,Ware House B,2026-06-04,2026-06-08,62,5031,In Transit,Automotive
4763,445,Ware House E,2026-05-27,2026-06-02,54,199,In Transit,FMCG
4764,283,Ware House D,2026-06-02,2026-06-04,86,7598,Delivered,Electronics
4765,352,Ware House C,2026-05-20,2026-05-24,5,6028,Delayed,Electronics
4766,267,Ware House B,2026-05-13,2026-05-15,69,8542,In Transit,Industrial
4767,211,Ware House E,2026-05-17,2026-05-19,62,7944,Delivered,Electronics
4768,301,Ware House A,2026-05-12,2026-05-18,1,6344,In Transit,Industrial
4769,27,Ware House C,2026-05-24,2026-05-31,10,2363,Delivered,Pharma
4770,214,Ware House D,2026-05-28,2026-06-01,61,8241,Cancelled,Electronics
4771,110,Ware House D,2026-05-22,2026-05-24,19,3963,Delivered,Automotive
4772,42,Ware House E,2026-05-16,2026-05-19,1,9056,Delivered,Industrial
4773,34,Ware House B,2026-05-22,2026-05-30,98,7075,Cancelled,Industrial
4774,250,Ware House B,2026-05-21,2026-05-28,59,9167,Delivered,FMCG
4775,404,Ware House C,2026-05-30,2026-06-08,94,877,In Transit,FMCG
4776,148,Ware House C,2026-05-16,2026-05-18,47,2535,In Transit,Electronics
4777,322,Ware House C,2026-06-02,2026-06-10,51,3221,Cancelled,Electronics
4778,101,Ware House C,2026-05-18,2026-05-28,85,4017,Delivered,Electronics
4779,275,Ware House D,2026-05-11,2026-05-13,81,9916,Delayed,Industrial
4780,428,Ware House C,2026-05-19,2026-05-20,81,829,In Transit,Electronics
4781,139,Ware House C,2026-05-21,2026-05-31,21,4731,Delayed,Pharma
4782,137,Ware House D,2026-06-01,2026-06-06,85,3797,Cancelled,FMCG
4783,149,Ware House C,2026-05-18,2026-05-20,13,5244,In Transit,Electronics
4784,176,Ware House C,2026-05-20,2026-05-27,50,9664,Cancelled,Pharma
4785,349,Ware House E,2026-05-11,2026-05-15,18,5647,Cancelled,FMCG
4786,36,Ware House E,2026-05-07,2026-05-15,94,3512,In Transit,Electronics
4787,156,Ware House D,2026-06-03,2026-06-13,84,4167,Delayed,Electronics
4788,180,Ware House E,2026-05-06,2026-05-11,97,8659,Cancelled,Pharma
4789,438,Ware House B,2026-05-24,2026-06-01,97,497,Delayed,Pharma
4790,465,Ware House A,2026-06-03,2026-06-05,80,6652,Delayed,Pharma
4791,390,Ware House D,2026-05-16,2026-05-17,18,9879,Delayed,Pharma
4792,474,Ware House B,2026-05-06,2026-05-14,2,1568,Delivered,Electronics
4793,337,Ware House D,2026-05-16,2026-05-22,98,2702,Delayed,Pharma
4794,458,Ware House A,2026-05-12,2026-05-13,57,7264,Delivered,Electronics
4795,414,Ware House C,2026-05-16,2026-05-21,77,4821,Delivered,Automotive
4796,175,Ware House A,2026-05-31,2026-06-01,73,479,Delayed,FMCG
4797,304,Ware House A,2026-06-03,2026-06-05,38,260,Delayed,Electronics
4798,298,Ware House B,2026-05-17,2026-05-22,25,2731,Delayed,FMCG
4799,154,Ware House A,2026-06-04,2026-06-12,100,4693,Cancelled,FMCG
4800,284,Ware House B,2026-05-20,2026-05-30,55,2841,In Transit,Industrial
4801,212,Ware House A,2026-06-01,2026-06-07,35,2729,In Transit,FMCG
4802,303,Ware House C,2026-05-16,2026-05-24,93,5220,Cancelled,Electronics
4803,417,Ware House B,2026-05-18,2026-05-20,52,3356,In Transit,FMCG
4804,338,Ware House E,2026-05-13,2026-05-22,2,4976,Delivered,FMCG
4805,461,Ware House C,2026-05-12,2026-05-21,26,4949,Delayed,Pharma
4806,73,Ware House D,2026-06-03,2026-06-08,11,6046,Cancelled,Automotive
4807,54,Ware House A,2026-05-08,2026-05-12,100,8885,Delivered,Pharma
4808,18,Ware House B,2026-06-02,2026-06-03,92,5478,Cancelled,Pharma
4809,393,Ware House D,2026-05-09,2026-05-17,60,4574,Delivered,Automotive
4810,260,Ware House D,2026-05-14,2026-05-21,12,5884,Delayed,Automotive
4811,164,Ware House B,2026-05-21,2026-05-23,62,9367,Delivered,Electronics
4812,2,Ware House E,2026-05-13,2026-05-17,45,237,Delayed,Electronics
4813,306,Ware House C,2026-05-16,2026-05-21,9,9178,Cancelled,FMCG
4814,411,Ware House C,2026-05-09,2026-05-11,2,1525,In Transit,Electronics
4815,313,Ware House B,2026-05-21,2026-05-30,99,5434,Cancelled,FMCG
4816,427,Ware House E,2026-05-22,2026-05-24,84,9264,Delivered,FMCG
4817,319,Ware House B,2026-06-02,2026-06-06,81,9002,Delivered,FMCG
4818,368,Ware House A,2026-05-12,2026-05-14,76,5958,Delivered,Electronics
4819,167,Ware House B,2026-05-28,2026-06-04,79,2128,Delivered,FMCG
4820,218,Ware House D,2026-05-08,2026-05-12,64,1039,Cancelled,Automotive
4821,500,Ware House D,2026-05-31,2026-06-05,34,6611,Delayed,Automotive
4822,166,Ware House C,2026-05-17,2026-05-27,34,1802,In Transit,Pharma
4823,112,Ware House C,2026-06-04,2026-06-07,24,261,Delivered,Electronics
4824,418,Ware House A,2026-05-23,2026-05-28,8,8946,In Transit,FMCG
4825,269,Ware House B,2026-05-06,2026-05-07,86,4786,Delivered,FMCG
4826,400,Ware House C,2026-05-29,2026-05-31,87,7868,In Transit,Automotive
4827,122,Ware House A,2026-05-12,2026-05-18,32,3596,Cancelled,Pharma
4828,62,Ware House C,2026-05-25,2026-05-27,53,9982,Delivered,Industrial
4829,20,Ware House E,2026-05-25,2026-06-03,73,5012,Delivered,Pharma
4830,146,Ware House E,2026-05-16,2026-05-22,16,5010,Cancelled,FMCG
4831,76,Ware House A,2026-05-10,2026-05-20,93,7910,Delivered,Automotive
4832,96,Ware House C,2026-05-29,2026-06-07,3,2193,In Transit,Industrial
4833,80,Ware House D,2026-05-20,2026-05-27,43,3236,In Transit,Electronics
4834,343,Ware House D,2026-05-14,2026-05-17,59,4491,In Transit,Automotive
4835,89,Ware House C,2026-05-12,2026-05-20,88,1148,Cancelled,Industrial
4836,344,Ware House D,2026-05-19,2026-05-27,100,6786,Cancelled,Automotive
4837,389,Ware House C,2026-05-18,2026-05-26,21,5880,Delivered,Electronics
4838,109,Ware House E,2026-05-30,2026-06-05,66,6147,Delivered,FMCG
4839,228,Ware House C,2026-05-26,2026-05-28,30,3595,In Transit,Pharma
4840,36,Ware House E,2026-06-02,2026-06-10,98,4678,Delivered,Automotive
4841,393,Ware House E,2026-05-20,2026-05-21,55,8072,Cancelled,FMCG
4842,386,Ware House C,2026-05-08,2026-05-17,75,3647,Delayed,Automotive
4843,21,Ware House E,2026-05-19,2026-05-23,50,2313,Delayed,Electronics
4844,237,Ware House E,2026-06-02,2026-06-07,22,5224,Delayed,Pharma
4845,137,Ware House C,2026-05-15,2026-05-21,33,4147,Delivered,Electronics
4846,95,Ware House A,2026-05-30,2026-06-02,74,1126,Delayed,Electronics
4847,84,Ware House C,2026-05-11,2026-05-18,94,2626,Cancelled,Electronics
4848,26,Ware House E,2026-05-27,2026-05-31,26,1328,Delayed,Electronics
4849,93,Ware House C,2026-05-19,2026-05-23,54,2483,Delayed,FMCG
4850,145,Ware House A,2026-05-20,2026-05-22,39,2799,Delivered,Pharma
4851,438,Ware House D,2026-05-23,2026-05-30,63,8775,Delayed,Industrial
4852,83,Ware House B,2026-05-10,2026-05-20,9,9004,Cancelled,Electronics
4853,210,Ware House D,2026-05-19,2026-05-25,80,9392,Cancelled,Electronics
4854,80,Ware House E,2026-05-06,2026-05-14,56,389,Delayed,Automotive
4855,213,Ware House D,2026-05-30,2026-06-03,36,1564,Delivered,FMCG
4856,122,Ware House A,2026-05-08,2026-05-12,12,8397,Delayed,Industrial
4857,99,Ware House E,2026-05-28,2026-05-31,13,8567,Delivered,Industrial
4858,282,Ware House B,2026-05-08,2026-05-10,48,6288,Cancelled,Industrial
4859,64,Ware House B,2026-05-29,2026-06-02,16,9549,Delivered,FMCG
4860,164,Ware House B,2026-05-09,2026-05-14,1,114,Delivered,Pharma
4861,414,Ware House C,2026-05-07,2026-05-13,53,7943,Delivered,Pharma
4862,326,Ware House B,2026-05-29,2026-06-02,31,6020,Delayed,Pharma
4863,246,Ware House D,2026-05-31,2026-06-03,59,9277,Cancelled,Pharma
4864,336,Ware House A,2026-05-25,2026-06-02,94,5683,Delayed,FMCG
4865,133,Ware House C,2026-05-21,2026-05-25,90,9427,In Transit,FMCG
4866,75,Ware House E,2026-06-02,2026-06-03,44,7747,Delivered,Electronics
4867,379,Ware House C,2026-05-30,2026-06-09,80,9897,Delivered,Automotive
4868,213,Ware House C,2026-05-18,2026-05-24,91,8410,Delivered,Pharma
4869,122,Ware House B,2026-05-10,2026-05-11,94,2114,Delivered,Electronics
4870,94,Ware House C,2026-05-23,2026-05-24,45,2834,Delivered,Industrial
4871,117,Ware House B,2026-05-30,2026-06-02,41,6988,In Transit,Pharma
4872,497,Ware House E,2026-05-27,2026-05-31,43,8435,Cancelled,Automotive
4873,64,Ware House B,2026-05-07,2026-05-17,75,8379,Delivered,Automotive
4874,336,Ware House C,2026-05-27,2026-05-30,17,9321,Cancelled,Pharma
4875,435,Ware House A,2026-05-10,2026-05-11,36,9518,Delivered,Automotive
4876,489,Ware House A,2026-06-01,2026-06-02,5,7476,Cancelled,Electronics
4877,135,Ware House A,2026-05-25,2026-05-28,2,1432,In Transit,FMCG
4878,268,Ware House A,2026-05-23,2026-05-28,85,4520,Cancelled,Pharma
4879,316,Ware House E,2026-05-13,2026-05-16,18,1709,Cancelled,Pharma
4880,138,Ware House D,2026-05-31,2026-06-09,91,6821,Cancelled,Pharma
4881,452,Ware House D,2026-05-06,2026-05-10,1,3930,Delivered,Electronics
4882,2,Ware House A,2026-05-26,2026-06-01,34,4643,Delayed,Electronics
4883,299,Ware House B,2026-05-20,2026-05-24,98,9861,In Transit,Pharma
4884,460,Ware House C,2026-06-04,2026-06-12,36,5842,In Transit,Automotive
4885,302,Ware House C,2026-05-23,2026-05-29,51,6452,Delivered,Automotive
4886,500,Ware House C,2026-05-14,2026-05-22,13,6578,In Transit,FMCG
4887,118,Ware House C,2026-05-16,2026-05-17,40,4915,In Transit,Pharma
4888,152,Ware House E,2026-06-03,2026-06-12,64,3741,Cancelled,Automotive
4889,386,Ware House C,2026-06-01,2026-06-10,69,9494,Cancelled,Electronics
4890,414,Ware House A,2026-05-15,2026-05-25,92,8098,Delayed,Pharma
4891,79,Ware House C,2026-05-08,2026-05-18,65,3040,In Transit,Automotive
4892,14,Ware House B,2026-05-28,2026-05-29,66,5068,In Transit,Pharma
4893,278,Ware House E,2026-05-22,2026-05-31,54,4655,Cancelled,Industrial
4894,390,Ware House C,2026-06-01,2026-06-06,4,8135,Delayed,Electronics
4895,164,Ware House B,2026-05-09,2026-05-13,29,1374,Cancelled,Pharma
4896,76,Ware House B,2026-06-01,2026-06-10,45,224,Delayed,Automotive
4897,173,Ware House D,2026-05-21,2026-05-26,24,5976,Delayed,Automotive
4898,493,Ware House E,2026-05-29,2026-06-05,19,4550,Delayed,Electronics
4899,283,Ware House B,2026-05-13,2026-05-20,57,8592,In Transit,Pharma
4900,451,Ware House E,2026-06-04,2026-06-10,74,6404,Delivered,Industrial
4901,398,Ware House A,2026-05-26,2026-05-28,4,7118,In Transit,FMCG
4902,279,Ware House B,2026-05-22,2026-05-24,33,2237,Delayed,Electronics
4903,250,Ware House E,2026-05-20,2026-05-24,68,3267,In Transit,Automotive
4904,295,Ware House E,2026-06-02,2026-06-09,5,9310,Delivered,Pharma
4905,309,Ware House B,2026-05-10,2026-05-17,47,1254,Cancelled,Electronics
4906,434,Ware House B,2026-05-13,2026-05-19,75,3743,Delayed,Electronics
4907,129,Ware House B,2026-05-16,2026-05-23,77,809,In Transit,Pharma
4908,285,Ware House A,2026-05-17,2026-05-20,32,7001,Cancelled,FMCG
4909,93,Ware House A,2026-05-11,2026-05-14,55,3657,Delayed,FMCG
4910,36,Ware House C,2026-06-01,2026-06-05,34,6111,Delayed,Electronics
4911,95,Ware House E,2026-05-20,2026-05-21,12,5450,Delivered,Pharma
4912,126,Ware House D,2026-05-11,2026-05-16,98,8643,Delayed,FMCG
4913,11,Ware House A,2026-05-26,2026-06-05,49,7795,Delivered,Electronics
4914,487,Ware House C,2026-05-14,2026-05-19,65,3543,Delayed,Pharma
4915,124,Ware House A,2026-05-10,2026-05-19,5,3254,Delayed,Industrial
4916,26,Ware House C,2026-05-19,2026-05-22,42,5591,Delivered,Automotive
4917,3,Ware House B,2026-05-18,2026-05-23,49,6216,In Transit,Pharma
4918,302,Ware House A,2026-05-29,2026-06-08,70,3469,Cancelled,FMCG
4919,351,Ware House A,2026-05-24,2026-05-26,11,9689,Delivered,Automotive
4920,164,Ware House D,2026-06-02,2026-06-10,75,289,Cancelled,Pharma
4921,216,Ware House B,2026-05-15,2026-05-16,36,7050,Cancelled,Industrial
4922,250,Ware House D,2026-06-02,2026-06-09,98,6054,In Transit,Pharma
4923,138,Ware House E,2026-05-06,2026-05-14,99,9708,In Transit,Pharma
4924,191,Ware House C,2026-06-02,2026-06-07,32,7197,Delayed,Automotive
4925,254,Ware House A,2026-05-27,2026-06-04,91,6054,Delayed,FMCG
4926,161,Ware House B,2026-05-25,2026-06-04,20,6718,Delayed,FMCG
4927,429,Ware House D,2026-05-29,2026-06-03,8,9313,Cancelled,Pharma
4928,465,Ware House E,2026-05-21,2026-05-26,14,8775,Cancelled,Electronics
4929,137,Ware House E,2026-05-18,2026-05-26,22,9087,In Transit,Automotive
4930,297,Ware House B,2026-05-16,2026-05-26,34,1962,Delayed,Electronics
4931,12,Ware House E,2026-05-08,2026-05-11,36,4166,Delayed,Pharma
4932,315,Ware House B,2026-05-16,2026-05-26,84,3572,Delivered,Automotive
4933,497,Ware House B,2026-05-20,2026-05-29,95,9881,In Transit,Industrial
4934,281,Ware House B,2026-06-02,2026-06-04,55,5647,Delayed,Automotive
4935,18,Ware House D,2026-06-04,2026-06-09,72,399,Delivered,Pharma
4936,163,Ware House D,2026-06-02,2026-06-07,84,8669,In Transit,FMCG
4937,51,Ware House A,2026-05-28,2026-06-04,72,9655,Delayed,Pharma
4938,114,Ware House C,2026-06-04,2026-06-11,42,8693,Delivered,FMCG
4939,222,Ware House C,2026-06-02,2026-06-11,13,4050,Delayed,Electronics
4940,66,Ware House D,2026-05-15,2026-05-21,39,3508,Delayed,Industrial
4941,103,Ware House A,2026-05-25,2026-06-04,79,2947,Delayed,Electronics
4942,281,Ware House C,2026-06-03,2026-06-04,35,8269,Cancelled,Electronics
4943,277,Ware House A,2026-05-09,2026-05-10,45,1169,Cancelled,Electronics
4944,121,Ware House E,2026-05-16,2026-05-20,4,2745,In Transit,Electronics
4945,149,Ware House B,2026-05-28,2026-06-03,27,9586,Delivered,Pharma
4946,32,Ware House E,2026-05-06,2026-05-08,43,437,Delivered,Electronics
4947,399,Ware House D,2026-05-11,2026-05-14,49,3882,In Transit,FMCG
4948,185,Ware House B,2026-06-02,2026-06-11,24,1028,In Transit,FMCG
4949,222,Ware House E,2026-05-28,2026-05-30,97,3741,Delayed,Automotive
4950,461,Ware House B,2026-05-31,2026-06-01,75,897,In Transit,Pharma
4951,28,Ware House C,2026-05-23,2026-05-26,17,6496,Delayed,Pharma
4952,30,Ware House E,2026-05-17,2026-05-20,50,7254,Delivered,Electronics
4953,14,Ware House C,2026-05-19,2026-05-20,41,317,Cancelled,Pharma
4954,41,Ware House E,2026-05-06,2026-05-16,49,1396,Delivered,Automotive
4955,234,Ware House C,2026-05-19,2026-05-27,32,1439,Delayed,Industrial
4956,451,Ware House D,2026-05-06,2026-05-13,33,4540,Delivered,Industrial
4957,79,Ware House B,2026-05-26,2026-05-31,43,649,Delayed,Electronics
4958,272,Ware House E,2026-05-30,2026-06-01,59,9601,Cancelled,Industrial
4959,80,Ware House E,2026-06-01,2026-06-09,80,7239,Delivered,Electronics
4960,10,Ware House E,2026-05-21,2026-05-31,16,9836,Delivered,Industrial
4961,1,Ware House B,2026-05-25,2026-06-03,42,2160,In Transit,Industrial
4962,331,Ware House B,2026-05-24,2026-05-25,31,2700,Delivered,Automotive
4963,232,Ware House C,2026-05-25,2026-05-28,74,6059,In Transit,Pharma
4964,435,Ware House C,2026-05-12,2026-05-18,62,2223,In Transit,Pharma
4965,58,Ware House A,2026-05-31,2026-06-08,11,1588,In Transit,Automotive
4966,11,Ware House E,2026-05-31,2026-06-08,96,4287,Cancelled,FMCG
4967,399,Ware House E,2026-05-26,2026-05-28,69,7023,Delayed,Automotive
4968,160,Ware House B,2026-05-20,2026-05-21,5,1841,Delayed,Electronics
4969,223,Ware House A,2026-05-26,2026-06-03,12,785,Delayed,Electronics
4970,212,Ware House E,2026-05-18,2026-05-24,47,9356,Cancelled,Electronics
4971,111,Ware House C,2026-05-07,2026-05-12,11,366,Delivered,Industrial
4972,308,Ware House B,2026-06-03,2026-06-04,56,8775,In Transit,Industrial
4973,54,Ware House A,2026-05-31,2026-06-09,75,8696,Delivered,Industrial
4974,217,Ware House D,2026-05-20,2026-05-25,90,8931,Delivered,Electronics
4975,298,Ware House E,2026-05-09,2026-05-14,99,7892,Cancelled,Electronics
4976,317,Ware House D,2026-05-31,2026-06-10,13,4079,Delayed,Industrial
4977,212,Ware House A,2026-05-18,2026-05-24,41,7645,Delivered,Industrial
4978,80,Ware House A,2026-05-11,2026-05-20,33,5076,Cancelled,Electronics
4979,87,Ware House E,2026-05-28,2026-06-03,25,5253,Delayed,Automotive
4980,471,Ware House B,2026-05-22,2026-05-31,94,7088,Delivered,Pharma
4981,110,Ware House D,2026-05-30,2026-06-01,82,814,Delayed,Industrial
4982,387,Ware House A,2026-05-07,2026-05-16,52,3654,In Transit,Pharma
4983,188,Ware House B,2026-05-24,2026-06-02,29,9902,In Transit,Electronics
4984,58,Ware House B,2026-05-17,2026-05-25,54,2895,Delivered,Pharma
4985,294,Ware House B,2026-05-21,2026-05-31,85,7597,Delivered,Pharma
4986,173,Ware House E,2026-05-24,2026-06-02,62,830,Delivered,Automotive
4987,179,Ware House E,2026-05-19,2026-05-24,53,7228,In Transit,Industrial
4988,421,Ware House A,2026-06-01,2026-06-09,26,7869,Delivered,Electronics
4989,398,Ware House D,2026-06-02,2026-06-06,7,324,Delivered,Industrial
4990,339,Ware House E,2026-06-03,2026-06-07,96,9484,Delayed,FMCG
4991,379,Ware House B,2026-05-06,2026-05-07,49,5750,Cancelled,Electronics
4992,222,Ware House A,2026-05-29,2026-05-31,43,8388,Delayed,Automotive
4993,223,Ware House B,2026-05-19,2026-05-26,83,5347,Delayed,FMCG
4994,357,Ware House B,2026-05-10,2026-05-13,36,6592,Cancelled,Automotive
4995,466,Ware House B,2026-05-22,2026-05-23,13,8831,Cancelled,Automotive
4996,163,Ware House B,2026-06-03,2026-06-09,32,7951,Cancelled,Pharma
4997,226,Ware House A,2026-06-01,2026-06-05,93,6222,Delayed,Automotive
4998,12,Ware House C,2026-05-31,2026-06-04,19,2751,Delayed,Pharma
4999,58,Ware House A,2026-05-30,2026-06-02,26,3984,Delivered,Pharma
5000,52,Ware House D,2026-05-19,2026-05-28,69,1844,Cancelled,Industrial
5001,487,Ware House B,2026-05-13,2026-05-15,25,7576,In Transit,Industrial
5002,346,Ware House B,2026-05-06,2026-05-15,64,637,Delivered,Industrial
5003,477,Ware House D,2026-05-30,2026-06-04,70,1428,In Transit,Automotive
5004,432,Ware House A,2026-06-02,2026-06-10,31,4677,Delayed,Industrial
5005,421,Ware House E,2026-05-06,2026-05-10,47,7956,In Transit,Pharma
5006,52,Ware House A,2026-05-06,2026-05-10,20,8858,In Transit,FMCG
5007,399,Ware House A,2026-05-23,2026-05-30,87,6774,Cancelled,Electronics
5008,396,Ware House B,2026-05-19,2026-05-24,82,4547,In Transit,Automotive
5009,250,Ware House D,2026-05-26,2026-05-30,23,9189,Delivered,Automotive
5010,35,Ware House C,2026-05-16,2026-05-20,88,6012,Cancelled,Industrial
5011,438,Ware House C,2026-05-20,2026-05-26,7,825,Cancelled,FMCG
5012,203,Ware House C,2026-05-09,2026-05-12,85,5272,Cancelled,Pharma
5013,445,Ware House A,2026-05-13,2026-05-14,24,4396,Delayed,Industrial
5014,436,Ware House C,2026-06-02,2026-06-03,24,2250,Cancelled,Industrial
5015,148,Ware House D,2026-05-20,2026-05-22,34,9732,In Transit,Pharma
5016,127,Ware House B,2026-05-25,2026-06-01,88,837,In Transit,Industrial
5017,178,Ware House E,2026-06-03,2026-06-07,31,6062,Cancelled,Electronics
5018,289,Ware House D,2026-05-18,2026-05-23,59,4232,Delayed,Automotive
5019,339,Ware House E,2026-05-08,2026-05-15,91,2398,Delivered,Automotive
5020,231,Ware House E,2026-05-17,2026-05-18,39,1803,In Transit,Automotive
5021,124,Ware House B,2026-05-14,2026-05-15,21,8587,Delayed,Electronics
5022,318,Ware House A,2026-06-02,2026-06-06,20,8780,Cancelled,Automotive
5023,398,Ware House C,2026-05-30,2026-06-03,11,1725,In Transit,Industrial
5024,198,Ware House E,2026-05-12,2026-05-18,69,8715,Delayed,Industrial
5025,403,Ware House A,2026-05-24,2026-05-26,77,5406,Delayed,Electronics
5026,381,Ware House B,2026-05-24,2026-06-01,24,8017,Delayed,FMCG
5027,421,Ware House D,2026-05-21,2026-05-25,48,7476,In Transit,Electronics
5028,225,Ware House D,2026-05-16,2026-05-20,28,6670,In Transit,FMCG
5029,57,Ware House C,2026-05-25,2026-05-29,89,9934,Delayed,Electronics
5030,499,Ware House D,2026-05-19,2026-05-29,46,2123,Delivered,FMCG
5031,192,Ware House E,2026-05-23,2026-05-28,90,5619,Cancelled,Automotive
5032,402,Ware House B,2026-05-24,2026-06-03,31,3538,In Transit,Industrial
5033,326,Ware House C,2026-05-22,2026-06-01,64,9992,Delivered,Electronics
5034,202,Ware House D,2026-05-19,2026-05-29,79,7140,Delivered,Industrial
5035,435,Ware House D,2026-05-18,2026-05-27,30,965,Delivered,Electronics
5036,384,Ware House C,2026-05-12,2026-05-20,59,9492,In Transit,Pharma
5037,46,Ware House D,2026-05-27,2026-05-31,95,8619,In Transit,Industrial
5038,108,Ware House E,2026-05-16,2026-05-22,55,1307,Cancelled,FMCG
5039,226,Ware House E,2026-05-14,2026-05-22,35,5919,Cancelled,Industrial
5040,106,Ware House E,2026-05-24,2026-06-03,55,6581,Cancelled,FMCG
5041,337,Ware House C,2026-05-26,2026-06-03,94,9072,In Transit,FMCG
5042,311,Ware House B,2026-05-17,2026-05-21,41,3819,In Transit,Industrial
5043,79,Ware House A,2026-05-27,2026-05-31,26,9320,In Transit,Pharma
5044,112,Ware House E,2026-05-28,2026-06-03,72,981,Delivered,FMCG
5045,447,Ware House E,2026-05-31,2026-06-07,36,6211,In Transit,Pharma
5046,165,Ware House A,2026-05-14,2026-05-24,43,1277,Cancelled,Automotive
5047,380,Ware House B,2026-05-24,2026-05-30,93,502,Delivered,Automotive
5048,346,Ware House E,2026-05-17,2026-05-25,88,692,Cancelled,Pharma
5049,1,Ware House E,2026-05-24,2026-05-28,3,3463,In Transit,Electronics
5050,267,Ware House A,2026-05-25,2026-06-02,57,4284,Delivered,Industrial
5051,184,Ware House C,2026-05-31,2026-06-05,94,3996,Cancelled,Pharma
5052,261,Ware House E,2026-05-16,2026-05-24,95,7660,Delivered,Industrial
5053,342,Ware House A,2026-05-29,2026-06-03,76,8006,Delivered,Automotive
5054,439,Ware House D,2026-05-19,2026-05-21,78,2117,In Transit,FMCG
5055,13,Ware House E,2026-05-22,2026-05-29,38,9908,Delayed,Electronics
5056,218,Ware House E,2026-05-27,2026-06-02,34,2892,Delivered,Automotive
5057,13,Ware House A,2026-05-20,2026-05-25,13,9675,Delayed,Automotive
5058,271,Ware House E,2026-05-29,2026-06-07,100,8327,Delivered,Industrial
5059,443,Ware House A,2026-05-08,2026-05-13,60,7505,Delayed,Automotive
5060,255,Ware House C,2026-05-20,2026-05-22,5,3858,Cancelled,Automotive
5061,392,Ware House D,2026-05-28,2026-05-31,7,8814,Delayed,Industrial
5062,131,Ware House C,2026-05-28,2026-05-30,16,1480,Delivered,Electronics
5063,37,Ware House C,2026-05-20,2026-05-21,25,3627,In Transit,FMCG
5064,388,Ware House E,2026-05-07,2026-05-10,45,6522,Cancelled,Industrial
5065,450,Ware House D,2026-05-17,2026-05-24,60,1821,Delivered,FMCG
5066,433,Ware House B,2026-05-07,2026-05-17,31,3950,Delayed,Pharma
5067,88,Ware House E,2026-05-08,2026-05-14,58,9106,Cancelled,Electronics
5068,91,Ware House B,2026-06-03,2026-06-07,24,5194,In Transit,Electronics
5069,156,Ware House B,2026-05-18,2026-05-27,69,1088,Delayed,Pharma
5070,50,Ware House B,2026-06-03,2026-06-12,47,8829,Cancelled,Automotive
5071,204,Ware House C,2026-05-23,2026-05-27,16,9659,In Transit,Automotive
5072,408,Ware House B,2026-05-25,2026-06-01,99,6751,Delivered,FMCG
5073,328,Ware House E,2026-05-09,2026-05-19,16,1842,Delayed,FMCG
5074,431,Ware House D,2026-05-30,2026-06-03,11,1768,Delayed,FMCG
5075,132,Ware House D,2026-06-03,2026-06-10,69,6479,Delivered,Industrial
5076,114,Ware House E,2026-05-18,2026-05-27,7,5595,Cancelled,Automotive
5077,302,Ware House A,2026-05-09,2026-05-16,100,6938,Delivered,Automotive
5078,328,Ware House A,2026-05-26,2026-06-05,3,8460,Delayed,Automotive
5079,249,Ware House A,2026-05-17,2026-05-18,95,5422,Delivered,Automotive
5080,93,Ware House A,2026-05-21,2026-05-29,28,3446,Delivered,Automotive
5081,465,Ware House B,2026-05-25,2026-06-04,63,5662,Delayed,Electronics
5082,88,Ware House B,2026-05-18,2026-05-20,63,3807,In Transit,Automotive
5083,183,Ware House E,2026-05-24,2026-06-03,59,6628,In Transit,FMCG
5084,4,Ware House B,2026-06-02,2026-06-04,84,9614,In Transit,FMCG
5085,17,Ware House E,2026-05-18,2026-05-27,92,9150,Cancelled,Electronics
5086,410,Ware House B,2026-06-03,2026-06-04,37,5993,Cancelled,Automotive
5087,472,Ware House E,2026-05-16,2026-05-17,27,1524,Delayed,Automotive
5088,244,Ware House A,2026-05-27,2026-06-06,62,5269,Cancelled,Pharma
5089,51,Ware House A,2026-05-26,2026-05-29,98,2870,Delivered,Electronics
5090,4,Ware House B,2026-05-19,2026-05-20,19,7704,Cancelled,Automotive
5091,364,Ware House C,2026-05-19,2026-05-25,43,8190,Cancelled,Pharma
5092,256,Ware House C,2026-05-10,2026-05-17,96,6139,Delivered,FMCG
5093,256,Ware House A,2026-05-28,2026-06-07,8,4665,Cancelled,Electronics
5094,403,Ware House C,2026-05-17,2026-05-25,85,5410,Delivered,Industrial
5095,380,Ware House D,2026-06-01,2026-06-05,91,7797,In Transit,Industrial
5096,490,Ware House C,2026-06-04,2026-06-10,22,2606,Delivered,Industrial
5097,487,Ware House B,2026-05-27,2026-05-30,50,3751,In Transit,Automotive
5098,428,Ware House B,2026-05-09,2026-05-10,44,8050,Delivered,FMCG
5099,120,Ware House A,2026-05-24,2026-05-26,70,8781,Delayed,FMCG
5100,101,Ware House E,2026-05-11,2026-05-19,95,5581,Cancelled,Electronics
5101,276,Ware House C,2026-05-10,2026-05-12,36,3675,Delayed,Pharma
5102,186,Ware House D,2026-05-17,2026-05-24,89,117,In Transit,Industrial
5103,40,Ware House A,2026-05-18,2026-05-23,57,6294,In Transit,FMCG
5104,138,Ware House C,2026-05-09,2026-05-15,14,9754,Delivered,FMCG
5105,424,Ware House A,2026-06-02,2026-06-07,75,7754,Delivered,Industrial
5106,367,Ware House D,2026-05-18,2026-05-24,92,3821,Delivered,Industrial
5107,446,Ware House C,2026-05-06,2026-05-16,62,3710,Cancelled,Automotive
5108,321,Ware House B,2026-05-22,2026-05-26,7,2291,Delivered,Industrial
5109,361,Ware House B,2026-05-23,2026-06-02,29,5747,Delivered,Pharma
5110,468,Ware House B,2026-05-29,2026-06-02,37,5976,Delivered,Industrial
5111,304,Ware House A,2026-05-18,2026-05-25,61,4377,Delivered,FMCG
5112,410,Ware House B,2026-05-10,2026-05-20,97,4646,Delivered,FMCG
5113,153,Ware House E,2026-05-30,2026-06-08,44,3622,In Transit,Electronics
5114,270,Ware House A,2026-05-27,2026-05-31,88,3254,Cancelled,FMCG
5115,309,Ware House A,2026-05-13,2026-05-14,9,8051,Delivered,Automotive
5116,298,Ware House A,2026-06-01,2026-06-03,6,9168,Cancelled,FMCG
5117,53,Ware House E,2026-06-04,2026-06-10,30,3734,Delayed,FMCG
5118,475,Ware House A,2026-05-11,2026-05-21,57,1270,Delivered,FMCG
5119,36,Ware House A,2026-05-26,2026-05-31,79,1392,Delayed,Pharma
5120,121,Ware House E,2026-05-18,2026-05-24,69,6752,Delivered,FMCG
5121,137,Ware House E,2026-05-23,2026-05-31,72,5790,Delivered,Pharma
5122,186,Ware House B,2026-05-13,2026-05-18,29,6915,Delayed,Automotive
5123,442,Ware House B,2026-05-22,2026-05-25,21,5912,In Transit,Automotive
5124,396,Ware House C,2026-05-22,2026-05-31,65,1081,Cancelled,Industrial
5125,96,Ware House E,2026-05-19,2026-05-23,35,642,Delayed,Pharma
5126,197,Ware House C,2026-06-01,2026-06-08,28,7975,In Transit,Pharma
5127,176,Ware House E,2026-05-11,2026-05-12,66,8478,Cancelled,Pharma
5128,35,Ware House B,2026-05-30,2026-06-05,66,3059,In Transit,FMCG
5129,491,Ware House E,2026-05-08,2026-05-15,25,4335,Cancelled,Industrial
5130,167,Ware House B,2026-05-27,2026-05-28,53,9393,Delivered,Electronics
5131,214,Ware House E,2026-06-04,2026-06-07,15,9078,In Transit,FMCG
5132,336,Ware House E,2026-05-30,2026-06-03,100,5475,Delivered,Pharma
5133,97,Ware House B,2026-05-12,2026-05-15,70,4929,Delayed,Industrial
5134,483,Ware House D,2026-05-06,2026-05-09,3,6307,Delivered,Pharma
5135,283,Ware House D,2026-05-22,2026-05-23,1,1452,Delayed,Industrial
5136,431,Ware House A,2026-05-08,2026-05-11,40,3692,Cancelled,Automotive
5137,179,Ware House C,2026-05-21,2026-05-30,65,5976,In Transit,FMCG
5138,70,Ware House A,2026-05-27,2026-06-05,91,1375,Delayed,Pharma
5139,66,Ware House C,2026-05-15,2026-05-19,66,574,Delayed,Automotive
5140,329,Ware House E,2026-05-12,2026-05-17,30,4343,Cancelled,Automotive
5141,317,Ware House C,2026-05-25,2026-06-03,69,7448,Delivered,Pharma
5142,383,Ware House E,2026-05-29,2026-05-30,89,9926,Cancelled,Pharma
5143,271,Ware House A,2026-05-29,2026-05-31,13,1906,Delivered,Electronics
5144,493,Ware House B,2026-06-02,2026-06-12,91,9046,Delivered,Electronics
5145,409,Ware House D,2026-05-18,2026-05-20,77,4985,Cancelled,Industrial
5146,289,Ware House D,2026-05-24,2026-05-27,79,1545,Delivered,Electronics
5147,184,Ware House C,2026-05-31,2026-06-10,91,7925,Delivered,FMCG
5148,114,Ware House A,2026-05-08,2026-05-09,81,1492,In Transit,Automotive
5149,157,Ware House B,2026-05-27,2026-06-02,19,8708,Cancelled,Electronics
5150,204,Ware House B,2026-05-29,2026-06-03,94,1973,Cancelled,Automotive
5151,77,Ware House C,2026-05-06,2026-05-10,88,8818,In Transit,Automotive
5152,268,Ware House A,2026-05-07,2026-05-10,30,3089,Cancelled,Industrial
5153,332,Ware House E,2026-05-09,2026-05-17,84,6271,Delivered,FMCG
5154,304,Ware House D,2026-05-10,2026-05-19,45,3541,In Transit,Automotive
5155,339,Ware House B,2026-05-24,2026-06-02,79,595,Delayed,Electronics
5156,443,Ware House C,2026-06-02,2026-06-09,37,4225,In Transit,Automotive
5157,329,Ware House E,2026-05-14,2026-05-21,19,1129,Delayed,Industrial
5158,377,Ware House D,2026-05-24,2026-06-03,35,2036,Delayed,Electronics
5159,340,Ware House D,2026-05-12,2026-05-16,93,413,In Transit,Pharma
5160,355,Ware House E,2026-05-27,2026-06-06,12,1714,Cancelled,Electronics
5161,135,Ware House C,2026-05-12,2026-05-15,27,3298,In Transit,FMCG
5162,440,Ware House E,2026-05-20,2026-05-22,67,973,Delivered,Automotive
5163,343,Ware House A,2026-06-03,2026-06-07,92,3752,Delayed,Industrial
5164,267,Ware House C,2026-05-28,2026-05-31,59,1067,Delayed,Automotive
5165,419,Ware House C,2026-05-09,2026-05-17,45,319,Delayed,Industrial
5166,438,Ware House C,2026-05-28,2026-06-01,12,7592,Cancelled,Pharma
5167,413,Ware House D,2026-05-07,2026-05-10,52,5780,Delayed,Electronics
5168,103,Ware House A,2026-06-02,2026-06-07,40,4018,Cancelled,Pharma
5169,351,Ware House D,2026-05-06,2026-05-12,44,4975,Cancelled,Pharma
5170,28,Ware House A,2026-05-15,2026-05-25,60,5109,Delivered,Automotive
5171,310,Ware House E,2026-05-20,2026-05-29,10,6688,Cancelled,Automotive
5172,294,Ware House C,2026-05-28,2026-05-31,64,2802,Delivered,Pharma
5173,494,Ware House E,2026-05-06,2026-05-08,44,6101,In Transit,Automotive
5174,10,Ware House A,2026-05-31,2026-06-10,1,6760,Cancelled,Automotive
5175,131,Ware House D,2026-06-04,2026-06-14,66,1693,Delayed,Industrial
5176,258,Ware House B,2026-05-11,2026-05-18,56,2670,In Transit,FMCG
5177,7,Ware House B,2026-05-25,2026-06-04,87,9452,Delivered,Pharma
5178,50,Ware House C,2026-05-29,2026-06-06,77,5266,Delivered,Industrial
5179,182,Ware House D,2026-05-25,2026-05-28,30,5335,Delayed,Pharma
5180,344,Ware House B,2026-05-16,2026-05-22,24,8715,In Transit,Pharma
5181,226,Ware House E,2026-05-25,2026-05-26,21,4669,In Transit,Electronics
5182,198,Ware House A,2026-05-30,2026-06-04,92,8378,Delivered,Pharma
5183,496,Ware House A,2026-05-12,2026-05-17,34,7821,Delivered,Automotive
5184,162,Ware House E,2026-05-08,2026-05-11,38,7651,Cancelled,Electronics
5185,92,Ware House C,2026-05-19,2026-05-20,40,874,Cancelled,Pharma
5186,125,Ware House C,2026-05-17,2026-05-20,92,7746,Delayed,Automotive
5187,24,Ware House B,2026-05-15,2026-05-20,15,128,Delayed,Industrial
5188,290,Ware House E,2026-05-18,2026-05-21,84,8309,Cancelled,FMCG
5189,221,Ware House E,2026-05-29,2026-06-07,14,6464,Delivered,Industrial
5190,306,Ware House A,2026-05-18,2026-05-25,34,3529,In Transit,Industrial
5191,30,Ware House D,2026-05-11,2026-05-21,47,4046,In Transit,Electronics
5192,330,Ware House B,2026-05-07,2026-05-15,35,3638,In Transit,FMCG
5193,119,Ware House E,2026-06-03,2026-06-07,46,9656,Delivered,Pharma
5194,387,Ware House D,2026-05-26,2026-06-05,16,8014,Delayed,Industrial
5195,356,Ware House D,2026-05-26,2026-05-31,83,4841,Cancelled,Pharma
5196,449,Ware House D,2026-05-31,2026-06-03,97,1249,Cancelled,Electronics
5197,152,Ware House C,2026-05-21,2026-05-23,50,8641,Delivered,Automotive
5198,281,Ware House E,2026-05-06,2026-05-11,82,7956,Delivered,Industrial
5199,462,Ware House E,2026-05-25,2026-06-03,45,8028,Delivered,Industrial
5200,75,Ware House C,2026-05-18,2026-05-20,59,8827,In Transit,Automotive
5201,283,Ware House D,2026-05-21,2026-05-23,8,3346,Delayed,Industrial
5202,132,Ware House E,2026-05-26,2026-06-02,52,8719,Delivered,Pharma
5203,107,Ware House D,2026-05-25,2026-05-29,51,5184,Delivered,Electronics
5204,260,Ware House D,2026-05-11,2026-05-18,4,833,In Transit,Pharma
5205,461,Ware House C,2026-05-28,2026-06-02,40,7020,Cancelled,Pharma
5206,277,Ware House B,2026-05-15,2026-05-17,2,4234,Delivered,Pharma
5207,139,Ware House A,2026-05-11,2026-05-14,33,5894,In Transit,Automotive
5208,54,Ware House D,2026-05-26,2026-05-28,17,9832,In Transit,Electronics
5209,25,Ware House B,2026-05-28,2026-06-04,97,6156,Delivered,Industrial
5210,317,Ware House E,2026-05-16,2026-05-22,2,9927,Delayed,Automotive
5211,286,Ware House A,2026-05-31,2026-06-07,8,2533,In Transit,Industrial
5212,205,Ware House A,2026-05-22,2026-05-30,87,1781,Delayed,FMCG
5213,413,Ware House D,2026-05-14,2026-05-22,65,7437,In Transit,Industrial
5214,362,Ware House D,2026-06-02,2026-06-07,44,3796,Delayed,Automotive
5215,66,Ware House A,2026-05-07,2026-05-15,12,2753,Delivered,FMCG
5216,448,Ware House D,2026-05-26,2026-05-27,3,8327,Cancelled,Pharma
5217,103,Ware House D,2026-05-25,2026-05-26,1,7563,Delayed,Automotive
5218,401,Ware House A,2026-06-04,2026-06-11,50,9233,Delayed,Electronics
5219,92,Ware House A,2026-05-10,2026-05-20,45,3408,Delayed,Electronics
5220,421,Ware House B,2026-05-21,2026-05-22,33,5270,In Transit,Automotive
5221,391,Ware House A,2026-06-03,2026-06-11,80,7477,Delivered,Industrial
5222,224,Ware House E,2026-05-17,2026-05-21,26,3867,Delivered,Electronics
5223,299,Ware House A,2026-05-29,2026-06-08,37,5911,In Transit,FMCG
5224,251,Ware House B,2026-06-04,2026-06-12,99,267,In Transit,FMCG
5225,482,Ware House D,2026-05-21,2026-05-25,93,7075,Delayed,FMCG
5226,246,Ware House E,2026-05-20,2026-05-22,4,2938,Cancelled,Electronics
5227,355,Ware House E,2026-05-22,2026-05-25,49,4405,Delayed,FMCG
5228,290,Ware House D,2026-05-10,2026-05-13,39,5341,In Transit,FMCG
5229,268,Ware House D,2026-05-15,2026-05-25,25,4351,Delayed,Industrial
5230,339,Ware House C,2026-05-17,2026-05-23,54,534,Delivered,FMCG
5231,162,Ware House B,2026-05-16,2026-05-22,55,9011,Delayed,Industrial
5232,105,Ware House A,2026-05-26,2026-06-04,84,3926,Delayed,Automotive
5233,130,Ware House E,2026-06-03,2026-06-10,68,2436,In Transit,Industrial
5234,257,Ware House B,2026-05-06,2026-05-09,54,6439,Delayed,Pharma
5235,82,Ware House C,2026-05-18,2026-05-25,82,3068,In Transit,Industrial
5236,372,Ware House E,2026-06-01,2026-06-10,18,6279,In Transit,Industrial
5237,430,Ware House B,2026-05-27,2026-05-31,3,3349,Delivered,FMCG
5238,378,Ware House A,2026-06-04,2026-06-14,70,1652,Delivered,Industrial
5239,83,Ware House A,2026-05-06,2026-05-16,68,8965,In Transit,FMCG
5240,353,Ware House D,2026-05-09,2026-05-11,7,6122,Delivered,Automotive
5241,424,Ware House D,2026-05-11,2026-05-13,85,5821,In Transit,Automotive
5242,253,Ware House E,2026-05-11,2026-05-21,31,9539,Cancelled,Automotive
5243,60,Ware House A,2026-05-22,2026-05-27,17,5423,Delivered,FMCG
5244,151,Ware House B,2026-05-26,2026-05-27,47,4220,Cancelled,Industrial
5245,88,Ware House A,2026-05-16,2026-05-19,13,5084,Delayed,FMCG
5246,396,Ware House A,2026-05-17,2026-05-23,61,3182,Cancelled,Industrial
5247,247,Ware House D,2026-06-01,2026-06-05,14,1392,Delayed,Industrial
5248,313,Ware House A,2026-05-13,2026-05-20,97,5408,Delayed,Automotive
5249,265,Ware House C,2026-05-14,2026-05-15,72,2910,Delayed,Pharma
5250,283,Ware House B,2026-05-18,2026-05-27,37,8593,Delayed,Industrial
5251,405,Ware House B,2026-05-30,2026-06-06,47,4897,In Transit,Automotive
5252,113,Ware House E,2026-05-06,2026-05-14,41,1319,In Transit,FMCG
5253,151,Ware House E,2026-05-22,2026-05-31,79,9711,Delivered,Pharma
5254,221,Ware House A,2026-05-18,2026-05-26,28,2155,Delivered,Pharma
5255,353,Ware House B,2026-05-13,2026-05-16,12,3553,Delivered,FMCG
5256,80,Ware House E,2026-05-26,2026-06-05,43,5268,In Transit,FMCG
5257,460,Ware House A,2026-05-14,2026-05-21,91,9798,Delayed,Automotive
5258,146,Ware House D,2026-05-25,2026-06-03,72,4655,In Transit,Industrial
5259,183,Ware House C,2026-06-03,2026-06-10,41,4913,Cancelled,Automotive
5260,119,Ware House D,2026-05-08,2026-05-18,100,7977,Delayed,Industrial
5261,48,Ware House D,2026-05-23,2026-05-28,48,8848,Delivered,FMCG
5262,112,Ware House D,2026-05-18,2026-05-24,23,9168,Delivered,Electronics
5263,156,Ware House C,2026-05-08,2026-05-17,24,1539,Delayed,Industrial
5264,92,Ware House D,2026-05-25,2026-05-31,51,2553,In Transit,Pharma
5265,400,Ware House E,2026-05-29,2026-05-31,79,9801,In Transit,Electronics
5266,352,Ware House D,2026-05-24,2026-06-02,34,9986,Delayed,FMCG
5267,396,Ware House E,2026-05-09,2026-05-15,44,8597,In Transit,Automotive
5268,25,Ware House E,2026-05-25,2026-06-03,95,3512,Delivered,FMCG
5269,66,Ware House A,2026-05-18,2026-05-24,42,5417,Delivered,Automotive
5270,434,Ware House D,2026-06-02,2026-06-12,2,6833,Cancelled,Electronics
5271,283,Ware House A,2026-05-26,2026-05-31,17,7801,Cancelled,Industrial
5272,398,Ware House E,2026-05-16,2026-05-17,50,7142,Delivered,Pharma
5273,431,Ware House B,2026-05-25,2026-06-02,59,3843,Delayed,Automotive
5274,123,Ware House A,2026-05-08,2026-05-15,83,8150,Delivered,Electronics
5275,179,Ware House E,2026-05-30,2026-06-02,74,1443,In Transit,Automotive
5276,347,Ware House A,2026-05-07,2026-05-09,100,9902,Delivered,Pharma
5277,354,Ware House D,2026-05-12,2026-05-18,14,8695,Delivered,Electronics
5278,262,Ware House A,2026-05-30,2026-06-01,33,2029,Cancelled,Electronics
5279,55,Ware House C,2026-05-07,2026-05-08,47,4621,Cancelled,Industrial
5280,105,Ware House A,2026-05-23,2026-06-01,6,7131,In Transit,FMCG
5281,243,Ware House E,2026-05-27,2026-05-30,34,7563,Delayed,Pharma
5282,353,Ware House D,2026-05-15,2026-05-16,36,4417,In Transit,FMCG
5283,1,Ware House B,2026-05-29,2026-06-08,2,4674,Cancelled,FMCG
5284,413,Ware House C,2026-05-17,2026-05-22,60,9795,Delayed,Automotive
5285,53,Ware House B,2026-06-04,2026-06-13,48,3930,Delayed,Electronics
5286,460,Ware House D,2026-05-12,2026-05-22,96,4165,Cancelled,Industrial
5287,426,Ware House B,2026-05-13,2026-05-17,68,3159,In Transit,Automotive
5288,257,Ware House A,2026-05-08,2026-05-12,66,2418,In Transit,Industrial
5289,123,Ware House C,2026-05-24,2026-05-25,23,3758,In Transit,Automotive
5290,396,Ware House C,2026-05-20,2026-05-26,61,9459,In Transit,Industrial
5291,2,Ware House B,2026-05-06,2026-05-14,8,1157,Cancelled,FMCG
5292,238,Ware House D,2026-05-06,2026-05-10,36,1413,In Transit,Automotive
5293,445,Ware House D,2026-05-18,2026-05-24,63,5447,Cancelled,Electronics
5294,55,Ware House C,2026-05-14,2026-05-24,5,5970,In Transit,Pharma
5295,387,Ware House B,2026-05-10,2026-05-18,36,2551,Delayed,Electronics
5296,212,Ware House A,2026-05-30,2026-06-04,39,5404,Delayed,FMCG
5297,12,Ware House D,2026-06-03,2026-06-07,88,4636,Delayed,Industrial
5298,494,Ware House A,2026-05-15,2026-05-18,63,1025,Delivered,FMCG
5299,461,Ware House E,2026-05-17,2026-05-19,68,2880,Cancelled,Automotive
5300,329,Ware House D,2026-05-17,2026-05-21,73,7199,In Transit,Pharma
5301,105,Ware House B,2026-05-09,2026-05-13,96,5610,Delivered,Automotive
5302,240,Ware House A,2026-05-26,2026-05-30,75,815,Delivered,Industrial
5303,433,Ware House A,2026-05-31,2026-06-06,57,9420,In Transit,Pharma
5304,72,Ware House E,2026-05-13,2026-05-18,87,1339,Cancelled,Electronics
5305,338,Ware House D,2026-05-07,2026-05-11,59,7083,Delayed,FMCG
5306,429,Ware House C,2026-05-13,2026-05-19,37,3817,In Transit,Electronics
5307,92,Ware House B,2026-05-18,2026-05-21,42,5246,Delivered,Industrial
5308,221,Ware House A,2026-05-29,2026-05-31,76,2577,Delivered,Pharma
5309,336,Ware House A,2026-05-20,2026-05-30,96,8474,Cancelled,FMCG
5310,241,Ware House E,2026-05-21,2026-05-28,75,7676,Delayed,Industrial
5311,14,Ware House D,2026-05-11,2026-05-19,9,3314,In Transit,FMCG
5312,125,Ware House C,2026-05-08,2026-05-13,79,424,Cancelled,Pharma
5313,101,Ware House E,2026-05-20,2026-05-29,4,2546,Delayed,Electronics
5314,152,Ware House E,2026-05-25,2026-05-30,72,2903,Delivered,FMCG
5315,40,Ware House B,2026-05-13,2026-05-15,5,643,Delayed,FMCG
5316,98,Ware House B,2026-05-31,2026-06-04,34,1554,Delayed,Pharma
5317,191,Ware House B,2026-05-29,2026-06-03,81,9500,Delivered,FMCG
5318,270,Ware House C,2026-05-09,2026-05-18,41,3094,Delayed,FMCG
5319,286,Ware House D,2026-05-26,2026-05-27,25,4081,In Transit,Electronics
5320,456,Ware House B,2026-05-22,2026-05-24,83,5322,In Transit,Electronics
5321,347,Ware House E,2026-05-24,2026-05-29,14,8577,Cancelled,Automotive
5322,228,Ware House E,2026-05-24,2026-05-29,5,9744,Delayed,Electronics
5323,375,Ware House C,2026-06-04,2026-06-11,39,3373,Delivered,FMCG
5324,286,Ware House E,2026-05-09,2026-05-18,29,7124,Delayed,Automotive
5325,216,Ware House C,2026-05-31,2026-06-09,5,8366,Delivered,Pharma
5326,415,Ware House D,2026-05-28,2026-06-04,34,7781,Delivered,FMCG
5327,150,Ware House C,2026-05-21,2026-05-27,59,9694,Delayed,Automotive
5328,477,Ware House E,2026-05-24,2026-06-01,31,4989,In Transit,Industrial
5329,165,Ware House E,2026-05-27,2026-06-04,14,7014,In Transit,Electronics
5330,451,Ware House D,2026-06-02,2026-06-12,49,5627,In Transit,Electronics
5331,483,Ware House C,2026-05-09,2026-05-10,89,1538,Delayed,FMCG
5332,256,Ware House D,2026-05-26,2026-05-31,88,2715,Delayed,Electronics
5333,209,Ware House A,2026-05-30,2026-06-03,19,4829,Cancelled,Electronics
5334,272,Ware House B,2026-05-10,2026-05-13,70,5550,Delivered,Automotive
5335,296,Ware House D,2026-05-28,2026-06-07,35,6245,Delayed,Pharma
5336,116,Ware House E,2026-05-17,2026-05-18,63,4042,Cancelled,FMCG
5337,127,Ware House A,2026-05-26,2026-05-29,66,1147,Cancelled,Automotive
5338,120,Ware House D,2026-06-02,2026-06-07,86,4142,Delayed,Pharma
5339,94,Ware House B,2026-05-21,2026-05-25,13,125,Delayed,Electronics
5340,192,Ware House C,2026-05-29,2026-06-07,4,3373,Delayed,FMCG
5341,189,Ware House A,2026-05-21,2026-05-27,57,7297,In Transit,FMCG
5342,218,Ware House E,2026-05-21,2026-05-29,27,1870,Delivered,Industrial
5343,88,Ware House D,2026-05-14,2026-05-16,24,5993,In Transit,FMCG
5344,194,Ware House C,2026-05-22,2026-05-31,35,1027,Delayed,Industrial
5345,6,Ware House E,2026-05-24,2026-05-29,35,8910,Delivered,FMCG
5346,299,Ware House C,2026-05-22,2026-05-30,3,6538,Delayed,Electronics
5347,65,Ware House E,2026-06-02,2026-06-04,93,6174,Cancelled,Pharma
5348,478,Ware House A,2026-05-29,2026-06-02,61,7661,Delayed,Pharma
5349,230,Ware House E,2026-05-19,2026-05-28,23,1038,Cancelled,Pharma
5350,372,Ware House E,2026-05-25,2026-06-04,50,4049,Delayed,Pharma
5351,388,Ware House C,2026-05-15,2026-05-24,31,2036,Cancelled,FMCG
5352,295,Ware House A,2026-05-12,2026-05-16,56,5206,Delivered,FMCG
5353,112,Ware House B,2026-05-08,2026-05-14,80,2971,In Transit,Industrial
5354,79,Ware House E,2026-05-12,2026-05-14,20,8930,Delivered,FMCG
5355,268,Ware House B,2026-05-24,2026-05-26,5,4601,Delayed,Automotive
5356,218,Ware House D,2026-05-30,2026-06-06,87,4301,In Transit,Automotive
5357,488,Ware House D,2026-05-06,2026-05-12,25,9614,Delivered,Electronics
5358,474,Ware House E,2026-05-29,2026-06-04,15,1552,Cancelled,Electronics
5359,407,Ware House A,2026-06-01,2026-06-08,48,2025,Cancelled,Industrial
5360,6,Ware House A,2026-05-12,2026-05-21,67,6488,Delayed,Electronics
5361,94,Ware House A,2026-05-19,2026-05-25,75,2221,Delayed,Electronics
5362,335,Ware House A,2026-05-18,2026-05-28,45,8626,Delayed,Automotive
5363,185,Ware House E,2026-05-20,2026-05-25,71,7701,Delivered,Industrial
5364,5,Ware House D,2026-05-06,2026-05-12,78,1121,Delayed,Electronics
5365,223,Ware House B,2026-05-25,2026-05-31,90,1151,In Transit,Industrial
5366,395,Ware House E,2026-05-12,2026-05-22,77,4234,Delivered,Automotive
5367,372,Ware House D,2026-05-11,2026-05-19,44,7340,Delayed,Industrial
5368,366,Ware House B,2026-06-04,2026-06-12,74,6593,In Transit,Industrial
5369,20,Ware House D,2026-05-29,2026-06-03,1,973,Delivered,Electronics
5370,454,Ware House B,2026-05-24,2026-05-30,60,9433,Delayed,Industrial
5371,406,Ware House D,2026-05-22,2026-05-25,30,1005,Delivered,Electronics
5372,403,Ware House D,2026-05-13,2026-05-19,38,1312,Cancelled,Automotive
5373,418,Ware House C,2026-05-28,2026-06-07,33,726,Delayed,Automotive
5374,449,Ware House A,2026-05-20,2026-05-24,86,7238,Delayed,Electronics
5375,187,Ware House D,2026-05-16,2026-05-19,77,6635,In Transit,Automotive
5376,82,Ware House E,2026-06-02,2026-06-03,12,5374,Delayed,Industrial
5377,184,Ware House C,2026-05-29,2026-05-31,38,8213,Cancelled,Pharma
5378,191,Ware House B,2026-05-26,2026-06-05,8,2958,Cancelled,FMCG
5379,49,Ware House D,2026-05-29,2026-06-01,17,6903,Cancelled,FMCG
5380,50,Ware House D,2026-05-19,2026-05-22,68,3446,Cancelled,Industrial
5381,280,Ware House D,2026-05-15,2026-05-23,92,9635,Cancelled,Industrial
5382,270,Ware House A,2026-05-08,2026-05-12,60,1685,In Transit,FMCG
5383,150,Ware House E,2026-05-20,2026-05-30,84,7428,In Transit,Industrial
5384,96,Ware House A,2026-05-21,2026-05-29,36,8253,In Transit,Automotive
5385,498,Ware House B,2026-05-10,2026-05-16,51,8217,In Transit,Automotive
5386,217,Ware House B,2026-05-27,2026-06-02,77,8338,Delivered,Pharma
5387,210,Ware House B,2026-05-28,2026-06-02,87,3920,Delivered,Electronics
5388,275,Ware House C,2026-05-06,2026-05-08,62,577,Delayed,Electronics
5389,349,Ware House A,2026-06-01,2026-06-09,7,5804,Delayed,Automotive
5390,372,Ware House D,2026-05-26,2026-05-30,88,4836,Delivered,Electronics
5391,93,Ware House E,2026-05-07,2026-05-14,94,924,Cancelled,Electronics
5392,354,Ware House D,2026-05-26,2026-05-29,40,755,Delayed,FMCG
5393,156,Ware House B,2026-05-30,2026-06-09,54,2335,Delayed,Industrial
5394,463,Ware House D,2026-05-11,2026-05-21,86,207,Delayed,Automotive
5395,210,Ware House C,2026-05-09,2026-05-18,46,4667,Delayed,Automotive
5396,443,Ware House A,2026-05-16,2026-05-19,44,1881,Delivered,Automotive
5397,26,Ware House B,2026-06-01,2026-06-08,20,7611,Cancelled,Industrial
5398,332,Ware House D,2026-05-09,2026-05-18,85,4400,Delivered,Automotive
5399,241,Ware House D,2026-05-07,2026-05-09,72,9009,Delayed,FMCG
5400,70,Ware House B,2026-05-23,2026-05-31,7,1437,Delivered,Industrial
5401,141,Ware House C,2026-05-12,2026-05-18,98,8594,Cancelled,FMCG
5402,253,Ware House C,2026-06-03,2026-06-13,40,5152,Delayed,Automotive
5403,468,Ware House C,2026-05-17,2026-05-27,29,7521,Delivered,Automotive
5404,396,Ware House A,2026-05-25,2026-05-29,29,2523,Cancelled,FMCG
5405,253,Ware House D,2026-05-13,2026-05-21,86,9747,Delayed,Pharma
5406,340,Ware House C,2026-05-17,2026-05-22,35,3290,Delivered,Automotive
5407,237,Ware House A,2026-05-16,2026-05-17,31,5134,In Transit,Pharma
5408,104,Ware House D,2026-05-20,2026-05-26,74,9602,Delayed,Industrial
5409,202,Ware House C,2026-05-12,2026-05-20,12,342,Delivered,Pharma
5410,78,Ware House C,2026-05-20,2026-05-25,60,8903,Delivered,FMCG
5411,25,Ware House D,2026-05-30,2026-06-02,63,9046,Delayed,Industrial
5412,405,Ware House E,2026-05-21,2026-05-28,85,1090,Delayed,Pharma
5413,96,Ware House B,2026-05-23,2026-05-24,45,933,Delivered,Electronics
5414,459,Ware House D,2026-05-11,2026-05-13,80,7025,Delivered,Automotive
5415,489,Ware House D,2026-05-18,2026-05-28,83,676,Delayed,Electronics
5416,86,Ware House D,2026-05-06,2026-05-14,19,7589,Delayed,Industrial
5417,185,Ware House E,2026-05-16,2026-05-18,27,346,Delayed,Electronics
5418,346,Ware House B,2026-05-19,2026-05-22,92,3115,Delivered,Industrial
5419,444,Ware House C,2026-05-29,2026-06-04,54,2943,In Transit,Pharma
5420,102,Ware House A,2026-06-04,2026-06-06,97,2281,Delayed,FMCG
5421,132,Ware House D,2026-05-28,2026-05-31,85,7176,In Transit,Industrial
5422,345,Ware House E,2026-05-29,2026-06-08,66,9558,Delayed,Automotive
5423,435,Ware House C,2026-05-06,2026-05-09,21,6086,Cancelled,Industrial
5424,223,Ware House B,2026-05-10,2026-05-16,12,9585,In Transit,FMCG
5425,279,Ware House A,2026-05-20,2026-05-22,62,2344,Delivered,Electronics
5426,359,Ware House D,2026-05-10,2026-05-19,52,9904,Cancelled,FMCG
5427,380,Ware House B,2026-05-18,2026-05-21,6,9355,Delayed,Pharma
5428,388,Ware House C,2026-05-20,2026-05-21,10,3245,Delivered,FMCG
5429,275,Ware House E,2026-05-10,2026-05-19,96,8531,Delivered,Industrial
5430,69,Ware House A,2026-06-01,2026-06-03,52,2788,Delayed,Industrial
5431,150,Ware House B,2026-05-27,2026-06-06,12,6621,Delivered,FMCG
5432,51,Ware House C,2026-05-06,2026-05-08,64,4510,Cancelled,Pharma
5433,224,Ware House C,2026-05-13,2026-05-20,7,6701,Delayed,Electronics
5434,390,Ware House B,2026-05-26,2026-05-29,46,7887,Cancelled,FMCG
5435,382,Ware House D,2026-05-25,2026-05-30,29,6415,Delayed,FMCG
5436,101,Ware House D,2026-05-20,2026-05-29,37,5503,Delivered,Automotive
5437,485,Ware House D,2026-05-11,2026-05-14,51,3376,Delayed,Pharma
5438,272,Ware House D,2026-05-11,2026-05-14,49,8597,Cancelled,Industrial
5439,209,Ware House E,2026-05-10,2026-05-16,94,7569,Cancelled,FMCG
5440,163,Ware House A,2026-05-30,2026-05-31,43,6988,Cancelled,Pharma
5441,38,Ware House E,2026-05-29,2026-05-30,11,1549,Delayed,Automotive
5442,360,Ware House C,2026-05-27,2026-06-06,52,7592,Delivered,Automotive
5443,48,Ware House E,2026-05-12,2026-05-16,47,3502,Delivered,Pharma
5444,135,Ware House B,2026-05-26,2026-05-30,89,2373,Cancelled,Industrial
5445,97,Ware House E,2026-05-12,2026-05-21,73,2914,Delayed,Automotive
5446,498,Ware House A,2026-05-25,2026-05-26,11,6775,Delayed,Industrial
5447,431,Ware House E,2026-05-31,2026-06-06,65,9746,Delayed,Electronics
5448,117,Ware House D,2026-05-27,2026-06-06,53,3060,Delivered,Electronics
5449,444,Ware House A,2026-05-31,2026-06-08,81,9752,Cancelled,Pharma
5450,171,Ware House A,2026-06-04,2026-06-08,43,1111,In Transit,Pharma
5451,105,Ware House D,2026-05-29,2026-06-02,34,8674,Cancelled,Automotive
5452,438,Ware House A,2026-05-20,2026-05-24,79,4165,Delayed,Pharma
5453,244,Ware House E,2026-05-10,2026-05-11,26,2191,Cancelled,Pharma
5454,80,Ware House E,2026-05-31,2026-06-10,70,7650,Delayed,Pharma
5455,3,Ware House E,2026-06-02,2026-06-06,15,4616,Delivered,Pharma
5456,204,Ware House B,2026-05-28,2026-06-04,29,9857,Delayed,FMCG
5457,362,Ware House B,2026-06-04,2026-06-08,24,3771,Delayed,Automotive
5458,323,Ware House B,2026-06-02,2026-06-10,52,5490,Delayed,Electronics
5459,231,Ware House B,2026-05-07,2026-05-13,27,2187,In Transit,Pharma
5460,40,Ware House D,2026-05-28,2026-06-03,85,8597,Delivered,Industrial
5461,78,Ware House C,2026-05-13,2026-05-19,99,1382,In Transit,Industrial
5462,427,Ware House B,2026-05-13,2026-05-21,37,4825,Cancelled,FMCG
5463,434,Ware House C,2026-05-31,2026-06-06,3,7169,Cancelled,FMCG
5464,313,Ware House E,2026-06-04,2026-06-05,83,3661,Delayed,Automotive
5465,107,Ware House D,2026-05-06,2026-05-14,39,8570,Cancelled,Pharma
5466,32,Ware House E,2026-05-23,2026-05-29,78,4788,Cancelled,Industrial
5467,423,Ware House A,2026-05-08,2026-05-11,37,3723,Delayed,Pharma
5468,404,Ware House E,2026-05-26,2026-06-01,62,748,Delivered,Industrial
5469,329,Ware House E,2026-05-06,2026-05-09,64,9902,Cancelled,FMCG
5470,89,Ware House C,2026-05-10,2026-05-20,82,8874,Delayed,Pharma
5471,277,Ware House E,2026-06-01,2026-06-03,23,7099,In Transit,Automotive
5472,353,Ware House C,2026-05-31,2026-06-10,48,2459,Cancelled,Electronics
5473,180,Ware House B,2026-05-14,2026-05-24,5,7368,Delivered,Automotive
5474,181,Ware House B,2026-06-01,2026-06-11,84,9011,Delivered,Electronics
5475,44,Ware House E,2026-05-06,2026-05-12,87,9851,Delivered,Pharma
5476,485,Ware House C,2026-05-10,2026-05-14,94,3412,Delayed,FMCG
5477,159,Ware House B,2026-05-07,2026-05-13,65,8108,In Transit,Electronics
5478,78,Ware House E,2026-05-25,2026-06-01,93,8802,Cancelled,Industrial
5479,103,Ware House D,2026-05-17,2026-05-23,47,5573,In Transit,FMCG
5480,374,Ware House D,2026-05-12,2026-05-14,88,3274,In Transit,Pharma
5481,39,Ware House C,2026-05-08,2026-05-17,11,5895,In Transit,Industrial
5482,270,Ware House E,2026-05-13,2026-05-18,97,3527,Delayed,Industrial
5483,391,Ware House B,2026-05-08,2026-05-17,13,3457,In Transit,Automotive
5484,355,Ware House C,2026-05-18,2026-05-23,64,1923,Delayed,Pharma
5485,449,Ware House B,2026-05-25,2026-05-27,92,6759,Delivered,Industrial
5486,379,Ware House E,2026-05-26,2026-06-05,4,3341,In Transit,Industrial
5487,397,Ware House E,2026-05-12,2026-05-15,29,8777,Delivered,Industrial
5488,330,Ware House A,2026-05-28,2026-06-03,81,9069,Delayed,FMCG
5489,238,Ware House A,2026-05-19,2026-05-23,18,7469,Delivered,FMCG
5490,361,Ware House A,2026-05-31,2026-06-10,27,5478,Delivered,Automotive
5491,146,Ware House D,2026-05-21,2026-05-29,87,9957,Cancelled,Automotive
5492,492,Ware House A,2026-05-28,2026-05-30,57,4607,Cancelled,FMCG
5493,25,Ware House C,2026-05-11,2026-05-14,97,5237,Cancelled,Pharma
5494,81,Ware House E,2026-05-25,2026-05-30,42,7691,Delivered,Industrial
5495,429,Ware House A,2026-06-01,2026-06-09,65,184,Delivered,Pharma
5496,127,Ware House D,2026-05-06,2026-05-13,5,3389,Cancelled,Industrial
5497,104,Ware House A,2026-05-07,2026-05-14,91,6815,Cancelled,Automotive
5498,269,Ware House C,2026-05-30,2026-06-01,55,2886,In Transit,Automotive
5499,346,Ware House D,2026-06-03,2026-06-08,57,115,Delivered,Automotive
5500,260,Ware House C,2026-05-08,2026-05-13,47,6599,Cancelled,Automotive
5501,188,Ware House A,2026-05-17,2026-05-25,57,2272,Cancelled,Automotive
5502,491,Ware House B,2026-05-21,2026-05-29,62,2605,Cancelled,Pharma
5503,206,Ware House D,2026-05-09,2026-05-18,82,3329,In Transit,Electronics
5504,134,Ware House B,2026-05-30,2026-06-06,9,5124,Cancelled,Automotive
5505,208,Ware House D,2026-05-28,2026-05-29,26,325,Delayed,Automotive
5506,344,Ware House E,2026-05-18,2026-05-19,79,3579,Cancelled,Pharma
5507,492,Ware House D,2026-05-23,2026-05-28,66,4359,In Transit,Pharma
5508,289,Ware House D,2026-05-17,2026-05-23,20,6743,Delivered,Industrial
5509,366,Ware House B,2026-05-21,2026-05-23,48,1011,Delayed,Electronics
5510,495,Ware House E,2026-06-04,2026-06-10,22,9968,Delayed,Industrial
5511,34,Ware House C,2026-06-01,2026-06-03,86,764,Delayed,Automotive
5512,104,Ware House B,2026-05-15,2026-05-22,76,7728,Delivered,FMCG
5513,97,Ware House B,2026-05-17,2026-05-22,73,1014,Cancelled,FMCG
5514,466,Ware House E,2026-05-13,2026-05-16,90,8446,Delivered,FMCG
5515,261,Ware House D,2026-05-23,2026-05-30,14,5665,Cancelled,FMCG
5516,146,Ware House C,2026-06-01,2026-06-09,28,4613,Delayed,Automotive
5517,148,Ware House C,2026-05-22,2026-05-28,92,1584,Cancelled,Automotive
5518,320,Ware House B,2026-05-16,2026-05-18,62,1921,Delayed,Automotive
5519,192,Ware House E,2026-05-22,2026-05-31,100,9267,Cancelled,Industrial
5520,418,Ware House E,2026-05-10,2026-05-14,81,9066,In Transit,Pharma
5521,386,Ware House C,2026-05-16,2026-05-18,72,382,In Transit,Industrial
5522,333,Ware House B,2026-05-15,2026-05-24,78,7554,Delivered,FMCG
5523,52,Ware House A,2026-06-02,2026-06-12,85,2964,Cancelled,FMCG
5524,196,Ware House C,2026-05-23,2026-05-26,14,223,Cancelled,FMCG
5525,449,Ware House D,2026-06-02,2026-06-09,89,8689,In Transit,Pharma
5526,292,Ware House E,2026-05-30,2026-06-05,68,1342,Delayed,Pharma
5527,360,Ware House A,2026-05-13,2026-05-23,61,5293,Delayed,Electronics
5528,87,Ware House B,2026-05-21,2026-05-28,83,9470,Delivered,Pharma
5529,197,Ware House E,2026-05-27,2026-06-01,39,3834,In Transit,Pharma
5530,307,Ware House C,2026-05-20,2026-05-27,36,5430,Delayed,Electronics
5531,312,Ware House B,2026-05-11,2026-05-17,100,4881,In Transit,Automotive
5532,171,Ware House A,2026-05-12,2026-05-17,68,1426,Delayed,Electronics
5533,194,Ware House B,2026-05-10,2026-05-19,71,9557,Delayed,Electronics
5534,148,Ware House E,2026-06-04,2026-06-14,49,6047,Delivered,Electronics
5535,423,Ware House E,2026-05-31,2026-06-01,3,4980,Cancelled,Electronics
5536,377,Ware House E,2026-05-25,2026-05-31,18,7149,In Transit,FMCG
5537,162,Ware House C,2026-05-31,2026-06-03,36,7776,In Transit,Electronics
5538,365,Ware House E,2026-05-19,2026-05-26,82,205,In Transit,FMCG
5539,341,Ware House D,2026-05-30,2026-05-31,31,3270,Cancelled,FMCG
5540,222,Ware House B,2026-05-20,2026-05-22,70,4928,Cancelled,Pharma
5541,38,Ware House E,2026-06-04,2026-06-05,60,1824,In Transit,Industrial
5542,296,Ware House E,2026-05-29,2026-05-30,48,4560,Cancelled,Automotive
5543,75,Ware House A,2026-05-29,2026-05-30,46,462,In Transit,Electronics
5544,176,Ware House A,2026-06-04,2026-06-06,2,2581,Delayed,Automotive
5545,73,Ware House B,2026-05-27,2026-06-04,72,5850,Delayed,Automotive
5546,176,Ware House B,2026-05-11,2026-05-17,98,1558,In Transit,Automotive
5547,492,Ware House C,2026-05-06,2026-05-16,97,3865,Delivered,Industrial
5548,257,Ware House E,2026-05-06,2026-05-16,75,4883,Delayed,FMCG
5549,473,Ware House B,2026-05-28,2026-06-07,66,4406,In Transit,Electronics
5550,207,Ware House E,2026-05-28,2026-06-02,42,1290,Cancelled,Industrial
5551,157,Ware House B,2026-05-27,2026-06-03,70,8384,Delivered,FMCG
5552,3,Ware House A,2026-05-15,2026-05-16,23,8135,In Transit,Electronics
5553,450,Ware House E,2026-05-13,2026-05-22,83,8411,Delayed,Electronics
5554,246,Ware House D,2026-05-13,2026-05-22,60,6810,Delivered,Electronics
5555,438,Ware House E,2026-05-06,2026-05-11,16,732,Delivered,Pharma
5556,71,Ware House B,2026-06-03,2026-06-08,62,8922,Cancelled,Industrial
5557,25,Ware House A,2026-05-23,2026-05-26,2,2580,Cancelled,FMCG
5558,301,Ware House E,2026-05-17,2026-05-21,60,6785,Delayed,Industrial
5559,67,Ware House B,2026-05-26,2026-05-27,24,9811,Delivered,Pharma
5560,423,Ware House B,2026-05-24,2026-05-27,72,6125,Delivered,Industrial
5561,188,Ware House D,2026-06-01,2026-06-03,27,6786,Cancelled,Electronics
5562,175,Ware House B,2026-05-21,2026-05-26,10,2964,Cancelled,Electronics
5563,198,Ware House C,2026-05-26,2026-06-03,91,6064,Delivered,FMCG
5564,335,Ware House C,2026-06-03,2026-06-13,10,7220,Cancelled,FMCG
5565,71,Ware House B,2026-05-29,2026-06-01,97,2872,In Transit,FMCG
5566,87,Ware House E,2026-05-13,2026-05-21,66,9756,Delivered,FMCG
5567,256,Ware House D,2026-05-22,2026-05-29,17,6768,Delayed,Automotive
5568,333,Ware House C,2026-05-26,2026-05-29,47,6804,Cancelled,Pharma
5569,125,Ware House A,2026-05-19,2026-05-25,75,6153,Delayed,Electronics
5570,386,Ware House D,2026-05-30,2026-06-03,73,5553,In Transit,Industrial
5571,399,Ware House C,2026-05-06,2026-05-15,63,7071,In Transit,Automotive
5572,324,Ware House B,2026-05-06,2026-05-08,20,3806,Cancelled,Industrial
5573,63,Ware House E,2026-05-15,2026-05-17,35,6454,Cancelled,FMCG
5574,53,Ware House E,2026-05-14,2026-05-21,80,459,In Transit,Pharma
5575,149,Ware House E,2026-05-17,2026-05-26,62,2840,Cancelled,Pharma
5576,471,Ware House C,2026-05-07,2026-05-10,95,247,Delivered,FMCG
5577,192,Ware House E,2026-05-20,2026-05-25,63,2681,Delayed,Automotive
5578,404,Ware House A,2026-05-17,2026-05-24,50,1527,Delivered,FMCG
5579,99,Ware House B,2026-05-06,2026-05-13,80,2037,In Transit,Automotive
5580,373,Ware House E,2026-05-15,2026-05-17,12,8772,In Transit,FMCG
5581,195,Ware House D,2026-06-01,2026-06-03,60,6456,In Transit,FMCG
5582,6,Ware House A,2026-06-01,2026-06-10,20,2150,Cancelled,Automotive
5583,456,Ware House E,2026-05-14,2026-05-21,68,5944,Delivered,FMCG
5584,337,Ware House B,2026-05-15,2026-05-22,2,346,Delayed,Industrial
5585,21,Ware House E,2026-05-23,2026-05-24,82,7156,Delivered,Industrial
5586,374,Ware House E,2026-05-13,2026-05-20,24,7003,In Transit,Electronics
5587,159,Ware House A,2026-05-07,2026-05-10,14,2647,Cancelled,Automotive
5588,56,Ware House A,2026-05-14,2026-05-24,52,2817,Delivered,FMCG
5589,187,Ware House E,2026-05-27,2026-06-04,6,1944,Delayed,Pharma
5590,259,Ware House D,2026-05-08,2026-05-09,12,8901,In Transit,Industrial
5591,179,Ware House B,2026-05-08,2026-05-18,14,6926,Delayed,Industrial
5592,195,Ware House C,2026-05-28,2026-06-03,74,2808,Delivered,Pharma
5593,114,Ware House A,2026-05-06,2026-05-10,98,3534,Delayed,Automotive
5594,66,Ware House C,2026-05-19,2026-05-23,29,7029,Delayed,Electronics
5595,350,Ware House B,2026-05-16,2026-05-21,75,1846,In Transit,Pharma
5596,340,Ware House C,2026-05-13,2026-05-14,70,7253,Cancelled,Automotive
5597,70,Ware House C,2026-05-13,2026-05-14,77,1533,Delivered,Pharma
5598,28,Ware House B,2026-06-03,2026-06-05,41,9055,In Transit,Electronics
5599,164,Ware House C,2026-05-27,2026-05-31,52,3205,Delayed,FMCG
5600,379,Ware House D,2026-05-19,2026-05-25,84,6191,Delivered,Automotive
5601,267,Ware House C,2026-06-01,2026-06-08,23,3906,Delivered,Industrial
5602,138,Ware House C,2026-06-03,2026-06-07,18,8562,In Transit,Electronics
5603,200,Ware House A,2026-06-03,2026-06-08,39,2402,In Transit,FMCG
5604,277,Ware House D,2026-05-19,2026-05-22,6,4659,Cancelled,Automotive
5605,176,Ware House E,2026-05-23,2026-06-02,79,6349,Cancelled,Electronics
5606,482,Ware House D,2026-05-12,2026-05-13,45,2457,In Transit,Industrial
5607,328,Ware House C,2026-05-07,2026-05-10,97,2294,Cancelled,Pharma
5608,455,Ware House A,2026-05-13,2026-05-23,44,3660,Delivered,Industrial
5609,488,Ware House D,2026-05-28,2026-05-30,11,219,In Transit,Automotive
5610,191,Ware House E,2026-05-17,2026-05-18,23,961,Delayed,Electronics
5611,238,Ware House B,2026-05-15,2026-05-25,90,4670,Cancelled,Automotive
5612,112,Ware House C,2026-05-26,2026-05-29,96,8360,Cancelled,Electronics
5613,461,Ware House D,2026-05-28,2026-06-07,92,3334,Delayed,Industrial
5614,363,Ware House B,2026-05-27,2026-05-28,56,5906,Delivered,Automotive
5615,144,Ware House A,2026-05-22,2026-05-24,87,1027,In Transit,Pharma
5616,294,Ware House D,2026-05-17,2026-05-23,57,9009,Delivered,FMCG
5617,83,Ware House E,2026-06-04,2026-06-12,62,1458,In Transit,Automotive
5618,94,Ware House C,2026-05-21,2026-05-28,75,7142,Delayed,Electronics
5619,444,Ware House E,2026-05-24,2026-06-03,32,4782,Delivered,Industrial
5620,180,Ware House E,2026-05-08,2026-05-11,30,1737,Cancelled,Automotive
5621,191,Ware House A,2026-05-15,2026-05-23,48,3589,Delivered,Pharma
5622,378,Ware House D,2026-05-30,2026-06-06,86,701,In Transit,Electronics
5623,193,Ware House A,2026-05-31,2026-06-07,41,1558,Delayed,Industrial
5624,337,Ware House C,2026-05-27,2026-05-28,97,3046,Cancelled,FMCG
5625,246,Ware House C,2026-05-10,2026-05-15,57,3123,Delivered,Automotive
5626,301,Ware House E,2026-05-28,2026-05-31,32,6414,Cancelled,FMCG
5627,443,Ware House B,2026-05-09,2026-05-11,2,8825,Delivered,Industrial
5628,86,Ware House C,2026-05-21,2026-05-27,54,5689,In Transit,Electronics
5629,493,Ware House E,2026-05-22,2026-05-31,66,2142,In Transit,FMCG
5630,298,Ware House C,2026-05-10,2026-05-12,11,3987,In Transit,Automotive
5631,362,Ware House E,2026-05-14,2026-05-23,75,2636,In Transit,Electronics
5632,363,Ware House E,2026-05-12,2026-05-22,21,6537,In Transit,Automotive
5633,180,Ware House C,2026-05-14,2026-05-15,96,7620,Delayed,Electronics
5634,38,Ware House D,2026-05-08,2026-05-13,54,9265,Delayed,Automotive
5635,218,Ware House B,2026-05-11,2026-05-14,93,2476,Delayed,Electronics
5636,264,Ware House C,2026-05-11,2026-05-17,46,5503,In Transit,FMCG
5637,147,Ware House B,2026-05-21,2026-05-25,44,410,Cancelled,Automotive
5638,365,Ware House D,2026-05-26,2026-05-30,21,9899,Cancelled,Industrial
5639,445,Ware House D,2026-05-17,2026-05-19,15,4870,Delayed,Pharma
5640,409,Ware House D,2026-06-02,2026-06-08,33,270,Delivered,Automotive
5641,98,Ware House E,2026-05-07,2026-05-15,73,1235,Cancelled,FMCG
5642,400,Ware House D,2026-05-25,2026-06-03,65,8937,Delayed,Pharma
5643,170,Ware House C,2026-05-06,2026-05-07,99,4563,Cancelled,Pharma
5644,254,Ware House A,2026-05-07,2026-05-15,74,3474,Delivered,Industrial
5645,364,Ware House E,2026-05-09,2026-05-16,46,6248,Delayed,Industrial
5646,120,Ware House A,2026-05-30,2026-06-09,12,9716,In Transit,Pharma
5647,226,Ware House B,2026-05-11,2026-05-16,59,3695,Delivered,Electronics
5648,352,Ware House B,2026-05-09,2026-05-18,42,6050,Delayed,Industrial
5649,53,Ware House E,2026-05-24,2026-05-29,99,5122,Delivered,Pharma
5650,48,Ware House B,2026-05-28,2026-06-02,44,561,Delayed,Pharma
5651,440,Ware House E,2026-05-09,2026-05-15,15,8230,Cancelled,Electronics
5652,137,Ware House A,2026-05-29,2026-06-05,32,1444,Cancelled,Electronics
5653,487,Ware House C,2026-05-31,2026-06-07,51,5689,Cancelled,Pharma
5654,233,Ware House E,2026-05-09,2026-05-13,45,7946,In Transit,Electronics
5655,128,Ware House D,2026-05-14,2026-05-20,80,8835,Delayed,FMCG
5656,164,Ware House E,2026-05-14,2026-05-15,32,3400,In Transit,Electronics
5657,224,Ware House B,2026-05-06,2026-05-07,29,5611,Delayed,Industrial
5658,472,Ware House C,2026-05-17,2026-05-23,75,6708,In Transit,Electronics
5659,103,Ware House D,2026-05-27,2026-06-04,21,9863,Delivered,Electronics
5660,319,Ware House B,2026-05-10,2026-05-15,91,9462,Delivered,Electronics
5661,208,Ware House A,2026-06-02,2026-06-07,52,4344,In Transit,Pharma
5662,37,Ware House C,2026-05-22,2026-05-28,53,782,In Transit,Industrial
5663,4,Ware House C,2026-05-13,2026-05-21,28,1273,Delivered,Automotive
5664,272,Ware House E,2026-05-30,2026-06-03,36,3044,In Transit,Industrial
5665,109,Ware House A,2026-05-28,2026-06-02,45,4201,In Transit,Electronics
5666,38,Ware House C,2026-05-25,2026-06-01,46,3993,Delayed,Pharma
5667,458,Ware House E,2026-05-10,2026-05-17,21,1838,Cancelled,Pharma
5668,316,Ware House C,2026-05-20,2026-05-23,36,8350,Delayed,Electronics
5669,113,Ware House E,2026-05-16,2026-05-25,23,7999,Delayed,Electronics
5670,247,Ware House C,2026-05-25,2026-06-03,45,2469,Delayed,Automotive
5671,213,Ware House D,2026-05-16,2026-05-20,20,6164,Delivered,Electronics
5672,170,Ware House E,2026-05-31,2026-06-01,73,172,Delayed,Electronics
5673,449,Ware House A,2026-05-29,2026-06-01,94,9492,Cancelled,Industrial
5674,201,Ware House E,2026-06-04,2026-06-06,10,7361,Delivered,FMCG
5675,73,Ware House A,2026-05-28,2026-06-05,72,7832,Cancelled,Electronics
5676,386,Ware House D,2026-05-27,2026-06-02,20,6881,Delayed,FMCG
5677,101,Ware House B,2026-06-03,2026-06-13,51,5433,Delayed,Industrial
5678,281,Ware House E,2026-05-21,2026-05-30,91,9943,In Transit,Automotive
5679,362,Ware House C,2026-06-01,2026-06-08,36,6594,In Transit,Electronics
5680,390,Ware House B,2026-05-29,2026-06-06,40,1550,Cancelled,Pharma
5681,15,Ware House B,2026-06-04,2026-06-08,22,8373,Cancelled,Automotive
5682,79,Ware House E,2026-05-08,2026-05-13,61,525,Cancelled,FMCG
5683,391,Ware House A,2026-05-16,2026-05-26,56,5637,In Transit,FMCG
5684,47,Ware House A,2026-05-12,2026-05-16,10,3711,Delivered,Electronics
5685,231,Ware House B,2026-05-06,2026-05-14,67,8095,In Transit,Industrial
5686,127,Ware House D,2026-06-02,2026-06-07,9,6592,Delayed,Industrial
5687,182,Ware House D,2026-05-06,2026-05-16,70,2895,Delayed,Automotive
5688,94,Ware House B,2026-06-01,2026-06-11,63,9978,Delayed,FMCG
5689,167,Ware House B,2026-05-09,2026-05-14,69,3290,Delayed,Automotive
5690,429,Ware House D,2026-05-17,2026-05-19,61,8168,Delivered,Automotive
5691,42,Ware House A,2026-05-07,2026-05-12,69,538,Delivered,Industrial
5692,386,Ware House C,2026-05-30,2026-06-05,84,209,Delayed,Electronics
5693,17,Ware House E,2026-06-03,2026-06-05,75,4651,Cancelled,Industrial
5694,216,Ware House E,2026-05-20,2026-05-29,57,9244,Delivered,Industrial
5695,276,Ware House E,2026-05-12,2026-05-15,86,5866,Delivered,Pharma
5696,153,Ware House E,2026-05-13,2026-05-23,52,200,Delayed,Electronics
5697,34,Ware House A,2026-05-08,2026-05-17,96,9962,Delivered,Pharma
5698,397,Ware House B,2026-06-04,2026-06-07,53,6114,Delivered,Electronics
5699,483,Ware House B,2026-05-06,2026-05-09,9,4649,Delayed,Automotive
5700,489,Ware House D,2026-05-13,2026-05-19,49,8515,Delayed,Pharma
5701,396,Ware House A,2026-06-04,2026-06-05,31,1838,Delayed,Pharma
5702,290,Ware House A,2026-05-16,2026-05-21,75,6814,Delayed,Electronics
5703,198,Ware House D,2026-05-20,2026-05-30,10,6037,Delivered,Electronics
5704,259,Ware House C,2026-05-30,2026-05-31,93,6821,Delayed,FMCG
5705,269,Ware House A,2026-05-30,2026-06-08,7,3105,Cancelled,Electronics
5706,274,Ware House D,2026-05-11,2026-05-21,46,3827,In Transit,Automotive
5707,453,Ware House C,2026-05-29,2026-06-04,62,5343,Delivered,Electronics
5708,213,Ware House C,2026-06-01,2026-06-11,41,5215,Delivered,Electronics
5709,292,Ware House D,2026-05-25,2026-05-29,90,2541,Cancelled,Industrial
5710,132,Ware House C,2026-05-22,2026-05-28,10,9549,Delivered,Automotive
5711,38,Ware House A,2026-05-13,2026-05-23,32,1955,Delivered,FMCG
5712,213,Ware House D,2026-05-30,2026-06-02,4,3962,Cancelled,Automotive
5713,481,Ware House E,2026-05-29,2026-06-04,89,5186,Delivered,Automotive
5714,167,Ware House A,2026-05-22,2026-05-23,93,3171,Cancelled,Automotive
5715,457,Ware House E,2026-05-24,2026-05-31,65,9487,In Transit,Pharma
5716,386,Ware House E,2026-05-10,2026-05-20,20,6752,Cancelled,Industrial
5717,2,Ware House C,2026-05-24,2026-05-30,83,8430,Delayed,Pharma
5718,259,Ware House E,2026-05-28,2026-06-06,26,6131,Delivered,Electronics
5719,142,Ware House C,2026-05-10,2026-05-16,54,2350,In Transit,Industrial
5720,70,Ware House B,2026-05-13,2026-05-23,6,8387,Delayed,FMCG
5721,384,Ware House A,2026-05-29,2026-05-30,14,5696,Cancelled,Electronics
5722,413,Ware House E,2026-05-23,2026-06-01,1,6440,Delayed,FMCG
5723,212,Ware House D,2026-05-22,2026-05-24,7,8672,In Transit,Automotive
5724,117,Ware House C,2026-06-04,2026-06-14,62,8667,Delayed,Automotive
5725,185,Ware House D,2026-06-03,2026-06-08,69,5406,Delivered,Industrial
5726,411,Ware House C,2026-05-23,2026-05-24,57,6049,In Transit,FMCG
5727,49,Ware House A,2026-05-19,2026-05-21,76,7771,Delivered,Pharma
5728,43,Ware House D,2026-05-21,2026-05-22,77,8387,In Transit,Industrial
5729,45,Ware House E,2026-05-06,2026-05-09,79,9331,Delayed,Industrial
5730,32,Ware House E,2026-05-25,2026-05-26,71,7875,In Transit,Pharma
5731,79,Ware House A,2026-06-03,2026-06-04,29,2557,In Transit,FMCG
5732,281,Ware House E,2026-05-26,2026-06-01,71,9478,Delayed,Industrial
5733,156,Ware House B,2026-05-16,2026-05-17,5,3116,Delivered,Pharma
5734,478,Ware House D,2026-05-30,2026-06-01,56,411,Cancelled,FMCG
5735,335,Ware House A,2026-05-26,2026-06-03,21,6940,Delivered,FMCG
5736,234,Ware House E,2026-05-14,2026-05-19,40,4782,Delivered,Electronics
5737,485,Ware House C,2026-05-30,2026-05-31,56,6769,Delivered,Pharma
5738,334,Ware House E,2026-05-07,2026-05-16,48,7434,Cancelled,Electronics
5739,425,Ware House D,2026-05-12,2026-05-17,27,8500,Delayed,Industrial
5740,308,Ware House D,2026-05-24,2026-05-27,11,3532,In Transit,Electronics
5741,302,Ware House A,2026-05-08,2026-05-11,51,6704,Cancelled,Electronics
5742,485,Ware House E,2026-05-10,2026-05-15,32,2164,Delivered,Automotive
5743,154,Ware House C,2026-05-31,2026-06-10,72,7187,In Transit,Automotive
5744,403,Ware House B,2026-05-12,2026-05-16,84,3750,In Transit,Automotive
5745,464,Ware House A,2026-05-25,2026-05-26,30,6180,Delayed,Electronics
5746,19,Ware House D,2026-05-24,2026-06-03,19,8166,Cancelled,Pharma
5747,387,Ware House B,2026-05-29,2026-06-07,31,9998,In Transit,Automotive
5748,270,Ware House B,2026-05-22,2026-05-25,9,7015,Cancelled,FMCG
5749,135,Ware House A,2026-05-23,2026-05-26,51,3283,Delayed,Electronics
5750,328,Ware House C,2026-05-19,2026-05-22,75,2074,Delayed,Industrial
5751,34,Ware House B,2026-06-03,2026-06-13,59,1605,Delivered,Automotive
5752,432,Ware House E,2026-05-16,2026-05-22,10,4687,Delayed,Automotive
5753,36,Ware House C,2026-05-30,2026-06-02,66,8072,In Transit,Automotive
5754,380,Ware House C,2026-05-23,2026-05-29,45,3637,Delivered,Automotive
5755,473,Ware House B,2026-05-22,2026-05-29,83,5402,Delivered,Automotive
5756,41,Ware House E,2026-05-09,2026-05-10,74,7707,In Transit,Electronics
5757,213,Ware House B,2026-05-31,2026-06-01,31,1185,In Transit,FMCG
5758,435,Ware House A,2026-05-13,2026-05-18,65,1386,In Transit,FMCG
5759,226,Ware House E,2026-05-31,2026-06-08,5,8901,Delivered,Automotive
5760,406,Ware House D,2026-06-01,2026-06-11,27,7879,Delivered,Automotive
5761,310,Ware House D,2026-05-08,2026-05-17,27,7393,In Transit,Automotive
5762,182,Ware House A,2026-05-07,2026-05-09,66,5778,Delivered,Electronics
5763,107,Ware House A,2026-06-02,2026-06-08,99,4038,In Transit,FMCG
5764,229,Ware House B,2026-06-02,2026-06-08,54,6926,Cancelled,Pharma
5765,24,Ware House B,2026-05-07,2026-05-12,75,5942,Delivered,Pharma
5766,235,Ware House A,2026-05-07,2026-05-16,77,1742,Delivered,Industrial
5767,355,Ware House A,2026-05-29,2026-06-03,36,8286,Delayed,Pharma
5768,262,Ware House B,2026-05-19,2026-05-23,2,618,Delivered,Industrial
5769,486,Ware House A,2026-05-17,2026-05-20,7,6376,Delayed,Pharma
5770,141,Ware House A,2026-06-04,2026-06-07,42,3421,Delayed,Electronics
5771,17,Ware House C,2026-05-29,2026-05-30,30,1298,Delivered,FMCG
5772,339,Ware House B,2026-05-07,2026-05-16,53,7755,Delivered,Pharma
5773,233,Ware House E,2026-05-23,2026-06-02,85,4219,Cancelled,Electronics
5774,219,Ware House D,2026-06-01,2026-06-05,68,391,Cancelled,Pharma
5775,287,Ware House E,2026-05-22,2026-06-01,58,9686,Cancelled,Electronics
5776,206,Ware House B,2026-05-08,2026-05-09,31,5864,In Transit,Pharma
5777,489,Ware House E,2026-05-08,2026-05-17,65,6079,Delayed,Electronics
5778,106,Ware House B,2026-05-12,2026-05-19,90,2469,Delayed,Automotive
5779,453,Ware House A,2026-05-10,2026-05-15,73,6670,Delayed,Automotive
5780,22,Ware House A,2026-05-30,2026-06-09,6,2700,Delayed,FMCG
5781,287,Ware House A,2026-05-24,2026-05-31,100,301,Delayed,Automotive
5782,494,Ware House A,2026-05-30,2026-05-31,58,2328,Cancelled,FMCG
5783,143,Ware House E,2026-05-20,2026-05-27,73,2603,In Transit,Automotive
5784,450,Ware House D,2026-05-08,2026-05-11,53,7612,Cancelled,Pharma
5785,104,Ware House E,2026-05-23,2026-05-30,44,1399,Delayed,FMCG
5786,344,Ware House B,2026-05-23,2026-06-02,82,1215,Delayed,Industrial
5787,273,Ware House B,2026-06-01,2026-06-06,56,5755,In Transit,Pharma
5788,9,Ware House C,2026-05-30,2026-06-03,11,3055,Delayed,Industrial
5789,379,Ware House D,2026-05-13,2026-05-18,27,5081,Delivered,FMCG
5790,336,Ware House C,2026-05-10,2026-05-14,44,7672,Delayed,Pharma
5791,243,Ware House C,2026-05-25,2026-05-30,100,6964,Cancelled,Automotive
5792,350,Ware House D,2026-05-10,2026-05-19,2,1537,Delivered,FMCG
5793,190,Ware House A,2026-05-17,2026-05-22,90,4708,Cancelled,Electronics
5794,334,Ware House E,2026-05-12,2026-05-19,12,9064,Delivered,Pharma
5795,399,Ware House C,2026-05-17,2026-05-21,62,4477,Delayed,Electronics
5796,315,Ware House A,2026-06-01,2026-06-02,87,2907,Cancelled,Pharma
5797,430,Ware House A,2026-05-23,2026-05-29,98,9189,In Transit,Industrial
5798,450,Ware House A,2026-05-20,2026-05-23,88,6920,Delivered,Automotive
5799,346,Ware House A,2026-05-12,2026-05-20,52,6597,Delayed,FMCG
5800,214,Ware House B,2026-05-09,2026-05-12,94,8509,Cancelled,Industrial
5801,453,Ware House A,2026-05-10,2026-05-13,51,3006,Delayed,Pharma
5802,151,Ware House C,2026-05-30,2026-06-07,22,2970,Cancelled,Electronics
5803,118,Ware House C,2026-06-02,2026-06-11,59,6640,In Transit,Pharma
5804,324,Ware House A,2026-05-11,2026-05-16,60,9584,In Transit,Industrial
5805,209,Ware House E,2026-05-12,2026-05-16,73,8350,Delayed,FMCG
5806,149,Ware House B,2026-05-18,2026-05-21,13,7713,Delivered,Electronics
5807,331,Ware House A,2026-05-19,2026-05-22,62,6538,Delivered,Electronics
5808,162,Ware House E,2026-05-06,2026-05-13,59,423,Delivered,Pharma
5809,399,Ware House C,2026-05-18,2026-05-27,50,8210,In Transit,FMCG
5810,34,Ware House B,2026-05-21,2026-05-31,37,8164,Delayed,Automotive
5811,320,Ware House E,2026-05-26,2026-05-27,77,3821,Delivered,FMCG
5812,303,Ware House A,2026-05-31,2026-06-02,39,1491,Delivered,Industrial
5813,496,Ware House A,2026-05-10,2026-05-15,96,1660,Delayed,FMCG
5814,87,Ware House B,2026-06-03,2026-06-08,81,8152,Delivered,Electronics
5815,486,Ware House B,2026-05-28,2026-05-31,88,5281,Delayed,FMCG
5816,487,Ware House B,2026-05-10,2026-05-12,23,2153,In Transit,FMCG
5817,493,Ware House D,2026-05-18,2026-05-25,68,1898,Delayed,Automotive
5818,396,Ware House D,2026-05-27,2026-05-31,30,2254,In Transit,Automotive
5819,184,Ware House E,2026-05-22,2026-05-29,12,1688,Cancelled,Automotive
5820,208,Ware House E,2026-05-07,2026-05-12,28,9256,In Transit,Electronics
5821,459,Ware House D,2026-05-13,2026-05-15,33,9275,Cancelled,Automotive
5822,330,Ware House E,2026-05-19,2026-05-24,46,3602,In Transit,Industrial
5823,105,Ware House A,2026-05-17,2026-05-26,66,6763,In Transit,Automotive
5824,88,Ware House E,2026-05-27,2026-06-05,85,8996,Delivered,Industrial
5825,408,Ware House B,2026-05-09,2026-05-13,51,4647,In Transit,Electronics
5826,264,Ware House E,2026-05-30,2026-06-06,39,9952,Delivered,Industrial
5827,446,Ware House B,2026-06-02,2026-06-07,30,5716,Delivered,Automotive
5828,314,Ware House E,2026-06-01,2026-06-11,38,9835,Delayed,Industrial
5829,136,Ware House C,2026-06-04,2026-06-05,40,9077,Delivered,Electronics
5830,400,Ware House B,2026-06-03,2026-06-06,37,7089,In Transit,Industrial
5831,188,Ware House E,2026-05-23,2026-05-26,12,8741,Delivered,Electronics
5832,268,Ware House C,2026-05-22,2026-05-28,53,3125,In Transit,Industrial
5833,370,Ware House E,2026-05-23,2026-05-31,86,1550,In Transit,Industrial
5834,172,Ware House A,2026-05-23,2026-05-29,13,8632,In Transit,Industrial
5835,451,Ware House A,2026-05-24,2026-05-25,43,2541,Delayed,Electronics
5836,239,Ware House C,2026-05-27,2026-06-05,28,1870,Delayed,Pharma
5837,319,Ware House B,2026-05-23,2026-05-29,71,7837,Cancelled,Electronics
5838,9,Ware House A,2026-05-10,2026-05-13,63,1543,Cancelled,Electronics
5839,292,Ware House C,2026-05-27,2026-05-31,72,4339,In Transit,FMCG
5840,117,Ware House C,2026-05-17,2026-05-22,10,2509,Delivered,Electronics
5841,351,Ware House A,2026-05-09,2026-05-18,31,2127,Delayed,Pharma
5842,340,Ware House E,2026-05-31,2026-06-02,16,477,Delayed,FMCG
5843,113,Ware House D,2026-06-01,2026-06-10,35,3551,Delayed,Pharma
5844,165,Ware House D,2026-05-15,2026-05-22,47,7288,Cancelled,Electronics
5845,403,Ware House A,2026-05-17,2026-05-25,40,9444,Cancelled,Electronics
5846,469,Ware House E,2026-05-15,2026-05-20,66,3792,In Transit,FMCG
5847,58,Ware House A,2026-05-08,2026-05-14,20,1944,Cancelled,FMCG
5848,306,Ware House E,2026-05-18,2026-05-20,40,2006,Cancelled,Industrial
5849,9,Ware House D,2026-05-18,2026-05-24,59,5748,Delayed,Industrial
5850,438,Ware House D,2026-05-09,2026-05-19,65,428,Delayed,Automotive
5851,251,Ware House B,2026-05-06,2026-05-14,87,5712,Delivered,Pharma
5852,204,Ware House E,2026-05-27,2026-06-04,15,5454,In Transit,Pharma
5853,343,Ware House C,2026-05-29,2026-05-31,41,419,Delayed,Automotive
5854,121,Ware House E,2026-05-23,2026-05-29,78,866,Cancelled,Industrial
5855,236,Ware House E,2026-05-30,2026-06-02,12,6384,Delayed,FMCG
5856,75,Ware House A,2026-05-21,2026-05-26,71,5276,Cancelled,FMCG
5857,474,Ware House A,2026-06-02,2026-06-04,9,1262,Delayed,Electronics
5858,162,Ware House C,2026-05-27,2026-05-29,86,2394,Cancelled,Electronics
5859,168,Ware House D,2026-05-08,2026-05-11,46,1978,Cancelled,Electronics
5860,412,Ware House E,2026-06-03,2026-06-12,23,6153,Delivered,FMCG
5861,432,Ware House C,2026-05-06,2026-05-16,25,6333,In Transit,Industrial
5862,194,Ware House B,2026-05-22,2026-05-23,15,6018,In Transit,FMCG
5863,277,Ware House B,2026-06-04,2026-06-13,50,6673,Delayed,FMCG
5864,283,Ware House E,2026-05-18,2026-05-20,68,8065,Cancelled,Automotive
5865,193,Ware House B,2026-05-08,2026-05-16,70,7404,In Transit,Electronics
5866,421,Ware House E,2026-05-30,2026-06-04,57,9281,Cancelled,FMCG
5867,28,Ware House E,2026-05-21,2026-05-29,68,8678,Delayed,Electronics
5868,472,Ware House D,2026-05-13,2026-05-20,5,6699,Delayed,Automotive
5869,211,Ware House A,2026-05-21,2026-05-22,89,8395,In Transit,Automotive
5870,175,Ware House B,2026-06-04,2026-06-10,96,2419,Delayed,Pharma
5871,183,Ware House A,2026-05-12,2026-05-22,22,2411,Delayed,Pharma
5872,120,Ware House A,2026-06-01,2026-06-03,63,8818,In Transit,FMCG
5873,411,Ware House A,2026-05-15,2026-05-17,13,9182,Cancelled,Automotive
5874,70,Ware House C,2026-05-26,2026-05-27,77,6945,In Transit,Electronics
5875,436,Ware House B,2026-05-19,2026-05-21,79,804,Cancelled,Electronics
5876,19,Ware House E,2026-05-23,2026-05-26,99,9438,Cancelled,Industrial
5877,156,Ware House B,2026-06-03,2026-06-04,29,9626,Delayed,Automotive
5878,386,Ware House D,2026-05-22,2026-05-23,37,4784,Delayed,Automotive
5879,165,Ware House B,2026-06-03,2026-06-09,42,8912,Delivered,FMCG
5880,177,Ware House B,2026-05-20,2026-05-24,50,5979,Delivered,FMCG
5881,63,Ware House C,2026-05-16,2026-05-25,31,7819,Cancelled,FMCG
5882,227,Ware House D,2026-05-09,2026-05-12,94,4942,In Transit,Electronics
5883,444,Ware House D,2026-05-12,2026-05-18,13,143,Cancelled,Automotive
5884,484,Ware House D,2026-05-14,2026-05-16,46,8091,Delayed,Electronics
5885,87,Ware House E,2026-05-12,2026-05-18,45,6113,Cancelled,FMCG
5886,279,Ware House B,2026-05-29,2026-06-01,46,4593,Delivered,Pharma
5887,22,Ware House A,2026-05-14,2026-05-16,88,7412,In Transit,Pharma
5888,294,Ware House D,2026-05-07,2026-05-12,29,3573,Cancelled,Electronics
5889,290,Ware House C,2026-05-23,2026-05-30,86,1603,In Transit,Industrial
5890,251,Ware House C,2026-05-24,2026-05-31,95,2616,Delayed,Electronics
5891,350,Ware House D,2026-06-01,2026-06-04,64,3900,In Transit,Electronics
5892,483,Ware House C,2026-05-28,2026-05-30,45,4569,Delivered,Electronics
5893,489,Ware House B,2026-05-24,2026-05-25,40,1859,Cancelled,Electronics
5894,111,Ware House A,2026-05-20,2026-05-23,96,8198,In Transit,Automotive
5895,117,Ware House B,2026-05-16,2026-05-22,81,456,In Transit,Industrial
5896,418,Ware House D,2026-05-11,2026-05-15,93,3438,Cancelled,Industrial
5897,427,Ware House E,2026-05-27,2026-05-31,26,3638,In Transit,FMCG
5898,304,Ware House D,2026-05-23,2026-05-31,90,4492,Cancelled,FMCG
5899,464,Ware House C,2026-05-14,2026-05-16,96,9800,Delivered,FMCG
5900,485,Ware House D,2026-05-18,2026-05-25,22,2741,In Transit,Electronics
5901,134,Ware House B,2026-05-24,2026-05-27,57,6304,In Transit,Pharma
5902,41,Ware House A,2026-05-10,2026-05-20,31,8394,Delivered,Electronics
5903,147,Ware House A,2026-05-24,2026-06-03,98,3134,Cancelled,Industrial
5904,138,Ware House A,2026-05-17,2026-05-22,56,5861,Delivered,Industrial
5905,181,Ware House A,2026-05-25,2026-06-04,66,6210,In Transit,Pharma
5906,159,Ware House B,2026-05-12,2026-05-15,50,7639,Delivered,FMCG
5907,171,Ware House C,2026-05-29,2026-06-03,64,3640,Delayed,FMCG
5908,387,Ware House B,2026-05-14,2026-05-16,58,3402,Delayed,Electronics
5909,46,Ware House E,2026-05-29,2026-06-03,73,4940,Cancelled,Automotive
5910,481,Ware House B,2026-05-25,2026-06-03,73,9425,Delivered,Electronics
5911,99,Ware House D,2026-05-19,2026-05-29,40,7558,Delayed,FMCG
5912,211,Ware House C,2026-06-04,2026-06-11,86,9895,Delayed,Electronics
5913,230,Ware House B,2026-05-13,2026-05-20,22,3763,Cancelled,Electronics
5914,458,Ware House D,2026-05-30,2026-06-05,54,951,Delayed,Automotive
5915,150,Ware House C,2026-05-18,2026-05-20,69,2475,Delayed,Pharma
5916,299,Ware House C,2026-05-19,2026-05-29,24,4066,Cancelled,Automotive
5917,343,Ware House E,2026-05-07,2026-05-08,81,3470,In Transit,Pharma
5918,182,Ware House E,2026-05-30,2026-06-04,57,4363,In Transit,FMCG
5919,244,Ware House B,2026-05-25,2026-05-28,7,5657,In Transit,Industrial
5920,263,Ware House E,2026-05-10,2026-05-16,66,3631,Delayed,Electronics
5921,362,Ware House A,2026-05-13,2026-05-18,90,9062,Delivered,Electronics
5922,237,Ware House B,2026-05-12,2026-05-22,44,3324,In Transit,Electronics
5923,22,Ware House E,2026-05-14,2026-05-20,70,8382,In Transit,Pharma
5924,334,Ware House E,2026-06-03,2026-06-04,72,9924,Cancelled,FMCG
5925,95,Ware House A,2026-05-29,2026-06-02,45,6416,Delayed,Pharma
5926,334,Ware House D,2026-05-23,2026-05-31,60,7068,Delayed,Electronics
5927,151,Ware House B,2026-05-13,2026-05-22,19,4447,In Transit,Electronics
5928,468,Ware House C,2026-05-11,2026-05-16,71,3284,In Transit,Industrial
5929,324,Ware House E,2026-05-11,2026-05-15,23,3799,Cancelled,FMCG
5930,439,Ware House B,2026-05-11,2026-05-13,3,4363,Cancelled,Automotive
5931,35,Ware House E,2026-06-04,2026-06-08,25,7761,In Transit,FMCG
5932,25,Ware House D,2026-05-21,2026-05-30,78,7720,Cancelled,FMCG
5933,280,Ware House B,2026-05-30,2026-06-05,53,9551,Delayed,Pharma
5934,141,Ware House D,2026-05-19,2026-05-29,70,3201,Delayed,FMCG
5935,189,Ware House D,2026-05-24,2026-05-29,78,874,Delayed,Industrial
5936,216,Ware House D,2026-05-15,2026-05-25,56,3978,Cancelled,Electronics
5937,208,Ware House D,2026-05-07,2026-05-14,22,2851,Delivered,Industrial
5938,460,Ware House D,2026-06-01,2026-06-02,53,2332,Delivered,FMCG
5939,317,Ware House E,2026-05-11,2026-05-20,76,2190,Cancelled,Pharma
5940,102,Ware House E,2026-06-01,2026-06-06,91,8739,Delivered,FMCG
5941,194,Ware House E,2026-05-18,2026-05-27,49,5718,Delivered,Automotive
5942,158,Ware House E,2026-05-14,2026-05-16,60,5738,Delayed,Electronics
5943,322,Ware House A,2026-05-07,2026-05-17,55,8081,Cancelled,Automotive
5944,440,Ware House A,2026-05-29,2026-06-06,94,2797,Cancelled,Electronics
5945,222,Ware House E,2026-05-10,2026-05-12,43,2197,Cancelled,Pharma
5946,397,Ware House E,2026-05-30,2026-06-04,85,5829,Delivered,Industrial
5947,440,Ware House B,2026-05-13,2026-05-19,70,3732,Cancelled,Electronics
5948,132,Ware House C,2026-05-29,2026-06-05,2,7408,Cancelled,FMCG
5949,237,Ware House B,2026-05-14,2026-05-19,13,849,Delayed,Electronics
5950,223,Ware House E,2026-05-07,2026-05-11,81,5817,Delayed,Electronics
5951,284,Ware House B,2026-06-03,2026-06-10,100,3216,Delayed,Automotive
5952,192,Ware House C,2026-05-06,2026-05-15,67,5412,Delivered,Pharma
5953,186,Ware House A,2026-05-24,2026-06-03,67,4126,In Transit,FMCG
5954,156,Ware House B,2026-05-10,2026-05-13,33,5459,Delivered,FMCG
5955,207,Ware House B,2026-05-13,2026-05-14,35,236,In Transit,Industrial
5956,394,Ware House E,2026-05-31,2026-06-08,47,6061,In Transit,Industrial
5957,273,Ware House B,2026-05-24,2026-05-25,33,7491,Delivered,Electronics
5958,52,Ware House C,2026-05-31,2026-06-01,75,3236,Delayed,Industrial
5959,266,Ware House C,2026-05-28,2026-05-30,44,4552,Delivered,Electronics
5960,301,Ware House E,2026-06-01,2026-06-10,75,9317,In Transit,Electronics
5961,425,Ware House B,2026-05-16,2026-05-23,93,5747,Delivered,Pharma
5962,314,Ware House E,2026-06-04,2026-06-14,87,2671,Delayed,Automotive
5963,58,Ware House B,2026-06-01,2026-06-05,25,1809,Cancelled,Pharma
5964,107,Ware House A,2026-05-17,2026-05-25,83,2587,In Transit,Electronics
5965,397,Ware House B,2026-05-25,2026-05-31,67,221,Cancelled,FMCG
5966,238,Ware House E,2026-05-06,2026-05-09,6,6903,In Transit,Electronics
5967,418,Ware House B,2026-05-19,2026-05-25,92,1171,Delayed,Electronics
5968,318,Ware House B,2026-05-28,2026-06-03,82,6394,Delayed,FMCG
5969,479,Ware House E,2026-05-27,2026-05-30,19,6317,Cancelled,Electronics
5970,282,Ware House A,2026-06-03,2026-06-06,17,295,Cancelled,Pharma
5971,228,Ware House D,2026-05-28,2026-05-29,57,8538,In Transit,Automotive
5972,298,Ware House E,2026-05-19,2026-05-22,28,6969,Delayed,FMCG
5973,295,Ware House D,2026-05-23,2026-05-30,80,3495,In Transit,Automotive
5974,463,Ware House A,2026-05-19,2026-05-22,95,3151,Delayed,Industrial
5975,408,Ware House E,2026-05-24,2026-06-02,75,2699,Delivered,Electronics
5976,383,Ware House C,2026-05-27,2026-05-29,39,531,Delivered,Automotive
5977,352,Ware House A,2026-05-17,2026-05-26,90,1352,Delayed,Electronics
5978,13,Ware House D,2026-05-26,2026-06-04,50,7099,In Transit,Industrial
5979,296,Ware House C,2026-05-28,2026-06-06,27,9275,Delivered,FMCG
5980,90,Ware House B,2026-06-01,2026-06-07,55,3087,Delayed,FMCG
5981,438,Ware House D,2026-05-25,2026-05-26,82,4540,Delayed,Pharma
5982,316,Ware House B,2026-05-27,2026-06-03,70,2222,Delayed,FMCG
5983,366,Ware House A,2026-06-04,2026-06-14,15,3395,Cancelled,FMCG
5984,114,Ware House D,2026-06-02,2026-06-08,33,4637,In Transit,Pharma
5985,254,Ware House A,2026-05-19,2026-05-25,74,5233,In Transit,Pharma
5986,357,Ware House C,2026-05-22,2026-06-01,7,3211,Delayed,Automotive
5987,183,Ware House B,2026-05-27,2026-06-04,51,1044,Cancelled,FMCG
5988,300,Ware House D,2026-05-27,2026-05-30,67,4117,Cancelled,Automotive
5989,210,Ware House A,2026-05-13,2026-05-20,86,2287,In Transit,Industrial
5990,173,Ware House E,2026-06-04,2026-06-08,4,4031,In Transit,Pharma
5991,210,Ware House B,2026-06-01,2026-06-07,62,8197,In Transit,Electronics
5992,445,Ware House E,2026-05-29,2026-06-04,16,9065,In Transit,Electronics
5993,306,Ware House C,2026-05-18,2026-05-20,15,708,Delivered,Industrial
5994,214,Ware House D,2026-05-27,2026-06-04,29,5917,Delivered,Industrial
5995,314,Ware House C,2026-05-08,2026-05-12,83,8362,Delivered,Electronics
5996,171,Ware House D,2026-05-15,2026-05-19,1,2137,Delivered,FMCG
5997,80,Ware House E,2026-05-11,2026-05-14,58,6056,In Transit,Automotive
5998,158,Ware House A,2026-05-13,2026-05-18,9,5062,Delayed,Industrial
5999,184,Ware House D,2026-05-25,2026-05-31,8,1354,Delivered,Pharma
6000,67,Ware House B,2026-05-21,2026-05-25,34,2174,Delayed,Automotive
6001,367,Ware House B,2026-05-13,2026-05-14,41,9537,In Transit,Automotive
6002,406,Ware House D,2026-05-27,2026-06-05,72,8587,Delivered,Automotive
6003,302,Ware House C,2026-05-09,2026-05-12,58,611,Delivered,FMCG
6004,32,Ware House C,2026-05-31,2026-06-02,23,455,Cancelled,Electronics
6005,384,Ware House C,2026-05-21,2026-05-24,42,6930,Cancelled,Automotive
6006,42,Ware House C,2026-05-19,2026-05-22,45,7433,Delivered,FMCG
6007,435,Ware House C,2026-05-10,2026-05-13,26,1557,Delivered,FMCG
6008,31,Ware House C,2026-05-11,2026-05-14,66,2334,Delivered,Automotive
6009,261,Ware House E,2026-06-04,2026-06-11,99,8053,Delivered,Electronics
6010,73,Ware House A,2026-05-26,2026-05-28,93,6650,Delayed,Pharma
6011,358,Ware House D,2026-05-10,2026-05-19,42,5390,Cancelled,Industrial
6012,75,Ware House B,2026-05-29,2026-06-02,65,1817,Cancelled,Electronics
6013,479,Ware House C,2026-05-17,2026-05-25,18,122,Delayed,Industrial
6014,469,Ware House A,2026-05-22,2026-05-23,6,5931,In Transit,Industrial
6015,320,Ware House E,2026-05-18,2026-05-21,12,241,Delayed,Electronics
6016,120,Ware House E,2026-05-06,2026-05-13,16,239,Cancelled,Automotive
6017,167,Ware House B,2026-05-06,2026-05-12,24,4491,Cancelled,Industrial
6018,34,Ware House E,2026-06-01,2026-06-03,81,8935,In Transit,Pharma
6019,355,Ware House A,2026-06-03,2026-06-09,89,5365,Cancelled,Electronics
6020,424,Ware House E,2026-05-10,2026-05-17,36,3491,Cancelled,FMCG
6021,479,Ware House D,2026-06-01,2026-06-02,25,5145,In Transit,Industrial
6022,57,Ware House B,2026-05-09,2026-05-18,90,517,Delayed,FMCG
6023,8,Ware House C,2026-06-03,2026-06-09,64,9056,In Transit,Industrial
6024,444,Ware House B,2026-05-28,2026-06-01,44,1020,Delayed,Pharma
6025,29,Ware House B,2026-05-26,2026-06-01,17,2788,In Transit,Electronics
6026,477,Ware House E,2026-05-06,2026-05-15,44,7576,Delayed,Industrial
6027,296,Ware House D,2026-05-09,2026-05-17,99,2578,In Transit,Automotive
6028,91,Ware House E,2026-06-02,2026-06-09,77,1282,Delivered,FMCG
6029,191,Ware House B,2026-05-31,2026-06-07,67,9790,In Transit,Automotive
6030,10,Ware House B,2026-05-18,2026-05-26,98,1866,Cancelled,Pharma
6031,258,Ware House A,2026-05-31,2026-06-03,21,3764,Cancelled,Automotive
6032,471,Ware House B,2026-06-02,2026-06-11,76,4873,Delayed,Electronics
6033,94,Ware House A,2026-06-03,2026-06-10,82,1235,In Transit,Electronics
6034,326,Ware House D,2026-05-24,2026-05-26,87,4856,In Transit,FMCG
6035,425,Ware House B,2026-05-20,2026-05-29,29,2949,Delivered,FMCG
6036,135,Ware House A,2026-05-15,2026-05-21,92,2783,Cancelled,Electronics
6037,459,Ware House A,2026-05-10,2026-05-20,47,6173,Delivered,Industrial
6038,145,Ware House D,2026-06-03,2026-06-07,66,5326,Delivered,Pharma
6039,156,Ware House A,2026-06-04,2026-06-10,33,9990,In Transit,Pharma
6040,305,Ware House E,2026-05-19,2026-05-28,4,8004,Delayed,FMCG
6041,477,Ware House E,2026-05-07,2026-05-09,81,4525,Delivered,FMCG
6042,460,Ware House D,2026-06-04,2026-06-11,42,2219,Delayed,Electronics
6043,184,Ware House B,2026-06-03,2026-06-04,26,5394,Delayed,Automotive
6044,78,Ware House B,2026-05-31,2026-06-09,54,4178,Delayed,Automotive
6045,137,Ware House E,2026-05-16,2026-05-23,58,7320,Delayed,FMCG
6046,27,Ware House E,2026-05-29,2026-06-05,28,9676,In Transit,Automotive
6047,120,Ware House C,2026-05-23,2026-06-02,21,1568,Cancelled,FMCG
6048,312,Ware House C,2026-05-07,2026-05-16,5,2373,Delayed,Electronics
6049,492,Ware House A,2026-05-16,2026-05-19,89,9155,Delayed,Industrial
6050,170,Ware House E,2026-05-07,2026-05-16,70,3007,In Transit,FMCG
6051,48,Ware House D,2026-05-22,2026-05-27,1,3212,Delayed,Pharma
6052,131,Ware House E,2026-05-31,2026-06-06,84,178,Delivered,Industrial
6053,414,Ware House E,2026-05-22,2026-05-31,8,6499,Delayed,Pharma
6054,50,Ware House A,2026-05-26,2026-05-27,81,7960,Cancelled,FMCG
6055,131,Ware House C,2026-05-22,2026-05-23,11,6000,Delayed,Electronics
6056,206,Ware House D,2026-05-11,2026-05-20,4,7400,Delayed,Pharma
6057,132,Ware House D,2026-05-06,2026-05-07,46,3085,Cancelled,FMCG
6058,150,Ware House A,2026-05-19,2026-05-20,37,9360,Delivered,Industrial
6059,343,Ware House B,2026-05-24,2026-05-25,50,6030,Delayed,FMCG
6060,81,Ware House D,2026-05-07,2026-05-13,34,9377,Delayed,Automotive
6061,19,Ware House A,2026-05-31,2026-06-05,22,7647,In Transit,Industrial
6062,189,Ware House C,2026-05-23,2026-05-28,86,545,In Transit,Industrial
6063,195,Ware House A,2026-05-10,2026-05-11,86,6698,In Transit,Electronics
6064,334,Ware House A,2026-05-10,2026-05-17,54,4040,Delayed,Pharma
6065,173,Ware House E,2026-05-18,2026-05-28,2,5933,In Transit,Industrial
6066,3,Ware House E,2026-06-02,2026-06-08,40,5832,Delayed,Automotive
6067,113,Ware House D,2026-05-20,2026-05-25,53,8793,Delivered,Industrial
6068,231,Ware House E,2026-05-26,2026-05-28,9,7217,Delayed,FMCG
6069,315,Ware House A,2026-05-13,2026-05-15,62,7168,Delivered,Electronics
6070,322,Ware House D,2026-05-17,2026-05-26,8,3275,Cancelled,Electronics
6071,443,Ware House A,2026-05-14,2026-05-15,3,1309,Delayed,Electronics
6072,442,Ware House B,2026-06-03,2026-06-05,15,1890,Delivered,Industrial
6073,235,Ware House B,2026-05-18,2026-05-25,96,9748,Delayed,Electronics
6074,307,Ware House C,2026-05-28,2026-06-01,1,219,Delivered,Automotive
6075,318,Ware House B,2026-05-20,2026-05-30,58,8428,Delayed,Electronics
6076,65,Ware House D,2026-06-04,2026-06-14,97,4963,Delivered,Industrial
6077,310,Ware House C,2026-06-01,2026-06-09,26,8400,Delayed,FMCG
6078,420,Ware House E,2026-05-29,2026-06-02,22,865,Cancelled,FMCG
6079,457,Ware House A,2026-05-22,2026-06-01,20,8304,In Transit,FMCG
6080,464,Ware House A,2026-05-16,2026-05-19,43,543,Delayed,Pharma
6081,378,Ware House A,2026-05-20,2026-05-23,32,3224,Delayed,Industrial
6082,132,Ware House B,2026-05-11,2026-05-17,96,5240,In Transit,Automotive
6083,2,Ware House E,2026-05-09,2026-05-14,70,2303,Delivered,FMCG
6084,445,Ware House D,2026-05-29,2026-06-07,4,2756,In Transit,FMCG
6085,468,Ware House B,2026-05-22,2026-05-30,28,6060,Delivered,Automotive
6086,271,Ware House D,2026-05-26,2026-05-31,90,4093,Delivered,FMCG
6087,456,Ware House A,2026-05-29,2026-06-03,23,5142,Delivered,Industrial
6088,451,Ware House A,2026-06-03,2026-06-11,34,1691,Cancelled,Pharma
6089,57,Ware House A,2026-05-12,2026-05-16,74,8143,Delivered,Pharma
6090,61,Ware House E,2026-05-22,2026-05-28,12,7257,Delayed,Automotive
6091,145,Ware House D,2026-06-04,2026-06-12,66,8952,In Transit,Pharma
6092,272,Ware House D,2026-05-21,2026-05-30,35,3117,Delayed,FMCG
6093,232,Ware House A,2026-05-10,2026-05-16,98,4601,In Transit,Automotive
6094,182,Ware House C,2026-05-18,2026-05-26,29,7249,Delayed,Pharma
6095,431,Ware House C,2026-05-12,2026-05-18,9,8433,Cancelled,Pharma
6096,7,Ware House C,2026-05-24,2026-05-27,32,7405,Delivered,FMCG
6097,438,Ware House D,2026-05-10,2026-05-20,96,3044,Cancelled,Automotive
6098,162,Ware House A,2026-05-18,2026-05-25,92,2427,In Transit,Pharma
6099,394,Ware House E,2026-05-14,2026-05-24,69,4013,Delivered,Automotive
6100,158,Ware House B,2026-06-04,2026-06-14,80,9943,Delivered,Electronics
6101,222,Ware House C,2026-05-15,2026-05-25,50,2840,Cancelled,Pharma
6102,258,Ware House E,2026-05-28,2026-05-29,50,8373,Delayed,FMCG
6103,388,Ware House A,2026-05-16,2026-05-22,60,2787,Cancelled,Industrial
6104,320,Ware House D,2026-05-12,2026-05-13,81,5755,In Transit,Pharma
6105,401,Ware House A,2026-05-15,2026-05-23,55,6570,In Transit,Industrial
6106,99,Ware House E,2026-05-19,2026-05-23,55,8104,Delayed,Automotive
6107,111,Ware House A,2026-05-15,2026-05-25,51,3065,Delayed,Pharma
6108,122,Ware House D,2026-05-24,2026-05-30,90,1451,Delivered,Pharma
6109,110,Ware House C,2026-05-28,2026-05-29,48,4611,Cancelled,Pharma
6110,389,Ware House E,2026-05-09,2026-05-12,18,386,In Transit,Industrial
6111,71,Ware House A,2026-05-29,2026-06-07,19,5163,Cancelled,Industrial
6112,326,Ware House B,2026-05-30,2026-06-02,43,6197,In Transit,Industrial
6113,425,Ware House B,2026-05-15,2026-05-21,7,8490,Delivered,Automotive
6114,8,Ware House A,2026-05-24,2026-06-03,42,9252,In Transit,Pharma
6115,95,Ware House C,2026-05-18,2026-05-25,84,105,Cancelled,Pharma
6116,390,Ware House C,2026-05-22,2026-05-24,53,8516,Cancelled,Pharma
6117,340,Ware House B,2026-05-10,2026-05-15,7,776,Cancelled,FMCG
6118,432,Ware House C,2026-05-25,2026-05-28,61,275,In Transit,Electronics
6119,60,Ware House D,2026-05-28,2026-05-31,40,6661,Delivered,Industrial
6120,212,Ware House A,2026-05-29,2026-06-08,27,596,Delivered,Automotive
6121,444,Ware House D,2026-05-26,2026-05-27,47,2532,In Transit,Pharma
6122,146,Ware House B,2026-05-10,2026-05-15,42,3437,Delivered,Industrial
6123,125,Ware House E,2026-05-21,2026-05-30,98,2632,Delayed,Pharma
6124,158,Ware House E,2026-05-29,2026-05-31,22,4655,In Transit,Pharma
6125,279,Ware House C,2026-06-03,2026-06-12,66,3350,In Transit,Pharma
6126,246,Ware House E,2026-05-31,2026-06-05,47,2023,Delivered,Automotive
6127,204,Ware House E,2026-05-07,2026-05-08,88,297,In Transit,Electronics
6128,270,Ware House D,2026-05-11,2026-05-16,16,3334,Delivered,FMCG
6129,331,Ware House B,2026-05-10,2026-05-17,60,4739,Delivered,Automotive
6130,283,Ware House E,2026-06-01,2026-06-07,99,9516,Delivered,Pharma
6131,377,Ware House D,2026-05-16,2026-05-20,38,6453,Cancelled,Industrial
6132,402,Ware House E,2026-05-12,2026-05-16,71,7247,Cancelled,Electronics
6133,144,Ware House D,2026-05-09,2026-05-10,87,764,Cancelled,Pharma
6134,264,Ware House D,2026-05-23,2026-05-26,44,3622,Delivered,Pharma
6135,89,Ware House B,2026-05-08,2026-05-15,35,7610,Delivered,Automotive
6136,324,Ware House D,2026-05-11,2026-05-13,49,5525,In Transit,Automotive
6137,339,Ware House A,2026-05-30,2026-06-03,76,2848,In Transit,Electronics
6138,31,Ware House E,2026-05-25,2026-05-27,89,2745,Delayed,Automotive
6139,265,Ware House D,2026-05-21,2026-05-31,79,511,In Transit,Electronics
6140,128,Ware House A,2026-06-03,2026-06-07,67,7239,Delayed,Industrial
6141,365,Ware House A,2026-06-01,2026-06-07,25,8479,Delivered,Electronics
6142,346,Ware House C,2026-05-30,2026-06-01,44,5562,Delayed,Electronics
6143,314,Ware House A,2026-05-14,2026-05-22,77,1235,Cancelled,Pharma
6144,373,Ware House A,2026-05-27,2026-05-30,85,3620,Delayed,FMCG
6145,485,Ware House C,2026-05-13,2026-05-16,85,4460,Delayed,Pharma
6146,427,Ware House A,2026-05-17,2026-05-24,56,1781,Delivered,FMCG
6147,469,Ware House B,2026-05-13,2026-05-17,21,6492,In Transit,Industrial
6148,433,Ware House E,2026-05-28,2026-05-29,37,1335,In Transit,Automotive
6149,395,Ware House C,2026-05-07,2026-05-08,85,5994,Cancelled,Electronics
6150,384,Ware House C,2026-05-06,2026-05-10,44,7136,Delivered,Industrial
6151,326,Ware House B,2026-05-07,2026-05-11,10,9023,Cancelled,FMCG
6152,325,Ware House C,2026-05-30,2026-06-01,43,2821,Delayed,Industrial
6153,56,Ware House E,2026-05-15,2026-05-19,53,6169,Delivered,Electronics
6154,56,Ware House D,2026-05-21,2026-05-29,14,7938,Delivered,Industrial
6155,148,Ware House C,2026-06-01,2026-06-07,81,4540,Cancelled,Pharma
6156,393,Ware House D,2026-05-18,2026-05-27,24,2297,In Transit,Pharma
6157,79,Ware House D,2026-05-13,2026-05-14,95,9837,In Transit,Automotive
6158,342,Ware House A,2026-05-17,2026-05-19,93,5366,Delivered,Automotive
6159,476,Ware House B,2026-05-14,2026-05-24,82,6303,Delivered,Industrial
6160,363,Ware House A,2026-05-09,2026-05-15,55,3679,In Transit,Pharma
6161,154,Ware House A,2026-05-29,2026-06-08,27,271,Cancelled,FMCG
6162,352,Ware House D,2026-05-15,2026-05-21,14,3320,Delayed,FMCG
6163,205,Ware House C,2026-05-15,2026-05-19,7,965,Delayed,Industrial
6164,102,Ware House E,2026-05-18,2026-05-26,44,1235,Delayed,Industrial
6165,282,Ware House B,2026-06-02,2026-06-12,100,822,Delivered,Electronics
6166,49,Ware House E,2026-05-26,2026-05-27,98,9814,Delivered,Electronics
6167,373,Ware House E,2026-05-21,2026-05-26,93,1379,Delivered,Automotive
6168,294,Ware House E,2026-05-15,2026-05-18,19,7648,Delivered,Industrial
6169,257,Ware House C,2026-05-07,2026-05-11,16,143,In Transit,Pharma
6170,231,Ware House D,2026-05-31,2026-06-02,47,8905,Cancelled,Electronics
6171,453,Ware House E,2026-05-25,2026-06-04,4,2852,Delivered,Pharma
6172,216,Ware House C,2026-06-03,2026-06-05,17,8190,Cancelled,Electronics
6173,283,Ware House C,2026-06-01,2026-06-07,59,2234,Cancelled,Electronics
6174,56,Ware House D,2026-05-25,2026-05-27,26,1617,In Transit,Electronics
6175,26,Ware House A,2026-05-13,2026-05-18,88,1456,Delivered,Electronics
6176,148,Ware House B,2026-05-07,2026-05-14,10,4540,Delayed,Pharma
6177,102,Ware House E,2026-05-19,2026-05-23,5,2040,Delayed,Pharma
6178,326,Ware House A,2026-05-24,2026-05-29,23,9971,In Transit,Pharma
6179,489,Ware House C,2026-05-27,2026-06-02,49,1679,In Transit,FMCG
6180,333,Ware House C,2026-05-17,2026-05-23,66,719,Cancelled,FMCG
6181,68,Ware House B,2026-05-24,2026-06-01,62,2657,In Transit,Automotive
6182,219,Ware House E,2026-05-30,2026-06-05,58,4798,Delivered,Pharma
6183,92,Ware House E,2026-05-29,2026-05-30,26,1811,Delayed,Industrial
6184,56,Ware House E,2026-05-13,2026-05-23,17,5663,Delivered,FMCG
6185,299,Ware House D,2026-05-13,2026-05-20,91,4093,In Transit,Automotive
6186,491,Ware House E,2026-05-06,2026-05-09,82,3889,Delayed,FMCG
6187,120,Ware House E,2026-05-15,2026-05-24,12,9271,Delivered,Pharma
6188,177,Ware House D,2026-05-06,2026-05-08,93,4229,Delayed,Industrial
6189,161,Ware House D,2026-05-14,2026-05-24,65,5742,Delivered,Industrial
6190,470,Ware House A,2026-05-22,2026-06-01,70,9134,Cancelled,Automotive
6191,370,Ware House B,2026-06-03,2026-06-06,82,507,In Transit,Electronics
6192,482,Ware House A,2026-05-27,2026-05-29,94,9466,Delayed,FMCG
6193,337,Ware House C,2026-05-08,2026-05-09,84,5958,In Transit,Industrial
6194,466,Ware House B,2026-05-29,2026-06-05,47,5311,Delayed,FMCG
6195,293,Ware House E,2026-05-23,2026-05-31,86,1750,In Transit,FMCG
6196,134,Ware House C,2026-05-17,2026-05-18,58,6053,In Transit,Pharma
6197,67,Ware House B,2026-05-09,2026-05-12,40,5577,In Transit,Automotive
6198,248,Ware House E,2026-06-03,2026-06-04,59,2314,In Transit,Electronics
6199,78,Ware House C,2026-05-13,2026-05-16,16,6968,In Transit,Industrial
6200,341,Ware House A,2026-05-13,2026-05-17,86,1217,Delayed,Pharma
6201,423,Ware House D,2026-05-15,2026-05-25,44,8004,Cancelled,Electronics
6202,339,Ware House A,2026-05-16,2026-05-20,82,3105,Cancelled,Automotive
6203,426,Ware House B,2026-05-15,2026-05-20,68,4730,Delayed,Industrial
6204,131,Ware House E,2026-05-23,2026-06-02,36,6488,Cancelled,Electronics
6205,203,Ware House A,2026-06-03,2026-06-10,86,4370,In Transit,FMCG
6206,332,Ware House D,2026-05-21,2026-05-22,50,3890,In Transit,Electronics
6207,45,Ware House C,2026-05-17,2026-05-23,51,4165,Delayed,FMCG
6208,58,Ware House E,2026-05-31,2026-06-10,76,2495,Delivered,Automotive
6209,361,Ware House D,2026-05-19,2026-05-26,69,8981,Delivered,FMCG
6210,121,Ware House C,2026-05-30,2026-06-09,51,1491,Delayed,Electronics
6211,224,Ware House A,2026-05-30,2026-06-03,92,6493,Delayed,Pharma
6212,321,Ware House B,2026-05-29,2026-06-03,83,6034,Delivered,Pharma
6213,77,Ware House E,2026-06-02,2026-06-08,28,4561,Cancelled,FMCG
6214,177,Ware House B,2026-05-06,2026-05-09,70,8978,Delayed,FMCG
6215,24,Ware House E,2026-06-02,2026-06-03,40,4440,Delivered,Industrial
6216,206,Ware House D,2026-05-17,2026-05-25,39,7624,In Transit,Electronics
6217,15,Ware House B,2026-05-19,2026-05-25,53,8218,Cancelled,FMCG
6218,289,Ware House E,2026-05-26,2026-05-29,26,8246,Delayed,Pharma
6219,490,Ware House B,2026-05-31,2026-06-05,56,8756,Cancelled,Pharma
6220,333,Ware House D,2026-05-11,2026-05-21,46,8803,Delayed,Pharma
6221,78,Ware House C,2026-05-28,2026-05-29,20,9918,Delivered,Automotive
6222,149,Ware House C,2026-05-15,2026-05-25,5,559,Cancelled,Automotive
6223,309,Ware House A,2026-05-25,2026-06-04,50,3915,Delivered,FMCG
6224,107,Ware House B,2026-05-10,2026-05-13,90,9834,Delayed,Automotive
6225,170,Ware House E,2026-05-31,2026-06-05,51,1287,In Transit,Industrial
6226,157,Ware House D,2026-05-10,2026-05-18,95,2892,Delivered,FMCG
6227,73,Ware House E,2026-05-17,2026-05-19,34,1538,Delivered,Industrial
6228,240,Ware House B,2026-06-02,2026-06-05,25,4455,Delivered,Industrial
6229,161,Ware House B,2026-05-09,2026-05-14,95,7349,Delivered,FMCG
6230,279,Ware House D,2026-05-12,2026-05-15,31,7046,Delivered,Electronics
6231,356,Ware House A,2026-05-12,2026-05-14,16,7541,Delayed,FMCG
6232,426,Ware House B,2026-05-22,2026-05-28,29,6071,In Transit,Industrial
6233,273,Ware House D,2026-05-28,2026-05-30,38,4003,Delivered,Automotive
6234,383,Ware House E,2026-05-07,2026-05-08,96,4255,Delivered,Industrial
6235,305,Ware House C,2026-05-28,2026-06-01,26,9931,Delivered,Automotive
6236,56,Ware House B,2026-05-15,2026-05-21,38,8399,In Transit,Automotive
6237,175,Ware House D,2026-05-26,2026-06-03,22,5848,In Transit,Automotive
6238,378,Ware House D,2026-05-10,2026-05-19,33,3998,Delayed,Pharma
6239,332,Ware House A,2026-05-15,2026-05-17,46,287,Delivered,FMCG
6240,314,Ware House A,2026-05-19,2026-05-26,74,1141,Delayed,Electronics
6241,398,Ware House D,2026-05-27,2026-06-01,97,5145,Delayed,FMCG
6242,24,Ware House E,2026-05-26,2026-06-05,21,4311,Delivered,Electronics
6243,199,Ware House E,2026-06-01,2026-06-11,31,1167,Delivered,Automotive
6244,282,Ware House B,2026-05-24,2026-05-28,93,7504,Delayed,Industrial
6245,84,Ware House E,2026-05-15,2026-05-24,99,687,In Transit,Electronics
6246,297,Ware House E,2026-05-30,2026-06-01,6,4609,Delivered,Pharma
6247,94,Ware House D,2026-05-13,2026-05-17,6,6398,Cancelled,FMCG
6248,491,Ware House D,2026-05-09,2026-05-19,81,5584,Cancelled,Industrial
6249,440,Ware House D,2026-05-06,2026-05-10,53,5864,Cancelled,Industrial
6250,100,Ware House C,2026-05-14,2026-05-23,38,9960,In Transit,Automotive
6251,63,Ware House C,2026-05-31,2026-06-10,89,5833,Cancelled,Automotive
6252,311,Ware House E,2026-05-09,2026-05-13,100,3364,Delayed,Automotive
6253,467,Ware House B,2026-05-21,2026-05-23,14,8865,Delivered,Industrial
6254,324,Ware House A,2026-06-04,2026-06-12,37,7904,Delivered,Automotive
6255,12,Ware House E,2026-05-24,2026-06-01,29,2280,In Transit,Automotive
6256,42,Ware House D,2026-05-25,2026-05-26,36,7522,Cancelled,Automotive
6257,322,Ware House E,2026-05-21,2026-05-25,21,4461,In Transit,FMCG
6258,450,Ware House C,2026-05-06,2026-05-09,96,3621,Delivered,Pharma
6259,263,Ware House E,2026-05-21,2026-05-30,65,7957,Delayed,FMCG
6260,122,Ware House A,2026-05-08,2026-05-09,67,7403,In Transit,Pharma
6261,69,Ware House D,2026-05-16,2026-05-26,20,1934,Cancelled,FMCG
6262,463,Ware House B,2026-05-06,2026-05-13,25,4880,Delayed,Automotive
6263,79,Ware House D,2026-06-02,2026-06-04,28,8737,Cancelled,Automotive
6264,461,Ware House B,2026-05-23,2026-05-30,34,8794,Delayed,Industrial
6265,395,Ware House E,2026-05-22,2026-05-29,26,4120,Delayed,Automotive
6266,265,Ware House A,2026-05-12,2026-05-13,16,2989,Cancelled,Electronics
6267,74,Ware House D,2026-05-11,2026-05-16,90,3588,Delivered,Industrial
6268,338,Ware House B,2026-05-30,2026-06-08,44,8222,Cancelled,Industrial
6269,334,Ware House B,2026-05-06,2026-05-13,2,5429,Cancelled,FMCG
6270,189,Ware House B,2026-05-22,2026-05-31,49,2099,Cancelled,Electronics
6271,365,Ware House D,2026-05-12,2026-05-16,48,3205,Delivered,FMCG
6272,411,Ware House A,2026-05-17,2026-05-26,97,7675,Delayed,FMCG
6273,101,Ware House A,2026-05-30,2026-06-02,80,1569,Cancelled,Automotive
6274,499,Ware House E,2026-05-21,2026-05-27,87,555,In Transit,FMCG
6275,441,Ware House A,2026-05-10,2026-05-19,45,1397,Delivered,Pharma
6276,459,Ware House D,2026-05-16,2026-05-20,7,2639,Cancelled,FMCG
6277,154,Ware House C,2026-05-08,2026-05-14,53,2843,Delayed,Pharma
6278,233,Ware House B,2026-05-17,2026-05-22,50,7159,Delivered,Electronics
6279,114,Ware House E,2026-05-16,2026-05-23,80,228,In Transit,Industrial
6280,228,Ware House C,2026-06-01,2026-06-11,43,1514,Delayed,Pharma
6281,485,Ware House B,2026-05-23,2026-05-30,93,4138,Delivered,Industrial
6282,11,Ware House D,2026-05-31,2026-06-08,9,8845,In Transit,Pharma
6283,488,Ware House E,2026-05-22,2026-05-29,62,3189,Delivered,Pharma
6284,117,Ware House D,2026-05-11,2026-05-16,89,2374,Delayed,FMCG
6285,169,Ware House A,2026-05-14,2026-05-15,5,9194,Delivered,FMCG
6286,292,Ware House C,2026-05-06,2026-05-13,83,8242,Delayed,Industrial
6287,371,Ware House B,2026-05-25,2026-05-27,33,5125,Delivered,Pharma
6288,376,Ware House E,2026-05-21,2026-05-23,90,8279,Cancelled,Industrial
6289,334,Ware House C,2026-05-30,2026-06-02,11,3159,Delivered,Automotive
6290,172,Ware House D,2026-05-30,2026-06-07,85,5726,Delayed,Automotive
6291,459,Ware House B,2026-05-20,2026-05-30,62,5678,Delayed,FMCG
6292,391,Ware House D,2026-05-14,2026-05-16,83,7047,Delayed,Automotive
6293,395,Ware House C,2026-05-23,2026-05-31,2,2545,Cancelled,Industrial
6294,61,Ware House D,2026-05-28,2026-05-30,10,7238,In Transit,FMCG
6295,416,Ware House E,2026-05-14,2026-05-17,26,7563,Delivered,Electronics
6296,255,Ware House E,2026-05-15,2026-05-21,45,7184,In Transit,Pharma
6297,360,Ware House B,2026-05-22,2026-05-28,12,6302,In Transit,Automotive
6298,464,Ware House B,2026-05-20,2026-05-30,79,8616,Delayed,Electronics
6299,32,Ware House A,2026-05-21,2026-05-29,47,185,In Transit,Electronics
6300,362,Ware House C,2026-05-28,2026-05-31,30,3993,In Transit,Automotive
6301,87,Ware House C,2026-05-09,2026-05-14,87,9798,Delivered,Electronics
6302,113,Ware House D,2026-05-25,2026-06-03,17,7858,Cancelled,Automotive
6303,135,Ware House A,2026-06-02,2026-06-08,64,5456,In Transit,Automotive
6304,346,Ware House A,2026-05-10,2026-05-17,19,8102,Delivered,FMCG
6305,231,Ware House D,2026-05-27,2026-06-05,13,2563,Cancelled,Electronics
6306,165,Ware House C,2026-05-31,2026-06-09,9,5362,Delayed,Electronics
6307,455,Ware House C,2026-05-23,2026-05-28,59,7880,Cancelled,Pharma
6308,257,Ware House E,2026-06-04,2026-06-09,73,908,In Transit,Pharma
6309,414,Ware House C,2026-05-21,2026-05-22,36,6039,Delayed,Pharma
6310,283,Ware House A,2026-06-03,2026-06-08,3,4297,Cancelled,Automotive
6311,482,Ware House D,2026-05-26,2026-06-05,1,8628,Delayed,FMCG
6312,474,Ware House B,2026-06-03,2026-06-11,41,3810,Delivered,Pharma
6313,133,Ware House E,2026-05-30,2026-06-05,14,5266,Delayed,FMCG
6314,168,Ware House A,2026-05-12,2026-05-13,52,8755,Cancelled,Pharma
6315,51,Ware House B,2026-05-15,2026-05-22,97,7219,Delivered,Automotive
6316,126,Ware House E,2026-05-30,2026-06-07,34,7516,Delivered,Industrial
6317,426,Ware House B,2026-05-11,2026-05-13,41,1125,Cancelled,Electronics
6318,3,Ware House D,2026-05-10,2026-05-17,91,9983,In Transit,Electronics
6319,193,Ware House E,2026-05-26,2026-06-04,73,9967,Delivered,Automotive
6320,400,Ware House D,2026-05-23,2026-05-24,8,2448,Delayed,Automotive
6321,128,Ware House B,2026-05-28,2026-06-06,68,3753,Delayed,FMCG
6322,82,Ware House C,2026-05-18,2026-05-21,71,2050,Cancelled,FMCG
6323,300,Ware House C,2026-05-10,2026-05-19,3,9044,Cancelled,FMCG
6324,3,Ware House E,2026-05-15,2026-05-22,29,5199,Cancelled,Industrial
6325,173,Ware House D,2026-05-17,2026-05-18,52,9554,Delayed,Pharma
6326,491,Ware House B,2026-05-23,2026-05-29,78,4193,Delayed,Automotive
6327,5,Ware House E,2026-05-18,2026-05-26,58,1824,Delivered,Electronics
6328,234,Ware House A,2026-05-19,2026-05-24,88,7489,In Transit,Automotive
6329,13,Ware House D,2026-05-24,2026-05-28,48,7204,In Transit,Industrial
6330,16,Ware House E,2026-05-19,2026-05-22,54,1338,In Transit,FMCG
6331,367,Ware House E,2026-05-14,2026-05-16,57,613,Delivered,Industrial
6332,166,Ware House E,2026-05-25,2026-06-04,99,8292,Cancelled,Automotive
6333,426,Ware House C,2026-05-27,2026-06-02,84,2467,Cancelled,Pharma
6334,376,Ware House A,2026-05-28,2026-06-05,83,5938,Delivered,Industrial
6335,313,Ware House C,2026-05-11,2026-05-20,11,1820,In Transit,Industrial
6336,297,Ware House D,2026-06-01,2026-06-03,12,3029,Cancelled,Pharma
6337,48,Ware House E,2026-05-27,2026-05-30,96,2274,Cancelled,Automotive
6338,311,Ware House E,2026-05-14,2026-05-15,24,3700,Delayed,Industrial
6339,144,Ware House B,2026-05-12,2026-05-17,86,6785,Delivered,Automotive
6340,298,Ware House A,2026-05-23,2026-06-01,1,8516,Cancelled,Industrial
6341,28,Ware House E,2026-05-12,2026-05-14,82,3055,In Transit,Electronics
6342,418,Ware House A,2026-05-14,2026-05-23,67,4832,Delivered,Automotive
6343,445,Ware House D,2026-06-01,2026-06-06,27,2459,Cancelled,FMCG
6344,298,Ware House E,2026-05-11,2026-05-19,58,1818,Delivered,Pharma
6345,222,Ware House C,2026-05-17,2026-05-19,3,6754,Delivered,Pharma
6346,201,Ware House D,2026-05-14,2026-05-16,71,7320,Cancelled,Automotive
6347,227,Ware House E,2026-05-06,2026-05-10,32,4176,Cancelled,Automotive
6348,223,Ware House A,2026-05-16,2026-05-24,87,4719,Cancelled,Electronics
6349,64,Ware House D,2026-05-12,2026-05-22,1,6591,In Transit,FMCG
6350,390,Ware House A,2026-05-21,2026-05-24,88,8230,Delivered,Electronics
6351,460,Ware House D,2026-05-27,2026-05-29,31,7217,Delayed,Electronics
6352,19,Ware House A,2026-05-19,2026-05-25,48,5777,In Transit,FMCG
6353,290,Ware House E,2026-05-28,2026-06-01,19,4482,Delayed,FMCG
6354,320,Ware House C,2026-05-14,2026-05-15,16,8057,Delivered,Industrial
6355,87,Ware House C,2026-06-03,2026-06-13,30,2446,In Transit,Electronics
6356,78,Ware House E,2026-05-31,2026-06-02,42,9703,In Transit,Pharma
6357,490,Ware House D,2026-05-27,2026-06-06,44,6083,Delayed,Automotive
6358,47,Ware House C,2026-05-27,2026-06-05,98,8091,Delivered,FMCG
6359,441,Ware House D,2026-05-06,2026-05-15,36,4368,In Transit,Electronics
6360,79,Ware House B,2026-06-01,2026-06-05,37,7667,In Transit,Pharma
6361,466,Ware House D,2026-05-09,2026-05-15,60,3249,In Transit,FMCG
6362,296,Ware House D,2026-05-30,2026-06-03,84,4329,Delivered,Automotive
6363,344,Ware House E,2026-05-20,2026-05-26,44,4221,Cancelled,Pharma
6364,127,Ware House A,2026-05-17,2026-05-20,73,1107,Delivered,Industrial
6365,254,Ware House C,2026-05-15,2026-05-17,85,8745,Delivered,Pharma
6366,195,Ware House D,2026-05-23,2026-05-24,15,361,Delayed,Pharma
6367,344,Ware House D,2026-05-09,2026-05-19,73,3180,Delivered,Industrial
6368,471,Ware House A,2026-05-11,2026-05-12,75,245,Delivered,Industrial
6369,154,Ware House C,2026-05-30,2026-05-31,85,4825,Cancelled,Industrial
6370,295,Ware House E,2026-05-24,2026-06-02,80,382,Cancelled,Automotive
6371,149,Ware House A,2026-06-03,2026-06-09,91,8045,In Transit,Industrial
6372,237,Ware House D,2026-06-02,2026-06-10,63,9816,Delivered,Pharma
6373,395,Ware House D,2026-06-02,2026-06-11,3,4256,In Transit,Pharma
6374,167,Ware House C,2026-05-08,2026-05-13,71,4422,In Transit,Electronics
6375,149,Ware House E,2026-05-23,2026-05-29,61,1456,Cancelled,Automotive
6376,65,Ware House D,2026-06-02,2026-06-09,48,760,In Transit,Pharma
6377,227,Ware House C,2026-05-21,2026-05-25,28,7439,Cancelled,Industrial
6378,192,Ware House D,2026-05-07,2026-05-12,14,1439,In Transit,Automotive
6379,29,Ware House E,2026-05-25,2026-06-03,37,8356,Delivered,Pharma
6380,138,Ware House C,2026-05-18,2026-05-24,10,5022,In Transit,FMCG
6381,440,Ware House B,2026-05-20,2026-05-25,67,6934,In Transit,Industrial
6382,99,Ware House D,2026-05-06,2026-05-12,45,7022,Delivered,FMCG
6383,128,Ware House E,2026-05-20,2026-05-22,81,2322,Delayed,FMCG
6384,172,Ware House C,2026-05-14,2026-05-17,94,5810,Cancelled,Industrial
6385,457,Ware House D,2026-05-16,2026-05-26,5,7797,Delivered,Industrial
6386,460,Ware House E,2026-05-18,2026-05-22,81,9958,Cancelled,Automotive
6387,373,Ware House C,2026-05-14,2026-05-21,60,6521,Delivered,Electronics
6388,152,Ware House A,2026-05-26,2026-05-31,48,2459,In Transit,Electronics
6389,419,Ware House D,2026-05-10,2026-05-12,96,3328,In Transit,Automotive
6390,154,Ware House E,2026-05-08,2026-05-12,3,7202,Delayed,Pharma
6391,10,Ware House B,2026-05-26,2026-06-02,100,6430,Delivered,Electronics
6392,336,Ware House E,2026-05-14,2026-05-22,5,3240,Delivered,Industrial
6393,306,Ware House C,2026-05-19,2026-05-23,32,9955,Delivered,Industrial
6394,145,Ware House D,2026-05-13,2026-05-19,15,2899,In Transit,Pharma
6395,139,Ware House D,2026-05-15,2026-05-19,16,5282,Delayed,Electronics
6396,457,Ware House C,2026-05-11,2026-05-16,40,8145,Delayed,FMCG
6397,233,Ware House D,2026-05-24,2026-05-30,14,367,Delayed,Electronics
6398,261,Ware House C,2026-05-07,2026-05-14,86,8775,Delivered,Electronics
6399,17,Ware House B,2026-06-03,2026-06-12,56,2492,In Transit,FMCG
6400,428,Ware House A,2026-05-30,2026-06-09,8,5912,Delivered,FMCG
6401,198,Ware House C,2026-05-17,2026-05-23,90,5967,Cancelled,Pharma
6402,305,Ware House A,2026-05-16,2026-05-20,68,1424,Delivered,Automotive
6403,97,Ware House D,2026-05-12,2026-05-18,29,9260,Delivered,FMCG
6404,120,Ware House B,2026-05-17,2026-05-21,89,4000,Delayed,Electronics
6405,373,Ware House B,2026-05-11,2026-05-14,61,1838,In Transit,FMCG
6406,346,Ware House B,2026-05-22,2026-05-25,5,6352,In Transit,Industrial
6407,162,Ware House D,2026-05-18,2026-05-22,46,5398,Cancelled,Industrial
6408,442,Ware House A,2026-06-02,2026-06-11,64,9203,Delayed,Electronics
6409,425,Ware House D,2026-05-15,2026-05-18,83,3853,Cancelled,Automotive
6410,4,Ware House E,2026-05-26,2026-06-03,43,271,In Transit,Automotive
6411,395,Ware House C,2026-05-25,2026-06-04,24,1212,Delivered,Industrial
6412,35,Ware House C,2026-05-19,2026-05-29,19,6487,Delivered,Pharma
6413,19,Ware House D,2026-06-03,2026-06-09,56,2388,Delivered,Pharma
6414,91,Ware House B,2026-05-18,2026-05-22,49,577,In Transit,Pharma
6415,72,Ware House A,2026-06-02,2026-06-09,91,7207,Cancelled,Automotive
6416,152,Ware House C,2026-05-21,2026-05-31,11,5431,Delivered,Industrial
6417,363,Ware House D,2026-05-15,2026-05-23,36,6458,Cancelled,Automotive
6418,93,Ware House E,2026-05-26,2026-06-03,9,7162,Cancelled,FMCG
6419,390,Ware House B,2026-05-12,2026-05-14,87,2126,Cancelled,Pharma
6420,396,Ware House C,2026-05-31,2026-06-02,27,7704,Cancelled,Electronics
6421,437,Ware House D,2026-05-24,2026-06-03,1,9223,Delayed,Pharma
6422,411,Ware House D,2026-05-14,2026-05-16,32,5478,Delayed,Pharma
6423,428,Ware House B,2026-05-12,2026-05-21,57,7738,Delivered,Industrial
6424,331,Ware House B,2026-05-06,2026-05-12,3,1681,Delayed,FMCG
6425,148,Ware House B,2026-06-03,2026-06-04,93,4560,Delivered,FMCG
6426,417,Ware House C,2026-06-03,2026-06-08,93,7063,Cancelled,Automotive
6427,239,Ware House A,2026-05-28,2026-05-30,52,4006,In Transit,Automotive
6428,138,Ware House C,2026-05-29,2026-06-03,11,6332,Cancelled,Automotive
6429,343,Ware House A,2026-05-27,2026-06-02,2,2781,Cancelled,Electronics
6430,232,Ware House D,2026-05-10,2026-05-14,63,9434,Delivered,Industrial
6431,456,Ware House D,2026-06-04,2026-06-09,100,8025,In Transit,Industrial
6432,320,Ware House A,2026-05-10,2026-05-17,81,9159,Delayed,Industrial
6433,361,Ware House E,2026-05-19,2026-05-28,51,5385,Delayed,Automotive
6434,58,Ware House B,2026-05-09,2026-05-16,89,4133,Delivered,FMCG
6435,458,Ware House A,2026-05-17,2026-05-20,11,3901,Cancelled,Electronics
6436,452,Ware House A,2026-05-08,2026-05-09,33,9656,In Transit,Industrial
6437,322,Ware House C,2026-05-15,2026-05-24,21,3529,Cancelled,Electronics
6438,456,Ware House E,2026-06-03,2026-06-05,29,2524,In Transit,Electronics
6439,182,Ware House C,2026-05-07,2026-05-13,72,3773,Cancelled,Pharma
6440,38,Ware House E,2026-05-22,2026-05-24,69,9825,Delivered,FMCG
6441,12,Ware House C,2026-05-06,2026-05-13,38,3249,Delayed,FMCG
6442,128,Ware House A,2026-05-25,2026-06-04,73,3255,Delayed,Electronics
6443,176,Ware House E,2026-05-12,2026-05-17,5,255,Delayed,Industrial
6444,32,Ware House B,2026-05-28,2026-06-06,70,9326,Delayed,Electronics
6445,396,Ware House A,2026-05-30,2026-06-06,28,8300,Delivered,Electronics
6446,183,Ware House B,2026-05-20,2026-05-21,48,1629,Delivered,Pharma
6447,53,Ware House A,2026-05-26,2026-05-30,19,5624,Delivered,Electronics
6448,367,Ware House B,2026-05-30,2026-06-04,94,8207,In Transit,Electronics
6449,256,Ware House D,2026-05-12,2026-05-21,51,9318,Delivered,Automotive
6450,435,Ware House E,2026-05-06,2026-05-15,51,8818,Delivered,Pharma
6451,15,Ware House D,2026-05-18,2026-05-20,88,7206,In Transit,Electronics
6452,437,Ware House A,2026-05-30,2026-06-09,96,3113,Delivered,Pharma
6453,59,Ware House B,2026-05-24,2026-06-01,37,1191,In Transit,Industrial
6454,40,Ware House D,2026-06-01,2026-06-09,10,5636,In Transit,Industrial
6455,85,Ware House A,2026-06-02,2026-06-05,97,3848,Delayed,Industrial
6456,409,Ware House D,2026-05-16,2026-05-19,36,4591,Delayed,Pharma
6457,187,Ware House D,2026-05-09,2026-05-12,70,8824,Delayed,Pharma
6458,103,Ware House A,2026-05-30,2026-06-02,71,5542,Delayed,Electronics
6459,140,Ware House E,2026-05-29,2026-06-08,94,1478,Delivered,Industrial
6460,62,Ware House E,2026-05-22,2026-05-26,90,3974,Delayed,Industrial
6461,41,Ware House A,2026-05-11,2026-05-16,26,579,In Transit,FMCG
6462,36,Ware House D,2026-05-31,2026-06-09,59,9764,Delivered,Industrial
6463,208,Ware House B,2026-05-24,2026-05-28,5,8489,In Transit,FMCG
6464,100,Ware House E,2026-06-03,2026-06-12,9,2311,In Transit,Industrial
6465,128,Ware House B,2026-06-02,2026-06-12,96,692,Delayed,Electronics
6466,232,Ware House E,2026-05-24,2026-05-31,95,408,In Transit,FMCG
6467,500,Ware House D,2026-05-31,2026-06-07,28,8756,In Transit,Automotive
6468,266,Ware House D,2026-05-14,2026-05-20,99,2588,Cancelled,Electronics
6469,155,Ware House E,2026-05-28,2026-06-02,70,5371,Delayed,Pharma
6470,334,Ware House C,2026-05-06,2026-05-11,85,1000,Delivered,FMCG
6471,299,Ware House C,2026-05-12,2026-05-20,29,7193,Delayed,FMCG
6472,270,Ware House B,2026-05-20,2026-05-23,42,5966,Delivered,Industrial
6473,7,Ware House C,2026-05-08,2026-05-09,78,5028,Delivered,Pharma
6474,450,Ware House D,2026-05-15,2026-05-18,71,2396,Cancelled,FMCG
6475,309,Ware House B,2026-05-10,2026-05-13,4,8516,In Transit,FMCG
6476,104,Ware House A,2026-06-04,2026-06-11,20,4304,Delayed,Pharma
6477,356,Ware House D,2026-05-25,2026-06-01,5,6723,In Transit,Pharma
6478,484,Ware House C,2026-05-24,2026-05-31,40,9415,Delivered,FMCG
6479,24,Ware House E,2026-05-18,2026-05-26,20,6922,Delayed,Pharma
6480,339,Ware House A,2026-05-24,2026-05-27,84,7200,Cancelled,FMCG
6481,57,Ware House A,2026-05-12,2026-05-17,69,541,Cancelled,FMCG
6482,479,Ware House B,2026-05-27,2026-06-05,88,4317,Cancelled,Electronics
6483,303,Ware House D,2026-05-27,2026-05-29,44,3078,In Transit,FMCG
6484,8,Ware House D,2026-05-21,2026-05-31,35,2512,Delivered,Industrial
6485,436,Ware House B,2026-06-03,2026-06-12,11,2657,Delayed,Pharma
6486,355,Ware House A,2026-05-13,2026-05-21,63,7493,Delayed,Automotive
6487,24,Ware House A,2026-05-07,2026-05-17,35,5646,Delivered,Electronics
6488,355,Ware House A,2026-05-12,2026-05-19,99,8321,Cancelled,FMCG
6489,105,Ware House A,2026-06-02,2026-06-10,4,4461,Cancelled,Industrial
6490,63,Ware House B,2026-05-23,2026-05-30,42,5832,In Transit,FMCG
6491,32,Ware House E,2026-05-08,2026-05-12,86,6011,In Transit,FMCG
6492,270,Ware House C,2026-05-11,2026-05-14,47,6941,Delivered,Automotive
6493,398,Ware House A,2026-05-24,2026-06-02,94,4774,Delayed,Pharma
6494,491,Ware House D,2026-05-25,2026-05-30,11,9294,Cancelled,Automotive
6495,499,Ware House A,2026-05-16,2026-05-24,86,8152,Delivered,Automotive
6496,62,Ware House E,2026-05-14,2026-05-22,10,9329,In Transit,FMCG
6497,225,Ware House C,2026-05-15,2026-05-24,49,5797,Cancelled,Pharma
6498,362,Ware House A,2026-05-18,2026-05-24,70,7092,Delivered,Pharma
6499,278,Ware House D,2026-05-20,2026-05-23,40,2593,In Transit,Industrial
6500,70,Ware House D,2026-05-15,2026-05-22,61,1308,Delivered,Pharma
6501,311,Ware House D,2026-05-14,2026-05-16,87,5759,Delivered,Electronics
6502,240,Ware House E,2026-05-25,2026-05-27,95,4582,Delayed,FMCG
6503,334,Ware House C,2026-05-16,2026-05-19,64,4555,Delayed,Automotive
6504,155,Ware House C,2026-06-04,2026-06-07,19,9413,Delayed,FMCG
6505,217,Ware House A,2026-05-28,2026-06-01,25,1833,Delivered,FMCG
6506,118,Ware House A,2026-05-23,2026-05-25,42,1610,In Transit,Pharma
6507,98,Ware House C,2026-05-13,2026-05-22,10,779,Delivered,Pharma
6508,443,Ware House D,2026-05-20,2026-05-25,17,502,Delivered,Pharma
6509,256,Ware House D,2026-05-09,2026-05-19,43,6184,Cancelled,FMCG
6510,392,Ware House C,2026-05-08,2026-05-16,76,4677,Delivered,FMCG
6511,420,Ware House E,2026-05-30,2026-06-03,84,6534,Delayed,Electronics
6512,168,Ware House A,2026-05-13,2026-05-17,4,7659,Delayed,Industrial
6513,441,Ware House C,2026-05-31,2026-06-08,63,595,In Transit,Electronics
6514,418,Ware House B,2026-06-03,2026-06-06,57,9629,In Transit,FMCG
6515,184,Ware House A,2026-05-19,2026-05-21,89,8998,Cancelled,Industrial
6516,52,Ware House E,2026-05-07,2026-05-10,28,5891,Delivered,Automotive
6517,205,Ware House B,2026-05-29,2026-06-04,72,3288,Cancelled,FMCG
6518,15,Ware House E,2026-05-06,2026-05-16,9,6445,In Transit,Pharma
6519,128,Ware House D,2026-05-09,2026-05-16,26,2396,Cancelled,Automotive
6520,113,Ware House A,2026-06-01,2026-06-09,29,7182,Delayed,FMCG
6521,458,Ware House E,2026-05-09,2026-05-15,54,3683,Delivered,Industrial
6522,51,Ware House A,2026-05-26,2026-06-04,9,2399,In Transit,Industrial
6523,75,Ware House B,2026-05-27,2026-05-29,65,169,Cancelled,Electronics
6524,257,Ware House E,2026-05-09,2026-05-19,20,8679,Delayed,Pharma
6525,481,Ware House C,2026-05-18,2026-05-26,19,3913,In Transit,Industrial
6526,450,Ware House E,2026-05-20,2026-05-27,21,5976,Delivered,Industrial
6527,289,Ware House E,2026-05-21,2026-05-24,99,9877,In Transit,Pharma
6528,20,Ware House B,2026-05-22,2026-05-24,39,6900,In Transit,Pharma
6529,309,Ware House B,2026-05-16,2026-05-20,91,5897,Cancelled,Industrial
6530,193,Ware House A,2026-05-11,2026-05-21,10,7425,Cancelled,Automotive
6531,270,Ware House B,2026-06-03,2026-06-05,60,2307,Delayed,Electronics
6532,364,Ware House C,2026-05-28,2026-06-05,13,3344,In Transit,FMCG
6533,79,Ware House B,2026-05-12,2026-05-20,71,9893,In Transit,Electronics
6534,316,Ware House C,2026-05-30,2026-06-04,89,3188,Delayed,FMCG
6535,393,Ware House D,2026-05-21,2026-05-23,16,9343,Cancelled,FMCG
6536,61,Ware House D,2026-05-24,2026-05-27,45,3959,Cancelled,Electronics
6537,252,Ware House A,2026-05-13,2026-05-18,97,829,Delivered,Electronics
6538,494,Ware House D,2026-05-12,2026-05-17,62,5004,Delivered,Industrial
6539,444,Ware House E,2026-05-08,2026-05-15,86,7395,Delayed,Automotive
6540,160,Ware House D,2026-05-06,2026-05-12,58,7326,In Transit,Industrial
6541,363,Ware House C,2026-05-12,2026-05-17,43,5883,Delivered,Industrial
6542,433,Ware House B,2026-05-12,2026-05-16,52,7872,Delivered,Electronics
6543,167,Ware House A,2026-05-29,2026-05-31,9,6315,Delayed,Electronics
6544,125,Ware House B,2026-05-16,2026-05-20,79,7646,Delayed,Industrial
6545,154,Ware House C,2026-05-31,2026-06-01,56,7700,Cancelled,Pharma
6546,65,Ware House D,2026-06-01,2026-06-10,10,3394,Delivered,FMCG
6547,249,Ware House C,2026-05-28,2026-05-29,21,8518,Cancelled,Electronics
6548,254,Ware House E,2026-05-18,2026-05-28,56,6513,In Transit,Pharma
6549,426,Ware House A,2026-05-18,2026-05-24,25,9317,Delayed,Automotive
6550,495,Ware House D,2026-05-10,2026-05-19,65,2602,Delivered,Pharma
6551,149,Ware House D,2026-05-30,2026-06-03,39,4863,In Transit,Industrial
6552,273,Ware House E,2026-05-06,2026-05-10,78,4256,In Transit,FMCG
6553,176,Ware House D,2026-05-23,2026-05-26,46,6190,Delivered,Pharma
6554,498,Ware House B,2026-06-02,2026-06-09,72,5942,Delayed,Industrial
6555,92,Ware House A,2026-06-01,2026-06-09,12,2396,Cancelled,FMCG
6556,204,Ware House C,2026-05-13,2026-05-21,76,4777,Cancelled,Automotive
6557,465,Ware House C,2026-05-17,2026-05-22,20,354,Cancelled,Industrial
6558,182,Ware House C,2026-05-19,2026-05-23,8,9274,Delayed,Electronics
6559,49,Ware House C,2026-05-27,2026-05-29,54,1938,In Transit,FMCG
6560,319,Ware House D,2026-05-26,2026-06-04,44,1964,Delayed,Automotive
6561,385,Ware House D,2026-05-28,2026-06-03,3,7375,Delayed,Industrial
6562,18,Ware House D,2026-05-27,2026-05-29,94,2258,Cancelled,Automotive
6563,304,Ware House E,2026-05-11,2026-05-19,48,4264,Delivered,Industrial
6564,318,Ware House B,2026-05-27,2026-06-06,97,2840,Cancelled,Pharma
6565,425,Ware House E,2026-05-20,2026-05-23,100,8171,Delayed,Electronics
6566,441,Ware House A,2026-05-16,2026-05-17,72,4760,Delivered,Industrial
6567,218,Ware House B,2026-05-22,2026-05-29,58,8100,Delayed,Automotive
6568,333,Ware House A,2026-05-11,2026-05-21,52,4600,Delivered,Electronics
6569,429,Ware House D,2026-06-01,2026-06-08,32,8638,In Transit,Industrial
6570,301,Ware House C,2026-05-08,2026-05-13,98,3287,Cancelled,Automotive
6571,450,Ware House C,2026-06-02,2026-06-12,46,5049,Delivered,Automotive
6572,79,Ware House E,2026-05-12,2026-05-21,32,5280,Cancelled,Electronics
6573,155,Ware House B,2026-05-28,2026-06-04,5,5882,Cancelled,Automotive
6574,179,Ware House D,2026-05-20,2026-05-23,18,4313,In Transit,Electronics
6575,222,Ware House D,2026-05-23,2026-05-25,97,9622,In Transit,FMCG
6576,195,Ware House A,2026-05-26,2026-05-28,8,730,Delayed,FMCG
6577,102,Ware House C,2026-05-08,2026-05-16,47,7654,Delivered,Industrial
6578,297,Ware House D,2026-05-22,2026-05-27,8,7780,Delayed,Electronics
6579,493,Ware House A,2026-05-23,2026-05-27,46,2397,Cancelled,Industrial
6580,20,Ware House D,2026-05-06,2026-05-13,5,480,Delayed,Automotive
6581,15,Ware House E,2026-05-22,2026-05-28,100,7367,Delivered,Industrial
6582,342,Ware House E,2026-05-09,2026-05-16,17,7377,Cancelled,Electronics
6583,483,Ware House C,2026-05-17,2026-05-20,12,7197,In Transit,Industrial
6584,307,Ware House C,2026-05-16,2026-05-26,95,4608,In Transit,Pharma
6585,253,Ware House B,2026-05-27,2026-05-30,89,8256,Cancelled,Pharma
6586,53,Ware House D,2026-05-07,2026-05-08,61,9831,In Transit,Pharma
6587,96,Ware House E,2026-05-16,2026-05-17,44,3242,Cancelled,Pharma
6588,44,Ware House B,2026-05-16,2026-05-24,99,459,In Transit,Electronics
6589,207,Ware House A,2026-05-28,2026-06-07,30,5596,Delivered,Industrial
6590,345,Ware House B,2026-05-21,2026-05-23,16,7903,Delayed,FMCG
6591,180,Ware House E,2026-06-04,2026-06-11,75,5601,Cancelled,Pharma
6592,143,Ware House B,2026-05-31,2026-06-10,52,6738,In Transit,Automotive
6593,20,Ware House A,2026-06-04,2026-06-11,8,6703,Cancelled,Pharma
6594,213,Ware House C,2026-06-03,2026-06-11,46,721,In Transit,Industrial
6595,339,Ware House D,2026-05-27,2026-05-29,84,9930,In Transit,Automotive
6596,433,Ware House C,2026-05-08,2026-05-15,60,8677,In Transit,Pharma
6597,252,Ware House A,2026-05-20,2026-05-25,21,4776,Delayed,Electronics
6598,49,Ware House D,2026-05-19,2026-05-20,57,2909,Cancelled,FMCG
6599,319,Ware House E,2026-06-01,2026-06-04,75,6215,In Transit,FMCG
6600,481,Ware House B,2026-06-01,2026-06-05,49,6728,Delayed,Automotive
6601,129,Ware House C,2026-06-01,2026-06-05,44,2794,In Transit,Pharma
6602,465,Ware House B,2026-05-30,2026-06-01,56,2108,Cancelled,Industrial
6603,279,Ware House B,2026-05-08,2026-05-14,91,896,Cancelled,Automotive
6604,332,Ware House C,2026-05-07,2026-05-09,85,3871,Delivered,Electronics
6605,187,Ware House C,2026-05-14,2026-05-15,9,7048,Delivered,Automotive
6606,336,Ware House E,2026-05-10,2026-05-20,6,6094,Cancelled,FMCG
6607,481,Ware House C,2026-05-14,2026-05-19,83,8279,Cancelled,Automotive
6608,391,Ware House C,2026-05-18,2026-05-22,14,7411,In Transit,Pharma
6609,71,Ware House D,2026-05-21,2026-05-28,55,5679,In Transit,FMCG
6610,238,Ware House B,2026-05-24,2026-05-28,51,1583,Cancelled,Industrial
6611,218,Ware House E,2026-05-20,2026-05-30,8,1513,Cancelled,Pharma
6612,177,Ware House D,2026-05-15,2026-05-23,12,9841,Cancelled,Electronics
6613,302,Ware House A,2026-05-23,2026-05-25,47,8679,Delayed,Electronics
6614,62,Ware House E,2026-05-31,2026-06-05,62,4159,Cancelled,FMCG
6615,71,Ware House E,2026-06-01,2026-06-02,29,6181,Delayed,Electronics
6616,424,Ware House B,2026-05-06,2026-05-13,80,5116,Delayed,Industrial
6617,436,Ware House E,2026-06-04,2026-06-09,11,6157,In Transit,FMCG
6618,444,Ware House C,2026-05-18,2026-05-23,42,7534,Delivered,Automotive
6619,6,Ware House A,2026-05-29,2026-06-05,43,499,Delivered,Pharma
6620,385,Ware House E,2026-05-09,2026-05-15,72,6907,In Transit,Industrial
6621,158,Ware House B,2026-05-09,2026-05-17,44,9150,Delayed,Automotive
6622,171,Ware House D,2026-05-13,2026-05-22,29,9690,Delivered,Pharma
6623,80,Ware House E,2026-05-28,2026-06-04,82,6630,Delayed,Automotive
6624,194,Ware House D,2026-05-31,2026-06-05,42,1314,Delivered,FMCG
6625,148,Ware House A,2026-05-10,2026-05-12,12,9376,In Transit,Industrial
6626,66,Ware House B,2026-06-03,2026-06-09,8,8786,Cancelled,FMCG
6627,86,Ware House B,2026-05-10,2026-05-12,28,3615,Cancelled,Industrial
6628,462,Ware House D,2026-05-28,2026-05-30,81,627,Delivered,FMCG
6629,313,Ware House B,2026-05-22,2026-05-25,53,5414,Delivered,Pharma
6630,95,Ware House E,2026-05-21,2026-05-22,67,8523,Cancelled,Electronics
6631,94,Ware House A,2026-05-24,2026-05-28,67,1024,Delayed,Pharma
6632,132,Ware House A,2026-05-31,2026-06-10,30,3860,In Transit,Industrial
6633,449,Ware House D,2026-06-01,2026-06-07,53,1752,Delivered,FMCG
6634,355,Ware House D,2026-05-27,2026-05-30,88,307,Cancelled,Pharma
6635,197,Ware House D,2026-05-17,2026-05-19,57,2592,Delayed,Automotive
6636,395,Ware House C,2026-05-19,2026-05-29,84,3245,Cancelled,Pharma
6637,314,Ware House D,2026-05-21,2026-05-25,76,1174,Delayed,Automotive
6638,78,Ware House B,2026-05-10,2026-05-15,25,1913,In Transit,Industrial
6639,417,Ware House B,2026-05-14,2026-05-22,42,8888,In Transit,Pharma
6640,490,Ware House C,2026-05-09,2026-05-15,92,2280,Delayed,Automotive
6641,343,Ware House E,2026-05-18,2026-05-25,61,4067,In Transit,Pharma
6642,92,Ware House E,2026-05-30,2026-06-06,100,1383,Delivered,Pharma
6643,71,Ware House A,2026-05-28,2026-05-30,42,148,Delivered,Electronics
6644,187,Ware House C,2026-05-15,2026-05-20,49,5669,Cancelled,Automotive
6645,268,Ware House B,2026-05-14,2026-05-15,38,1269,Delayed,FMCG
6646,82,Ware House A,2026-05-10,2026-05-12,55,8878,Delayed,FMCG
6647,366,Ware House B,2026-05-24,2026-05-27,52,9435,Cancelled,Pharma
6648,211,Ware House B,2026-05-18,2026-05-19,54,4186,Cancelled,Industrial
6649,218,Ware House D,2026-05-13,2026-05-17,2,6517,Cancelled,Electronics
6650,144,Ware House E,2026-05-20,2026-05-30,49,5061,In Transit,Industrial
6651,76,Ware House B,2026-06-03,2026-06-11,68,4333,Cancelled,Pharma
6652,333,Ware House E,2026-05-13,2026-05-20,44,6516,Delivered,Industrial
6653,25,Ware House E,2026-05-31,2026-06-05,73,8303,Cancelled,Pharma
6654,158,Ware House B,2026-05-12,2026-05-16,38,3747,Delayed,Industrial
6655,139,Ware House A,2026-05-06,2026-05-13,77,9156,Delayed,FMCG
6656,265,Ware House B,2026-05-10,2026-05-19,99,7654,Delayed,FMCG
6657,380,Ware House D,2026-05-27,2026-06-06,66,3943,Delayed,Electronics
6658,279,Ware House A,2026-05-12,2026-05-22,63,3442,Cancelled,Pharma
6659,360,Ware House A,2026-05-31,2026-06-08,96,6245,Cancelled,Automotive
6660,76,Ware House E,2026-06-04,2026-06-06,40,6364,Delayed,Industrial
6661,374,Ware House D,2026-05-11,2026-05-12,70,4245,Delivered,Electronics
6662,326,Ware House A,2026-06-01,2026-06-05,13,1824,In Transit,Automotive
6663,155,Ware House D,2026-05-28,2026-05-29,34,3419,Delayed,Pharma
6664,411,Ware House A,2026-05-24,2026-06-01,34,4596,Delayed,Electronics
6665,204,Ware House C,2026-05-19,2026-05-25,33,6230,Delivered,Electronics
6666,170,Ware House A,2026-05-28,2026-05-29,87,4883,Cancelled,Electronics
6667,297,Ware House D,2026-05-29,2026-06-06,39,489,In Transit,Automotive
6668,265,Ware House D,2026-05-13,2026-05-19,70,4194,Delayed,Industrial
6669,459,Ware House A,2026-06-04,2026-06-07,27,8769,Cancelled,Automotive
6670,5,Ware House C,2026-05-25,2026-05-26,52,3110,Cancelled,Electronics
6671,437,Ware House D,2026-05-18,2026-05-27,91,6848,Delivered,Automotive
6672,204,Ware House E,2026-05-24,2026-05-29,7,6881,Delivered,Electronics
6673,102,Ware House A,2026-05-08,2026-05-09,59,1573,Delivered,Pharma
6674,480,Ware House E,2026-06-04,2026-06-10,72,3429,Delayed,Electronics
6675,320,Ware House D,2026-05-11,2026-05-16,83,9974,Delayed,FMCG
6676,317,Ware House C,2026-05-16,2026-05-23,20,3547,Delayed,Industrial
6677,160,Ware House E,2026-05-09,2026-05-12,63,6401,Delivered,Electronics
6678,145,Ware House C,2026-05-07,2026-05-15,83,6560,Cancelled,Electronics
6679,268,Ware House D,2026-05-27,2026-05-30,93,2545,Delayed,Industrial
6680,218,Ware House A,2026-05-09,2026-05-13,59,8922,Delivered,Electronics
6681,219,Ware House D,2026-05-27,2026-06-05,96,1984,Delivered,FMCG
6682,270,Ware House E,2026-05-11,2026-05-12,41,4475,Cancelled,FMCG
6683,286,Ware House B,2026-05-19,2026-05-21,16,6542,Delivered,FMCG
6684,442,Ware House A,2026-05-28,2026-06-03,27,5959,Cancelled,Electronics
6685,368,Ware House A,2026-05-12,2026-05-15,90,9742,Delayed,Pharma
6686,15,Ware House A,2026-05-06,2026-05-16,67,2890,Delivered,Automotive
6687,204,Ware House A,2026-05-31,2026-06-02,19,2803,Delayed,Automotive
6688,19,Ware House C,2026-05-19,2026-05-27,35,4640,Delivered,Pharma
6689,28,Ware House A,2026-05-30,2026-06-03,9,6451,Cancelled,Electronics
6690,244,Ware House E,2026-05-21,2026-05-30,70,5219,Delayed,Electronics
6691,385,Ware House A,2026-05-27,2026-06-05,83,5558,Delayed,Industrial
6692,376,Ware House D,2026-05-22,2026-05-23,75,6988,In Transit,FMCG
6693,3,Ware House C,2026-05-31,2026-06-10,50,171,In Transit,Industrial
6694,118,Ware House B,2026-05-15,2026-05-20,66,2671,In Transit,Electronics
6695,20,Ware House A,2026-05-21,2026-05-31,49,4064,Delivered,FMCG
6696,416,Ware House B,2026-06-01,2026-06-05,82,8244,Delayed,FMCG
6697,272,Ware House C,2026-05-13,2026-05-19,62,8257,Cancelled,Pharma
6698,84,Ware House E,2026-05-26,2026-05-29,37,1844,Delivered,Pharma
6699,161,Ware House E,2026-05-28,2026-06-03,71,8944,Delivered,Industrial
6700,13,Ware House B,2026-05-15,2026-05-20,73,7048,Delivered,Pharma
6701,188,Ware House E,2026-05-29,2026-06-02,99,2622,Delayed,Industrial
6702,371,Ware House E,2026-05-27,2026-05-31,79,2641,Cancelled,Automotive
6703,7,Ware House C,2026-05-13,2026-05-14,62,3180,Delayed,Industrial
6704,284,Ware House A,2026-05-06,2026-05-13,84,2649,Delayed,FMCG
6705,135,Ware House A,2026-05-22,2026-05-27,21,3732,Delivered,FMCG
6706,406,Ware House B,2026-05-12,2026-05-14,33,552,Delivered,Electronics
6707,440,Ware House E,2026-05-13,2026-05-19,78,5673,Delayed,FMCG
6708,430,Ware House A,2026-05-31,2026-06-06,23,9795,Cancelled,FMCG
6709,72,Ware House C,2026-05-07,2026-05-09,1,3051,Delivered,Pharma
6710,331,Ware House D,2026-05-16,2026-05-25,3,3264,Delayed,Automotive
6711,447,Ware House E,2026-05-07,2026-05-11,38,6491,Delayed,Pharma
6712,358,Ware House E,2026-05-14,2026-05-20,56,5670,Delivered,FMCG
6713,455,Ware House E,2026-05-09,2026-05-12,5,9097,Delayed,Pharma
6714,169,Ware House B,2026-05-10,2026-05-16,96,1760,Cancelled,FMCG
6715,226,Ware House C,2026-06-03,2026-06-05,91,917,In Transit,Electronics
6716,141,Ware House D,2026-05-18,2026-05-19,93,6179,Delayed,Industrial
6717,391,Ware House E,2026-05-19,2026-05-29,20,1082,Cancelled,Pharma
6718,274,Ware House C,2026-05-25,2026-05-26,75,6301,In Transit,FMCG
6719,347,Ware House A,2026-05-23,2026-05-31,66,8210,In Transit,Automotive
6720,154,Ware House A,2026-05-22,2026-06-01,66,1826,Delivered,Automotive
6721,465,Ware House C,2026-05-18,2026-05-21,22,7068,Delayed,Electronics
6722,211,Ware House A,2026-05-24,2026-06-03,33,8516,Delivered,FMCG
6723,326,Ware House E,2026-05-23,2026-05-26,94,8838,In Transit,Pharma
6724,146,Ware House C,2026-05-06,2026-05-10,76,502,In Transit,Automotive
6725,322,Ware House B,2026-05-20,2026-05-23,52,9846,Delayed,FMCG
6726,253,Ware House B,2026-05-28,2026-06-07,60,8243,In Transit,Pharma
6727,180,Ware House D,2026-05-27,2026-06-03,87,3303,In Transit,Automotive
6728,77,Ware House E,2026-05-22,2026-05-28,53,5127,In Transit,Electronics
6729,179,Ware House D,2026-05-21,2026-05-25,12,9362,Cancelled,Pharma
6730,321,Ware House E,2026-05-09,2026-05-14,37,4987,Delivered,FMCG
6731,84,Ware House D,2026-05-31,2026-06-03,81,2224,In Transit,FMCG
6732,294,Ware House A,2026-05-29,2026-06-03,13,5489,Delayed,FMCG
6733,174,Ware House A,2026-05-26,2026-06-04,79,1497,Delayed,Pharma
6734,272,Ware House B,2026-05-06,2026-05-12,4,1872,Delayed,Pharma
6735,338,Ware House D,2026-05-08,2026-05-10,1,459,Delivered,FMCG
6736,293,Ware House D,2026-05-18,2026-05-25,23,1464,In Transit,Automotive
6737,205,Ware House E,2026-05-19,2026-05-29,86,6770,In Transit,Automotive
6738,243,Ware House A,2026-05-26,2026-06-03,25,5729,Delivered,Pharma
6739,10,Ware House C,2026-05-22,2026-05-25,77,3185,Delayed,FMCG
6740,476,Ware House D,2026-05-13,2026-05-19,51,5073,Delayed,Electronics
6741,10,Ware House D,2026-05-07,2026-05-09,53,8722,In Transit,Industrial
6742,363,Ware House E,2026-05-11,2026-05-13,71,8677,Cancelled,FMCG
6743,253,Ware House B,2026-05-27,2026-05-28,42,4465,In Transit,Electronics
6744,464,Ware House A,2026-05-31,2026-06-08,27,2905,Cancelled,FMCG
6745,56,Ware House B,2026-05-27,2026-05-28,79,2218,Cancelled,Automotive
6746,227,Ware House E,2026-06-02,2026-06-11,18,6908,Delivered,Industrial
6747,36,Ware House D,2026-05-10,2026-05-15,70,4421,In Transit,Industrial
6748,191,Ware House A,2026-05-30,2026-06-04,44,4868,Delayed,FMCG
6749,311,Ware House C,2026-06-02,2026-06-06,81,1067,Delayed,Automotive
6750,199,Ware House D,2026-06-03,2026-06-13,7,3964,Cancelled,FMCG
6751,426,Ware House B,2026-05-13,2026-05-14,71,6750,Delayed,FMCG
6752,260,Ware House D,2026-05-11,2026-05-12,83,7639,Delayed,Pharma
6753,80,Ware House A,2026-05-14,2026-05-18,62,8781,Cancelled,Electronics
6754,235,Ware House B,2026-05-11,2026-05-13,11,5710,Cancelled,Electronics
6755,348,Ware House A,2026-06-02,2026-06-12,87,3422,In Transit,Pharma
6756,383,Ware House D,2026-05-10,2026-05-18,36,8956,Delayed,FMCG
6757,56,Ware House B,2026-05-18,2026-05-20,75,2070,Delayed,FMCG
6758,194,Ware House E,2026-05-10,2026-05-12,15,2980,Cancelled,Electronics
6759,361,Ware House B,2026-06-04,2026-06-12,97,9401,Delayed,FMCG
6760,159,Ware House B,2026-05-16,2026-05-19,62,2587,In Transit,Industrial
6761,74,Ware House D,2026-05-30,2026-06-01,81,6242,Delivered,Electronics
6762,270,Ware House B,2026-05-17,2026-05-24,98,8656,In Transit,Pharma
6763,328,Ware House E,2026-05-18,2026-05-22,88,3385,Delayed,FMCG
6764,189,Ware House B,2026-05-26,2026-06-05,66,5034,Delayed,FMCG
6765,140,Ware House E,2026-05-10,2026-05-18,85,8040,Delivered,FMCG
6766,207,Ware House B,2026-05-31,2026-06-07,41,1540,Delivered,Pharma
6767,300,Ware House B,2026-05-22,2026-06-01,51,2887,Delayed,Pharma
6768,459,Ware House B,2026-05-07,2026-05-13,34,3035,In Transit,Pharma
6769,146,Ware House E,2026-05-28,2026-06-07,12,6870,Delivered,Automotive
6770,47,Ware House A,2026-05-09,2026-05-13,90,2193,Delayed,Electronics
6771,165,Ware House E,2026-05-22,2026-05-31,84,1627,Delivered,Automotive
6772,222,Ware House C,2026-05-29,2026-06-04,15,1223,Cancelled,Electronics
6773,32,Ware House D,2026-05-30,2026-06-01,8,7346,Cancelled,Pharma
6774,102,Ware House B,2026-05-24,2026-06-01,97,9589,Delivered,Industrial
6775,270,Ware House D,2026-05-29,2026-05-31,97,4790,In Transit,FMCG
6776,88,Ware House A,2026-05-25,2026-06-03,25,118,Delivered,Automotive
6777,274,Ware House D,2026-05-17,2026-05-19,47,175,Delayed,Industrial
6778,255,Ware House A,2026-06-03,2026-06-12,1,8355,Delivered,Automotive
6779,470,Ware House D,2026-05-17,2026-05-27,21,7416,In Transit,Industrial
6780,147,Ware House A,2026-05-20,2026-05-26,20,9663,Cancelled,Industrial
6781,412,Ware House D,2026-05-17,2026-05-18,58,309,Delivered,FMCG
6782,177,Ware House B,2026-05-17,2026-05-22,61,2054,In Transit,Automotive
6783,240,Ware House A,2026-05-26,2026-06-03,34,3086,Delayed,Industrial
6784,321,Ware House B,2026-05-06,2026-05-12,12,8833,Cancelled,FMCG
6785,82,Ware House B,2026-05-16,2026-05-19,32,4772,In Transit,Industrial
6786,272,Ware House C,2026-05-25,2026-05-29,98,8361,Delivered,Industrial
6787,96,Ware House C,2026-05-14,2026-05-18,35,7003,Delayed,Pharma
6788,333,Ware House A,2026-05-28,2026-06-02,45,4976,Cancelled,FMCG
6789,13,Ware House E,2026-05-18,2026-05-20,34,9122,Cancelled,Electronics
6790,234,Ware House A,2026-05-25,2026-06-04,14,7859,Delivered,Automotive
6791,411,Ware House D,2026-05-19,2026-05-22,31,843,Delivered,Electronics
6792,134,Ware House D,2026-05-16,2026-05-21,88,7570,Cancelled,Automotive
6793,429,Ware House D,2026-05-25,2026-05-28,95,3598,Delayed,Pharma
6794,480,Ware House E,2026-05-26,2026-05-29,49,2218,In Transit,FMCG
6795,468,Ware House B,2026-05-11,2026-05-20,98,1905,Delayed,Automotive
6796,174,Ware House C,2026-05-28,2026-06-05,99,9490,In Transit,FMCG
6797,21,Ware House D,2026-05-14,2026-05-22,12,6249,Delayed,FMCG
6798,397,Ware House A,2026-05-23,2026-06-01,71,5196,Delayed,Automotive
6799,91,Ware House C,2026-05-07,2026-05-11,62,9864,Delivered,Industrial
6800,23,Ware House B,2026-05-12,2026-05-13,47,4137,Delayed,Pharma
6801,40,Ware House A,2026-05-28,2026-06-05,55,3354,Delayed,FMCG
6802,383,Ware House A,2026-06-01,2026-06-06,27,7793,Cancelled,Pharma
6803,373,Ware House C,2026-05-25,2026-06-04,95,6318,In Transit,Industrial
6804,209,Ware House E,2026-05-12,2026-05-19,79,8422,In Transit,Pharma
6805,428,Ware House E,2026-05-21,2026-05-28,35,9786,Delivered,Pharma
6806,231,Ware House B,2026-05-08,2026-05-09,54,1366,Delayed,Pharma
6807,460,Ware House A,2026-05-07,2026-05-10,12,1142,In Transit,FMCG
6808,298,Ware House D,2026-05-24,2026-05-26,69,8684,Cancelled,Industrial
6809,71,Ware House E,2026-05-19,2026-05-24,33,3650,Delayed,FMCG
6810,262,Ware House A,2026-06-01,2026-06-11,17,8225,Delivered,FMCG
6811,207,Ware House A,2026-05-08,2026-05-17,68,6956,Delivered,Automotive
6812,90,Ware House B,2026-05-08,2026-05-09,34,2291,In Transit,Industrial
6813,170,Ware House E,2026-05-22,2026-06-01,14,326,In Transit,Industrial
6814,248,Ware House B,2026-06-01,2026-06-07,38,3140,Cancelled,Industrial
6815,275,Ware House A,2026-05-29,2026-05-31,85,4576,Cancelled,FMCG
6816,50,Ware House E,2026-05-27,2026-05-29,30,2350,Delayed,Electronics
6817,144,Ware House C,2026-05-26,2026-05-29,41,3051,Delayed,Electronics
6818,321,Ware House D,2026-05-31,2026-06-09,37,2847,Cancelled,Pharma
6819,25,Ware House B,2026-05-11,2026-05-15,86,2722,Delivered,Pharma
6820,29,Ware House B,2026-05-08,2026-05-10,96,7589,In Transit,Electronics
6821,114,Ware House A,2026-05-26,2026-06-02,27,3519,Cancelled,Industrial
6822,75,Ware House E,2026-05-18,2026-05-26,66,4094,Cancelled,FMCG
6823,333,Ware House E,2026-05-10,2026-05-20,20,9302,Cancelled,Electronics
6824,180,Ware House D,2026-06-03,2026-06-08,100,2130,Delivered,Automotive
6825,255,Ware House B,2026-05-23,2026-05-25,46,1278,Delayed,Industrial
6826,245,Ware House B,2026-05-25,2026-05-28,45,7991,Delivered,Automotive
6827,392,Ware House E,2026-05-15,2026-05-20,1,7505,Delivered,FMCG
6828,145,Ware House B,2026-05-06,2026-05-10,45,1103,In Transit,Pharma
6829,447,Ware House A,2026-05-29,2026-06-07,83,9101,In Transit,Industrial
6830,132,Ware House E,2026-05-10,2026-05-15,94,4790,Delayed,FMCG
6831,424,Ware House A,2026-05-11,2026-05-19,57,9324,In Transit,Automotive
6832,130,Ware House D,2026-06-02,2026-06-06,22,9145,Delayed,Industrial
6833,135,Ware House E,2026-05-27,2026-06-04,41,7688,Delivered,Industrial
6834,310,Ware House B,2026-06-04,2026-06-05,25,1179,Delayed,FMCG
6835,102,Ware House E,2026-05-11,2026-05-12,96,8497,Delivered,Industrial
6836,136,Ware House B,2026-05-30,2026-06-05,21,433,Delayed,Electronics
6837,271,Ware House D,2026-05-30,2026-06-02,86,9974,In Transit,Electronics
6838,261,Ware House A,2026-05-15,2026-05-22,82,9377,In Transit,Electronics
6839,68,Ware House C,2026-05-31,2026-06-01,67,3717,Delayed,Pharma
6840,236,Ware House C,2026-05-19,2026-05-20,37,8855,Delayed,FMCG
6841,7,Ware House D,2026-05-07,2026-05-17,24,3292,Cancelled,FMCG
6842,248,Ware House B,2026-05-30,2026-06-09,69,1638,Delayed,FMCG
6843,334,Ware House C,2026-05-16,2026-05-25,44,2235,Delayed,Pharma
6844,103,Ware House A,2026-05-10,2026-05-19,92,8233,Cancelled,FMCG
6845,67,Ware House A,2026-06-03,2026-06-08,10,4636,Delayed,Industrial
6846,299,Ware House B,2026-05-08,2026-05-17,8,1209,Delivered,Automotive
6847,342,Ware House A,2026-06-01,2026-06-02,55,2256,Delayed,Pharma
6848,385,Ware House D,2026-05-09,2026-05-10,82,1416,Delayed,FMCG
6849,245,Ware House B,2026-05-29,2026-06-02,96,7754,Delayed,Industrial
6850,176,Ware House C,2026-05-28,2026-06-02,77,9981,Delivered,Automotive
6851,213,Ware House E,2026-05-31,2026-06-06,85,5003,Delivered,Industrial
6852,450,Ware House A,2026-05-24,2026-06-01,72,5830,Delayed,Industrial
6853,250,Ware House C,2026-05-22,2026-06-01,31,3663,Cancelled,FMCG
6854,409,Ware House D,2026-05-28,2026-06-01,49,434,Delayed,Automotive
6855,344,Ware House B,2026-05-06,2026-05-08,87,815,Delayed,Automotive
6856,190,Ware House E,2026-06-04,2026-06-11,100,9417,In Transit,FMCG
6857,4,Ware House D,2026-06-04,2026-06-13,60,4439,Delayed,FMCG
6858,268,Ware House D,2026-05-27,2026-05-30,65,1453,Delivered,Industrial
6859,239,Ware House A,2026-05-31,2026-06-03,32,1941,Delayed,Automotive
6860,362,Ware House D,2026-06-03,2026-06-04,47,2674,In Transit,Automotive
6861,315,Ware House B,2026-05-29,2026-06-03,94,3532,In Transit,Automotive
6862,324,Ware House C,2026-05-27,2026-06-03,7,2072,Delivered,FMCG
6863,239,Ware House C,2026-05-26,2026-05-27,34,387,Delivered,Automotive
6864,271,Ware House A,2026-05-06,2026-05-11,69,1867,Delivered,Pharma
6865,205,Ware House A,2026-05-28,2026-06-05,82,4341,In Transit,Electronics
6866,50,Ware House B,2026-05-24,2026-05-30,69,9383,In Transit,Electronics
6867,352,Ware House C,2026-05-11,2026-05-12,5,7791,In Transit,Pharma
6868,466,Ware House C,2026-05-16,2026-05-26,21,543,Delivered,Automotive
6869,220,Ware House A,2026-05-28,2026-06-03,71,5743,Delivered,FMCG
6870,389,Ware House B,2026-05-08,2026-05-17,96,3022,Delivered,Industrial
6871,114,Ware House C,2026-05-29,2026-06-04,43,8387,Delivered,Industrial
6872,449,Ware House C,2026-05-17,2026-05-19,68,9924,Delayed,Electronics
6873,477,Ware House E,2026-05-08,2026-05-11,58,497,Delivered,Automotive
6874,43,Ware House B,2026-05-23,2026-05-24,47,3946,Delayed,Automotive
6875,375,Ware House A,2026-05-31,2026-06-08,36,6293,In Transit,Industrial
6876,386,Ware House C,2026-06-01,2026-06-11,60,8257,Cancelled,Electronics
6877,327,Ware House D,2026-05-11,2026-05-17,84,5556,In Transit,Electronics
6878,184,Ware House A,2026-05-28,2026-05-30,22,1140,Delivered,Electronics
6879,117,Ware House B,2026-05-09,2026-05-16,99,8861,Delayed,FMCG
6880,370,Ware House E,2026-05-20,2026-05-22,8,8647,Delivered,Pharma
6881,186,Ware House E,2026-06-02,2026-06-08,53,118,In Transit,Pharma
6882,169,Ware House E,2026-05-21,2026-05-28,18,4605,In Transit,Automotive
6883,3,Ware House A,2026-06-02,2026-06-08,43,9220,Delayed,Automotive
6884,162,Ware House A,2026-06-04,2026-06-05,23,905,In Transit,Automotive
6885,140,Ware House A,2026-05-29,2026-06-05,56,9458,Delayed,Pharma
6886,326,Ware House E,2026-05-06,2026-05-14,21,2596,In Transit,Automotive
6887,175,Ware House C,2026-05-14,2026-05-24,15,3563,Cancelled,Automotive
6888,55,Ware House D,2026-06-01,2026-06-08,54,1541,Delivered,Pharma
6889,236,Ware House B,2026-05-06,2026-05-12,49,3841,Delivered,Automotive
6890,360,Ware House D,2026-05-16,2026-05-18,58,5863,In Transit,Pharma
6891,389,Ware House D,2026-05-28,2026-05-29,44,5718,In Transit,FMCG
6892,198,Ware House C,2026-05-31,2026-06-05,54,7394,In Transit,Electronics
6893,367,Ware House E,2026-05-15,2026-05-17,90,5015,Delivered,Pharma
6894,411,Ware House E,2026-05-08,2026-05-18,11,1453,Delayed,FMCG
6895,403,Ware House D,2026-06-04,2026-06-07,2,5475,Delivered,Pharma
6896,162,Ware House A,2026-05-09,2026-05-14,43,5753,Delayed,Automotive
6897,347,Ware House D,2026-05-16,2026-05-21,62,8928,Delayed,Pharma
6898,192,Ware House A,2026-05-08,2026-05-10,22,5684,Delivered,Electronics
6899,288,Ware House B,2026-05-08,2026-05-11,42,4480,Cancelled,Electronics
6900,95,Ware House B,2026-05-20,2026-05-25,57,9492,In Transit,Pharma
6901,381,Ware House C,2026-05-21,2026-05-25,8,7238,Delivered,Automotive
6902,325,Ware House B,2026-05-20,2026-05-21,100,2629,Cancelled,FMCG
6903,122,Ware House C,2026-05-26,2026-05-29,77,4457,In Transit,Automotive
6904,314,Ware House C,2026-05-10,2026-05-15,61,981,Cancelled,Pharma
6905,240,Ware House D,2026-05-25,2026-05-28,30,1326,Delayed,Pharma
6906,414,Ware House C,2026-05-23,2026-06-02,49,499,Cancelled,Industrial
6907,480,Ware House C,2026-05-20,2026-05-26,30,5158,In Transit,Automotive
6908,488,Ware House C,2026-05-06,2026-05-13,59,4102,Delayed,FMCG
6909,400,Ware House C,2026-05-22,2026-05-24,63,4481,Cancelled,Automotive
6910,334,Ware House A,2026-05-13,2026-05-22,93,6206,Cancelled,Automotive
6911,346,Ware House B,2026-05-11,2026-05-18,64,9074,Delivered,Industrial
6912,394,Ware House A,2026-05-09,2026-05-15,79,7105,In Transit,Pharma
6913,56,Ware House B,2026-05-20,2026-05-27,48,2826,Delivered,Industrial
6914,493,Ware House E,2026-05-15,2026-05-20,59,7064,Cancelled,Industrial
6915,488,Ware House B,2026-05-07,2026-05-12,3,5578,In Transit,FMCG
6916,230,Ware House B,2026-05-09,2026-05-12,54,6549,In Transit,Electronics
6917,231,Ware House B,2026-05-22,2026-05-23,25,1970,In Transit,Automotive
6918,358,Ware House E,2026-05-25,2026-06-03,83,475,Delayed,FMCG
6919,277,Ware House A,2026-05-19,2026-05-27,47,9443,Delayed,Pharma
6920,128,Ware House A,2026-05-30,2026-06-01,93,6901,Delayed,Automotive
6921,499,Ware House D,2026-05-30,2026-06-02,7,1558,Delayed,FMCG
6922,406,Ware House A,2026-05-09,2026-05-19,100,4085,Cancelled,FMCG
6923,455,Ware House D,2026-05-11,2026-05-12,14,2530,Cancelled,FMCG
6924,52,Ware House D,2026-05-20,2026-05-30,70,3020,Cancelled,Pharma
6925,134,Ware House B,2026-05-30,2026-06-01,28,5466,In Transit,Pharma
6926,241,Ware House B,2026-05-17,2026-05-21,17,2737,In Transit,Electronics
6927,495,Ware House A,2026-05-25,2026-05-27,72,9155,Cancelled,FMCG
6928,441,Ware House B,2026-05-06,2026-05-09,80,4951,Delivered,Electronics
6929,488,Ware House C,2026-05-28,2026-05-31,95,4924,Cancelled,FMCG
6930,289,Ware House B,2026-05-17,2026-05-27,51,9893,Delayed,Electronics
6931,131,Ware House D,2026-05-26,2026-05-31,80,1829,Delivered,Pharma
6932,365,Ware House E,2026-06-04,2026-06-12,55,3402,Delivered,Electronics
6933,251,Ware House B,2026-05-30,2026-06-04,78,1298,In Transit,Industrial
6934,191,Ware House A,2026-05-21,2026-05-29,20,5008,In Transit,Pharma
6935,345,Ware House B,2026-05-17,2026-05-23,20,4236,Delayed,Automotive
6936,162,Ware House B,2026-05-07,2026-05-12,89,2048,Delayed,Pharma
6937,291,Ware House E,2026-05-14,2026-05-18,44,4280,In Transit,Automotive
6938,403,Ware House C,2026-06-02,2026-06-08,20,5076,In Transit,Automotive
6939,413,Ware House C,2026-05-19,2026-05-25,42,8215,Delayed,Pharma
6940,489,Ware House D,2026-05-21,2026-05-31,14,4064,Delayed,Automotive
6941,82,Ware House E,2026-05-19,2026-05-23,87,5434,In Transit,Automotive
6942,321,Ware House B,2026-06-03,2026-06-09,89,7173,Delayed,FMCG
6943,47,Ware House E,2026-05-12,2026-05-14,17,4666,In Transit,FMCG
6944,173,Ware House A,2026-05-12,2026-05-20,41,4504,Cancelled,Automotive
6945,187,Ware House C,2026-06-02,2026-06-10,68,2648,Delayed,FMCG
6946,259,Ware House C,2026-05-21,2026-05-29,50,9545,Delivered,Industrial
6947,197,Ware House B,2026-05-21,2026-05-31,14,4003,In Transit,FMCG
6948,346,Ware House C,2026-05-16,2026-05-17,59,948,Delivered,Pharma
6949,458,Ware House D,2026-05-26,2026-05-27,69,172,In Transit,FMCG
6950,263,Ware House D,2026-05-13,2026-05-14,46,9214,Delivered,Industrial
6951,396,Ware House A,2026-05-18,2026-05-20,12,7618,Cancelled,Pharma
6952,269,Ware House B,2026-05-12,2026-05-18,24,543,In Transit,Electronics
6953,460,Ware House E,2026-05-08,2026-05-10,47,582,Delayed,Automotive
6954,259,Ware House C,2026-05-12,2026-05-21,15,1191,Cancelled,Automotive
6955,32,Ware House B,2026-06-01,2026-06-08,36,5038,In Transit,Pharma
6956,28,Ware House C,2026-05-15,2026-05-17,41,3835,Cancelled,Automotive
6957,153,Ware House B,2026-05-21,2026-05-23,71,7804,In Transit,Industrial
6958,287,Ware House E,2026-05-26,2026-06-01,71,7466,Cancelled,Electronics
6959,216,Ware House C,2026-06-01,2026-06-03,80,4990,Delayed,Electronics
6960,88,Ware House E,2026-05-21,2026-05-28,28,6297,In Transit,Automotive
6961,214,Ware House A,2026-05-14,2026-05-21,67,3924,Delivered,Pharma
6962,333,Ware House A,2026-05-10,2026-05-18,19,7875,In Transit,FMCG
6963,412,Ware House B,2026-06-04,2026-06-11,5,139,In Transit,Electronics
6964,156,Ware House E,2026-05-19,2026-05-22,64,9613,In Transit,Automotive
6965,6,Ware House E,2026-05-22,2026-05-30,65,1974,In Transit,Electronics
6966,497,Ware House A,2026-05-18,2026-05-25,83,8292,In Transit,Electronics
6967,238,Ware House E,2026-05-21,2026-05-26,21,7986,Cancelled,FMCG
6968,419,Ware House D,2026-05-14,2026-05-17,12,9938,Cancelled,Pharma
6969,384,Ware House A,2026-05-14,2026-05-18,32,7192,Delayed,Pharma
6970,258,Ware House D,2026-06-04,2026-06-05,90,2988,Delivered,FMCG
6971,257,Ware House A,2026-05-14,2026-05-20,62,2874,Delivered,FMCG
6972,110,Ware House A,2026-05-23,2026-06-02,96,6420,Delivered,FMCG
6973,478,Ware House A,2026-05-24,2026-06-03,91,1529,Delayed,Industrial
6974,391,Ware House E,2026-06-04,2026-06-10,40,6569,In Transit,FMCG
6975,97,Ware House D,2026-05-10,2026-05-11,54,5667,In Transit,Electronics
6976,122,Ware House D,2026-06-01,2026-06-11,36,2698,Delivered,Pharma
6977,144,Ware House A,2026-05-26,2026-06-01,2,3268,Cancelled,Electronics
6978,324,Ware House A,2026-05-09,2026-05-13,70,9072,In Transit,Pharma
6979,335,Ware House A,2026-05-08,2026-05-13,5,897,Delivered,FMCG
6980,138,Ware House B,2026-06-03,2026-06-05,48,6937,Delivered,Industrial
6981,3,Ware House D,2026-05-30,2026-06-03,80,7916,Delivered,Pharma
6982,379,Ware House E,2026-05-24,2026-05-25,40,7884,Delayed,FMCG
6983,438,Ware House E,2026-05-08,2026-05-12,65,9603,Delivered,Electronics
6984,34,Ware House B,2026-05-24,2026-05-26,92,3696,In Transit,Industrial
6985,318,Ware House E,2026-05-18,2026-05-22,17,2545,Delayed,FMCG
6986,425,Ware House A,2026-05-18,2026-05-26,57,8428,Cancelled,Electronics
6987,438,Ware House A,2026-05-13,2026-05-14,20,9285,In Transit,Industrial
6988,2,Ware House A,2026-05-06,2026-05-16,26,9754,In Transit,FMCG
6989,6,Ware House E,2026-05-14,2026-05-15,44,2090,Delayed,Pharma
6990,86,Ware House D,2026-05-15,2026-05-23,58,125,Cancelled,Pharma
6991,435,Ware House B,2026-05-07,2026-05-15,13,1687,Delayed,FMCG
6992,305,Ware House E,2026-05-22,2026-05-31,56,9541,Delayed,Electronics
6993,231,Ware House D,2026-05-22,2026-05-26,45,7100,In Transit,Industrial
6994,492,Ware House D,2026-05-22,2026-05-27,26,2787,In Transit,Electronics
6995,418,Ware House C,2026-05-06,2026-05-15,11,2347,Cancelled,FMCG
6996,320,Ware House C,2026-05-25,2026-06-02,29,6846,In Transit,Industrial
6997,173,Ware House B,2026-05-19,2026-05-21,15,987,Cancelled,Industrial
6998,335,Ware House A,2026-05-21,2026-05-23,87,2997,Cancelled,FMCG
6999,113,Ware House D,2026-06-03,2026-06-09,72,2377,Delayed,Electronics
7000,16,Ware House E,2026-05-14,2026-05-24,72,9889,Delayed,Industrial
7001,227,Ware House D,2026-05-27,2026-06-05,68,1496,In Transit,Pharma
7002,422,Ware House C,2026-06-02,2026-06-03,57,9900,Delayed,Automotive
7003,281,Ware House E,2026-06-03,2026-06-13,18,3255,Cancelled,Automotive
7004,3,Ware House D,2026-05-06,2026-05-16,73,796,In Transit,Electronics
7005,457,Ware House B,2026-05-13,2026-05-23,96,743,In Transit,Industrial
7006,151,Ware House E,2026-06-01,2026-06-03,50,6301,Delayed,Industrial
7007,489,Ware House A,2026-05-21,2026-05-29,10,8228,Delayed,Automotive
7008,26,Ware House E,2026-05-11,2026-05-19,53,1828,Cancelled,Pharma
7009,448,Ware House C,2026-05-26,2026-06-01,90,2967,In Transit,Automotive
7010,245,Ware House E,2026-05-22,2026-06-01,83,4741,Delayed,Industrial
7011,132,Ware House E,2026-05-20,2026-05-27,77,3120,Delivered,Industrial
7012,479,Ware House E,2026-05-12,2026-05-17,81,1675,Cancelled,Automotive
7013,24,Ware House D,2026-05-26,2026-05-27,23,6786,In Transit,Industrial
7014,434,Ware House B,2026-05-10,2026-05-14,83,989,Delayed,Pharma
7015,203,Ware House E,2026-05-16,2026-05-21,74,349,In Transit,Pharma
7016,197,Ware House C,2026-05-19,2026-05-29,96,3507,Delayed,Electronics
7017,211,Ware House A,2026-05-20,2026-05-25,62,9953,Cancelled,Electronics
7018,252,Ware House A,2026-05-08,2026-05-11,31,4401,Delivered,Industrial
7019,417,Ware House C,2026-05-21,2026-05-30,25,5349,In Transit,FMCG
7020,393,Ware House D,2026-05-11,2026-05-14,57,2071,In Transit,Industrial
7021,383,Ware House C,2026-05-27,2026-05-28,65,3504,Delivered,FMCG
7022,376,Ware House E,2026-06-03,2026-06-04,83,3488,In Transit,Automotive
7023,344,Ware House D,2026-05-06,2026-05-08,22,3999,In Transit,Automotive
7024,249,Ware House D,2026-05-14,2026-05-23,45,709,Cancelled,FMCG
7025,259,Ware House E,2026-05-13,2026-05-14,98,1793,Delivered,Automotive
7026,461,Ware House C,2026-05-06,2026-05-14,39,1900,In Transit,Electronics
7027,434,Ware House B,2026-05-31,2026-06-09,49,8571,Delivered,Pharma
7028,245,Ware House C,2026-05-30,2026-06-05,60,5722,In Transit,Automotive
7029,124,Ware House A,2026-05-17,2026-05-27,70,2034,Delivered,Automotive
7030,300,Ware House C,2026-05-23,2026-05-26,30,5938,Delivered,Pharma
7031,332,Ware House B,2026-05-11,2026-05-15,69,3257,Delivered,Automotive
7032,438,Ware House D,2026-05-28,2026-05-30,6,6293,In Transit,Automotive
7033,214,Ware House D,2026-05-07,2026-05-08,61,6854,In Transit,FMCG
7034,299,Ware House E,2026-05-16,2026-05-21,67,2488,In Transit,Automotive
7035,329,Ware House B,2026-05-24,2026-05-27,89,233,Cancelled,FMCG
7036,158,Ware House B,2026-05-15,2026-05-18,36,5977,Delayed,Industrial
7037,367,Ware House A,2026-05-07,2026-05-15,14,474,Delivered,Pharma
7038,452,Ware House C,2026-06-02,2026-06-09,96,7110,Cancelled,FMCG
7039,328,Ware House A,2026-05-21,2026-05-29,8,743,Delivered,Automotive
7040,73,Ware House C,2026-05-07,2026-05-13,41,9800,Delivered,Industrial
7041,365,Ware House E,2026-05-23,2026-06-01,76,888,In Transit,FMCG
7042,439,Ware House D,2026-06-02,2026-06-06,39,1895,In Transit,FMCG
7043,83,Ware House E,2026-05-11,2026-05-17,85,6705,Cancelled,Electronics
7044,159,Ware House A,2026-05-19,2026-05-29,58,6438,Cancelled,FMCG
7045,375,Ware House E,2026-06-01,2026-06-04,81,2930,Delivered,FMCG
7046,397,Ware House B,2026-05-14,2026-05-20,36,8629,In Transit,Electronics
7047,315,Ware House D,2026-05-17,2026-05-23,7,6225,Cancelled,Industrial
7048,410,Ware House E,2026-06-02,2026-06-12,88,1669,Delivered,Electronics
7049,330,Ware House B,2026-05-08,2026-05-11,43,3003,In Transit,Industrial
7050,443,Ware House C,2026-05-09,2026-05-16,100,2653,Delayed,Automotive
7051,247,Ware House C,2026-05-09,2026-05-18,21,342,Delayed,Industrial
7052,452,Ware House C,2026-05-26,2026-05-31,25,8655,In Transit,FMCG
7053,307,Ware House D,2026-06-03,2026-06-12,40,528,Delayed,Industrial
7054,147,Ware House E,2026-05-24,2026-05-28,33,2476,In Transit,Pharma
7055,163,Ware House D,2026-05-12,2026-05-16,63,7104,In Transit,Pharma
7056,28,Ware House E,2026-05-10,2026-05-15,97,2939,Delayed,Pharma
7057,414,Ware House C,2026-05-30,2026-06-03,80,6778,In Transit,Industrial
7058,375,Ware House B,2026-05-15,2026-05-18,26,7428,Cancelled,Electronics
7059,178,Ware House A,2026-05-16,2026-05-17,4,5194,Cancelled,Automotive
7060,478,Ware House B,2026-06-02,2026-06-04,90,7963,Delayed,Automotive
7061,81,Ware House C,2026-06-03,2026-06-12,50,8377,In Transit,Automotive
7062,445,Ware House E,2026-05-22,2026-06-01,17,4531,Cancelled,Industrial
7063,252,Ware House D,2026-05-26,2026-06-05,96,726,Cancelled,FMCG
7064,110,Ware House B,2026-05-07,2026-05-14,77,6015,Cancelled,Electronics
7065,269,Ware House E,2026-05-22,2026-05-28,34,9240,In Transit,Electronics
7066,159,Ware House E,2026-05-26,2026-05-31,79,8214,In Transit,Electronics
7067,374,Ware House B,2026-05-24,2026-05-31,19,8821,Delivered,Electronics
7068,276,Ware House B,2026-05-08,2026-05-11,3,6173,In Transit,Electronics
7069,347,Ware House C,2026-05-23,2026-05-30,88,8322,Cancelled,Electronics
7070,346,Ware House E,2026-05-21,2026-05-30,5,6988,Delayed,Pharma
7071,359,Ware House D,2026-05-27,2026-06-05,21,8354,In Transit,FMCG
7072,128,Ware House A,2026-05-24,2026-05-27,12,2328,Delayed,Electronics
7073,343,Ware House E,2026-05-13,2026-05-14,15,2171,In Transit,Automotive
7074,341,Ware House B,2026-05-31,2026-06-04,28,1259,Delivered,Electronics
7075,253,Ware House E,2026-05-09,2026-05-18,24,4810,Cancelled,Electronics
7076,138,Ware House E,2026-05-27,2026-05-31,39,3856,In Transit,Industrial
7077,205,Ware House C,2026-05-24,2026-06-03,71,7561,Delayed,Industrial
7078,82,Ware House E,2026-06-03,2026-06-08,67,2795,Delivered,FMCG
7079,115,Ware House A,2026-05-20,2026-05-25,39,2495,Cancelled,FMCG
7080,480,Ware House A,2026-05-18,2026-05-19,6,7119,Delivered,Pharma
7081,396,Ware House C,2026-05-23,2026-05-30,93,5613,Delayed,FMCG
7082,253,Ware House A,2026-06-04,2026-06-07,91,104,Cancelled,Pharma
7083,92,Ware House D,2026-05-28,2026-06-04,54,250,Cancelled,Industrial
7084,264,Ware House A,2026-05-07,2026-05-09,22,1247,In Transit,Industrial
7085,397,Ware House B,2026-05-24,2026-06-02,2,4054,In Transit,FMCG
7086,391,Ware House B,2026-05-17,2026-05-19,47,5674,Delivered,FMCG
7087,486,Ware House B,2026-06-01,2026-06-07,56,2386,Delivered,Industrial
7088,494,Ware House E,2026-05-16,2026-05-26,78,6730,Cancelled,Automotive
7089,253,Ware House C,2026-05-12,2026-05-21,87,3226,Delayed,Pharma
7090,262,Ware House D,2026-05-28,2026-06-07,23,1625,Cancelled,FMCG
7091,329,Ware House B,2026-05-26,2026-06-02,13,6547,Delivered,FMCG
7092,104,Ware House B,2026-05-24,2026-05-28,92,8214,In Transit,Pharma
7093,15,Ware House E,2026-05-06,2026-05-11,72,8398,Cancelled,Electronics
7094,155,Ware House C,2026-05-06,2026-05-12,22,4528,Cancelled,FMCG
7095,293,Ware House A,2026-05-07,2026-05-16,72,6893,Delayed,Automotive
7096,119,Ware House A,2026-05-26,2026-06-01,52,2192,In Transit,Automotive
7097,67,Ware House C,2026-05-13,2026-05-14,12,2577,Delayed,Automotive
7098,3,Ware House B,2026-05-20,2026-05-29,56,2970,Delivered,Electronics
7099,180,Ware House B,2026-05-18,2026-05-26,6,6709,Delayed,Industrial
7100,328,Ware House C,2026-05-17,2026-05-26,100,2846,Cancelled,Pharma
7101,324,Ware House C,2026-05-22,2026-05-31,23,9425,Delivered,Electronics
7102,219,Ware House B,2026-06-01,2026-06-10,51,8952,In Transit,FMCG
7103,447,Ware House A,2026-05-23,2026-05-27,90,8847,Delivered,Pharma
7104,470,Ware House A,2026-05-29,2026-06-06,75,6248,Cancelled,Electronics
7105,330,Ware House A,2026-05-25,2026-06-03,83,4425,Cancelled,Automotive
7106,203,Ware House C,2026-05-16,2026-05-17,32,1675,Delivered,Automotive
7107,165,Ware House D,2026-05-07,2026-05-16,24,5418,Delayed,Industrial
7108,211,Ware House C,2026-05-27,2026-05-28,84,4982,Cancelled,FMCG
7109,425,Ware House A,2026-05-11,2026-05-17,10,9132,Delayed,Industrial
7110,245,Ware House C,2026-05-17,2026-05-24,46,3767,Delayed,Industrial
7111,111,Ware House B,2026-05-31,2026-06-03,49,8928,Delivered,Pharma
7112,49,Ware House C,2026-05-12,2026-05-19,56,2864,Delivered,Electronics
7113,458,Ware House B,2026-05-19,2026-05-25,65,5496,In Transit,Automotive
7114,149,Ware House C,2026-05-10,2026-05-20,77,3321,Delayed,Electronics
7115,237,Ware House A,2026-05-22,2026-05-26,50,9463,Cancelled,Pharma
7116,379,Ware House B,2026-05-23,2026-06-02,46,9645,Delivered,Pharma
7117,31,Ware House D,2026-05-21,2026-05-27,45,275,Cancelled,Electronics
7118,350,Ware House C,2026-05-27,2026-05-31,54,3941,Delivered,Automotive
7119,163,Ware House A,2026-05-30,2026-05-31,4,5472,Cancelled,Electronics
7120,377,Ware House D,2026-06-01,2026-06-04,35,805,Delayed,Electronics
7121,158,Ware House B,2026-05-26,2026-06-03,19,1181,Cancelled,Electronics
7122,144,Ware House C,2026-05-14,2026-05-17,40,8891,Cancelled,Electronics
7123,63,Ware House E,2026-05-20,2026-05-21,61,1382,In Transit,Automotive
7124,92,Ware House D,2026-06-04,2026-06-07,29,8063,Cancelled,Electronics
7125,155,Ware House D,2026-05-30,2026-06-04,3,3814,Cancelled,FMCG
7126,495,Ware House B,2026-05-23,2026-05-29,90,6856,Cancelled,Industrial
7127,363,Ware House D,2026-06-03,2026-06-12,48,7890,Cancelled,Electronics
7128,224,Ware House A,2026-05-27,2026-05-29,1,2687,In Transit,Electronics
7129,264,Ware House C,2026-06-02,2026-06-07,18,4234,Cancelled,Industrial
7130,33,Ware House A,2026-05-24,2026-05-29,86,5464,Cancelled,Industrial
7131,318,Ware House E,2026-05-07,2026-05-15,47,6563,Cancelled,FMCG
7132,246,Ware House B,2026-05-27,2026-05-31,93,8234,In Transit,Pharma
7133,214,Ware House E,2026-06-03,2026-06-06,88,2877,Delivered,Pharma
7134,12,Ware House C,2026-05-15,2026-05-17,7,2711,Cancelled,Pharma
7135,133,Ware House C,2026-05-14,2026-05-24,18,7522,Delayed,Industrial
7136,122,Ware House E,2026-05-18,2026-05-24,42,1546,Delivered,Industrial
7137,106,Ware House B,2026-06-01,2026-06-08,3,8285,In Transit,FMCG
7138,243,Ware House D,2026-05-31,2026-06-09,6,5334,In Transit,FMCG
7139,413,Ware House C,2026-05-25,2026-05-28,40,6827,Delayed,Automotive
7140,6,Ware House C,2026-05-23,2026-05-25,17,6774,Delayed,Pharma
7141,389,Ware House C,2026-05-28,2026-06-03,50,814,Cancelled,Pharma
7142,420,Ware House A,2026-06-04,2026-06-05,70,4982,Cancelled,Automotive
7143,371,Ware House B,2026-06-03,2026-06-09,90,9112,Delayed,Automotive
7144,4,Ware House E,2026-05-22,2026-05-30,90,7989,Delayed,Industrial
7145,309,Ware House C,2026-05-28,2026-06-04,84,1340,Delivered,Pharma
7146,52,Ware House B,2026-05-10,2026-05-18,98,5014,In Transit,Pharma
7147,490,Ware House A,2026-05-13,2026-05-16,32,5490,Delivered,Automotive
7148,325,Ware House A,2026-06-01,2026-06-06,91,6996,Cancelled,FMCG
7149,142,Ware House E,2026-06-01,2026-06-07,35,5171,Delayed,Pharma
7150,470,Ware House D,2026-05-17,2026-05-26,2,6186,Delivered,FMCG
7151,492,Ware House E,2026-05-22,2026-05-30,29,1182,In Transit,Automotive
7152,120,Ware House B,2026-05-30,2026-06-05,27,7503,Cancelled,Pharma
7153,109,Ware House E,2026-05-09,2026-05-19,62,3351,Delayed,Industrial
7154,56,Ware House D,2026-05-10,2026-05-13,31,542,In Transit,Pharma
7155,464,Ware House B,2026-06-03,2026-06-06,20,5529,Cancelled,FMCG
7156,162,Ware House E,2026-05-18,2026-05-25,39,7205,In Transit,Industrial
7157,173,Ware House B,2026-06-02,2026-06-07,79,6005,Cancelled,FMCG
7158,152,Ware House B,2026-05-27,2026-06-02,36,3769,Delivered,Automotive
7159,28,Ware House B,2026-06-02,2026-06-06,76,778,In Transit,Industrial
7160,62,Ware House A,2026-06-03,2026-06-04,65,505,Delivered,FMCG
7161,131,Ware House E,2026-05-19,2026-05-25,30,1307,Delayed,Automotive
7162,158,Ware House A,2026-05-14,2026-05-22,33,4144,In Transit,FMCG
7163,134,Ware House D,2026-05-19,2026-05-29,75,5478,Delivered,Automotive
7164,152,Ware House D,2026-05-25,2026-06-01,3,4652,Delayed,Automotive
7165,33,Ware House C,2026-05-24,2026-05-26,100,1192,Cancelled,Automotive
7166,325,Ware House A,2026-05-19,2026-05-26,13,1908,Delivered,Automotive
7167,315,Ware House A,2026-05-10,2026-05-12,24,3905,Delivered,Automotive
7168,46,Ware House B,2026-05-15,2026-05-17,87,8487,Delayed,FMCG
7169,396,Ware House C,2026-05-27,2026-06-06,75,1289,Delayed,Pharma
7170,123,Ware House C,2026-05-26,2026-05-27,66,5739,Cancelled,Automotive
7171,216,Ware House C,2026-05-12,2026-05-14,85,8046,Cancelled,Automotive
7172,291,Ware House A,2026-05-27,2026-06-04,77,5087,In Transit,Industrial
7173,362,Ware House C,2026-05-14,2026-05-20,94,7160,In Transit,Automotive
7174,225,Ware House E,2026-05-25,2026-05-27,20,6840,In Transit,Industrial
7175,496,Ware House C,2026-06-03,2026-06-04,42,223,Delayed,Industrial
7176,487,Ware House A,2026-05-19,2026-05-21,96,1634,Delayed,Pharma
7177,40,Ware House D,2026-05-16,2026-05-22,86,396,In Transit,Automotive
7178,303,Ware House D,2026-05-12,2026-05-16,20,112,Delivered,Electronics
7179,84,Ware House E,2026-05-11,2026-05-17,72,9642,Delivered,Industrial
7180,493,Ware House A,2026-05-12,2026-05-16,90,284,Delivered,Automotive
7181,290,Ware House C,2026-05-29,2026-06-02,18,9366,Delivered,Industrial
7182,241,Ware House E,2026-05-14,2026-05-23,26,4667,Delayed,Industrial
7183,45,Ware House A,2026-05-12,2026-05-16,63,6108,In Transit,FMCG
7184,136,Ware House A,2026-05-08,2026-05-09,8,9996,Cancelled,Electronics
7185,389,Ware House D,2026-05-30,2026-06-02,49,3325,Delayed,Electronics
7186,397,Ware House E,2026-06-04,2026-06-07,36,413,Cancelled,Electronics
7187,468,Ware House B,2026-05-29,2026-06-04,46,4382,In Transit,Automotive
7188,290,Ware House E,2026-05-26,2026-05-29,45,8396,Delayed,Electronics
7189,121,Ware House C,2026-05-21,2026-05-23,40,7655,In Transit,FMCG
7190,381,Ware House E,2026-05-15,2026-05-17,12,6740,Cancelled,Pharma
7191,338,Ware House D,2026-05-18,2026-05-20,88,4898,Cancelled,FMCG
7192,427,Ware House C,2026-05-19,2026-05-21,20,9140,In Transit,Pharma
7193,294,Ware House E,2026-05-18,2026-05-19,18,9459,In Transit,Pharma
7194,218,Ware House C,2026-05-31,2026-06-01,86,2444,Delivered,Pharma
7195,1,Ware House E,2026-05-11,2026-05-12,27,9690,Delayed,Automotive
7196,237,Ware House E,2026-05-17,2026-05-27,63,713,Cancelled,FMCG
7197,281,Ware House D,2026-05-13,2026-05-15,65,2092,Cancelled,FMCG
7198,162,Ware House D,2026-05-07,2026-05-13,50,5615,Cancelled,Pharma
7199,381,Ware House C,2026-05-19,2026-05-29,11,2739,Cancelled,Automotive
7200,42,Ware House E,2026-05-25,2026-06-01,38,1531,Delivered,FMCG
7201,453,Ware House A,2026-05-22,2026-05-29,8,943,Cancelled,Pharma
7202,464,Ware House B,2026-05-14,2026-05-21,82,8231,Cancelled,Industrial
7203,353,Ware House B,2026-05-22,2026-06-01,82,3367,Cancelled,FMCG
7204,62,Ware House A,2026-05-27,2026-05-31,84,9648,Delivered,FMCG
7205,298,Ware House B,2026-06-04,2026-06-11,36,2028,Cancelled,Industrial
7206,183,Ware House C,2026-05-19,2026-05-22,31,8253,Cancelled,Industrial
7207,483,Ware House E,2026-06-03,2026-06-09,30,2310,Delivered,FMCG
7208,8,Ware House A,2026-05-24,2026-06-03,95,778,Delayed,FMCG
7209,75,Ware House B,2026-05-07,2026-05-15,51,7724,Delivered,Automotive
7210,186,Ware House A,2026-05-11,2026-05-16,61,9551,Delivered,Automotive
7211,249,Ware House A,2026-05-29,2026-06-02,31,6725,In Transit,Automotive
7212,295,Ware House C,2026-05-20,2026-05-28,58,452,Cancelled,Automotive
7213,238,Ware House E,2026-05-15,2026-05-25,60,7462,In Transit,FMCG
7214,482,Ware House A,2026-05-08,2026-05-13,61,3546,In Transit,Electronics
7215,177,Ware House D,2026-05-21,2026-05-26,34,2548,Delayed,Pharma
7216,236,Ware House A,2026-05-21,2026-05-24,12,6677,Delivered,Industrial
7217,182,Ware House A,2026-05-13,2026-05-18,11,6198,Delivered,Industrial
7218,171,Ware House E,2026-05-28,2026-06-07,88,9561,Delayed,Electronics
7219,40,Ware House E,2026-05-27,2026-05-29,82,7247,In Transit,FMCG
7220,258,Ware House D,2026-05-07,2026-05-13,32,6248,In Transit,Automotive
7221,118,Ware House D,2026-05-14,2026-05-21,39,8940,Delayed,FMCG
7222,230,Ware House B,2026-05-17,2026-05-18,78,3553,Delivered,FMCG
7223,437,Ware House B,2026-05-18,2026-05-27,78,6509,Delivered,Automotive
7224,489,Ware House D,2026-05-09,2026-05-13,50,1223,Delivered,Industrial
7225,209,Ware House D,2026-06-01,2026-06-07,76,1934,Delivered,Industrial
7226,144,Ware House B,2026-05-10,2026-05-17,97,1848,Delivered,FMCG
7227,302,Ware House B,2026-05-31,2026-06-07,5,4552,Delivered,Automotive
7228,369,Ware House C,2026-05-22,2026-05-25,18,9112,In Transit,Electronics
7229,12,Ware House D,2026-05-20,2026-05-26,29,9826,Delayed,FMCG
7230,216,Ware House A,2026-06-03,2026-06-05,31,2805,Delayed,Automotive
7231,447,Ware House D,2026-05-23,2026-05-30,32,2853,Cancelled,Industrial
7232,102,Ware House C,2026-05-26,2026-05-29,63,569,Cancelled,Pharma
7233,385,Ware House B,2026-06-03,2026-06-04,55,6533,Delayed,Electronics
7234,63,Ware House B,2026-05-24,2026-05-31,46,7011,Cancelled,Pharma
7235,11,Ware House E,2026-06-01,2026-06-08,6,1175,Delayed,Pharma
7236,263,Ware House D,2026-06-03,2026-06-04,34,4527,Delivered,Pharma
7237,97,Ware House E,2026-06-01,2026-06-11,46,3183,Delivered,Industrial
7238,451,Ware House D,2026-05-29,2026-06-06,2,6585,Delivered,Pharma
7239,157,Ware House B,2026-05-24,2026-05-28,59,105,Delayed,Pharma
7240,229,Ware House C,2026-06-02,2026-06-07,78,6843,Delivered,Automotive
7241,452,Ware House D,2026-05-21,2026-05-27,98,9316,Delivered,Industrial
7242,14,Ware House E,2026-05-27,2026-05-30,85,7154,In Transit,Electronics
7243,284,Ware House C,2026-05-25,2026-05-28,33,1791,Delivered,Electronics
7244,384,Ware House C,2026-06-04,2026-06-12,47,6363,Delivered,Automotive
7245,391,Ware House D,2026-06-01,2026-06-07,98,3846,Delayed,Industrial
7246,165,Ware House B,2026-05-28,2026-06-02,5,8983,Delivered,Automotive
7247,74,Ware House A,2026-05-17,2026-05-25,16,5587,Delivered,Pharma
7248,362,Ware House B,2026-05-30,2026-06-03,52,5030,Delivered,Automotive
7249,433,Ware House C,2026-05-12,2026-05-14,26,2205,Delivered,FMCG
7250,489,Ware House B,2026-05-11,2026-05-17,78,6375,Delivered,Electronics
7251,204,Ware House C,2026-05-20,2026-05-30,29,7576,Delivered,Pharma
7252,162,Ware House D,2026-05-11,2026-05-19,63,8282,Cancelled,Pharma
7253,121,Ware House D,2026-05-16,2026-05-26,14,2427,Delivered,Pharma
7254,97,Ware House B,2026-05-22,2026-05-30,81,1193,In Transit,Industrial
7255,65,Ware House C,2026-05-08,2026-05-13,53,5722,Delayed,FMCG
7256,253,Ware House D,2026-05-10,2026-05-13,9,383,Delivered,Automotive
7257,160,Ware House C,2026-05-25,2026-05-31,68,3289,In Transit,Pharma
7258,289,Ware House B,2026-05-27,2026-05-29,9,9244,Delayed,FMCG
7259,477,Ware House C,2026-05-23,2026-05-26,79,9056,In Transit,Pharma
7260,47,Ware House D,2026-05-19,2026-05-29,59,7061,Cancelled,Automotive
7261,281,Ware House B,2026-05-26,2026-06-04,94,135,Cancelled,FMCG
7262,8,Ware House C,2026-05-30,2026-06-06,98,9605,Cancelled,Automotive
7263,124,Ware House B,2026-05-20,2026-05-22,14,6852,Delayed,Electronics
7264,23,Ware House D,2026-05-28,2026-06-02,60,5914,Delayed,FMCG
7265,470,Ware House C,2026-05-22,2026-05-31,36,6141,Delayed,FMCG
7266,24,Ware House A,2026-05-17,2026-05-21,98,3148,Delivered,Automotive
7267,274,Ware House D,2026-05-07,2026-05-15,45,8722,In Transit,Industrial
7268,368,Ware House A,2026-05-23,2026-05-30,88,6083,Cancelled,FMCG
7269,228,Ware House A,2026-05-25,2026-06-01,73,9548,Delivered,Electronics
7270,492,Ware House C,2026-05-21,2026-05-25,73,2610,Delayed,Electronics
7271,185,Ware House D,2026-05-26,2026-05-29,55,338,Delivered,Electronics
7272,99,Ware House E,2026-05-06,2026-05-15,48,6590,Delivered,Pharma
7273,477,Ware House C,2026-05-26,2026-05-28,27,8538,Delayed,Electronics
7274,478,Ware House A,2026-05-11,2026-05-21,67,504,In Transit,FMCG
7275,188,Ware House B,2026-05-24,2026-05-31,66,853,Cancelled,Industrial
7276,358,Ware House D,2026-05-16,2026-05-23,46,4175,Cancelled,Pharma
7277,175,Ware House E,2026-05-17,2026-05-25,76,1006,In Transit,Pharma
7278,426,Ware House B,2026-05-15,2026-05-18,30,108,Cancelled,Pharma
7279,313,Ware House A,2026-05-24,2026-05-25,88,9842,In Transit,FMCG
7280,272,Ware House B,2026-05-07,2026-05-10,49,8939,In Transit,Pharma
7281,12,Ware House B,2026-05-10,2026-05-18,89,1414,In Transit,Electronics
7282,456,Ware House B,2026-06-01,2026-06-09,52,1935,Delayed,Pharma
7283,193,Ware House D,2026-06-02,2026-06-03,13,4259,Delivered,Automotive
7284,427,Ware House B,2026-05-31,2026-06-10,45,8730,Cancelled,Pharma
7285,405,Ware House B,2026-05-09,2026-05-15,29,513,Delayed,Electronics
7286,321,Ware House D,2026-05-26,2026-06-01,73,8647,Delayed,Electronics
7287,111,Ware House E,2026-06-03,2026-06-05,62,3219,Delayed,Electronics
7288,268,Ware House B,2026-06-04,2026-06-11,64,4495,Delayed,Industrial
7289,100,Ware House D,2026-05-30,2026-06-01,30,4590,Delivered,Automotive
7290,342,Ware House A,2026-06-01,2026-06-02,47,4217,Delayed,Automotive
7291,28,Ware House E,2026-05-17,2026-05-22,82,8480,Delayed,Industrial
7292,164,Ware House E,2026-05-15,2026-05-22,19,1283,Delivered,FMCG
7293,177,Ware House E,2026-05-12,2026-05-22,3,2828,Delayed,Pharma
7294,324,Ware House A,2026-05-31,2026-06-02,83,4870,Delivered,Automotive
7295,38,Ware House B,2026-05-10,2026-05-16,52,5106,In Transit,Electronics
7296,303,Ware House D,2026-06-01,2026-06-05,46,3621,Delivered,Electronics
7297,205,Ware House A,2026-05-08,2026-05-12,33,6404,Cancelled,FMCG
7298,36,Ware House C,2026-06-02,2026-06-08,40,537,In Transit,Pharma
7299,61,Ware House D,2026-05-06,2026-05-14,1,3740,In Transit,Pharma
7300,403,Ware House E,2026-05-13,2026-05-15,56,6902,In Transit,Electronics
7301,382,Ware House D,2026-05-14,2026-05-22,86,4091,In Transit,Electronics
7302,277,Ware House D,2026-06-03,2026-06-07,84,353,Delayed,FMCG
7303,316,Ware House A,2026-05-27,2026-05-28,77,1764,Delayed,Automotive
7304,175,Ware House D,2026-05-31,2026-06-04,73,7838,Delivered,FMCG
7305,303,Ware House C,2026-06-03,2026-06-10,14,5274,Delayed,Pharma
7306,133,Ware House E,2026-05-20,2026-05-28,17,5235,Delivered,Pharma
7307,247,Ware House B,2026-05-16,2026-05-21,78,6836,Delivered,Automotive
7308,120,Ware House A,2026-05-14,2026-05-17,42,1739,Delivered,Industrial
7309,252,Ware House C,2026-06-01,2026-06-04,10,7647,In Transit,Electronics
7310,79,Ware House B,2026-06-01,2026-06-03,79,4938,Delivered,Electronics
7311,492,Ware House E,2026-05-21,2026-05-26,88,6413,Delayed,Pharma
7312,120,Ware House D,2026-05-24,2026-05-27,93,1256,Delivered,Pharma
7313,262,Ware House B,2026-05-15,2026-05-25,78,6233,Delivered,Pharma
7314,333,Ware House B,2026-05-11,2026-05-17,54,3838,Delivered,FMCG
7315,394,Ware House D,2026-05-26,2026-05-27,39,9291,In Transit,Automotive
7316,496,Ware House C,2026-05-25,2026-05-28,73,404,In Transit,Electronics
7317,411,Ware House B,2026-05-12,2026-05-15,93,4489,Delivered,FMCG
7318,380,Ware House D,2026-05-28,2026-05-30,19,8208,Cancelled,Automotive
7319,159,Ware House A,2026-05-20,2026-05-21,87,7561,In Transit,Electronics
7320,212,Ware House D,2026-05-07,2026-05-14,53,5192,Delayed,Industrial
7321,189,Ware House A,2026-05-17,2026-05-20,7,6662,In Transit,Pharma
7322,360,Ware House E,2026-05-15,2026-05-18,10,3932,Cancelled,FMCG
7323,273,Ware House B,2026-05-08,2026-05-17,82,7152,Delayed,Electronics
7324,163,Ware House A,2026-05-08,2026-05-16,18,7190,Delivered,Electronics
7325,145,Ware House C,2026-05-21,2026-05-22,91,1919,In Transit,Electronics
7326,381,Ware House D,2026-05-15,2026-05-23,69,7794,Delayed,Industrial
7327,94,Ware House E,2026-05-16,2026-05-26,9,4279,Cancelled,Industrial
7328,163,Ware House D,2026-05-18,2026-05-25,31,9264,Delivered,Automotive
7329,178,Ware House D,2026-05-26,2026-05-30,61,5570,Delayed,Pharma
7330,78,Ware House C,2026-05-30,2026-06-01,32,7176,In Transit,Industrial
7331,310,Ware House D,2026-05-15,2026-05-25,97,3032,Cancelled,Electronics
7332,348,Ware House B,2026-05-26,2026-05-28,82,4627,Delivered,Automotive
7333,43,Ware House C,2026-05-22,2026-05-25,86,4064,In Transit,Automotive
7334,226,Ware House A,2026-05-23,2026-05-29,13,1351,Cancelled,FMCG
7335,450,Ware House C,2026-05-15,2026-05-23,95,3708,In Transit,Pharma
7336,107,Ware House B,2026-05-06,2026-05-09,33,6904,Delivered,Pharma
7337,241,Ware House B,2026-06-03,2026-06-04,31,2383,In Transit,Automotive
7338,146,Ware House A,2026-05-16,2026-05-26,24,7936,Delivered,Pharma
7339,468,Ware House B,2026-05-23,2026-05-25,98,9176,Delayed,Pharma
7340,286,Ware House B,2026-05-24,2026-05-29,88,1562,Delayed,Pharma
7341,223,Ware House E,2026-05-07,2026-05-10,9,7032,Delayed,Electronics
7342,214,Ware House E,2026-05-25,2026-06-04,79,2371,Delivered,Electronics
7343,421,Ware House B,2026-05-07,2026-05-11,55,3398,Delayed,Pharma
7344,471,Ware House B,2026-05-07,2026-05-09,79,7346,Delivered,Industrial
7345,428,Ware House C,2026-05-26,2026-06-04,89,9222,In Transit,Electronics
7346,266,Ware House B,2026-05-26,2026-05-28,89,1150,Delayed,FMCG
7347,151,Ware House C,2026-06-02,2026-06-10,64,6219,Delayed,FMCG
7348,163,Ware House E,2026-05-24,2026-05-29,40,5959,Delayed,Automotive
7349,114,Ware House B,2026-05-09,2026-05-17,96,8619,Cancelled,Pharma
7350,488,Ware House A,2026-05-18,2026-05-20,9,2507,In Transit,Electronics
7351,11,Ware House C,2026-05-26,2026-05-29,3,6279,In Transit,Industrial
7352,258,Ware House B,2026-05-17,2026-05-24,78,1615,In Transit,Industrial
7353,490,Ware House A,2026-05-10,2026-05-13,35,297,In Transit,Automotive
7354,167,Ware House A,2026-05-22,2026-05-30,92,1160,Cancelled,Industrial
7355,325,Ware House C,2026-05-18,2026-05-21,33,6864,In Transit,Pharma
7356,62,Ware House B,2026-06-01,2026-06-04,44,3724,Cancelled,FMCG
7357,89,Ware House B,2026-05-26,2026-06-04,7,1899,Delayed,Electronics
7358,93,Ware House C,2026-05-29,2026-05-31,32,4312,Delivered,Automotive
7359,204,Ware House A,2026-05-25,2026-05-31,98,6980,In Transit,Industrial
7360,418,Ware House A,2026-05-30,2026-06-01,32,3068,In Transit,Industrial
7361,368,Ware House C,2026-06-02,2026-06-07,13,8613,Cancelled,Pharma
7362,437,Ware House C,2026-05-22,2026-05-25,36,8461,Delivered,FMCG
7363,276,Ware House D,2026-06-01,2026-06-02,80,3363,Delayed,Pharma
7364,169,Ware House C,2026-05-27,2026-05-29,98,9331,In Transit,Pharma
7365,90,Ware House D,2026-05-19,2026-05-26,92,4682,Cancelled,Electronics
7366,356,Ware House B,2026-06-03,2026-06-09,96,3128,Delivered,Industrial
7367,103,Ware House B,2026-05-17,2026-05-22,89,3568,Delivered,Electronics
7368,273,Ware House A,2026-05-22,2026-05-27,74,8967,Cancelled,Pharma
7369,474,Ware House C,2026-05-25,2026-05-30,7,6524,In Transit,FMCG
7370,372,Ware House B,2026-05-10,2026-05-15,67,5596,Delayed,Pharma
7371,82,Ware House E,2026-05-23,2026-05-30,20,7530,Delivered,Electronics
7372,81,Ware House C,2026-05-13,2026-05-17,57,4030,In Transit,Automotive
7373,121,Ware House E,2026-05-08,2026-05-10,8,3089,Delayed,FMCG
7374,445,Ware House C,2026-05-09,2026-05-12,67,2327,Cancelled,Automotive
7375,461,Ware House C,2026-05-26,2026-06-04,33,209,Delayed,Pharma
7376,460,Ware House C,2026-05-16,2026-05-24,76,7610,Delayed,Automotive
7377,334,Ware House D,2026-05-15,2026-05-24,30,4806,In Transit,Electronics
7378,96,Ware House D,2026-05-11,2026-05-12,35,681,Delayed,Industrial
7379,323,Ware House C,2026-05-30,2026-06-08,66,3246,In Transit,Automotive
7380,349,Ware House D,2026-05-14,2026-05-21,42,7778,Delayed,Electronics
7381,215,Ware House C,2026-05-14,2026-05-21,53,4762,Cancelled,Industrial
7382,116,Ware House A,2026-05-19,2026-05-25,65,686,Cancelled,Automotive
7383,367,Ware House E,2026-05-28,2026-06-04,26,5359,Delivered,Pharma
7384,258,Ware House C,2026-05-14,2026-05-15,61,5891,Delayed,Pharma
7385,219,Ware House E,2026-05-26,2026-05-31,88,959,Delivered,Industrial
7386,324,Ware House B,2026-05-10,2026-05-11,95,1788,In Transit,Electronics
7387,268,Ware House C,2026-05-07,2026-05-12,97,9464,In Transit,Pharma
7388,64,Ware House E,2026-05-17,2026-05-18,65,131,Delayed,Electronics
7389,5,Ware House D,2026-05-09,2026-05-18,87,8950,Delayed,Automotive
7390,311,Ware House A,2026-05-21,2026-05-28,68,6905,In Transit,FMCG
7391,18,Ware House C,2026-05-09,2026-05-10,83,118,Delayed,FMCG
7392,311,Ware House C,2026-05-23,2026-05-24,38,1240,In Transit,FMCG
7393,403,Ware House E,2026-05-07,2026-05-11,76,8126,In Transit,Automotive
7394,291,Ware House A,2026-06-02,2026-06-12,27,3746,In Transit,FMCG
7395,225,Ware House C,2026-05-30,2026-06-01,74,6521,Delayed,Industrial
7396,260,Ware House E,2026-05-11,2026-05-15,14,3080,In Transit,FMCG
7397,125,Ware House A,2026-05-16,2026-05-19,27,6457,Cancelled,FMCG
7398,423,Ware House A,2026-05-24,2026-05-25,84,1685,In Transit,Pharma
7399,388,Ware House D,2026-06-04,2026-06-14,56,2754,In Transit,Automotive
7400,17,Ware House D,2026-05-17,2026-05-19,22,9143,Cancelled,Electronics
7401,209,Ware House D,2026-05-14,2026-05-18,55,3067,Delivered,Pharma
7402,269,Ware House C,2026-05-26,2026-05-27,2,9731,Delivered,Pharma
7403,408,Ware House B,2026-05-30,2026-05-31,49,8308,Delivered,Industrial
7404,94,Ware House A,2026-05-16,2026-05-21,74,6281,Cancelled,Pharma
7405,302,Ware House C,2026-05-20,2026-05-24,63,9335,Delivered,Industrial
7406,97,Ware House A,2026-05-14,2026-05-20,1,720,Delayed,Industrial
7407,464,Ware House C,2026-05-21,2026-05-23,28,454,Delayed,Electronics
7408,432,Ware House A,2026-05-07,2026-05-10,26,8653,Delivered,Industrial
7409,331,Ware House C,2026-05-17,2026-05-24,62,7828,In Transit,Electronics
7410,212,Ware House D,2026-05-06,2026-05-14,12,6541,Delayed,Automotive
7411,498,Ware House E,2026-06-01,2026-06-10,33,7010,Delayed,Pharma
7412,343,Ware House A,2026-05-29,2026-05-30,54,1361,In Transit,Automotive
7413,364,Ware House C,2026-05-27,2026-06-02,55,8706,In Transit,Industrial
7414,283,Ware House D,2026-06-02,2026-06-07,6,5056,Delayed,Pharma
7415,389,Ware House B,2026-05-07,2026-05-10,12,1239,Cancelled,Pharma
7416,474,Ware House B,2026-06-03,2026-06-11,69,8613,Delivered,Automotive
7417,306,Ware House B,2026-05-25,2026-06-01,74,2618,Cancelled,Electronics
7418,227,Ware House C,2026-05-21,2026-05-31,46,3885,Cancelled,Pharma
7419,490,Ware House E,2026-05-23,2026-05-31,3,6684,Delayed,Electronics
7420,440,Ware House D,2026-05-11,2026-05-15,1,6108,Delayed,Electronics
7421,429,Ware House D,2026-05-24,2026-05-31,19,3290,Delayed,Automotive
7422,75,Ware House C,2026-05-13,2026-05-22,65,273,Cancelled,Industrial
7423,451,Ware House D,2026-05-21,2026-05-27,1,7527,Cancelled,FMCG
7424,235,Ware House C,2026-05-10,2026-05-20,80,6146,Delivered,Pharma
7425,181,Ware House A,2026-05-21,2026-05-24,92,6807,Cancelled,Industrial
7426,254,Ware House D,2026-05-10,2026-05-14,83,2765,Cancelled,Industrial
7427,184,Ware House E,2026-05-31,2026-06-01,19,8375,Delayed,Automotive
7428,194,Ware House C,2026-05-29,2026-05-31,58,1948,Delayed,Automotive
7429,497,Ware House D,2026-05-27,2026-05-28,16,2694,In Transit,Industrial
7430,311,Ware House A,2026-05-06,2026-05-07,41,9837,Cancelled,Pharma
7431,308,Ware House D,2026-05-24,2026-05-26,56,2583,Delivered,Electronics
7432,476,Ware House E,2026-05-28,2026-06-07,46,1702,Delivered,Industrial
7433,4,Ware House C,2026-06-02,2026-06-11,74,6498,Cancelled,Industrial
7434,374,Ware House B,2026-05-12,2026-05-21,92,1559,Delayed,FMCG
7435,391,Ware House B,2026-05-21,2026-05-24,99,2889,Cancelled,Pharma
7436,264,Ware House A,2026-05-19,2026-05-25,25,8353,Cancelled,Electronics
7437,406,Ware House C,2026-05-20,2026-05-22,40,3839,Delayed,Pharma
7438,461,Ware House D,2026-05-14,2026-05-22,97,6491,Delayed,Industrial
7439,317,Ware House E,2026-05-22,2026-05-30,78,1477,Delayed,Automotive
7440,435,Ware House A,2026-05-22,2026-05-31,94,323,In Transit,Electronics
7441,368,Ware House D,2026-05-23,2026-05-27,36,4341,Delayed,Pharma
7442,5,Ware House A,2026-05-23,2026-05-28,23,868,Cancelled,Automotive
7443,330,Ware House D,2026-05-25,2026-05-30,76,2254,Delayed,Industrial
7444,363,Ware House A,2026-05-31,2026-06-10,50,6847,Delayed,FMCG
7445,271,Ware House B,2026-05-14,2026-05-15,75,1155,Delivered,Industrial
7446,199,Ware House E,2026-05-25,2026-05-27,52,1944,Delayed,FMCG
7447,443,Ware House C,2026-05-12,2026-05-19,16,1001,Delayed,Industrial
7448,2,Ware House C,2026-05-19,2026-05-26,51,4268,In Transit,Industrial
7449,119,Ware House B,2026-05-13,2026-05-17,13,6224,Delayed,Electronics
7450,270,Ware House C,2026-05-25,2026-06-04,5,2231,Delivered,Industrial
7451,416,Ware House D,2026-06-01,2026-06-03,12,4078,Delivered,Automotive
7452,237,Ware House A,2026-05-29,2026-06-04,99,8119,Delayed,Industrial
7453,376,Ware House C,2026-05-21,2026-05-22,12,1892,Delivered,Pharma
7454,250,Ware House B,2026-05-18,2026-05-26,61,1576,Delayed,Industrial
7455,310,Ware House E,2026-06-04,2026-06-11,50,7394,In Transit,Industrial
7456,356,Ware House C,2026-05-20,2026-05-26,20,8146,Cancelled,Pharma
7457,16,Ware House D,2026-05-31,2026-06-03,89,9562,In Transit,FMCG
7458,243,Ware House D,2026-05-23,2026-05-31,75,663,Delayed,Pharma
7459,13,Ware House A,2026-05-18,2026-05-28,66,4810,Cancelled,Electronics
7460,17,Ware House D,2026-05-19,2026-05-22,59,3700,Cancelled,Industrial
7461,414,Ware House E,2026-05-06,2026-05-09,31,1201,Delivered,Pharma
7462,247,Ware House E,2026-05-09,2026-05-13,23,8852,In Transit,Electronics
7463,374,Ware House D,2026-05-30,2026-06-05,100,7213,Cancelled,Electronics
7464,93,Ware House A,2026-05-14,2026-05-23,79,3960,Cancelled,Pharma
7465,152,Ware House D,2026-06-03,2026-06-13,85,2952,Delayed,FMCG
7466,21,Ware House E,2026-05-27,2026-06-03,35,812,Cancelled,Automotive
7467,15,Ware House D,2026-05-18,2026-05-28,37,5227,Delivered,Automotive
7468,162,Ware House D,2026-05-11,2026-05-21,59,3801,Delivered,Automotive
7469,326,Ware House B,2026-05-30,2026-06-03,33,9183,Cancelled,Automotive
7470,11,Ware House B,2026-05-25,2026-05-31,81,1939,Cancelled,Electronics
7471,458,Ware House C,2026-06-04,2026-06-07,73,5443,Cancelled,Pharma
7472,222,Ware House C,2026-05-22,2026-05-23,57,7730,Delivered,Industrial
7473,335,Ware House A,2026-05-28,2026-05-29,28,7034,Delayed,Pharma
7474,172,Ware House B,2026-05-29,2026-06-03,31,112,Delayed,Industrial
7475,415,Ware House B,2026-05-06,2026-05-11,26,1844,Cancelled,Electronics
7476,231,Ware House B,2026-06-02,2026-06-07,62,3307,Delivered,FMCG
7477,207,Ware House D,2026-05-26,2026-06-05,67,4279,Delivered,Automotive
7478,27,Ware House A,2026-05-13,2026-05-19,57,2292,In Transit,Industrial
7479,248,Ware House D,2026-05-23,2026-05-24,16,2658,Cancelled,Electronics
7480,31,Ware House D,2026-06-02,2026-06-04,67,5344,Delivered,Pharma
7481,187,Ware House C,2026-05-24,2026-05-28,56,8552,Cancelled,Automotive
7482,205,Ware House D,2026-05-21,2026-05-28,31,2104,Delivered,Electronics
7483,290,Ware House C,2026-05-11,2026-05-12,94,7712,Delivered,Industrial
7484,496,Ware House C,2026-05-15,2026-05-21,72,2092,Delivered,Industrial
7485,66,Ware House D,2026-05-23,2026-06-01,22,5197,Cancelled,Pharma
7486,2,Ware House C,2026-05-18,2026-05-20,63,5025,Cancelled,FMCG
7487,96,Ware House E,2026-05-10,2026-05-15,22,6569,In Transit,Pharma
7488,461,Ware House D,2026-05-08,2026-05-16,15,3237,Delayed,Pharma
7489,341,Ware House D,2026-06-01,2026-06-07,56,5150,In Transit,Pharma
7490,500,Ware House C,2026-05-14,2026-05-17,85,5378,In Transit,FMCG
7491,360,Ware House A,2026-05-17,2026-05-21,38,1612,Cancelled,Electronics
7492,390,Ware House A,2026-05-24,2026-06-03,78,5919,Delivered,Pharma
7493,110,Ware House C,2026-05-25,2026-05-26,36,5339,Cancelled,Automotive
7494,246,Ware House B,2026-05-25,2026-05-28,2,2980,Delayed,Pharma
7495,230,Ware House A,2026-05-29,2026-06-02,47,3849,In Transit,FMCG
7496,159,Ware House D,2026-05-31,2026-06-07,90,8142,In Transit,Automotive
7497,165,Ware House E,2026-05-24,2026-06-02,74,4279,Delayed,Automotive
7498,327,Ware House C,2026-05-30,2026-06-06,62,6271,Delayed,Industrial
7499,17,Ware House C,2026-05-18,2026-05-23,28,5591,Cancelled,Pharma
7500,329,Ware House D,2026-05-17,2026-05-25,11,5598,In Transit,Electronics
7501,355,Ware House B,2026-05-22,2026-05-31,32,477,Delayed,FMCG
7502,298,Ware House B,2026-05-30,2026-06-01,76,3350,Delivered,Electronics
7503,194,Ware House A,2026-05-23,2026-05-28,92,3749,Cancelled,Industrial
7504,66,Ware House C,2026-05-18,2026-05-23,29,5978,Cancelled,Automotive
7505,52,Ware House C,2026-05-06,2026-05-08,62,6845,In Transit,FMCG
7506,23,Ware House E,2026-05-23,2026-05-31,4,4791,Cancelled,Electronics
7507,40,Ware House C,2026-05-20,2026-05-28,43,8811,Delivered,Industrial
7508,248,Ware House D,2026-05-31,2026-06-02,21,9599,In Transit,Automotive
7509,95,Ware House D,2026-05-15,2026-05-20,86,3410,Delivered,Electronics
7510,258,Ware House B,2026-05-15,2026-05-16,42,5129,Delayed,Automotive
7511,28,Ware House B,2026-05-26,2026-05-28,73,1366,Cancelled,Automotive
7512,435,Ware House C,2026-05-15,2026-05-21,62,9041,Cancelled,Electronics
7513,79,Ware House E,2026-05-27,2026-06-04,49,3356,Delayed,Electronics
7514,85,Ware House D,2026-05-30,2026-06-02,40,8028,In Transit,Industrial
7515,437,Ware House B,2026-05-08,2026-05-14,97,8373,In Transit,Electronics
7516,172,Ware House D,2026-05-28,2026-06-06,24,7447,Cancelled,Pharma
7517,217,Ware House A,2026-05-25,2026-05-28,33,9852,Delivered,Industrial
7518,166,Ware House A,2026-05-06,2026-05-15,95,6948,Delivered,Pharma
7519,39,Ware House A,2026-05-14,2026-05-15,57,6382,Delayed,Electronics
7520,164,Ware House D,2026-06-03,2026-06-06,90,5686,Delivered,Electronics
7521,235,Ware House C,2026-06-02,2026-06-12,69,9700,Cancelled,Automotive
7522,401,Ware House C,2026-05-19,2026-05-23,66,2116,Delayed,Industrial
7523,461,Ware House A,2026-05-08,2026-05-16,54,9036,In Transit,Electronics
7524,336,Ware House C,2026-05-08,2026-05-12,87,717,Cancelled,Automotive
7525,412,Ware House C,2026-05-14,2026-05-16,28,7341,In Transit,Industrial
7526,269,Ware House A,2026-05-11,2026-05-19,27,7317,In Transit,Pharma
7527,243,Ware House E,2026-05-19,2026-05-21,64,1593,Delayed,FMCG
7528,474,Ware House C,2026-06-04,2026-06-14,45,7339,In Transit,Automotive
7529,427,Ware House A,2026-06-01,2026-06-09,4,2024,Delivered,Automotive
7530,463,Ware House B,2026-06-02,2026-06-12,51,9416,Cancelled,Industrial
7531,309,Ware House D,2026-05-14,2026-05-24,4,1245,Delivered,Automotive
7532,250,Ware House C,2026-05-08,2026-05-16,54,7046,Cancelled,FMCG
7533,490,Ware House C,2026-05-12,2026-05-17,50,3761,Delivered,Electronics
7534,336,Ware House B,2026-05-11,2026-05-13,52,4102,In Transit,FMCG
7535,231,Ware House E,2026-05-18,2026-05-23,25,1117,In Transit,Pharma
7536,55,Ware House A,2026-05-25,2026-05-31,49,3938,Cancelled,Pharma
7537,218,Ware House A,2026-05-07,2026-05-12,95,8786,Cancelled,FMCG
7538,229,Ware House A,2026-06-02,2026-06-10,94,4376,In Transit,FMCG
7539,45,Ware House B,2026-05-16,2026-05-17,71,3878,Delayed,Automotive
7540,460,Ware House B,2026-05-21,2026-05-31,66,4239,In Transit,Industrial
7541,294,Ware House C,2026-05-25,2026-05-30,88,8705,Delayed,Electronics
7542,453,Ware House A,2026-05-31,2026-06-04,8,1630,Delayed,Automotive
7543,425,Ware House B,2026-05-28,2026-05-31,61,3353,In Transit,Pharma
7544,485,Ware House D,2026-05-25,2026-05-30,19,6658,Cancelled,Electronics
7545,202,Ware House A,2026-05-28,2026-06-04,53,4300,In Transit,Electronics
7546,288,Ware House B,2026-06-04,2026-06-08,86,744,Cancelled,Electronics
7547,1,Ware House B,2026-05-30,2026-06-05,25,2475,Delayed,Industrial
7548,385,Ware House D,2026-05-17,2026-05-26,43,1211,Delayed,Pharma
7549,302,Ware House B,2026-05-15,2026-05-24,52,9144,Cancelled,Industrial
7550,72,Ware House E,2026-05-29,2026-06-04,87,9499,In Transit,Industrial
7551,48,Ware House C,2026-05-09,2026-05-10,41,8247,Delayed,Electronics
7552,121,Ware House D,2026-05-09,2026-05-19,71,7682,In Transit,Electronics
7553,189,Ware House A,2026-05-17,2026-05-19,72,4756,In Transit,Electronics
7554,280,Ware House D,2026-05-12,2026-05-22,2,9902,Cancelled,Automotive
7555,404,Ware House D,2026-05-08,2026-05-10,70,1978,Delayed,FMCG
7556,418,Ware House D,2026-05-23,2026-05-27,6,2747,In Transit,Industrial
7557,393,Ware House B,2026-05-25,2026-05-27,29,8514,Delivered,Electronics
7558,6,Ware House B,2026-05-07,2026-05-12,94,9590,Cancelled,Industrial
7559,206,Ware House B,2026-05-11,2026-05-17,86,7770,Cancelled,FMCG
7560,145,Ware House D,2026-05-26,2026-06-02,74,9940,Delivered,Automotive
7561,158,Ware House D,2026-05-25,2026-06-02,10,2617,Cancelled,FMCG
7562,82,Ware House A,2026-05-25,2026-05-28,91,1550,Cancelled,Automotive
7563,245,Ware House D,2026-05-24,2026-05-26,54,3166,Delayed,Electronics
7564,134,Ware House C,2026-05-26,2026-06-01,68,941,Cancelled,Automotive
7565,319,Ware House E,2026-05-13,2026-05-16,97,2939,Delivered,Industrial
7566,489,Ware House D,2026-05-07,2026-05-08,41,116,Delivered,Automotive
7567,249,Ware House E,2026-05-27,2026-06-06,5,7297,Delayed,FMCG
7568,43,Ware House E,2026-05-06,2026-05-08,42,2778,Delayed,Industrial
7569,136,Ware House B,2026-05-12,2026-05-20,57,5274,Cancelled,FMCG
7570,239,Ware House C,2026-05-13,2026-05-16,14,2792,Cancelled,Pharma
7571,177,Ware House A,2026-05-16,2026-05-23,97,1258,Delivered,Automotive
7572,109,Ware House C,2026-05-15,2026-05-20,62,4603,Cancelled,Automotive
7573,128,Ware House B,2026-05-11,2026-05-17,83,2017,Delivered,Automotive
7574,114,Ware House A,2026-06-04,2026-06-13,30,7886,In Transit,Pharma
7575,160,Ware House C,2026-05-16,2026-05-20,26,3230,Delivered,FMCG
7576,204,Ware House C,2026-05-10,2026-05-14,57,7005,Delayed,Automotive
7577,168,Ware House D,2026-05-30,2026-06-08,97,1269,Delayed,Electronics
7578,125,Ware House B,2026-05-24,2026-05-31,68,7150,Cancelled,Industrial
7579,115,Ware House E,2026-05-16,2026-05-26,78,6045,Delivered,FMCG
7580,98,Ware House B,2026-05-30,2026-06-06,10,7675,Delayed,Electronics
7581,348,Ware House D,2026-05-15,2026-05-19,55,3342,Cancelled,Electronics
7582,220,Ware House D,2026-06-01,2026-06-05,38,4909,In Transit,Automotive
7583,210,Ware House A,2026-06-01,2026-06-04,89,6793,Delayed,Electronics
7584,228,Ware House D,2026-06-01,2026-06-07,58,1431,In Transit,Automotive
7585,170,Ware House B,2026-05-24,2026-06-02,90,3586,In Transit,Electronics
7586,205,Ware House C,2026-05-06,2026-05-07,43,2725,Delivered,FMCG
7587,297,Ware House E,2026-05-13,2026-05-15,85,9346,Delayed,Industrial
7588,182,Ware House B,2026-05-17,2026-05-26,56,4679,In Transit,Automotive
7589,477,Ware House E,2026-05-17,2026-05-23,41,6498,Delayed,Pharma
7590,241,Ware House E,2026-06-02,2026-06-11,42,2621,Delayed,Electronics
7591,167,Ware House C,2026-06-04,2026-06-05,14,7766,In Transit,FMCG
7592,93,Ware House D,2026-05-13,2026-05-18,74,2973,Cancelled,FMCG
7593,459,Ware House B,2026-05-30,2026-05-31,23,6880,Cancelled,FMCG
7594,140,Ware House C,2026-05-24,2026-06-02,21,4620,Delivered,FMCG
7595,61,Ware House C,2026-06-03,2026-06-07,13,5333,In Transit,Electronics
7596,346,Ware House A,2026-05-09,2026-05-13,94,5024,Delayed,Automotive
7597,278,Ware House B,2026-05-30,2026-06-06,26,7624,Delivered,FMCG
7598,437,Ware House E,2026-05-06,2026-05-15,23,7341,Cancelled,Automotive
7599,376,Ware House B,2026-05-24,2026-05-28,80,1021,In Transit,Industrial
7600,277,Ware House D,2026-05-29,2026-06-07,65,5719,Cancelled,FMCG
7601,293,Ware House A,2026-05-21,2026-05-31,10,2570,Delivered,Electronics
7602,157,Ware House E,2026-05-20,2026-05-21,76,8898,Cancelled,Automotive
7603,8,Ware House E,2026-05-25,2026-06-04,67,1362,Delayed,FMCG
7604,500,Ware House C,2026-05-30,2026-06-02,34,8282,In Transit,Electronics
7605,377,Ware House B,2026-05-16,2026-05-21,16,5551,In Transit,Electronics
7606,460,Ware House E,2026-05-15,2026-05-24,76,6388,In Transit,Pharma
7607,476,Ware House D,2026-05-18,2026-05-21,84,3551,Delivered,FMCG
7608,154,Ware House B,2026-05-09,2026-05-17,10,9606,In Transit,Pharma
7609,279,Ware House A,2026-05-14,2026-05-17,87,9838,In Transit,FMCG
7610,480,Ware House A,2026-05-29,2026-06-08,45,1246,Delayed,Automotive
7611,80,Ware House D,2026-05-18,2026-05-24,15,2380,Delayed,Electronics
7612,402,Ware House E,2026-05-30,2026-05-31,7,6208,In Transit,Automotive
7613,145,Ware House C,2026-05-20,2026-05-26,51,1665,Cancelled,Automotive
7614,192,Ware House D,2026-05-17,2026-05-23,78,9107,Cancelled,Industrial
7615,448,Ware House B,2026-05-07,2026-05-12,26,3237,Cancelled,Electronics
7616,415,Ware House C,2026-05-15,2026-05-22,10,2383,Delivered,Electronics
7617,333,Ware House A,2026-05-29,2026-06-05,94,1593,Cancelled,FMCG
7618,38,Ware House A,2026-06-03,2026-06-07,100,7655,In Transit,Industrial
7619,181,Ware House D,2026-05-30,2026-06-04,83,7188,In Transit,Pharma
7620,305,Ware House E,2026-05-08,2026-05-17,83,2858,In Transit,Pharma
7621,148,Ware House A,2026-05-27,2026-06-01,42,120,Delayed,Automotive
7622,295,Ware House E,2026-05-26,2026-06-01,100,8516,Cancelled,FMCG
7623,69,Ware House C,2026-06-03,2026-06-04,52,8652,Delivered,Automotive
7624,416,Ware House E,2026-05-28,2026-06-04,84,3302,Delayed,Pharma
7625,111,Ware House D,2026-05-31,2026-06-09,16,1304,Delayed,Automotive
7626,434,Ware House E,2026-05-30,2026-06-03,7,9471,Delayed,Industrial
7627,383,Ware House E,2026-05-29,2026-05-30,19,5129,Delayed,FMCG
7628,324,Ware House D,2026-06-01,2026-06-05,42,3210,In Transit,Electronics
7629,415,Ware House B,2026-05-24,2026-05-29,78,9513,Delivered,FMCG
7630,48,Ware House A,2026-05-29,2026-05-30,2,7804,Cancelled,Automotive
7631,122,Ware House B,2026-05-13,2026-05-23,42,7125,Delivered,Pharma
7632,34,Ware House B,2026-05-14,2026-05-23,93,8023,In Transit,Automotive
7633,258,Ware House C,2026-05-19,2026-05-21,79,4695,Cancelled,Automotive
7634,238,Ware House B,2026-05-16,2026-05-17,64,905,Delayed,Pharma
7635,240,Ware House D,2026-05-06,2026-05-10,100,1817,Cancelled,Pharma
7636,282,Ware House E,2026-05-20,2026-05-23,33,4587,Cancelled,Industrial
7637,249,Ware House D,2026-05-31,2026-06-08,81,5829,Cancelled,Industrial
7638,72,Ware House C,2026-05-15,2026-05-22,29,9210,In Transit,Pharma
7639,166,Ware House B,2026-05-21,2026-05-23,62,7691,In Transit,FMCG
7640,286,Ware House B,2026-05-28,2026-05-29,56,5265,Delayed,Pharma
7641,293,Ware House A,2026-05-30,2026-06-07,26,9176,Delivered,Automotive
7642,284,Ware House C,2026-05-10,2026-05-18,48,9349,Delayed,Pharma
7643,35,Ware House A,2026-05-27,2026-05-30,79,7320,Delayed,FMCG
7644,490,Ware House D,2026-05-28,2026-06-06,40,8419,In Transit,FMCG
7645,213,Ware House B,2026-05-27,2026-06-03,98,3864,Delayed,Automotive
7646,263,Ware House E,2026-06-02,2026-06-05,23,4797,Delayed,Automotive
7647,166,Ware House E,2026-05-30,2026-06-06,38,4756,Cancelled,Industrial
7648,386,Ware House A,2026-05-10,2026-05-13,19,2428,Delivered,Pharma
7649,412,Ware House A,2026-05-09,2026-05-15,77,4691,Cancelled,Electronics
7650,289,Ware House C,2026-05-29,2026-06-05,46,6365,In Transit,Pharma
7651,224,Ware House A,2026-05-11,2026-05-20,88,8757,Delivered,Pharma
7652,78,Ware House E,2026-05-30,2026-06-02,24,1040,Delivered,Pharma
7653,80,Ware House B,2026-05-25,2026-06-04,31,6524,Cancelled,FMCG
7654,495,Ware House D,2026-05-12,2026-05-13,65,9978,Delivered,Industrial
7655,40,Ware House C,2026-05-21,2026-05-24,60,7083,Cancelled,Pharma
7656,278,Ware House A,2026-05-29,2026-06-05,91,7901,Cancelled,FMCG
7657,349,Ware House B,2026-05-20,2026-05-22,91,2145,Cancelled,Pharma
7658,241,Ware House E,2026-05-25,2026-05-28,5,6915,Delivered,Electronics
7659,284,Ware House C,2026-06-04,2026-06-12,26,6951,Delivered,Pharma
7660,179,Ware House E,2026-05-11,2026-05-16,90,9607,Delayed,Pharma
7661,445,Ware House B,2026-05-08,2026-05-16,12,4454,Delivered,Automotive
7662,454,Ware House D,2026-06-03,2026-06-08,66,7612,In Transit,Industrial
7663,109,Ware House E,2026-05-28,2026-06-04,72,8968,In Transit,Industrial
7664,136,Ware House B,2026-06-03,2026-06-10,13,6972,In Transit,Electronics
7665,295,Ware House A,2026-05-06,2026-05-13,72,4198,Cancelled,Pharma
7666,168,Ware House C,2026-05-07,2026-05-16,46,8646,Cancelled,Industrial
7667,398,Ware House A,2026-06-03,2026-06-10,51,9306,In Transit,Industrial
7668,354,Ware House E,2026-05-10,2026-05-18,69,4072,In Transit,Automotive
7669,192,Ware House E,2026-06-01,2026-06-11,69,1962,Delayed,Industrial
7670,287,Ware House E,2026-05-25,2026-05-27,72,9370,Delayed,Electronics
7671,411,Ware House C,2026-05-12,2026-05-18,39,5694,In Transit,FMCG
7672,386,Ware House B,2026-05-29,2026-05-30,23,6149,Cancelled,Automotive
7673,248,Ware House C,2026-05-21,2026-05-24,2,1350,Delivered,Industrial
7674,416,Ware House D,2026-05-28,2026-05-31,33,5390,Cancelled,Electronics
7675,248,Ware House E,2026-05-17,2026-05-19,18,6706,Delayed,Automotive
7676,111,Ware House B,2026-05-09,2026-05-13,2,7107,Cancelled,Automotive
7677,188,Ware House E,2026-05-17,2026-05-27,11,8986,In Transit,FMCG
7678,139,Ware House E,2026-05-10,2026-05-12,59,7851,In Transit,Pharma
7679,378,Ware House B,2026-05-24,2026-05-25,11,348,Delayed,Pharma
7680,386,Ware House E,2026-05-08,2026-05-16,13,9219,Delayed,Electronics
7681,145,Ware House C,2026-05-30,2026-06-03,90,5190,Delayed,Automotive
7682,420,Ware House D,2026-05-09,2026-05-16,89,281,Delayed,Electronics
7683,331,Ware House C,2026-05-20,2026-05-26,72,4822,Cancelled,FMCG
7684,39,Ware House B,2026-05-22,2026-05-26,37,1997,Delayed,Automotive
7685,198,Ware House C,2026-05-19,2026-05-26,22,9615,Delayed,Automotive
7686,34,Ware House C,2026-06-03,2026-06-08,13,4529,In Transit,Industrial
7687,281,Ware House B,2026-05-28,2026-06-01,88,4256,In Transit,Electronics
7688,71,Ware House E,2026-05-27,2026-06-02,3,516,Cancelled,Electronics
7689,500,Ware House B,2026-05-21,2026-05-31,32,1732,Delivered,Pharma
7690,82,Ware House A,2026-05-23,2026-06-01,98,9799,Delayed,FMCG
7691,359,Ware House B,2026-05-27,2026-06-01,31,3166,Delayed,Pharma
7692,237,Ware House B,2026-05-25,2026-05-27,94,1605,Delayed,Industrial
7693,244,Ware House C,2026-06-03,2026-06-05,16,1519,In Transit,Automotive
7694,108,Ware House D,2026-06-01,2026-06-09,32,9111,Cancelled,FMCG
7695,357,Ware House B,2026-06-04,2026-06-10,20,1198,Delayed,Industrial
7696,426,Ware House D,2026-05-18,2026-05-24,32,3633,In Transit,FMCG
7697,33,Ware House D,2026-05-29,2026-06-04,14,3362,Delivered,FMCG
7698,106,Ware House C,2026-05-10,2026-05-17,56,7250,Cancelled,Electronics
7699,311,Ware House C,2026-05-21,2026-05-24,95,8741,Delivered,Electronics
7700,29,Ware House A,2026-05-15,2026-05-16,78,5524,Delivered,Automotive
7701,345,Ware House D,2026-05-12,2026-05-15,84,9616,Delayed,Electronics
7702,200,Ware House B,2026-05-22,2026-05-23,98,4417,In Transit,Automotive
7703,479,Ware House D,2026-06-02,2026-06-04,20,4734,Cancelled,Industrial
7704,43,Ware House B,2026-05-15,2026-05-20,26,8570,Cancelled,Pharma
7705,411,Ware House B,2026-05-19,2026-05-26,57,4575,In Transit,Industrial
7706,420,Ware House E,2026-05-28,2026-06-06,59,8774,In Transit,Pharma
7707,122,Ware House D,2026-05-20,2026-05-28,94,2375,Delayed,FMCG
7708,432,Ware House D,2026-05-06,2026-05-13,18,3871,Delivered,Pharma
7709,24,Ware House D,2026-05-20,2026-05-23,25,2974,In Transit,FMCG
7710,192,Ware House E,2026-05-22,2026-05-27,58,489,In Transit,Pharma
7711,211,Ware House E,2026-05-06,2026-05-11,50,193,Delivered,Electronics
7712,262,Ware House B,2026-05-09,2026-05-16,63,4498,Delayed,Electronics
7713,231,Ware House E,2026-05-18,2026-05-25,6,661,Delayed,Automotive
7714,495,Ware House C,2026-05-06,2026-05-13,100,2754,Delivered,Industrial
7715,220,Ware House C,2026-05-27,2026-06-05,62,5723,Delivered,Automotive
7716,194,Ware House C,2026-05-30,2026-06-07,7,1744,Delayed,Pharma
7717,1,Ware House A,2026-06-01,2026-06-06,34,2988,In Transit,Electronics
7718,487,Ware House C,2026-05-26,2026-05-27,57,4054,Delivered,Electronics
7719,332,Ware House D,2026-05-13,2026-05-22,36,8608,In Transit,Automotive
7720,8,Ware House D,2026-05-11,2026-05-17,5,4413,In Transit,Industrial
7721,396,Ware House A,2026-05-19,2026-05-29,51,1265,Delayed,FMCG
7722,38,Ware House C,2026-06-01,2026-06-06,17,9889,Delayed,Automotive
7723,491,Ware House E,2026-05-19,2026-05-20,84,8460,Delivered,Pharma
7724,49,Ware House E,2026-05-27,2026-05-30,46,1777,Delayed,Automotive
7725,14,Ware House A,2026-05-31,2026-06-09,88,2260,Delivered,Electronics
7726,86,Ware House E,2026-05-18,2026-05-25,4,1224,Cancelled,Electronics
7727,267,Ware House B,2026-06-01,2026-06-02,90,2014,Cancelled,Electronics
7728,80,Ware House E,2026-05-16,2026-05-20,73,9823,In Transit,Pharma
7729,97,Ware House B,2026-05-11,2026-05-13,72,5429,Delivered,FMCG
7730,115,Ware House D,2026-05-26,2026-06-01,47,9890,In Transit,Electronics
7731,436,Ware House B,2026-05-30,2026-06-01,38,4934,Delayed,Automotive
7732,146,Ware House E,2026-05-11,2026-05-16,18,993,Delivered,Automotive
7733,29,Ware House E,2026-06-04,2026-06-07,5,8773,In Transit,Industrial
7734,317,Ware House E,2026-05-23,2026-05-27,82,1708,Cancelled,FMCG
7735,407,Ware House E,2026-05-14,2026-05-16,71,7186,Delivered,FMCG
7736,28,Ware House D,2026-05-13,2026-05-20,90,9018,In Transit,Automotive
7737,35,Ware House E,2026-05-11,2026-05-17,99,1236,Cancelled,Industrial
7738,488,Ware House D,2026-05-12,2026-05-14,85,3142,Delivered,Pharma
7739,42,Ware House A,2026-05-30,2026-06-08,61,8607,In Transit,FMCG
7740,319,Ware House B,2026-05-08,2026-05-11,24,5528,In Transit,Pharma
7741,425,Ware House E,2026-05-15,2026-05-24,1,8824,Cancelled,Industrial
7742,233,Ware House C,2026-05-31,2026-06-02,26,6522,In Transit,Industrial
7743,283,Ware House B,2026-05-27,2026-06-02,81,4462,Delivered,FMCG
7744,183,Ware House D,2026-05-24,2026-06-03,39,3039,In Transit,FMCG
7745,133,Ware House D,2026-05-22,2026-05-30,11,8427,Cancelled,Automotive
7746,409,Ware House C,2026-05-19,2026-05-20,2,9867,Delayed,Automotive
7747,33,Ware House C,2026-05-08,2026-05-13,34,7192,Delivered,FMCG
7748,26,Ware House D,2026-05-17,2026-05-24,67,919,Delivered,Automotive
7749,242,Ware House A,2026-05-14,2026-05-17,64,1552,Cancelled,Pharma
7750,314,Ware House E,2026-05-30,2026-05-31,30,6383,Delayed,FMCG
7751,188,Ware House D,2026-05-10,2026-05-16,7,2208,Delayed,Pharma
7752,76,Ware House C,2026-05-06,2026-05-10,9,8457,In Transit,Automotive
7753,314,Ware House B,2026-05-11,2026-05-19,35,3555,Cancelled,Electronics
7754,58,Ware House D,2026-06-04,2026-06-08,60,703,In Transit,Pharma
7755,489,Ware House D,2026-06-03,2026-06-13,60,4635,Cancelled,Electronics
7756,58,Ware House C,2026-05-18,2026-05-19,53,354,In Transit,Automotive
7757,185,Ware House A,2026-05-07,2026-05-11,74,4521,Delivered,Automotive
7758,358,Ware House E,2026-05-08,2026-05-12,25,5516,Delivered,Electronics
7759,400,Ware House D,2026-06-01,2026-06-02,70,219,In Transit,FMCG
7760,105,Ware House C,2026-05-14,2026-05-16,43,549,Delivered,Industrial
7761,336,Ware House C,2026-05-29,2026-06-06,52,343,Delivered,Industrial
7762,153,Ware House C,2026-05-26,2026-06-01,57,9346,In Transit,Pharma
7763,229,Ware House D,2026-05-29,2026-06-05,34,4118,Delayed,Industrial
7764,299,Ware House D,2026-05-16,2026-05-25,98,9538,Delayed,Automotive
7765,258,Ware House A,2026-05-11,2026-05-18,39,5008,In Transit,Industrial
7766,479,Ware House B,2026-05-29,2026-06-02,66,1890,Cancelled,Electronics
7767,139,Ware House B,2026-05-28,2026-06-03,79,2388,In Transit,Industrial
7768,254,Ware House D,2026-05-21,2026-05-24,100,5088,Cancelled,Electronics
7769,359,Ware House D,2026-05-20,2026-05-27,1,594,Delivered,Automotive
7770,277,Ware House B,2026-05-26,2026-06-04,20,7104,Cancelled,Electronics
7771,121,Ware House D,2026-05-06,2026-05-12,2,1247,Delayed,Pharma
7772,311,Ware House D,2026-05-21,2026-05-25,12,671,Cancelled,Automotive
7773,39,Ware House A,2026-05-28,2026-05-31,99,3735,Delivered,FMCG
7774,369,Ware House C,2026-05-28,2026-06-06,19,9186,Cancelled,Industrial
7775,93,Ware House C,2026-05-07,2026-05-11,48,8499,Delivered,FMCG
7776,491,Ware House E,2026-05-29,2026-06-01,36,1549,Cancelled,Electronics
7777,469,Ware House E,2026-05-12,2026-05-17,55,9739,In Transit,Pharma
7778,183,Ware House D,2026-05-11,2026-05-16,42,1532,Delivered,Pharma
7779,366,Ware House C,2026-05-25,2026-05-26,56,3248,Delayed,Pharma
7780,326,Ware House B,2026-05-12,2026-05-20,23,9155,Delivered,Pharma
7781,465,Ware House A,2026-06-01,2026-06-11,89,4727,In Transit,Industrial
7782,42,Ware House E,2026-05-22,2026-05-31,92,9487,Delayed,Automotive
7783,53,Ware House B,2026-05-09,2026-05-18,41,8217,In Transit,Industrial
7784,125,Ware House A,2026-05-25,2026-06-03,9,1847,In Transit,Industrial
7785,244,Ware House D,2026-05-25,2026-06-04,41,9109,Cancelled,FMCG
7786,312,Ware House B,2026-05-23,2026-05-26,10,120,In Transit,Pharma
7787,238,Ware House E,2026-05-28,2026-06-07,16,5558,Delivered,Electronics
7788,176,Ware House C,2026-05-08,2026-05-10,71,9710,Delivered,Pharma
7789,437,Ware House A,2026-05-27,2026-05-29,61,776,Cancelled,Electronics
7790,367,Ware House E,2026-05-26,2026-06-02,21,5999,In Transit,Electronics
7791,381,Ware House B,2026-05-07,2026-05-16,98,1315,Cancelled,Automotive
7792,310,Ware House B,2026-05-10,2026-05-19,87,5448,Delivered,Automotive
7793,203,Ware House B,2026-05-31,2026-06-06,68,2998,Delivered,Electronics
7794,277,Ware House E,2026-05-28,2026-06-02,39,4675,Delayed,Automotive
7795,345,Ware House E,2026-05-25,2026-05-27,68,5765,Delayed,FMCG
7796,228,Ware House A,2026-05-26,2026-05-27,17,3777,Cancelled,Industrial
7797,299,Ware House E,2026-05-09,2026-05-12,39,639,In Transit,FMCG
7798,280,Ware House A,2026-05-07,2026-05-09,59,3797,Cancelled,Automotive
7799,173,Ware House A,2026-05-14,2026-05-17,28,777,In Transit,FMCG
7800,337,Ware House E,2026-06-02,2026-06-08,42,9799,Delivered,Pharma
7801,368,Ware House D,2026-05-23,2026-05-27,96,733,Delayed,Pharma
7802,199,Ware House B,2026-05-29,2026-06-04,8,7970,Delayed,Pharma
7803,96,Ware House A,2026-06-03,2026-06-07,10,792,Cancelled,Automotive
7804,225,Ware House E,2026-05-10,2026-05-17,33,7697,Delivered,Automotive
7805,2,Ware House C,2026-05-12,2026-05-14,59,784,In Transit,Electronics
7806,222,Ware House C,2026-05-22,2026-05-27,98,6078,In Transit,Electronics
7807,141,Ware House B,2026-05-28,2026-06-07,10,791,Cancelled,Automotive
7808,49,Ware House A,2026-05-20,2026-05-24,36,4304,In Transit,Industrial
7809,61,Ware House B,2026-05-14,2026-05-20,51,573,In Transit,Automotive
7810,314,Ware House B,2026-05-21,2026-05-23,91,6440,In Transit,Industrial
7811,63,Ware House B,2026-05-29,2026-05-30,15,4596,Cancelled,Pharma
7812,403,Ware House E,2026-05-19,2026-05-25,97,9973,Cancelled,Industrial
7813,401,Ware House C,2026-05-08,2026-05-15,62,9261,In Transit,Industrial
7814,97,Ware House A,2026-06-02,2026-06-10,78,8848,Cancelled,Pharma
7815,254,Ware House B,2026-05-27,2026-06-03,49,9616,In Transit,Automotive
7816,229,Ware House E,2026-05-11,2026-05-13,22,5937,Delayed,Automotive
7817,441,Ware House B,2026-06-03,2026-06-05,74,8611,In Transit,Industrial
7818,225,Ware House A,2026-05-16,2026-05-25,77,7454,Delivered,Electronics
7819,86,Ware House D,2026-05-31,2026-06-03,9,2351,Delayed,Electronics
7820,277,Ware House A,2026-05-25,2026-05-29,41,3602,In Transit,FMCG
7821,423,Ware House A,2026-05-16,2026-05-24,61,9281,Delivered,Electronics
7822,422,Ware House A,2026-05-29,2026-06-07,34,3835,Delivered,Electronics
7823,352,Ware House D,2026-05-11,2026-05-17,94,2337,In Transit,Pharma
7824,324,Ware House E,2026-05-31,2026-06-09,52,8437,Delivered,Electronics
7825,309,Ware House B,2026-05-08,2026-05-18,44,7917,Delayed,Pharma
7826,409,Ware House B,2026-05-12,2026-05-20,10,7691,Cancelled,Pharma
7827,493,Ware House C,2026-05-31,2026-06-08,11,7650,Delayed,Pharma
7828,163,Ware House B,2026-05-24,2026-05-25,88,957,Delayed,Automotive
7829,9,Ware House C,2026-05-27,2026-05-29,95,8369,Cancelled,FMCG
7830,11,Ware House C,2026-05-31,2026-06-09,5,4320,Delayed,Pharma
7831,120,Ware House A,2026-05-12,2026-05-19,68,8322,Delayed,FMCG
7832,59,Ware House B,2026-05-15,2026-05-24,16,4132,Cancelled,Industrial
7833,228,Ware House E,2026-05-22,2026-05-27,16,3203,Cancelled,FMCG
7834,120,Ware House B,2026-05-11,2026-05-14,18,2621,Delivered,FMCG
7835,178,Ware House C,2026-05-18,2026-05-20,23,9303,In Transit,Electronics
7836,494,Ware House D,2026-05-20,2026-05-25,58,5098,Cancelled,Electronics
7837,240,Ware House A,2026-05-08,2026-05-16,94,4742,Delivered,FMCG
7838,84,Ware House A,2026-05-20,2026-05-27,63,4837,Cancelled,FMCG
7839,187,Ware House B,2026-05-27,2026-05-29,81,5779,Cancelled,Pharma
7840,378,Ware House C,2026-05-26,2026-06-03,47,9621,In Transit,Industrial
7841,12,Ware House A,2026-05-17,2026-05-24,49,8502,In Transit,Electronics
7842,24,Ware House C,2026-05-20,2026-05-23,57,8143,Cancelled,Industrial
7843,308,Ware House A,2026-05-11,2026-05-16,72,7671,Delivered,Pharma
7844,65,Ware House A,2026-05-15,2026-05-25,46,6159,Cancelled,Pharma
7845,409,Ware House E,2026-05-22,2026-05-28,13,3363,Delayed,Pharma
7846,195,Ware House E,2026-05-06,2026-05-13,46,587,In Transit,Electronics
7847,449,Ware House C,2026-05-17,2026-05-22,89,8584,In Transit,Automotive
7848,2,Ware House E,2026-05-26,2026-06-01,88,4231,Cancelled,Electronics
7849,112,Ware House B,2026-05-16,2026-05-24,71,7142,Delivered,FMCG
7850,295,Ware House A,2026-05-10,2026-05-14,8,4707,Delayed,Industrial
7851,447,Ware House C,2026-05-09,2026-05-19,42,5477,Delivered,FMCG
7852,206,Ware House B,2026-06-01,2026-06-02,28,2769,Cancelled,FMCG
7853,168,Ware House C,2026-05-26,2026-06-04,46,6475,Delivered,Pharma
7854,16,Ware House E,2026-05-10,2026-05-13,75,5577,Cancelled,Industrial
7855,48,Ware House D,2026-05-21,2026-05-30,5,6897,In Transit,Pharma
7856,498,Ware House B,2026-05-19,2026-05-24,33,7867,Delayed,Electronics
7857,48,Ware House C,2026-06-01,2026-06-11,67,9668,Delivered,Electronics
7858,446,Ware House D,2026-05-25,2026-05-29,29,4632,Delivered,FMCG
7859,447,Ware House C,2026-05-27,2026-05-30,84,2221,In Transit,Automotive
7860,382,Ware House A,2026-05-26,2026-05-27,17,9767,Delayed,Automotive
7861,74,Ware House E,2026-06-03,2026-06-05,87,2849,In Transit,Automotive
7862,421,Ware House C,2026-06-01,2026-06-06,94,3163,In Transit,Pharma
7863,290,Ware House D,2026-05-31,2026-06-02,37,6967,Cancelled,Automotive
7864,12,Ware House A,2026-06-02,2026-06-09,25,9931,In Transit,Industrial
7865,373,Ware House E,2026-05-27,2026-05-29,28,3713,Delayed,Pharma
7866,307,Ware House E,2026-05-19,2026-05-23,25,2712,Delivered,Automotive
7867,341,Ware House D,2026-05-20,2026-05-24,96,1529,Delayed,FMCG
7868,162,Ware House A,2026-05-22,2026-05-27,22,8593,Delivered,Automotive
7869,383,Ware House D,2026-05-22,2026-05-26,85,6393,Cancelled,Industrial
7870,144,Ware House D,2026-05-09,2026-05-11,68,8761,Cancelled,Automotive
7871,240,Ware House E,2026-05-27,2026-05-31,39,6582,Delivered,Electronics
7872,20,Ware House A,2026-06-03,2026-06-04,14,1425,Cancelled,FMCG
7873,297,Ware House A,2026-05-16,2026-05-22,18,6094,Delivered,Electronics
7874,426,Ware House E,2026-05-30,2026-06-06,62,9008,In Transit,FMCG
7875,378,Ware House B,2026-05-31,2026-06-05,60,3825,Delivered,Pharma
7876,338,Ware House A,2026-05-28,2026-06-03,34,4866,In Transit,FMCG
7877,138,Ware House D,2026-05-06,2026-05-16,35,9080,Delivered,Industrial
7878,362,Ware House E,2026-05-17,2026-05-25,44,1114,Delivered,Automotive
7879,92,Ware House B,2026-05-29,2026-05-31,56,7213,Delayed,Pharma
7880,306,Ware House C,2026-05-27,2026-05-29,5,891,Delayed,Pharma
7881,243,Ware House D,2026-05-15,2026-05-25,27,3122,Delivered,FMCG
7882,428,Ware House E,2026-06-01,2026-06-09,3,4221,In Transit,Electronics
7883,214,Ware House C,2026-05-31,2026-06-03,79,5031,Delivered,Pharma
7884,272,Ware House D,2026-05-07,2026-05-16,92,5559,In Transit,Industrial
7885,348,Ware House E,2026-05-13,2026-05-20,78,1506,Cancelled,Automotive
7886,143,Ware House B,2026-05-22,2026-05-23,23,4193,Delayed,FMCG
7887,77,Ware House D,2026-05-16,2026-05-26,16,1139,Cancelled,FMCG
7888,97,Ware House E,2026-05-06,2026-05-16,79,5559,Cancelled,FMCG
7889,35,Ware House C,2026-06-04,2026-06-12,35,6436,Delivered,FMCG
7890,336,Ware House C,2026-06-03,2026-06-05,33,3960,In Transit,Electronics
7891,77,Ware House D,2026-06-04,2026-06-08,4,2551,Cancelled,Electronics
7892,81,Ware House A,2026-06-01,2026-06-07,38,4229,Delayed,Pharma
7893,396,Ware House E,2026-06-02,2026-06-08,68,9744,In Transit,Industrial
7894,406,Ware House D,2026-06-03,2026-06-11,84,4222,In Transit,Automotive
7895,243,Ware House C,2026-05-17,2026-05-22,13,3087,Cancelled,FMCG
7896,366,Ware House C,2026-05-25,2026-06-03,38,6627,Delayed,Automotive
7897,169,Ware House B,2026-05-26,2026-06-04,37,6833,Delayed,Pharma
7898,52,Ware House E,2026-05-16,2026-05-20,13,5018,Delivered,FMCG
7899,428,Ware House C,2026-05-13,2026-05-18,92,9366,Delivered,FMCG
7900,302,Ware House B,2026-05-28,2026-05-31,14,1482,Cancelled,Automotive
7901,266,Ware House E,2026-06-02,2026-06-08,25,6439,Delivered,Electronics
7902,177,Ware House B,2026-05-15,2026-05-21,44,7318,In Transit,Pharma
7903,311,Ware House A,2026-05-28,2026-05-30,27,3742,Delayed,Pharma
7904,353,Ware House A,2026-05-15,2026-05-22,51,5337,Cancelled,Electronics
7905,423,Ware House C,2026-05-24,2026-05-26,3,5699,Cancelled,Automotive
7906,176,Ware House C,2026-05-14,2026-05-22,89,9720,In Transit,Electronics
7907,283,Ware House B,2026-05-17,2026-05-24,96,1742,Delivered,Electronics
7908,238,Ware House A,2026-06-04,2026-06-13,53,4856,Delayed,Electronics
7909,244,Ware House D,2026-06-02,2026-06-08,88,6235,Cancelled,Automotive
7910,309,Ware House D,2026-05-16,2026-05-26,94,7760,In Transit,Electronics
7911,383,Ware House B,2026-05-18,2026-05-25,1,1031,In Transit,Electronics
7912,390,Ware House D,2026-05-29,2026-05-31,29,1527,Delivered,Electronics
7913,274,Ware House B,2026-05-26,2026-06-02,18,3412,In Transit,Industrial
7914,284,Ware House B,2026-05-18,2026-05-25,89,8100,In Transit,Automotive
7915,141,Ware House D,2026-05-13,2026-05-16,54,3425,Cancelled,Pharma
7916,183,Ware House C,2026-05-14,2026-05-21,98,8618,Delayed,FMCG
7917,171,Ware House D,2026-05-28,2026-06-05,76,1248,Delivered,Electronics
7918,496,Ware House C,2026-05-29,2026-05-30,44,3093,In Transit,Industrial
7919,353,Ware House C,2026-05-15,2026-05-19,26,2191,Delayed,FMCG
7920,131,Ware House D,2026-05-08,2026-05-09,42,2397,In Transit,Industrial
7921,442,Ware House C,2026-05-13,2026-05-22,72,5955,Delivered,Automotive
7922,313,Ware House D,2026-05-11,2026-05-12,15,1785,In Transit,Industrial
7923,352,Ware House E,2026-05-30,2026-06-03,73,2838,Delayed,FMCG
7924,62,Ware House B,2026-05-23,2026-05-25,77,2595,Delayed,Industrial
7925,306,Ware House A,2026-05-27,2026-06-05,95,3537,Cancelled,FMCG
7926,34,Ware House D,2026-05-18,2026-05-23,82,8678,In Transit,Automotive
7927,233,Ware House B,2026-05-31,2026-06-05,96,7165,Cancelled,FMCG
7928,179,Ware House B,2026-06-01,2026-06-05,99,8006,Cancelled,Electronics
7929,93,Ware House D,2026-05-29,2026-05-30,91,5658,In Transit,Industrial
7930,107,Ware House E,2026-06-02,2026-06-11,53,8756,Cancelled,Pharma
7931,477,Ware House C,2026-05-25,2026-05-27,55,2077,Delayed,FMCG
7932,155,Ware House C,2026-05-18,2026-05-26,71,7724,Delivered,Pharma
7933,47,Ware House D,2026-05-23,2026-05-26,52,9065,Delivered,Electronics
7934,322,Ware House B,2026-05-25,2026-06-03,29,563,Cancelled,Automotive
7935,499,Ware House A,2026-05-18,2026-05-27,79,535,Delivered,Pharma
7936,153,Ware House E,2026-05-28,2026-06-03,29,6269,In Transit,Electronics
7937,373,Ware House B,2026-05-08,2026-05-09,15,7310,Delayed,Automotive
7938,134,Ware House D,2026-06-02,2026-06-11,46,4433,Delivered,Automotive
7939,265,Ware House A,2026-05-20,2026-05-22,5,2157,In Transit,Industrial
7940,431,Ware House E,2026-06-03,2026-06-12,77,4151,Delivered,Pharma
7941,332,Ware House C,2026-05-29,2026-06-05,66,8820,Delivered,Electronics
7942,358,Ware House D,2026-05-27,2026-06-01,5,4083,Cancelled,Pharma
7943,174,Ware House B,2026-05-24,2026-05-29,47,4317,Delayed,Automotive
7944,415,Ware House E,2026-05-08,2026-05-14,66,9821,Cancelled,Pharma
7945,147,Ware House C,2026-05-31,2026-06-02,5,4272,Delayed,Electronics
7946,316,Ware House E,2026-05-21,2026-05-26,1,9964,Delivered,Pharma
7947,85,Ware House B,2026-06-03,2026-06-13,35,3698,Cancelled,FMCG
7948,338,Ware House D,2026-06-02,2026-06-04,3,1700,Delivered,Electronics
7949,214,Ware House D,2026-05-16,2026-05-19,11,3964,Cancelled,FMCG
7950,243,Ware House A,2026-06-03,2026-06-11,31,2678,Delivered,FMCG
7951,429,Ware House D,2026-05-15,2026-05-19,45,1273,Delivered,Industrial
7952,415,Ware House A,2026-05-17,2026-05-20,12,6361,Delayed,Pharma
7953,416,Ware House B,2026-05-25,2026-05-29,88,6440,Cancelled,Industrial
7954,323,Ware House D,2026-05-15,2026-05-25,53,5483,Delivered,Industrial
7955,269,Ware House B,2026-05-11,2026-05-16,47,2923,Delivered,Industrial
7956,270,Ware House A,2026-06-02,2026-06-05,53,5707,Cancelled,Automotive
7957,17,Ware House E,2026-05-09,2026-05-18,45,4671,Cancelled,Automotive
7958,2,Ware House A,2026-05-19,2026-05-20,65,5382,Cancelled,Pharma
7959,4,Ware House B,2026-06-04,2026-06-09,36,2409,Delivered,Electronics
7960,23,Ware House D,2026-05-10,2026-05-18,90,9288,Delayed,FMCG
7961,330,Ware House C,2026-05-12,2026-05-20,96,1747,In Transit,FMCG
7962,334,Ware House C,2026-05-30,2026-06-03,47,3403,Cancelled,FMCG
7963,477,Ware House C,2026-05-15,2026-05-19,76,1921,Delayed,Pharma
7964,7,Ware House B,2026-05-28,2026-06-04,71,2082,Delivered,Industrial
7965,48,Ware House C,2026-05-26,2026-05-31,9,9303,Cancelled,Industrial
7966,474,Ware House E,2026-05-30,2026-06-05,33,6294,Cancelled,Automotive
7967,200,Ware House D,2026-05-26,2026-05-29,100,3508,In Transit,Automotive
7968,121,Ware House C,2026-05-22,2026-05-28,40,8499,Delivered,FMCG
7969,32,Ware House B,2026-05-30,2026-06-08,96,2373,Delayed,Pharma
7970,205,Ware House A,2026-05-15,2026-05-25,47,8569,Delayed,Pharma
7971,500,Ware House D,2026-05-25,2026-06-04,86,5500,In Transit,Automotive
7972,261,Ware House D,2026-06-02,2026-06-07,59,3400,In Transit,Automotive
7973,341,Ware House B,2026-05-06,2026-05-07,97,2079,Cancelled,Industrial
7974,208,Ware House D,2026-05-26,2026-06-05,54,7203,Delivered,Pharma
7975,112,Ware House D,2026-06-03,2026-06-04,59,6239,Delayed,FMCG
7976,82,Ware House D,2026-05-29,2026-06-04,42,7870,Delivered,Pharma
7977,117,Ware House B,2026-06-03,2026-06-10,74,2650,Cancelled,FMCG
7978,83,Ware House A,2026-05-22,2026-05-30,43,9304,Delayed,Electronics
7979,455,Ware House E,2026-05-21,2026-05-31,35,111,Cancelled,Industrial
7980,333,Ware House D,2026-05-22,2026-06-01,2,1194,Delayed,Industrial
7981,251,Ware House D,2026-05-15,2026-05-24,66,4782,Cancelled,Pharma
7982,102,Ware House C,2026-06-01,2026-06-05,2,3024,Delivered,Pharma
7983,481,Ware House D,2026-05-22,2026-05-23,77,2101,In Transit,Electronics
7984,403,Ware House D,2026-05-20,2026-05-30,100,8155,Delayed,Automotive
7985,44,Ware House E,2026-05-15,2026-05-17,33,3617,Cancelled,Electronics
7986,3,Ware House B,2026-05-17,2026-05-23,18,2009,Cancelled,Pharma
7987,339,Ware House B,2026-06-04,2026-06-07,15,558,Delayed,Automotive
7988,219,Ware House D,2026-05-07,2026-05-14,77,9341,Delayed,FMCG
7989,223,Ware House C,2026-05-20,2026-05-21,49,9045,Cancelled,Electronics
7990,493,Ware House D,2026-05-25,2026-05-29,9,2151,Delivered,Electronics
7991,46,Ware House D,2026-05-16,2026-05-20,33,1901,Delivered,Electronics
7992,437,Ware House C,2026-05-19,2026-05-22,59,9717,Delayed,FMCG
7993,266,Ware House B,2026-05-31,2026-06-07,5,2980,Cancelled,Electronics
7994,322,Ware House D,2026-05-08,2026-05-13,67,6964,Delayed,Pharma
7995,120,Ware House C,2026-06-01,2026-06-07,51,5683,In Transit,Pharma
7996,49,Ware House A,2026-05-08,2026-05-10,21,7110,Delayed,Electronics
7997,389,Ware House E,2026-05-27,2026-06-06,57,9032,Delivered,Pharma
7998,273,Ware House E,2026-05-13,2026-05-21,86,4547,Cancelled,Automotive
7999,160,Ware House E,2026-05-15,2026-05-20,99,2650,Cancelled,Industrial
8000,431,Ware House C,2026-05-15,2026-05-25,43,2872,Delayed,FMCG
8001,433,Ware House A,2026-05-17,2026-05-27,74,7140,Delayed,Electronics
8002,401,Ware House C,2026-05-28,2026-06-01,83,6798,In Transit,Pharma
8003,2,Ware House A,2026-05-09,2026-05-11,17,5448,Cancelled,Industrial
8004,278,Ware House E,2026-05-30,2026-05-31,92,1218,Delayed,Industrial
8005,331,Ware House D,2026-05-23,2026-05-28,87,6905,Cancelled,Electronics
8006,397,Ware House E,2026-05-16,2026-05-26,44,563,Delayed,Electronics
8007,60,Ware House D,2026-05-19,2026-05-27,69,4283,Delivered,Automotive
8008,95,Ware House B,2026-06-03,2026-06-09,84,5725,In Transit,Pharma
8009,369,Ware House D,2026-05-18,2026-05-25,77,3482,Delayed,Industrial
8010,433,Ware House A,2026-05-17,2026-05-26,12,4975,In Transit,Pharma
8011,356,Ware House C,2026-05-16,2026-05-17,8,9335,In Transit,Pharma
8012,34,Ware House B,2026-05-26,2026-05-27,76,981,Delivered,Electronics
8013,328,Ware House B,2026-05-23,2026-05-31,80,4034,Delayed,Electronics
8014,426,Ware House A,2026-05-06,2026-05-14,73,3983,Delivered,Electronics
8015,15,Ware House E,2026-05-07,2026-05-09,3,7756,Delayed,Automotive
8016,450,Ware House A,2026-05-26,2026-05-30,17,6879,Delivered,Pharma
8017,397,Ware House B,2026-05-10,2026-05-16,46,6397,Delivered,FMCG
8018,419,Ware House D,2026-06-03,2026-06-13,81,7992,In Transit,FMCG
8019,279,Ware House A,2026-05-07,2026-05-10,21,814,Delivered,FMCG
8020,365,Ware House D,2026-05-09,2026-05-14,55,8973,In Transit,Industrial
8021,121,Ware House A,2026-05-28,2026-06-05,3,4136,Delayed,FMCG
8022,25,Ware House E,2026-05-11,2026-05-12,52,7719,Delivered,Pharma
8023,479,Ware House B,2026-05-29,2026-06-08,58,7802,Cancelled,Pharma
8024,284,Ware House A,2026-05-10,2026-05-13,40,9348,Cancelled,Electronics
8025,158,Ware House B,2026-05-19,2026-05-28,41,3326,In Transit,Pharma
8026,190,Ware House C,2026-05-18,2026-05-23,37,2248,Delayed,Automotive
8027,414,Ware House D,2026-05-28,2026-06-06,63,6686,Delayed,FMCG
8028,152,Ware House B,2026-05-25,2026-05-27,8,9941,Cancelled,FMCG
8029,215,Ware House E,2026-06-02,2026-06-11,47,9350,In Transit,Automotive
8030,208,Ware House D,2026-06-02,2026-06-08,64,3587,Cancelled,FMCG
8031,80,Ware House E,2026-05-20,2026-05-27,46,9841,Delivered,Electronics
8032,246,Ware House D,2026-06-04,2026-06-14,59,5520,Delivered,FMCG
8033,17,Ware House B,2026-05-09,2026-05-16,12,8787,In Transit,Pharma
8034,482,Ware House D,2026-06-04,2026-06-05,14,320,In Transit,FMCG
8035,401,Ware House E,2026-05-29,2026-06-07,19,2547,Cancelled,Industrial
8036,148,Ware House E,2026-05-10,2026-05-14,7,3444,In Transit,Industrial
8037,403,Ware House A,2026-05-10,2026-05-16,78,1633,Delivered,Industrial
8038,219,Ware House E,2026-05-09,2026-05-10,41,6996,Delayed,Electronics
8039,357,Ware House D,2026-05-18,2026-05-24,82,775,Cancelled,Industrial
8040,79,Ware House D,2026-05-21,2026-05-30,65,2438,Delayed,Pharma
8041,195,Ware House D,2026-05-19,2026-05-25,45,7470,In Transit,FMCG
8042,286,Ware House A,2026-05-14,2026-05-16,86,4254,In Transit,FMCG
8043,189,Ware House E,2026-05-26,2026-06-05,74,7791,Delayed,Industrial
8044,136,Ware House B,2026-05-12,2026-05-22,78,4511,In Transit,FMCG
8045,132,Ware House A,2026-05-28,2026-06-01,22,1203,Delivered,FMCG
8046,342,Ware House C,2026-05-21,2026-05-23,78,7799,In Transit,Pharma
8047,374,Ware House B,2026-05-23,2026-05-24,75,5094,In Transit,Automotive
8048,3,Ware House E,2026-06-03,2026-06-12,23,7518,Delayed,Automotive
8049,328,Ware House B,2026-05-11,2026-05-19,25,1204,In Transit,FMCG
8050,490,Ware House E,2026-06-04,2026-06-11,31,3412,Delivered,Pharma
8051,75,Ware House A,2026-05-17,2026-05-22,10,9860,Delayed,Pharma
8052,253,Ware House B,2026-05-23,2026-06-02,14,9010,Delivered,FMCG
8053,39,Ware House D,2026-05-15,2026-05-22,11,963,Delivered,Automotive
8054,349,Ware House C,2026-05-15,2026-05-25,57,6255,Delivered,Automotive
8055,92,Ware House B,2026-05-25,2026-06-02,38,4787,Delivered,Automotive
8056,329,Ware House A,2026-05-16,2026-05-21,68,4012,Delayed,Automotive
8057,235,Ware House E,2026-06-03,2026-06-10,64,426,Delayed,Industrial
8058,200,Ware House A,2026-05-24,2026-06-03,57,2037,Delayed,Automotive
8059,59,Ware House D,2026-05-26,2026-06-05,96,6445,In Transit,Electronics
8060,231,Ware House A,2026-05-22,2026-05-31,4,6677,In Transit,FMCG
8061,304,Ware House D,2026-06-04,2026-06-12,15,1154,Cancelled,FMCG
8062,116,Ware House C,2026-06-03,2026-06-05,85,2528,Delivered,FMCG
8063,62,Ware House A,2026-05-29,2026-06-01,31,6589,Cancelled,FMCG
8064,149,Ware House B,2026-05-15,2026-05-16,67,372,Cancelled,Pharma
8065,69,Ware House D,2026-05-16,2026-05-20,85,635,Cancelled,Pharma
8066,182,Ware House B,2026-05-18,2026-05-27,66,4994,Delivered,FMCG
8067,365,Ware House C,2026-05-18,2026-05-27,69,5174,In Transit,FMCG
8068,222,Ware House A,2026-05-14,2026-05-21,29,9677,In Transit,Automotive
8069,206,Ware House A,2026-05-30,2026-06-09,94,6184,Cancelled,Pharma
8070,460,Ware House C,2026-05-09,2026-05-17,61,2993,Delivered,Industrial
8071,94,Ware House E,2026-05-07,2026-05-14,77,9954,Delayed,Pharma
8072,195,Ware House C,2026-06-03,2026-06-07,19,6141,In Transit,Electronics
8073,47,Ware House E,2026-06-01,2026-06-08,85,1015,Delayed,Industrial
8074,274,Ware House B,2026-05-21,2026-05-22,1,7242,Delayed,FMCG
8075,468,Ware House C,2026-05-30,2026-06-06,46,7344,Cancelled,Automotive
8076,329,Ware House A,2026-05-30,2026-06-01,13,556,Delivered,Electronics
8077,211,Ware House D,2026-05-30,2026-05-31,37,6191,Delivered,Automotive
8078,377,Ware House E,2026-05-09,2026-05-18,82,5009,Delayed,Industrial
8079,408,Ware House E,2026-05-31,2026-06-08,47,5135,In Transit,Industrial
8080,209,Ware House C,2026-05-10,2026-05-14,68,2659,Delayed,Electronics
8081,238,Ware House B,2026-06-01,2026-06-04,68,7224,Delayed,Automotive
8082,288,Ware House D,2026-05-17,2026-05-22,4,8927,Cancelled,FMCG
8083,361,Ware House B,2026-05-19,2026-05-20,16,4493,Cancelled,Automotive
8084,197,Ware House C,2026-05-31,2026-06-06,71,9285,Delayed,Pharma
8085,221,Ware House C,2026-05-29,2026-06-03,70,949,Delayed,Industrial
8086,493,Ware House D,2026-05-25,2026-06-03,40,1084,Delivered,FMCG
8087,275,Ware House B,2026-05-11,2026-05-18,52,163,Delayed,Electronics
8088,42,Ware House E,2026-05-21,2026-05-30,3,2301,Cancelled,Industrial
8089,417,Ware House D,2026-05-18,2026-05-21,55,3963,In Transit,Electronics
8090,202,Ware House C,2026-05-17,2026-05-26,72,1985,Cancelled,Electronics
8091,214,Ware House D,2026-06-02,2026-06-10,92,1687,Delivered,Electronics
8092,59,Ware House D,2026-05-22,2026-05-28,74,8285,Cancelled,FMCG
8093,327,Ware House D,2026-06-02,2026-06-05,2,6541,Delayed,Pharma
8094,321,Ware House C,2026-05-17,2026-05-26,57,4585,Delayed,Pharma
8095,6,Ware House C,2026-05-14,2026-05-18,76,9769,Delayed,FMCG
8096,136,Ware House C,2026-06-03,2026-06-11,98,6506,Delivered,Electronics
8097,234,Ware House C,2026-05-18,2026-05-20,61,724,In Transit,Electronics
8098,383,Ware House C,2026-05-11,2026-05-17,14,2003,Delayed,FMCG
8099,77,Ware House B,2026-05-09,2026-05-17,70,6714,Delayed,Electronics
8100,399,Ware House C,2026-05-09,2026-05-13,42,8233,Cancelled,Automotive
8101,275,Ware House B,2026-05-26,2026-06-04,28,5847,Delivered,Pharma
8102,486,Ware House D,2026-05-25,2026-05-26,51,7071,Delayed,Electronics
8103,415,Ware House C,2026-05-23,2026-05-26,56,8452,In Transit,Electronics
8104,235,Ware House B,2026-05-10,2026-05-18,41,8348,Delayed,Electronics
8105,156,Ware House B,2026-05-29,2026-06-03,37,4583,In Transit,Electronics
8106,191,Ware House B,2026-05-17,2026-05-22,81,3483,Delivered,Electronics
8107,131,Ware House D,2026-05-14,2026-05-19,38,9574,Delivered,Automotive
8108,236,Ware House B,2026-05-26,2026-06-03,55,7767,Delayed,Electronics
8109,277,Ware House B,2026-05-29,2026-06-05,5,5586,In Transit,Automotive
8110,439,Ware House A,2026-05-13,2026-05-20,1,7761,In Transit,Pharma
8111,299,Ware House C,2026-05-20,2026-05-29,45,9553,Delivered,Electronics
8112,201,Ware House C,2026-05-31,2026-06-08,67,265,Cancelled,FMCG
8113,499,Ware House A,2026-05-28,2026-06-01,57,1862,In Transit,Automotive
8114,460,Ware House D,2026-06-02,2026-06-04,14,4829,In Transit,FMCG
8115,104,Ware House E,2026-05-27,2026-05-28,71,1274,In Transit,Pharma
8116,292,Ware House A,2026-05-16,2026-05-25,57,3524,In Transit,Industrial
8117,452,Ware House E,2026-06-02,2026-06-08,39,7118,Delivered,Automotive
8118,249,Ware House C,2026-06-01,2026-06-04,3,516,In Transit,Automotive
8119,39,Ware House C,2026-05-24,2026-06-02,50,2635,Cancelled,Industrial
8120,290,Ware House C,2026-05-16,2026-05-23,42,2163,Delayed,Industrial
8121,183,Ware House D,2026-05-24,2026-05-30,42,2910,Delivered,FMCG
8122,312,Ware House B,2026-05-21,2026-05-31,65,1484,In Transit,FMCG
8123,314,Ware House E,2026-05-13,2026-05-18,71,2888,Delivered,FMCG
8124,485,Ware House C,2026-05-11,2026-05-14,30,9139,Cancelled,Industrial
8125,468,Ware House C,2026-05-20,2026-05-23,38,4984,In Transit,Pharma
8126,369,Ware House E,2026-05-27,2026-06-01,55,1928,Delivered,Industrial
8127,223,Ware House C,2026-05-07,2026-05-11,48,2281,In Transit,FMCG
8128,33,Ware House D,2026-06-04,2026-06-11,45,570,Delivered,Electronics
8129,393,Ware House B,2026-06-02,2026-06-07,26,7075,In Transit,Pharma
8130,314,Ware House D,2026-05-16,2026-05-20,74,8624,In Transit,FMCG
8131,209,Ware House D,2026-05-16,2026-05-19,78,9060,Delayed,Electronics
8132,388,Ware House A,2026-05-30,2026-06-04,39,5027,In Transit,FMCG
8133,423,Ware House E,2026-05-18,2026-05-28,46,2860,Cancelled,Automotive
8134,309,Ware House B,2026-05-06,2026-05-13,56,7730,Cancelled,Pharma
8135,128,Ware House E,2026-05-06,2026-05-09,56,8076,In Transit,Industrial
8136,269,Ware House C,2026-06-02,2026-06-04,98,7384,In Transit,Electronics
8137,183,Ware House B,2026-06-01,2026-06-09,17,7458,Delivered,Automotive
8138,401,Ware House E,2026-05-23,2026-05-31,98,6139,Cancelled,FMCG
8139,253,Ware House C,2026-06-02,2026-06-06,17,1454,Delivered,Pharma
8140,244,Ware House A,2026-05-07,2026-05-14,16,6636,Cancelled,Electronics
8141,281,Ware House C,2026-06-02,2026-06-07,77,1458,Cancelled,Pharma
8142,274,Ware House A,2026-06-02,2026-06-07,63,4271,Delayed,Industrial
8143,142,Ware House D,2026-05-24,2026-05-29,72,5975,In Transit,Pharma
8144,311,Ware House B,2026-05-30,2026-06-04,51,5812,In Transit,Industrial
8145,474,Ware House C,2026-05-09,2026-05-12,99,352,Cancelled,Pharma
8146,237,Ware House E,2026-05-20,2026-05-23,67,7965,In Transit,Pharma
8147,243,Ware House D,2026-06-04,2026-06-08,90,8367,In Transit,FMCG
8148,455,Ware House A,2026-05-23,2026-05-27,42,2361,Delivered,FMCG
8149,74,Ware House E,2026-05-22,2026-05-27,95,9562,Delivered,Pharma
8150,279,Ware House A,2026-05-13,2026-05-20,28,8527,In Transit,FMCG
8151,335,Ware House A,2026-05-12,2026-05-16,93,5211,Delayed,Pharma
8152,117,Ware House C,2026-05-24,2026-05-29,23,3800,In Transit,Pharma
8153,313,Ware House E,2026-05-28,2026-05-31,40,4347,Cancelled,Pharma
8154,366,Ware House C,2026-05-09,2026-05-19,24,3409,Delayed,Industrial
8155,66,Ware House D,2026-06-01,2026-06-06,35,1354,In Transit,FMCG
8156,242,Ware House B,2026-05-19,2026-05-21,32,4657,Delivered,Automotive
8157,490,Ware House A,2026-05-13,2026-05-18,62,5529,Cancelled,Pharma
8158,389,Ware House E,2026-05-28,2026-05-30,52,5198,Delivered,Pharma
8159,171,Ware House A,2026-05-29,2026-06-03,91,182,Cancelled,Industrial
8160,206,Ware House E,2026-05-14,2026-05-19,90,8111,Delayed,Industrial
8161,71,Ware House A,2026-06-04,2026-06-10,45,7982,Delivered,Automotive
8162,292,Ware House B,2026-05-11,2026-05-15,78,8305,Delivered,Pharma
8163,280,Ware House B,2026-05-09,2026-05-19,14,7304,Delayed,FMCG
8164,114,Ware House A,2026-06-02,2026-06-10,34,7186,Cancelled,FMCG
8165,348,Ware House C,2026-06-04,2026-06-05,92,2385,Delayed,FMCG
8166,6,Ware House B,2026-05-12,2026-05-21,92,4347,Cancelled,Pharma
8167,173,Ware House B,2026-05-17,2026-05-24,76,3140,Delivered,Industrial
8168,150,Ware House B,2026-06-01,2026-06-03,48,3111,Cancelled,Pharma
8169,389,Ware House E,2026-05-18,2026-05-28,51,6777,In Transit,Pharma
8170,407,Ware House B,2026-06-04,2026-06-12,27,8499,Cancelled,Automotive
8171,87,Ware House B,2026-05-29,2026-05-31,92,4202,Delayed,Industrial
8172,483,Ware House C,2026-05-27,2026-06-03,76,3646,Cancelled,FMCG
8173,296,Ware House C,2026-06-03,2026-06-05,79,9851,Delayed,Automotive
8174,461,Ware House D,2026-05-28,2026-06-04,63,9413,Delivered,Industrial
8175,3,Ware House A,2026-05-12,2026-05-22,3,267,Delivered,FMCG
8176,489,Ware House D,2026-05-18,2026-05-23,41,5347,Delayed,FMCG
8177,377,Ware House B,2026-05-22,2026-05-26,17,8640,Delivered,Automotive
8178,437,Ware House D,2026-05-09,2026-05-17,95,1710,Delivered,FMCG
8179,308,Ware House B,2026-05-14,2026-05-24,5,910,Delayed,Pharma
8180,39,Ware House E,2026-05-16,2026-05-21,86,3651,Delivered,Industrial
8181,355,Ware House E,2026-05-20,2026-05-28,86,1490,Delivered,Electronics
8182,71,Ware House C,2026-05-27,2026-05-28,51,4712,Delivered,FMCG
8183,350,Ware House B,2026-06-04,2026-06-10,32,129,Delivered,Industrial
8184,342,Ware House B,2026-05-10,2026-05-18,71,9129,In Transit,Automotive
8185,210,Ware House D,2026-05-18,2026-05-22,50,6718,Cancelled,Industrial
8186,160,Ware House D,2026-05-19,2026-05-22,22,7991,In Transit,Electronics
8187,190,Ware House A,2026-06-01,2026-06-03,51,9764,Delayed,Electronics
8188,265,Ware House E,2026-06-01,2026-06-09,32,9797,Delayed,FMCG
8189,16,Ware House B,2026-05-14,2026-05-21,88,8149,Delivered,FMCG
8190,321,Ware House A,2026-05-31,2026-06-06,28,8786,Delivered,Pharma
8191,416,Ware House A,2026-05-17,2026-05-26,90,4479,Delivered,FMCG
8192,6,Ware House E,2026-05-18,2026-05-20,14,7416,Delayed,Pharma
8193,6,Ware House D,2026-05-08,2026-05-11,18,1172,Delayed,Electronics
8194,286,Ware House A,2026-05-08,2026-05-13,87,5448,In Transit,FMCG
8195,46,Ware House E,2026-05-19,2026-05-24,81,8897,In Transit,Electronics
8196,256,Ware House D,2026-05-31,2026-06-07,48,3467,Cancelled,Automotive
8197,16,Ware House B,2026-05-26,2026-05-27,67,722,Cancelled,Automotive
8198,449,Ware House B,2026-05-15,2026-05-23,60,3005,Cancelled,Pharma
8199,56,Ware House B,2026-05-23,2026-05-25,56,736,Cancelled,Industrial
8200,410,Ware House D,2026-05-26,2026-06-04,14,2884,In Transit,Pharma
8201,314,Ware House E,2026-06-02,2026-06-05,98,4193,Cancelled,FMCG
8202,467,Ware House D,2026-05-18,2026-05-28,26,162,In Transit,Industrial
8203,348,Ware House A,2026-05-09,2026-05-13,56,9361,Delivered,FMCG
8204,427,Ware House D,2026-05-30,2026-06-01,24,4636,Delivered,Electronics
8205,20,Ware House D,2026-05-24,2026-05-28,21,9762,Cancelled,Automotive
8206,47,Ware House B,2026-05-13,2026-05-18,30,6107,In Transit,Electronics
8207,196,Ware House E,2026-05-25,2026-05-29,72,8350,Delayed,Pharma
8208,390,Ware House E,2026-05-22,2026-05-28,32,6283,In Transit,Pharma
8209,170,Ware House B,2026-05-23,2026-05-28,66,5522,Delayed,Pharma
8210,291,Ware House C,2026-06-01,2026-06-11,79,9543,Cancelled,Electronics
8211,477,Ware House A,2026-05-20,2026-05-23,60,7665,In Transit,FMCG
8212,310,Ware House D,2026-05-17,2026-05-20,72,1776,Cancelled,Automotive
8213,33,Ware House C,2026-05-16,2026-05-25,33,5825,In Transit,FMCG
8214,384,Ware House A,2026-05-20,2026-05-29,68,2531,In Transit,Industrial
8215,7,Ware House C,2026-05-11,2026-05-20,44,5302,Delivered,Pharma
8216,402,Ware House A,2026-05-16,2026-05-18,75,9202,Cancelled,Automotive
8217,214,Ware House C,2026-05-27,2026-06-04,53,2837,Delayed,FMCG
8218,247,Ware House B,2026-05-26,2026-06-04,70,973,Cancelled,FMCG
8219,285,Ware House B,2026-05-24,2026-06-02,92,3992,Delivered,FMCG
8220,398,Ware House A,2026-05-15,2026-05-20,26,5379,Delivered,Pharma
8221,421,Ware House B,2026-05-15,2026-05-20,2,9186,Delayed,Industrial
8222,355,Ware House C,2026-06-01,2026-06-11,28,2182,Delayed,Industrial
8223,192,Ware House E,2026-05-28,2026-06-03,24,2851,Delayed,Automotive
8224,102,Ware House B,2026-05-23,2026-05-29,77,3669,Delivered,Electronics
8225,244,Ware House A,2026-05-25,2026-05-27,61,4602,Delayed,Automotive
8226,305,Ware House D,2026-05-31,2026-06-06,7,7550,Cancelled,Automotive
8227,323,Ware House D,2026-05-08,2026-05-17,54,7276,In Transit,FMCG
8228,374,Ware House B,2026-05-14,2026-05-19,77,752,In Transit,Pharma
8229,261,Ware House B,2026-06-02,2026-06-07,18,1133,Delivered,FMCG
8230,424,Ware House B,2026-05-18,2026-05-26,13,423,Delayed,Industrial
8231,422,Ware House E,2026-06-01,2026-06-05,74,2562,Delivered,Electronics
8232,458,Ware House C,2026-06-03,2026-06-06,94,7151,In Transit,Industrial
8233,387,Ware House B,2026-05-13,2026-05-14,38,447,Delivered,Pharma
8234,336,Ware House A,2026-05-27,2026-06-05,20,7216,Delivered,FMCG
8235,483,Ware House A,2026-05-23,2026-05-31,61,4792,In Transit,Pharma
8236,18,Ware House E,2026-06-04,2026-06-06,89,8187,Delayed,Pharma
8237,247,Ware House A,2026-05-25,2026-05-27,13,7163,In Transit,Pharma
8238,347,Ware House B,2026-05-31,2026-06-04,29,6768,Delivered,Pharma
8239,345,Ware House E,2026-05-06,2026-05-14,4,6055,In Transit,Industrial
8240,260,Ware House A,2026-05-25,2026-06-03,69,5017,In Transit,Industrial
8241,348,Ware House E,2026-05-28,2026-05-29,74,644,Cancelled,Automotive
8242,329,Ware House B,2026-05-08,2026-05-13,57,2043,In Transit,Pharma
8243,177,Ware House E,2026-06-03,2026-06-09,81,3257,Cancelled,Electronics
8244,437,Ware House E,2026-05-22,2026-05-24,39,7300,Cancelled,Industrial
8245,241,Ware House C,2026-05-24,2026-06-01,32,4221,Delivered,Automotive
8246,226,Ware House B,2026-05-20,2026-05-26,87,2424,Cancelled,Pharma
8247,341,Ware House C,2026-05-24,2026-06-01,19,1475,Delayed,Pharma
8248,333,Ware House D,2026-05-25,2026-05-31,91,3613,In Transit,Electronics
8249,50,Ware House B,2026-05-16,2026-05-20,20,5140,Delivered,Automotive
8250,22,Ware House A,2026-05-16,2026-05-25,97,6866,Delivered,FMCG
8251,301,Ware House B,2026-05-25,2026-05-31,75,8772,Cancelled,Pharma
8252,368,Ware House C,2026-05-30,2026-06-09,79,8824,Delivered,Pharma
8253,84,Ware House E,2026-05-26,2026-05-28,14,174,Delayed,Electronics
8254,241,Ware House A,2026-05-15,2026-05-24,37,1043,Cancelled,FMCG
8255,392,Ware House B,2026-05-22,2026-05-26,63,2803,In Transit,Pharma
8256,169,Ware House C,2026-05-11,2026-05-15,29,2343,Cancelled,Electronics
8257,182,Ware House E,2026-05-07,2026-05-14,67,7651,Delayed,Automotive
8258,121,Ware House D,2026-05-17,2026-05-20,97,8292,Delivered,Industrial
8259,150,Ware House A,2026-06-01,2026-06-07,42,4640,Cancelled,Industrial
8260,499,Ware House E,2026-06-02,2026-06-10,50,4889,Cancelled,Automotive
8261,108,Ware House A,2026-05-10,2026-05-12,17,1549,Cancelled,FMCG
8262,238,Ware House D,2026-05-16,2026-05-18,95,2291,Cancelled,Automotive
8263,276,Ware House D,2026-05-11,2026-05-20,2,3522,Delivered,Pharma
8264,209,Ware House D,2026-05-08,2026-05-10,59,2072,Cancelled,Industrial
8265,121,Ware House E,2026-05-10,2026-05-18,38,946,Cancelled,Industrial
8266,204,Ware House C,2026-05-21,2026-05-26,25,9390,Cancelled,Industrial
8267,122,Ware House B,2026-05-26,2026-06-01,48,5091,Cancelled,Electronics
8268,282,Ware House A,2026-05-17,2026-05-24,51,7342,In Transit,Pharma
8269,111,Ware House C,2026-05-15,2026-05-21,61,7840,In Transit,Automotive
8270,166,Ware House B,2026-05-08,2026-05-18,16,6748,Cancelled,Electronics
8271,54,Ware House B,2026-05-14,2026-05-21,18,325,Delayed,FMCG
8272,185,Ware House E,2026-05-14,2026-05-23,93,5062,In Transit,Pharma
8273,369,Ware House A,2026-05-27,2026-06-05,51,1912,Delivered,Industrial
8274,446,Ware House D,2026-05-15,2026-05-24,90,1051,Delayed,FMCG
8275,460,Ware House A,2026-05-07,2026-05-15,52,2530,In Transit,FMCG
8276,327,Ware House C,2026-05-25,2026-05-28,52,7128,In Transit,Electronics
8277,202,Ware House B,2026-05-08,2026-05-09,29,1766,Delayed,Automotive
8278,487,Ware House B,2026-05-15,2026-05-23,2,2786,Cancelled,FMCG
8279,261,Ware House B,2026-05-21,2026-05-31,24,5161,In Transit,Pharma
8280,215,Ware House E,2026-05-07,2026-05-13,84,6220,Delayed,Automotive
8281,246,Ware House A,2026-06-04,2026-06-12,98,4591,In Transit,FMCG
8282,425,Ware House B,2026-06-03,2026-06-12,60,5972,Cancelled,Electronics
8283,286,Ware House C,2026-06-04,2026-06-12,97,3214,Delivered,Automotive
8284,246,Ware House C,2026-05-27,2026-06-04,45,4499,Delivered,Automotive
8285,451,Ware House B,2026-05-31,2026-06-09,9,1025,Delivered,Electronics
8286,15,Ware House A,2026-06-02,2026-06-05,41,3263,Delayed,FMCG
8287,80,Ware House E,2026-05-23,2026-05-28,58,8133,Cancelled,Industrial
8288,229,Ware House D,2026-05-25,2026-05-30,54,7738,Delayed,Automotive
8289,40,Ware House E,2026-05-16,2026-05-22,29,4801,Delivered,Industrial
8290,155,Ware House A,2026-05-26,2026-05-27,52,9853,Delayed,FMCG
8291,467,Ware House A,2026-05-19,2026-05-23,23,5571,Delivered,Electronics
8292,345,Ware House B,2026-05-21,2026-05-28,87,679,Cancelled,Automotive
8293,190,Ware House D,2026-05-06,2026-05-08,31,8475,Cancelled,FMCG
8294,368,Ware House C,2026-05-17,2026-05-26,94,4767,Delivered,FMCG
8295,323,Ware House B,2026-05-31,2026-06-01,75,4266,In Transit,Automotive
8296,21,Ware House E,2026-06-02,2026-06-04,91,2091,In Transit,Pharma
8297,183,Ware House E,2026-05-28,2026-06-05,62,782,Cancelled,Electronics
8298,343,Ware House C,2026-05-06,2026-05-12,99,3183,Delivered,Industrial
8299,275,Ware House A,2026-05-20,2026-05-29,86,9722,Cancelled,Electronics
8300,6,Ware House B,2026-06-04,2026-06-10,91,1680,Cancelled,FMCG
8301,223,Ware House B,2026-05-27,2026-06-03,10,2472,Delivered,Electronics
8302,28,Ware House C,2026-05-19,2026-05-26,66,681,Delayed,Electronics
8303,497,Ware House E,2026-05-21,2026-05-25,60,3363,In Transit,Automotive
8304,6,Ware House B,2026-05-07,2026-05-12,49,539,Delivered,FMCG
8305,13,Ware House B,2026-05-08,2026-05-15,15,667,Delayed,Pharma
8306,467,Ware House A,2026-05-09,2026-05-19,12,3198,Delivered,Electronics
8307,245,Ware House A,2026-05-11,2026-05-14,92,889,In Transit,Automotive
8308,198,Ware House B,2026-05-10,2026-05-13,27,5269,Cancelled,FMCG
8309,81,Ware House A,2026-05-11,2026-05-20,90,3361,Delayed,Electronics
8310,362,Ware House B,2026-05-23,2026-05-29,34,4077,Delayed,Electronics
8311,444,Ware House C,2026-06-02,2026-06-09,38,3013,Cancelled,FMCG
8312,151,Ware House D,2026-05-15,2026-05-22,56,9699,In Transit,Pharma
8313,73,Ware House B,2026-05-12,2026-05-18,33,9315,Delivered,FMCG
8314,18,Ware House E,2026-05-15,2026-05-18,5,4990,Delayed,FMCG
8315,63,Ware House D,2026-05-27,2026-06-02,82,5488,In Transit,Pharma
8316,61,Ware House A,2026-06-03,2026-06-12,48,4894,In Transit,Electronics
8317,36,Ware House A,2026-05-14,2026-05-18,8,6209,In Transit,Automotive
8318,460,Ware House B,2026-05-21,2026-05-25,23,9489,Cancelled,FMCG
8319,200,Ware House E,2026-05-14,2026-05-20,60,2053,Cancelled,FMCG
8320,348,Ware House C,2026-05-16,2026-05-19,45,330,Cancelled,Pharma
8321,6,Ware House C,2026-05-26,2026-06-03,14,5173,Delayed,FMCG
8322,407,Ware House B,2026-05-13,2026-05-21,79,6842,Cancelled,Industrial
8323,430,Ware House C,2026-05-20,2026-05-27,61,5821,Delayed,Electronics
8324,133,Ware House B,2026-05-11,2026-05-14,12,2951,In Transit,Industrial
8325,487,Ware House E,2026-05-10,2026-05-19,32,7509,In Transit,Industrial
8326,108,Ware House D,2026-05-22,2026-05-31,17,9541,In Transit,FMCG
8327,494,Ware House E,2026-05-14,2026-05-24,25,3853,Delayed,FMCG
8328,213,Ware House E,2026-05-19,2026-05-29,70,1073,Delayed,Automotive
8329,114,Ware House C,2026-05-13,2026-05-20,97,1121,Delayed,Pharma
8330,16,Ware House D,2026-05-14,2026-05-24,9,623,Cancelled,FMCG
8331,198,Ware House C,2026-06-01,2026-06-07,12,5445,In Transit,Electronics
8332,71,Ware House D,2026-06-02,2026-06-12,20,6320,In Transit,FMCG
8333,159,Ware House B,2026-05-07,2026-05-09,85,332,Delivered,FMCG
8334,360,Ware House D,2026-05-09,2026-05-18,75,5021,Cancelled,Pharma
8335,70,Ware House C,2026-05-25,2026-05-30,25,8481,In Transit,Electronics
8336,40,Ware House D,2026-05-10,2026-05-11,38,1932,Cancelled,Pharma
8337,141,Ware House D,2026-05-22,2026-05-25,63,1410,Delayed,FMCG
8338,208,Ware House C,2026-05-14,2026-05-18,16,5213,Cancelled,Electronics
8339,27,Ware House E,2026-05-30,2026-06-05,17,4022,Delayed,Pharma
8340,21,Ware House A,2026-05-19,2026-05-25,93,8123,Delayed,Electronics
8341,399,Ware House E,2026-05-21,2026-05-23,83,3589,Delivered,Pharma
8342,470,Ware House C,2026-05-29,2026-06-05,78,9337,In Transit,Automotive
8343,465,Ware House B,2026-06-01,2026-06-09,77,2049,Cancelled,Electronics
8344,78,Ware House E,2026-06-03,2026-06-09,55,4650,Delayed,Industrial
8345,322,Ware House C,2026-05-11,2026-05-13,89,5216,In Transit,Automotive
8346,278,Ware House B,2026-05-08,2026-05-14,90,5960,In Transit,Industrial
8347,262,Ware House D,2026-05-27,2026-06-05,92,7350,Delayed,Automotive
8348,418,Ware House E,2026-05-26,2026-06-01,19,8320,Cancelled,Automotive
8349,179,Ware House A,2026-05-14,2026-05-17,54,108,Delayed,Automotive
8350,113,Ware House A,2026-05-08,2026-05-16,95,6427,Cancelled,Automotive
8351,404,Ware House B,2026-06-01,2026-06-04,46,3330,Cancelled,FMCG
8352,250,Ware House A,2026-05-11,2026-05-20,80,6801,Cancelled,Industrial
8353,159,Ware House C,2026-05-15,2026-05-23,80,208,Cancelled,Pharma
8354,139,Ware House A,2026-05-13,2026-05-16,5,4247,Delivered,Automotive
8355,139,Ware House E,2026-05-06,2026-05-13,83,2757,Delivered,FMCG
8356,484,Ware House D,2026-05-11,2026-05-16,97,7745,In Transit,Electronics
8357,335,Ware House A,2026-05-08,2026-05-10,66,708,Delayed,Electronics
8358,28,Ware House B,2026-05-06,2026-05-15,2,1140,In Transit,Pharma
8359,400,Ware House D,2026-05-13,2026-05-23,17,2320,Delayed,Automotive
8360,219,Ware House E,2026-05-21,2026-05-27,23,5310,Cancelled,Electronics
8361,218,Ware House E,2026-05-31,2026-06-07,8,4235,Cancelled,Automotive
8362,277,Ware House E,2026-05-07,2026-05-08,62,7334,Delivered,Electronics
8363,383,Ware House A,2026-05-17,2026-05-18,96,2795,Delayed,Automotive
8364,311,Ware House A,2026-05-17,2026-05-23,2,5164,Delivered,FMCG
8365,108,Ware House D,2026-05-25,2026-06-03,99,908,Cancelled,Electronics
8366,363,Ware House A,2026-05-23,2026-05-25,41,192,Delayed,Industrial
8367,116,Ware House C,2026-05-24,2026-05-26,99,1753,Delivered,FMCG
8368,376,Ware House E,2026-06-01,2026-06-02,5,2104,Delivered,FMCG
8369,137,Ware House C,2026-06-01,2026-06-07,93,6301,In Transit,Electronics
8370,24,Ware House E,2026-05-20,2026-05-28,32,3157,In Transit,Automotive
8371,31,Ware House E,2026-05-30,2026-06-07,65,2689,In Transit,Pharma
8372,466,Ware House C,2026-06-01,2026-06-08,90,4781,Cancelled,Industrial
8373,26,Ware House E,2026-05-29,2026-06-03,6,2759,Delivered,Automotive
8374,187,Ware House A,2026-05-27,2026-06-05,63,1285,In Transit,Pharma
8375,112,Ware House C,2026-05-09,2026-05-17,100,1361,Cancelled,Industrial
8376,287,Ware House B,2026-05-26,2026-06-04,12,3423,In Transit,Automotive
8377,81,Ware House E,2026-05-31,2026-06-06,68,3197,Delivered,Industrial
8378,120,Ware House A,2026-05-20,2026-05-27,45,4912,Delayed,Pharma
8379,51,Ware House C,2026-05-11,2026-05-21,72,1845,Cancelled,Pharma
8380,54,Ware House B,2026-05-20,2026-05-23,47,9454,Delivered,Electronics
8381,132,Ware House B,2026-05-14,2026-05-20,15,4614,In Transit,Industrial
8382,126,Ware House E,2026-05-14,2026-05-15,42,6575,Delivered,Automotive
8383,184,Ware House E,2026-05-07,2026-05-14,53,4557,Delivered,Automotive
8384,304,Ware House E,2026-05-10,2026-05-17,94,2093,In Transit,Electronics
8385,420,Ware House B,2026-05-08,2026-05-12,16,885,Delayed,Electronics
8386,253,Ware House C,2026-05-29,2026-06-03,22,4123,Delivered,Pharma
8387,431,Ware House D,2026-05-16,2026-05-25,60,6181,Delayed,Industrial
8388,62,Ware House A,2026-05-29,2026-05-31,82,130,In Transit,Automotive
8389,266,Ware House A,2026-06-03,2026-06-11,91,4871,Delivered,Pharma
8390,35,Ware House A,2026-05-30,2026-06-09,5,4656,Delivered,Pharma
8391,170,Ware House B,2026-05-15,2026-05-23,41,884,Delivered,Automotive
8392,29,Ware House B,2026-05-14,2026-05-19,87,4808,In Transit,Electronics
8393,243,Ware House E,2026-06-02,2026-06-05,37,1131,Delivered,Electronics
8394,497,Ware House C,2026-05-10,2026-05-15,62,6956,Cancelled,Pharma
8395,324,Ware House C,2026-05-19,2026-05-29,13,4159,Delayed,Industrial
8396,154,Ware House B,2026-05-15,2026-05-23,8,7794,Delayed,Pharma
8397,154,Ware House C,2026-05-22,2026-05-25,61,4078,In Transit,FMCG
8398,410,Ware House A,2026-06-02,2026-06-12,84,5487,In Transit,Electronics
8399,156,Ware House B,2026-06-04,2026-06-14,27,7791,Cancelled,Automotive
8400,468,Ware House B,2026-05-11,2026-05-17,37,1613,Cancelled,Pharma
8401,43,Ware House C,2026-05-23,2026-05-31,51,6787,In Transit,Pharma
8402,330,Ware House C,2026-05-14,2026-05-17,9,6836,In Transit,Industrial
8403,260,Ware House B,2026-05-25,2026-05-26,7,3214,Delivered,Electronics
8404,87,Ware House D,2026-05-27,2026-05-30,47,5224,Delayed,Industrial
8405,195,Ware House B,2026-05-07,2026-05-10,35,6150,Delayed,Electronics
8406,202,Ware House B,2026-05-09,2026-05-13,69,3127,Delayed,Automotive
8407,87,Ware House B,2026-05-24,2026-05-26,56,7016,Delayed,Pharma
8408,364,Ware House A,2026-05-17,2026-05-27,68,5509,Delivered,Automotive
8409,386,Ware House B,2026-05-19,2026-05-20,91,2895,Delivered,Electronics
8410,207,Ware House B,2026-05-25,2026-06-04,77,8306,In Transit,Automotive
8411,388,Ware House A,2026-05-31,2026-06-05,67,6964,Delivered,Electronics
8412,285,Ware House C,2026-05-17,2026-05-19,10,7595,Delivered,FMCG
8413,313,Ware House A,2026-05-21,2026-05-31,11,6561,Cancelled,FMCG
8414,37,Ware House D,2026-05-21,2026-05-25,89,2514,Cancelled,FMCG
8415,375,Ware House E,2026-05-10,2026-05-14,97,3179,Delivered,Industrial
8416,47,Ware House B,2026-05-18,2026-05-28,84,4414,Delayed,Electronics
8417,364,Ware House B,2026-05-22,2026-05-30,7,8645,Delayed,Pharma
8418,123,Ware House D,2026-06-04,2026-06-10,78,1566,In Transit,Automotive
8419,462,Ware House D,2026-05-22,2026-05-30,4,7634,In Transit,Automotive
8420,114,Ware House E,2026-05-15,2026-05-17,85,931,Cancelled,Pharma
8421,3,Ware House D,2026-05-13,2026-05-19,25,637,In Transit,Industrial
8422,482,Ware House B,2026-05-11,2026-05-20,66,9926,Delivered,Industrial
8423,16,Ware House A,2026-05-19,2026-05-23,23,6205,Delayed,Automotive
8424,51,Ware House D,2026-05-27,2026-06-02,13,9174,Delayed,FMCG
8425,387,Ware House D,2026-05-10,2026-05-19,43,5202,In Transit,Pharma
8426,176,Ware House B,2026-05-09,2026-05-16,96,5200,Delivered,Pharma
8427,493,Ware House D,2026-05-16,2026-05-17,22,5606,Cancelled,Pharma
8428,212,Ware House A,2026-05-25,2026-06-01,78,3717,In Transit,Electronics
8429,48,Ware House A,2026-05-09,2026-05-17,96,1554,Delivered,Pharma
8430,62,Ware House B,2026-05-21,2026-05-30,81,630,In Transit,Electronics
8431,309,Ware House E,2026-05-23,2026-06-02,94,3421,Delayed,Industrial
8432,323,Ware House E,2026-05-09,2026-05-18,7,6916,Cancelled,Electronics
8433,300,Ware House B,2026-05-23,2026-05-26,18,2372,Delivered,Industrial
8434,441,Ware House C,2026-05-29,2026-06-04,85,2200,In Transit,Industrial
8435,85,Ware House E,2026-05-14,2026-05-22,68,5976,Delivered,Automotive
8436,78,Ware House B,2026-05-22,2026-05-30,58,4409,Delivered,Pharma
8437,312,Ware House D,2026-05-15,2026-05-24,19,7198,Delivered,Industrial
8438,275,Ware House C,2026-05-29,2026-06-06,27,4144,Cancelled,FMCG
8439,478,Ware House D,2026-05-21,2026-05-26,18,964,Delayed,Pharma
8440,341,Ware House A,2026-06-01,2026-06-05,72,8561,In Transit,Pharma
8441,357,Ware House D,2026-06-02,2026-06-11,85,5602,Delayed,Automotive
8442,232,Ware House C,2026-05-26,2026-05-31,24,4646,Delayed,Pharma
8443,119,Ware House A,2026-05-07,2026-05-12,29,470,Cancelled,Electronics
8444,20,Ware House C,2026-05-19,2026-05-29,65,5494,In Transit,Electronics
8445,110,Ware House B,2026-05-09,2026-05-14,78,4123,Delivered,Automotive
8446,172,Ware House E,2026-05-25,2026-05-30,27,7402,Delayed,Industrial
8447,311,Ware House E,2026-05-19,2026-05-26,85,5401,In Transit,FMCG
8448,438,Ware House A,2026-05-19,2026-05-22,79,6128,Cancelled,Pharma
8449,479,Ware House C,2026-06-04,2026-06-09,24,3401,Delayed,Pharma
8450,88,Ware House C,2026-05-08,2026-05-10,83,5788,In Transit,Pharma
8451,269,Ware House C,2026-05-28,2026-06-06,41,3340,In Transit,Electronics
8452,352,Ware House D,2026-06-01,2026-06-08,27,3652,In Transit,Electronics
8453,445,Ware House E,2026-05-21,2026-05-22,62,1540,Cancelled,Industrial
8454,266,Ware House E,2026-05-22,2026-05-27,49,1810,Delivered,FMCG
8455,449,Ware House B,2026-05-09,2026-05-15,51,3675,Cancelled,Automotive
8456,498,Ware House A,2026-05-17,2026-05-24,32,9234,Delayed,Industrial
8457,493,Ware House D,2026-06-04,2026-06-10,92,6059,Delayed,Industrial
8458,461,Ware House E,2026-06-04,2026-06-06,58,8321,Delivered,Industrial
8459,303,Ware House C,2026-06-04,2026-06-05,89,7838,In Transit,Industrial
8460,98,Ware House C,2026-05-25,2026-06-02,32,123,In Transit,Automotive
8461,210,Ware House E,2026-05-22,2026-05-28,12,4997,In Transit,Industrial
8462,301,Ware House A,2026-05-11,2026-05-18,55,1252,Cancelled,Automotive
8463,353,Ware House B,2026-05-17,2026-05-25,44,6110,Delayed,Automotive
8464,446,Ware House B,2026-05-12,2026-05-15,69,5038,Delayed,Automotive
8465,447,Ware House E,2026-05-07,2026-05-16,42,4776,Delivered,Industrial
8466,15,Ware House A,2026-05-16,2026-05-20,44,4005,Cancelled,Industrial
8467,249,Ware House B,2026-06-04,2026-06-14,61,5614,Delayed,Automotive
8468,447,Ware House D,2026-05-07,2026-05-17,65,8390,Delayed,Electronics
8469,21,Ware House D,2026-05-14,2026-05-16,20,2301,Delayed,FMCG
8470,353,Ware House D,2026-06-02,2026-06-06,89,8085,Delivered,FMCG
8471,83,Ware House E,2026-05-26,2026-05-29,60,3008,In Transit,FMCG
8472,9,Ware House E,2026-05-07,2026-05-09,84,9844,Delayed,Industrial
8473,484,Ware House B,2026-05-26,2026-05-27,63,2216,Delayed,Industrial
8474,310,Ware House B,2026-05-30,2026-06-02,29,6195,Cancelled,Industrial
8475,210,Ware House E,2026-05-21,2026-05-30,58,3977,Delivered,Industrial
8476,187,Ware House A,2026-05-27,2026-06-05,74,1096,In Transit,Pharma
8477,433,Ware House D,2026-05-26,2026-05-28,2,3939,Cancelled,Electronics
8478,370,Ware House C,2026-06-01,2026-06-11,63,4739,Delayed,Industrial
8479,437,Ware House B,2026-05-22,2026-05-30,87,6824,In Transit,Electronics
8480,247,Ware House B,2026-05-25,2026-06-01,67,8620,Delivered,Pharma
8481,407,Ware House A,2026-05-13,2026-05-21,89,136,In Transit,Automotive
8482,479,Ware House C,2026-05-10,2026-05-16,90,1847,Cancelled,Electronics
8483,69,Ware House C,2026-06-03,2026-06-13,60,8991,Cancelled,FMCG
8484,455,Ware House C,2026-05-25,2026-05-30,53,3167,Cancelled,FMCG
8485,342,Ware House C,2026-05-11,2026-05-14,84,979,Cancelled,FMCG
8486,14,Ware House E,2026-05-22,2026-05-25,80,9129,Cancelled,Industrial
8487,499,Ware House C,2026-05-24,2026-05-27,30,8269,Delayed,Automotive
8488,366,Ware House B,2026-05-10,2026-05-13,28,7978,Delayed,Automotive
8489,20,Ware House B,2026-05-08,2026-05-17,48,5292,Delayed,FMCG
8490,211,Ware House D,2026-05-22,2026-05-29,82,7980,Delayed,FMCG
8491,398,Ware House D,2026-05-28,2026-06-07,71,441,Delivered,FMCG
8492,404,Ware House A,2026-05-21,2026-05-28,4,4604,Delivered,Pharma
8493,81,Ware House E,2026-05-08,2026-05-17,15,7615,In Transit,Industrial
8494,52,Ware House A,2026-05-14,2026-05-19,45,3397,In Transit,Electronics
8495,434,Ware House A,2026-05-19,2026-05-28,93,5529,Cancelled,Pharma
8496,355,Ware House B,2026-06-02,2026-06-12,76,7503,Delivered,Industrial
8497,214,Ware House E,2026-05-11,2026-05-16,50,6388,Delayed,Automotive
8498,493,Ware House E,2026-05-12,2026-05-16,68,8447,Cancelled,FMCG
8499,314,Ware House B,2026-06-02,2026-06-10,37,4251,Cancelled,Pharma
8500,192,Ware House D,2026-06-04,2026-06-10,91,8552,Cancelled,Automotive
8501,478,Ware House B,2026-05-16,2026-05-20,67,1213,In Transit,Industrial
8502,130,Ware House B,2026-05-15,2026-05-18,55,3859,In Transit,Pharma
8503,154,Ware House B,2026-05-15,2026-05-24,43,1928,In Transit,Electronics
8504,270,Ware House D,2026-05-20,2026-05-21,14,5769,Delayed,Automotive
8505,279,Ware House A,2026-06-03,2026-06-08,36,1262,Cancelled,Pharma
8506,242,Ware House B,2026-05-22,2026-05-23,5,2455,Cancelled,Industrial
8507,101,Ware House E,2026-05-31,2026-06-07,65,3539,Delivered,Industrial
8508,138,Ware House C,2026-06-01,2026-06-02,86,4211,Delivered,FMCG
8509,404,Ware House D,2026-05-24,2026-05-27,15,7838,Delayed,Industrial
8510,199,Ware House C,2026-05-11,2026-05-13,77,7267,Delivered,Automotive
8511,213,Ware House B,2026-05-12,2026-05-16,1,8120,Delayed,Industrial
8512,71,Ware House C,2026-05-09,2026-05-13,42,8527,Delivered,FMCG
8513,128,Ware House E,2026-05-25,2026-06-03,13,8363,Delivered,Industrial
8514,58,Ware House E,2026-05-31,2026-06-03,91,7781,Delivered,Pharma
8515,61,Ware House C,2026-05-22,2026-05-28,86,9642,Delivered,Automotive
8516,404,Ware House E,2026-06-01,2026-06-08,44,4872,Cancelled,Electronics
8517,427,Ware House D,2026-06-04,2026-06-14,44,4342,In Transit,Pharma
8518,154,Ware House D,2026-05-31,2026-06-03,11,886,Delivered,Pharma
8519,77,Ware House A,2026-05-22,2026-05-28,91,4931,Delivered,Automotive
8520,426,Ware House C,2026-05-22,2026-05-25,88,5560,In Transit,Electronics
8521,495,Ware House B,2026-05-11,2026-05-18,86,7120,Delayed,Electronics
8522,347,Ware House C,2026-06-02,2026-06-04,84,5440,Delivered,Pharma
8523,229,Ware House C,2026-05-19,2026-05-25,84,279,Delivered,FMCG
8524,155,Ware House B,2026-05-25,2026-05-31,59,9511,Delayed,Automotive
8525,8,Ware House D,2026-05-06,2026-05-13,61,4323,Cancelled,Pharma
8526,5,Ware House A,2026-05-13,2026-05-14,54,8141,Cancelled,Industrial
8527,168,Ware House C,2026-05-19,2026-05-21,96,6765,Cancelled,Electronics
8528,468,Ware House D,2026-06-04,2026-06-08,9,7859,In Transit,Industrial
8529,268,Ware House E,2026-05-15,2026-05-18,66,3543,Delayed,Industrial
8530,174,Ware House D,2026-05-10,2026-05-20,54,9310,Delayed,FMCG
8531,175,Ware House A,2026-05-12,2026-05-13,15,2570,In Transit,FMCG
8532,239,Ware House C,2026-05-30,2026-06-05,94,724,In Transit,Pharma
8533,449,Ware House C,2026-05-17,2026-05-20,99,1955,Cancelled,Automotive
8534,149,Ware House E,2026-05-19,2026-05-25,14,1597,Delayed,Pharma
8535,144,Ware House D,2026-05-18,2026-05-28,10,4087,Cancelled,FMCG
8536,400,Ware House E,2026-05-13,2026-05-14,66,767,Delivered,Industrial
8537,353,Ware House C,2026-05-14,2026-05-23,31,4257,In Transit,Industrial
8538,455,Ware House D,2026-05-30,2026-06-09,90,9458,Cancelled,Pharma
8539,164,Ware House E,2026-05-25,2026-05-30,80,2171,In Transit,Automotive
8540,378,Ware House A,2026-05-21,2026-05-29,11,8759,Delivered,Pharma
8541,136,Ware House C,2026-05-23,2026-05-28,78,3625,In Transit,FMCG
8542,180,Ware House C,2026-05-22,2026-05-23,75,320,Delivered,Pharma
8543,301,Ware House E,2026-05-29,2026-06-02,28,8566,In Transit,FMCG
8544,252,Ware House E,2026-06-04,2026-06-13,98,6111,Cancelled,Pharma
8545,106,Ware House B,2026-05-18,2026-05-25,44,7491,Delivered,FMCG
8546,255,Ware House E,2026-05-15,2026-05-16,88,8083,Cancelled,Electronics
8547,476,Ware House B,2026-06-03,2026-06-09,100,923,In Transit,FMCG
8548,123,Ware House A,2026-05-24,2026-06-03,17,1233,Delivered,Automotive
8549,2,Ware House C,2026-05-14,2026-05-23,8,4878,In Transit,Pharma
8550,368,Ware House A,2026-05-31,2026-06-04,20,471,Delayed,Automotive
8551,10,Ware House E,2026-05-27,2026-06-05,99,5797,In Transit,Electronics
8552,121,Ware House D,2026-06-02,2026-06-06,38,6930,Delivered,Electronics
8553,334,Ware House E,2026-05-11,2026-05-16,83,9677,Cancelled,Electronics
8554,95,Ware House A,2026-05-06,2026-05-14,88,9960,In Transit,Industrial
8555,221,Ware House B,2026-05-30,2026-06-09,57,7995,Cancelled,Industrial
8556,100,Ware House B,2026-05-12,2026-05-14,14,3990,In Transit,Industrial
8557,44,Ware House E,2026-06-03,2026-06-09,2,1066,Delayed,Electronics
8558,393,Ware House C,2026-05-21,2026-05-31,19,1517,Delivered,Electronics
8559,241,Ware House A,2026-05-17,2026-05-20,93,7041,Cancelled,Industrial
8560,462,Ware House C,2026-05-17,2026-05-22,9,1932,Cancelled,Automotive
8561,403,Ware House E,2026-05-21,2026-05-23,22,4072,Cancelled,Electronics
8562,4,Ware House E,2026-05-08,2026-05-12,23,157,In Transit,FMCG
8563,335,Ware House E,2026-05-22,2026-05-31,32,5371,Delivered,Industrial
8564,418,Ware House B,2026-05-19,2026-05-22,26,5777,Delayed,Industrial
8565,74,Ware House C,2026-05-15,2026-05-17,82,7378,In Transit,Electronics
8566,485,Ware House C,2026-05-15,2026-05-16,40,6705,In Transit,Industrial
8567,340,Ware House D,2026-05-22,2026-05-28,93,8659,In Transit,Electronics
8568,250,Ware House A,2026-05-19,2026-05-20,70,295,In Transit,Industrial
8569,217,Ware House B,2026-05-19,2026-05-29,31,7848,Delivered,Electronics
8570,444,Ware House D,2026-05-15,2026-05-21,14,996,In Transit,Automotive
8571,151,Ware House D,2026-05-11,2026-05-20,35,5288,Delayed,Pharma
8572,282,Ware House B,2026-05-24,2026-05-29,12,5794,Delayed,Industrial
8573,247,Ware House D,2026-05-16,2026-05-18,56,6861,Delivered,FMCG
8574,364,Ware House E,2026-05-15,2026-05-18,33,822,Cancelled,Automotive
8575,158,Ware House B,2026-05-17,2026-05-23,74,3278,Delivered,Automotive
8576,267,Ware House A,2026-05-26,2026-05-30,80,244,Delayed,FMCG
8577,432,Ware House D,2026-05-10,2026-05-20,68,4077,Delivered,FMCG
8578,461,Ware House E,2026-05-10,2026-05-12,42,9465,In Transit,Industrial
8579,342,Ware House E,2026-05-19,2026-05-29,63,3331,Delayed,Industrial
8580,201,Ware House A,2026-06-04,2026-06-12,35,8210,Cancelled,Industrial
8581,385,Ware House B,2026-05-09,2026-05-18,63,8234,Delivered,Automotive
8582,221,Ware House B,2026-05-06,2026-05-12,94,6405,Delayed,FMCG
8583,257,Ware House D,2026-05-26,2026-06-02,83,6406,Delayed,FMCG
8584,153,Ware House D,2026-05-29,2026-06-02,90,9101,Cancelled,Industrial
8585,473,Ware House E,2026-05-13,2026-05-17,20,6595,Cancelled,Pharma
8586,13,Ware House A,2026-06-04,2026-06-09,13,5272,Delivered,Pharma
8587,498,Ware House E,2026-05-09,2026-05-12,6,972,Delayed,Pharma
8588,340,Ware House A,2026-05-24,2026-05-28,46,4794,In Transit,Electronics
8589,286,Ware House E,2026-05-29,2026-06-07,17,5014,Delivered,Industrial
8590,120,Ware House B,2026-05-11,2026-05-16,34,8091,Delayed,FMCG
8591,384,Ware House D,2026-05-06,2026-05-13,44,8595,Delivered,Industrial
8592,136,Ware House C,2026-05-18,2026-05-28,96,6543,In Transit,FMCG
8593,491,Ware House B,2026-06-03,2026-06-11,93,2823,In Transit,Pharma
8594,286,Ware House D,2026-06-03,2026-06-06,21,1745,Cancelled,Pharma
8595,36,Ware House B,2026-05-13,2026-05-20,51,4564,Delayed,Pharma
8596,298,Ware House C,2026-05-25,2026-05-28,48,8443,Delivered,Industrial
8597,370,Ware House A,2026-05-20,2026-05-23,40,4237,Cancelled,Automotive
8598,76,Ware House C,2026-06-04,2026-06-07,100,5376,Cancelled,FMCG
8599,180,Ware House D,2026-05-25,2026-05-29,14,859,Delivered,Automotive
8600,111,Ware House E,2026-06-01,2026-06-04,97,1461,Cancelled,Automotive
8601,476,Ware House B,2026-05-09,2026-05-12,39,464,Delayed,Pharma
8602,243,Ware House C,2026-06-04,2026-06-12,12,1403,In Transit,FMCG
8603,164,Ware House A,2026-05-18,2026-05-23,65,3600,Delivered,Automotive
8604,406,Ware House E,2026-05-11,2026-05-13,36,1800,Delivered,FMCG
8605,390,Ware House B,2026-05-22,2026-05-28,45,6185,Delayed,Industrial
8606,3,Ware House E,2026-05-25,2026-05-31,2,3884,Delivered,Pharma
8607,40,Ware House E,2026-05-30,2026-05-31,28,6196,Delivered,Pharma
8608,419,Ware House D,2026-05-31,2026-06-10,69,4101,Cancelled,Automotive
8609,235,Ware House A,2026-05-11,2026-05-20,19,3894,Cancelled,Automotive
8610,410,Ware House D,2026-05-30,2026-06-07,94,233,Delayed,Industrial
8611,329,Ware House C,2026-05-18,2026-05-28,7,4857,In Transit,Automotive
8612,150,Ware House E,2026-05-21,2026-05-28,70,149,Delayed,Pharma
8613,260,Ware House C,2026-05-30,2026-06-01,27,7563,Delayed,Electronics
8614,448,Ware House B,2026-05-13,2026-05-16,5,3568,Delivered,Pharma
8615,413,Ware House E,2026-05-30,2026-06-03,25,7847,Delivered,FMCG
8616,17,Ware House D,2026-05-24,2026-06-01,74,2956,Cancelled,Pharma
8617,114,Ware House A,2026-06-02,2026-06-12,78,4446,Delivered,Industrial
8618,202,Ware House B,2026-06-04,2026-06-07,18,7192,Cancelled,Industrial
8619,103,Ware House C,2026-05-28,2026-06-01,2,4347,In Transit,Automotive
8620,32,Ware House B,2026-05-24,2026-06-03,10,8842,In Transit,Automotive
8621,338,Ware House D,2026-05-19,2026-05-21,11,786,In Transit,Automotive
8622,153,Ware House A,2026-05-13,2026-05-21,71,6307,Delayed,Electronics
8623,287,Ware House A,2026-05-15,2026-05-25,45,8740,Cancelled,Industrial
8624,88,Ware House D,2026-05-27,2026-06-03,35,3213,Cancelled,Automotive
8625,236,Ware House D,2026-06-03,2026-06-06,36,5266,Cancelled,Electronics
8626,46,Ware House D,2026-05-22,2026-05-26,60,5398,Cancelled,FMCG
8627,248,Ware House A,2026-05-21,2026-05-30,29,2027,Delivered,Industrial
8628,1,Ware House E,2026-05-13,2026-05-18,29,7280,Delivered,Automotive
8629,8,Ware House D,2026-05-29,2026-06-08,48,4406,Delivered,Electronics
8630,84,Ware House E,2026-05-11,2026-05-13,63,3921,In Transit,Automotive
8631,376,Ware House B,2026-06-02,2026-06-10,48,4408,Delivered,Electronics
8632,315,Ware House A,2026-05-31,2026-06-09,3,7461,Delayed,Electronics
8633,402,Ware House A,2026-05-26,2026-06-05,93,4405,Delayed,Pharma
8634,157,Ware House E,2026-05-31,2026-06-01,27,4120,In Transit,Pharma
8635,175,Ware House B,2026-05-29,2026-06-08,1,661,In Transit,Electronics
8636,141,Ware House A,2026-06-01,2026-06-06,41,5437,Cancelled,Industrial
8637,329,Ware House B,2026-05-13,2026-05-16,90,521,Cancelled,Pharma
8638,417,Ware House A,2026-05-10,2026-05-12,30,8611,Delayed,Automotive
8639,38,Ware House E,2026-05-08,2026-05-16,83,1742,Delivered,Pharma
8640,434,Ware House B,2026-05-29,2026-06-07,52,4880,Delivered,Industrial
8641,352,Ware House B,2026-05-25,2026-06-02,69,7996,Delivered,Electronics
8642,23,Ware House E,2026-05-23,2026-05-28,29,4530,Delayed,Industrial
8643,455,Ware House E,2026-05-26,2026-05-28,41,8384,Cancelled,Pharma
8644,313,Ware House A,2026-05-10,2026-05-14,73,743,Cancelled,Pharma
8645,326,Ware House C,2026-05-08,2026-05-09,21,7922,Cancelled,Electronics
8646,350,Ware House C,2026-05-13,2026-05-20,8,6719,Cancelled,Automotive
8647,43,Ware House B,2026-06-02,2026-06-09,68,8725,In Transit,FMCG
8648,275,Ware House A,2026-05-17,2026-05-26,88,8313,Delayed,Electronics
8649,148,Ware House E,2026-05-14,2026-05-16,24,4086,Delivered,Industrial
8650,201,Ware House C,2026-05-14,2026-05-24,16,2273,In Transit,FMCG
8651,115,Ware House A,2026-05-07,2026-05-09,61,2616,Cancelled,Industrial
8652,375,Ware House D,2026-05-21,2026-05-28,71,5025,Delivered,Electronics
8653,251,Ware House E,2026-05-26,2026-05-31,99,5244,Cancelled,Automotive
8654,316,Ware House D,2026-06-03,2026-06-08,42,2247,Cancelled,Automotive
8655,125,Ware House D,2026-05-20,2026-05-30,100,2595,Delayed,Industrial
8656,25,Ware House A,2026-05-07,2026-05-11,53,3196,Delayed,Electronics
8657,369,Ware House A,2026-05-19,2026-05-21,8,3594,Cancelled,Industrial
8658,91,Ware House D,2026-05-26,2026-06-04,51,6097,Cancelled,Pharma
8659,155,Ware House D,2026-05-29,2026-05-31,60,2200,Cancelled,FMCG
8660,88,Ware House A,2026-05-16,2026-05-26,37,5755,Delayed,Electronics
8661,33,Ware House E,2026-05-07,2026-05-15,10,2810,Cancelled,FMCG
8662,176,Ware House B,2026-06-02,2026-06-04,35,6419,Delivered,Automotive
8663,198,Ware House A,2026-05-20,2026-05-28,93,3154,In Transit,FMCG
8664,47,Ware House A,2026-06-02,2026-06-06,84,788,Delivered,Pharma
8665,474,Ware House C,2026-05-06,2026-05-12,97,2840,Cancelled,Automotive
8666,157,Ware House C,2026-06-01,2026-06-06,9,5431,Cancelled,Pharma
8667,205,Ware House D,2026-05-14,2026-05-23,72,1144,Cancelled,FMCG
8668,444,Ware House C,2026-05-08,2026-05-15,48,3571,Delayed,Pharma
8669,437,Ware House D,2026-05-23,2026-05-25,64,8250,Delayed,Automotive
8670,201,Ware House B,2026-06-04,2026-06-10,28,5655,Delayed,Electronics
8671,174,Ware House E,2026-05-24,2026-05-27,51,9976,Delayed,Electronics
8672,422,Ware House D,2026-05-29,2026-06-03,85,4058,Cancelled,Automotive
8673,345,Ware House B,2026-05-11,2026-05-16,45,7684,In Transit,FMCG
8674,55,Ware House D,2026-05-21,2026-05-29,68,6494,Cancelled,Automotive
8675,433,Ware House A,2026-05-25,2026-06-03,1,1570,Delayed,Industrial
8676,174,Ware House E,2026-05-20,2026-05-23,82,2108,Delivered,Electronics
8677,221,Ware House C,2026-05-14,2026-05-18,84,2717,In Transit,Automotive
8678,223,Ware House A,2026-05-26,2026-05-28,35,2265,Cancelled,FMCG
8679,374,Ware House E,2026-06-01,2026-06-11,82,958,Cancelled,FMCG
8680,213,Ware House A,2026-05-18,2026-05-23,77,7514,Delivered,Automotive
8681,19,Ware House D,2026-05-31,2026-06-08,62,6124,In Transit,Automotive
8682,308,Ware House A,2026-05-19,2026-05-22,37,9159,Delayed,FMCG
8683,349,Ware House E,2026-05-16,2026-05-20,39,6244,Cancelled,Electronics
8684,244,Ware House E,2026-05-18,2026-05-20,66,8276,Delivered,Pharma
8685,43,Ware House A,2026-05-10,2026-05-19,93,6339,Cancelled,Electronics
8686,218,Ware House B,2026-05-07,2026-05-08,74,9648,In Transit,Pharma
8687,407,Ware House A,2026-06-02,2026-06-07,52,4301,Delayed,Pharma
8688,199,Ware House E,2026-05-28,2026-06-01,58,9201,In Transit,Automotive
8689,47,Ware House C,2026-05-13,2026-05-19,97,6912,Delivered,Automotive
8690,332,Ware House B,2026-06-01,2026-06-05,63,711,Delayed,Pharma
8691,464,Ware House C,2026-05-16,2026-05-23,38,4498,Delivered,FMCG
8692,368,Ware House D,2026-06-02,2026-06-03,27,520,Delayed,Automotive
8693,151,Ware House B,2026-05-14,2026-05-20,83,826,Cancelled,Industrial
8694,131,Ware House C,2026-05-06,2026-05-10,22,8870,In Transit,FMCG
8695,44,Ware House C,2026-05-16,2026-05-26,10,5590,In Transit,Pharma
8696,378,Ware House B,2026-05-09,2026-05-12,20,711,Cancelled,FMCG
8697,382,Ware House D,2026-05-10,2026-05-12,77,6847,Delivered,Pharma
8698,68,Ware House A,2026-05-15,2026-05-16,7,7943,Cancelled,Pharma
8699,306,Ware House D,2026-05-19,2026-05-23,26,235,Delivered,Industrial
8700,470,Ware House C,2026-06-01,2026-06-06,80,7771,In Transit,Automotive
8701,333,Ware House E,2026-05-06,2026-05-12,91,2011,Delivered,Automotive
8702,304,Ware House E,2026-05-15,2026-05-19,7,426,In Transit,Electronics
8703,23,Ware House A,2026-05-08,2026-05-15,22,6489,Delivered,Automotive
8704,320,Ware House D,2026-06-04,2026-06-12,21,4839,In Transit,Automotive
8705,320,Ware House A,2026-05-06,2026-05-10,43,6482,In Transit,Electronics
8706,383,Ware House E,2026-05-23,2026-06-01,22,9248,In Transit,Pharma
8707,123,Ware House E,2026-05-09,2026-05-14,4,5847,Delivered,Pharma
8708,151,Ware House C,2026-05-15,2026-05-17,1,2029,Cancelled,Electronics
8709,33,Ware House C,2026-06-03,2026-06-11,31,1671,In Transit,Electronics
8710,36,Ware House D,2026-05-16,2026-05-24,51,5626,Cancelled,Electronics
8711,315,Ware House A,2026-06-03,2026-06-07,65,1419,In Transit,Automotive
8712,129,Ware House B,2026-05-21,2026-05-28,58,4429,In Transit,FMCG
8713,330,Ware House B,2026-05-10,2026-05-17,100,3196,Delivered,Pharma
8714,410,Ware House C,2026-06-01,2026-06-08,89,1194,Delayed,FMCG
8715,423,Ware House A,2026-05-06,2026-05-14,44,9269,Delayed,Pharma
8716,28,Ware House A,2026-05-20,2026-05-30,73,8940,Delivered,Pharma
8717,248,Ware House A,2026-05-20,2026-05-24,68,7837,Delayed,Automotive
8718,287,Ware House D,2026-05-10,2026-05-15,5,7614,Delayed,Pharma
8719,316,Ware House D,2026-05-13,2026-05-20,100,3678,In Transit,Electronics
8720,312,Ware House D,2026-05-15,2026-05-21,8,5215,Delivered,Automotive
8721,444,Ware House C,2026-05-18,2026-05-27,19,1599,Delivered,Automotive
8722,237,Ware House A,2026-05-14,2026-05-19,69,1846,Delayed,Industrial
8723,72,Ware House A,2026-05-08,2026-05-17,5,8486,Delivered,Industrial
8724,219,Ware House E,2026-05-27,2026-06-06,76,1474,Cancelled,FMCG
8725,39,Ware House C,2026-05-20,2026-05-22,69,4375,In Transit,Industrial
8726,230,Ware House A,2026-05-27,2026-05-30,68,679,In Transit,Pharma
8727,309,Ware House B,2026-05-30,2026-06-03,40,7247,Delivered,Industrial
8728,139,Ware House A,2026-05-15,2026-05-20,45,4864,Delivered,Automotive
8729,231,Ware House A,2026-05-23,2026-06-02,97,5478,Delivered,Pharma
8730,211,Ware House D,2026-05-27,2026-05-28,48,4006,In Transit,Pharma
8731,492,Ware House D,2026-05-14,2026-05-18,12,8639,In Transit,Industrial
8732,59,Ware House C,2026-05-21,2026-05-23,37,4534,In Transit,Industrial
8733,393,Ware House D,2026-05-25,2026-05-29,59,4883,Cancelled,Electronics
8734,4,Ware House A,2026-06-04,2026-06-06,94,5880,Delivered,Industrial
8735,224,Ware House D,2026-06-02,2026-06-03,25,4400,Cancelled,Pharma
8736,456,Ware House C,2026-05-23,2026-05-28,31,3836,In Transit,Electronics
8737,463,Ware House A,2026-05-14,2026-05-20,53,6922,Delayed,Pharma
8738,427,Ware House E,2026-05-13,2026-05-15,36,5057,Delivered,FMCG
8739,271,Ware House E,2026-06-01,2026-06-11,79,1009,Cancelled,Automotive
8740,405,Ware House C,2026-05-26,2026-06-01,58,5549,In Transit,Electronics
8741,448,Ware House E,2026-05-08,2026-05-13,29,6278,In Transit,Automotive
8742,19,Ware House E,2026-06-01,2026-06-03,72,2419,Delivered,Pharma
8743,216,Ware House D,2026-05-26,2026-05-31,11,7173,In Transit,Industrial
8744,360,Ware House D,2026-05-25,2026-06-04,4,1410,In Transit,Pharma
8745,346,Ware House B,2026-05-29,2026-06-05,88,4526,In Transit,Automotive
8746,270,Ware House C,2026-05-13,2026-05-16,55,6968,Cancelled,Automotive
8747,340,Ware House D,2026-05-21,2026-05-31,16,821,In Transit,Automotive
8748,247,Ware House E,2026-05-07,2026-05-12,21,2867,In Transit,Electronics
8749,308,Ware House A,2026-05-27,2026-05-28,25,1805,Cancelled,Industrial
8750,387,Ware House B,2026-05-21,2026-05-29,1,1903,Delivered,Electronics
8751,55,Ware House E,2026-05-24,2026-05-30,25,3479,In Transit,Automotive
8752,89,Ware House D,2026-05-06,2026-05-15,76,3450,Delivered,Automotive
8753,324,Ware House E,2026-05-08,2026-05-14,92,2488,Cancelled,FMCG
8754,266,Ware House E,2026-05-10,2026-05-17,21,1466,Cancelled,Automotive
8755,405,Ware House A,2026-05-10,2026-05-16,57,1102,Delayed,FMCG
8756,376,Ware House B,2026-05-06,2026-05-11,68,175,Delayed,Industrial
8757,195,Ware House B,2026-05-23,2026-05-26,66,5290,Cancelled,Pharma
8758,107,Ware House D,2026-05-06,2026-05-13,66,5682,Delayed,Automotive
8759,267,Ware House B,2026-05-30,2026-06-02,94,9201,Delayed,FMCG
8760,40,Ware House C,2026-06-02,2026-06-12,28,1566,Cancelled,Industrial
8761,182,Ware House B,2026-05-19,2026-05-26,36,8844,Delivered,Electronics
8762,208,Ware House C,2026-05-29,2026-06-04,8,7198,Cancelled,Electronics
8763,450,Ware House A,2026-06-04,2026-06-08,10,6464,Cancelled,FMCG
8764,105,Ware House A,2026-05-09,2026-05-12,38,8008,In Transit,FMCG
8765,131,Ware House D,2026-05-07,2026-05-10,92,2615,Delayed,Industrial
8766,164,Ware House E,2026-05-22,2026-05-28,11,4906,Delivered,FMCG
8767,38,Ware House D,2026-05-06,2026-05-13,18,1299,In Transit,Automotive
8768,337,Ware House C,2026-05-12,2026-05-13,11,608,Cancelled,Electronics
8769,308,Ware House C,2026-05-08,2026-05-09,14,3256,In Transit,Pharma
8770,154,Ware House C,2026-05-21,2026-05-23,65,8718,In Transit,FMCG
8771,266,Ware House E,2026-05-06,2026-05-14,86,2407,Delivered,Automotive
8772,358,Ware House D,2026-05-29,2026-06-07,18,7224,Delayed,Industrial
8773,265,Ware House A,2026-05-19,2026-05-24,47,2726,In Transit,Industrial
8774,380,Ware House A,2026-05-10,2026-05-12,87,5492,Delayed,Electronics
8775,91,Ware House C,2026-05-12,2026-05-20,20,5430,Delivered,Automotive
8776,204,Ware House E,2026-05-13,2026-05-15,10,5719,Cancelled,Automotive
8777,7,Ware House A,2026-06-04,2026-06-14,16,3557,In Transit,Electronics
8778,148,Ware House A,2026-05-26,2026-06-02,74,5508,Delayed,FMCG
8779,416,Ware House E,2026-05-24,2026-05-25,52,2859,Cancelled,Pharma
8780,342,Ware House D,2026-05-27,2026-06-03,97,4825,Delivered,Automotive
8781,96,Ware House C,2026-05-06,2026-05-12,92,8395,Delayed,Automotive
8782,67,Ware House D,2026-06-04,2026-06-09,57,4030,In Transit,Electronics
8783,441,Ware House E,2026-06-04,2026-06-08,26,2007,Delivered,Electronics
8784,121,Ware House B,2026-05-16,2026-05-17,50,5745,Cancelled,Automotive
8785,413,Ware House A,2026-05-17,2026-05-21,90,7519,In Transit,Pharma
8786,442,Ware House B,2026-05-07,2026-05-12,55,2035,Delivered,Industrial
8787,53,Ware House B,2026-05-17,2026-05-27,63,876,Delivered,Pharma
8788,327,Ware House B,2026-06-04,2026-06-12,36,5732,Delayed,Automotive
8789,208,Ware House E,2026-05-21,2026-05-31,31,6432,In Transit,Electronics
8790,300,Ware House C,2026-06-04,2026-06-05,64,3179,Cancelled,Electronics
8791,472,Ware House B,2026-06-04,2026-06-12,75,9646,Cancelled,Automotive
8792,305,Ware House C,2026-05-07,2026-05-09,50,1511,Delayed,Automotive
8793,492,Ware House B,2026-05-22,2026-05-29,64,9193,Delivered,Pharma
8794,40,Ware House E,2026-05-22,2026-05-26,67,6992,Delivered,Industrial
8795,92,Ware House B,2026-05-14,2026-05-19,10,8796,In Transit,Industrial
8796,395,Ware House C,2026-05-31,2026-06-04,46,7604,Delivered,Industrial
8797,409,Ware House A,2026-05-07,2026-05-14,57,9814,Delayed,Pharma
8798,85,Ware House B,2026-05-21,2026-05-31,85,7532,In Transit,Pharma
8799,442,Ware House B,2026-05-27,2026-06-05,76,3976,Cancelled,Industrial
8800,105,Ware House B,2026-05-14,2026-05-24,84,7420,Cancelled,Industrial
8801,246,Ware House E,2026-05-23,2026-05-30,100,8665,Cancelled,Electronics
8802,241,Ware House E,2026-05-08,2026-05-12,41,7744,Delivered,Automotive
8803,236,Ware House D,2026-05-28,2026-06-03,96,2164,Delayed,Industrial
8804,239,Ware House E,2026-05-19,2026-05-27,12,721,Delivered,Automotive
8805,100,Ware House C,2026-05-24,2026-05-29,46,8099,Delivered,Automotive
8806,317,Ware House B,2026-05-12,2026-05-18,82,6456,Cancelled,Automotive
8807,448,Ware House B,2026-05-25,2026-05-31,47,7400,Delivered,FMCG
8808,21,Ware House D,2026-06-02,2026-06-06,17,5922,Delivered,Pharma
8809,282,Ware House D,2026-05-27,2026-06-01,88,2266,Delayed,Pharma
8810,457,Ware House C,2026-05-20,2026-05-23,56,1654,In Transit,Electronics
8811,89,Ware House E,2026-05-14,2026-05-24,87,1261,In Transit,Pharma
8812,321,Ware House B,2026-05-13,2026-05-21,58,3025,Cancelled,Industrial
8813,147,Ware House C,2026-06-04,2026-06-13,45,7384,Cancelled,Automotive
8814,215,Ware House D,2026-05-07,2026-05-11,32,3611,Cancelled,Industrial
8815,103,Ware House B,2026-05-18,2026-05-20,63,1536,In Transit,FMCG
8816,286,Ware House B,2026-05-20,2026-05-29,29,233,Delivered,Electronics
8817,460,Ware House E,2026-06-03,2026-06-08,45,8596,Delivered,Automotive
8818,152,Ware House D,2026-05-28,2026-05-30,14,2011,Delivered,Pharma
8819,471,Ware House B,2026-05-06,2026-05-07,84,7481,Delivered,Electronics
8820,341,Ware House E,2026-05-22,2026-05-30,89,1353,Delayed,Automotive
8821,319,Ware House C,2026-05-11,2026-05-14,80,6764,Delayed,Industrial
8822,17,Ware House C,2026-05-13,2026-05-19,61,6423,Cancelled,Industrial
8823,34,Ware House C,2026-05-21,2026-05-27,63,3235,Delayed,Automotive
8824,190,Ware House E,2026-05-21,2026-05-28,93,282,In Transit,Industrial
8825,113,Ware House B,2026-05-11,2026-05-16,55,3959,Delayed,Electronics
8826,354,Ware House E,2026-05-21,2026-05-26,36,3016,Cancelled,Automotive
8827,162,Ware House B,2026-05-11,2026-05-13,30,8152,In Transit,Electronics
8828,254,Ware House B,2026-06-04,2026-06-09,11,1638,Delayed,Automotive
8829,299,Ware House E,2026-05-18,2026-05-21,45,720,Delayed,Industrial
8830,2,Ware House A,2026-05-11,2026-05-19,28,6212,Delivered,Industrial
8831,287,Ware House E,2026-05-14,2026-05-22,74,2626,Cancelled,Pharma
8832,328,Ware House B,2026-06-04,2026-06-08,42,3093,Delayed,Electronics
8833,468,Ware House E,2026-05-21,2026-05-24,30,9984,Delivered,FMCG
8834,421,Ware House A,2026-06-04,2026-06-14,19,8832,In Transit,Pharma
8835,277,Ware House A,2026-05-12,2026-05-13,45,9017,In Transit,Electronics
8836,257,Ware House A,2026-05-14,2026-05-19,3,7860,In Transit,Electronics
8837,59,Ware House A,2026-05-13,2026-05-17,63,6600,In Transit,Industrial
8838,276,Ware House E,2026-05-06,2026-05-12,52,8873,Delayed,FMCG
8839,211,Ware House E,2026-05-14,2026-05-16,67,7366,Delivered,FMCG
8840,449,Ware House C,2026-05-25,2026-05-26,51,2967,In Transit,Industrial
8841,354,Ware House B,2026-05-11,2026-05-17,67,3632,Delayed,Industrial
8842,379,Ware House B,2026-05-23,2026-05-30,35,5673,In Transit,Electronics
8843,137,Ware House E,2026-05-12,2026-05-21,73,9056,In Transit,Automotive
8844,327,Ware House C,2026-06-03,2026-06-12,72,3065,Delivered,Pharma
8845,154,Ware House C,2026-05-07,2026-05-14,19,8955,Delivered,Industrial
8846,149,Ware House B,2026-05-17,2026-05-26,22,7223,Delayed,Automotive
8847,130,Ware House B,2026-05-10,2026-05-20,30,6798,Cancelled,Automotive
8848,284,Ware House C,2026-05-31,2026-06-02,99,4782,Cancelled,Industrial
8849,306,Ware House D,2026-05-23,2026-05-27,83,116,In Transit,Pharma
8850,8,Ware House D,2026-06-03,2026-06-12,65,5645,Delayed,FMCG
8851,418,Ware House C,2026-05-10,2026-05-15,73,2441,Delivered,Pharma
8852,108,Ware House B,2026-05-21,2026-05-22,65,1189,In Transit,Automotive
8853,104,Ware House B,2026-05-28,2026-06-03,86,464,Cancelled,FMCG
8854,429,Ware House A,2026-05-29,2026-06-05,37,5119,In Transit,FMCG
8855,286,Ware House B,2026-06-02,2026-06-03,38,8642,Delivered,Electronics
8856,60,Ware House E,2026-05-20,2026-05-27,35,2830,In Transit,Electronics
8857,56,Ware House A,2026-05-13,2026-05-19,89,9961,In Transit,Pharma
8858,380,Ware House A,2026-05-19,2026-05-28,49,5310,In Transit,FMCG
8859,411,Ware House E,2026-05-06,2026-05-13,2,3620,In Transit,Industrial
8860,51,Ware House B,2026-05-06,2026-05-12,29,1229,Delivered,Automotive
8861,164,Ware House E,2026-05-19,2026-05-28,95,4303,Cancelled,Industrial
8862,135,Ware House C,2026-06-04,2026-06-12,49,5754,Cancelled,Automotive
8863,107,Ware House D,2026-05-26,2026-05-29,32,664,In Transit,Electronics
8864,351,Ware House C,2026-05-12,2026-05-17,7,5019,Delivered,Automotive
8865,477,Ware House A,2026-05-29,2026-05-31,21,5049,Cancelled,Automotive
8866,275,Ware House A,2026-05-07,2026-05-11,46,8870,Delayed,FMCG
8867,113,Ware House D,2026-05-09,2026-05-13,11,4314,In Transit,Electronics
8868,219,Ware House D,2026-05-11,2026-05-13,39,6562,Cancelled,Pharma
8869,58,Ware House C,2026-05-13,2026-05-23,9,3360,In Transit,Automotive
8870,95,Ware House D,2026-06-04,2026-06-07,62,3166,Cancelled,FMCG
8871,321,Ware House E,2026-05-27,2026-05-29,6,2013,In Transit,Electronics
8872,229,Ware House C,2026-05-11,2026-05-14,10,4718,Delivered,Electronics
8873,119,Ware House A,2026-05-07,2026-05-16,2,4139,In Transit,Automotive
8874,74,Ware House D,2026-06-04,2026-06-11,20,8765,Delayed,FMCG
8875,256,Ware House E,2026-06-03,2026-06-05,39,1029,Delayed,Automotive
8876,84,Ware House D,2026-05-19,2026-05-28,86,5512,In Transit,Electronics
8877,34,Ware House A,2026-05-11,2026-05-16,8,3282,Delivered,Electronics
8878,347,Ware House E,2026-06-03,2026-06-10,67,8669,In Transit,Industrial
8879,99,Ware House E,2026-05-24,2026-05-28,27,7292,Cancelled,FMCG
8880,166,Ware House B,2026-05-09,2026-05-10,14,6780,In Transit,Automotive
8881,240,Ware House C,2026-06-04,2026-06-14,71,2030,Delayed,Automotive
8882,409,Ware House E,2026-06-03,2026-06-09,25,6248,Delivered,Industrial
8883,144,Ware House D,2026-05-27,2026-05-30,65,9959,Delayed,Automotive
8884,423,Ware House B,2026-05-20,2026-05-22,97,4707,Cancelled,FMCG
8885,424,Ware House C,2026-05-18,2026-05-26,34,966,Delayed,Industrial
8886,118,Ware House B,2026-05-31,2026-06-01,50,3992,Delivered,Industrial
8887,93,Ware House D,2026-05-29,2026-05-31,66,2430,In Transit,Industrial
8888,119,Ware House C,2026-05-13,2026-05-19,16,8044,Delayed,Industrial
8889,451,Ware House A,2026-05-14,2026-05-22,13,4177,Cancelled,Automotive
8890,382,Ware House D,2026-05-16,2026-05-19,49,1972,Cancelled,Automotive
8891,1,Ware House D,2026-05-22,2026-05-24,36,1623,Cancelled,Automotive
8892,114,Ware House E,2026-05-31,2026-06-01,54,3533,Delivered,Pharma
8893,174,Ware House C,2026-05-20,2026-05-25,91,4297,Cancelled,Industrial
8894,385,Ware House E,2026-05-17,2026-05-19,50,3488,Cancelled,Pharma
8895,262,Ware House B,2026-05-11,2026-05-13,31,4203,Cancelled,Industrial
8896,259,Ware House C,2026-05-31,2026-06-07,21,7437,Delivered,FMCG
8897,50,Ware House D,2026-05-15,2026-05-20,64,6122,Delivered,Automotive
8898,64,Ware House A,2026-05-21,2026-05-24,70,5814,Delayed,Electronics
8899,26,Ware House E,2026-06-04,2026-06-11,42,124,Delivered,Pharma
8900,191,Ware House D,2026-05-27,2026-06-04,64,3498,Delivered,FMCG
8901,360,Ware House B,2026-06-03,2026-06-04,35,2927,Delayed,Pharma
8902,370,Ware House C,2026-05-14,2026-05-22,58,1754,In Transit,Pharma
8903,200,Ware House B,2026-05-24,2026-05-25,51,1422,Delayed,Electronics
8904,174,Ware House B,2026-05-23,2026-05-24,42,8526,In Transit,Pharma
8905,470,Ware House B,2026-05-17,2026-05-27,4,1200,Cancelled,Electronics
8906,486,Ware House C,2026-05-08,2026-05-18,87,2408,Cancelled,FMCG
8907,136,Ware House E,2026-05-27,2026-06-01,87,5367,Delivered,Automotive
8908,482,Ware House E,2026-05-21,2026-05-30,18,2270,Delivered,Electronics
8909,487,Ware House E,2026-05-21,2026-05-26,37,9237,In Transit,Electronics
8910,413,Ware House A,2026-05-31,2026-06-08,27,5941,Delayed,Electronics
8911,49,Ware House B,2026-05-29,2026-06-02,44,2715,Delayed,Industrial
8912,414,Ware House D,2026-05-17,2026-05-22,22,5026,Delivered,Automotive
8913,220,Ware House E,2026-05-17,2026-05-25,1,1227,Cancelled,Pharma
8914,490,Ware House B,2026-05-06,2026-05-09,74,9050,Delivered,Automotive
8915,43,Ware House C,2026-05-28,2026-06-07,78,2097,Cancelled,Electronics
8916,109,Ware House E,2026-06-02,2026-06-10,72,195,In Transit,Automotive
8917,77,Ware House E,2026-05-17,2026-05-23,22,7957,Cancelled,Pharma
8918,467,Ware House D,2026-05-25,2026-05-31,52,6552,In Transit,Electronics
8919,440,Ware House D,2026-05-22,2026-05-28,11,802,In Transit,FMCG
8920,112,Ware House C,2026-05-09,2026-05-16,90,9205,Delivered,Electronics
8921,364,Ware House C,2026-05-23,2026-05-31,87,5946,Cancelled,Pharma
8922,284,Ware House D,2026-05-10,2026-05-12,48,2056,Delayed,Electronics
8923,169,Ware House E,2026-05-10,2026-05-17,63,1408,In Transit,Electronics
8924,369,Ware House A,2026-05-24,2026-06-03,83,5374,Cancelled,Pharma
8925,33,Ware House C,2026-05-29,2026-06-07,93,6609,Delivered,Industrial
8926,482,Ware House B,2026-05-19,2026-05-22,20,5012,In Transit,FMCG
8927,211,Ware House E,2026-05-28,2026-06-07,100,5318,Delivered,Pharma
8928,231,Ware House B,2026-05-20,2026-05-29,5,5567,In Transit,Pharma
8929,304,Ware House C,2026-05-23,2026-05-31,70,9224,Delayed,Industrial
8930,266,Ware House D,2026-05-10,2026-05-16,33,7713,Delayed,Electronics
8931,52,Ware House D,2026-05-18,2026-05-24,45,3915,In Transit,FMCG
8932,196,Ware House B,2026-05-15,2026-05-21,5,9308,Cancelled,FMCG
8933,203,Ware House C,2026-05-09,2026-05-13,50,2363,Cancelled,Electronics
8934,279,Ware House E,2026-05-17,2026-05-26,39,3595,Cancelled,FMCG
8935,278,Ware House C,2026-05-18,2026-05-26,67,2291,In Transit,FMCG
8936,144,Ware House C,2026-05-18,2026-05-24,22,9471,Cancelled,FMCG
8937,161,Ware House C,2026-06-01,2026-06-05,1,670,Delivered,Electronics
8938,108,Ware House D,2026-05-21,2026-05-22,94,7869,In Transit,FMCG
8939,488,Ware House B,2026-05-25,2026-05-28,54,6328,In Transit,Pharma
8940,437,Ware House B,2026-05-22,2026-05-29,75,3767,In Transit,Electronics
8941,60,Ware House C,2026-05-16,2026-05-26,38,5627,Delivered,Automotive
8942,34,Ware House B,2026-05-13,2026-05-18,96,932,Delivered,Pharma
8943,76,Ware House E,2026-05-13,2026-05-15,39,5250,In Transit,Automotive
8944,403,Ware House E,2026-05-28,2026-05-29,10,5981,Delivered,Pharma
8945,103,Ware House B,2026-05-18,2026-05-26,86,251,Delayed,Industrial
8946,274,Ware House A,2026-05-23,2026-05-29,96,8181,Delivered,Pharma
8947,77,Ware House B,2026-05-19,2026-05-26,76,6548,Delayed,Pharma
8948,174,Ware House D,2026-06-04,2026-06-09,74,4325,Delayed,Electronics
8949,48,Ware House D,2026-05-31,2026-06-06,80,5704,Delivered,Pharma
8950,403,Ware House B,2026-05-30,2026-06-07,26,4758,In Transit,FMCG
8951,402,Ware House D,2026-05-15,2026-05-19,43,276,Delayed,Electronics
8952,261,Ware House B,2026-05-26,2026-06-02,91,8980,Delivered,Electronics
8953,342,Ware House C,2026-05-12,2026-05-18,19,5194,Cancelled,Electronics
8954,46,Ware House D,2026-05-17,2026-05-22,10,9824,Cancelled,Automotive
8955,167,Ware House A,2026-05-06,2026-05-11,75,9579,In Transit,Industrial
8956,38,Ware House B,2026-06-03,2026-06-12,22,5024,Cancelled,Electronics
8957,351,Ware House C,2026-05-06,2026-05-15,81,7219,Cancelled,Industrial
8958,314,Ware House E,2026-05-30,2026-06-01,98,5617,Delayed,Pharma
8959,119,Ware House D,2026-05-14,2026-05-18,8,160,In Transit,Automotive
8960,332,Ware House D,2026-05-09,2026-05-16,45,1085,Cancelled,Automotive
8961,471,Ware House E,2026-05-27,2026-06-02,51,5759,Cancelled,Automotive
8962,405,Ware House E,2026-05-25,2026-06-04,80,9472,In Transit,Electronics
8963,189,Ware House C,2026-06-04,2026-06-07,76,9179,Cancelled,FMCG
8964,347,Ware House D,2026-05-18,2026-05-27,23,5336,Delivered,FMCG
8965,161,Ware House E,2026-05-22,2026-05-31,73,3969,Delivered,Pharma
8966,164,Ware House C,2026-05-22,2026-05-23,41,784,Cancelled,Pharma
8967,334,Ware House B,2026-05-06,2026-05-09,23,860,In Transit,Automotive
8968,390,Ware House E,2026-05-25,2026-05-28,29,1734,In Transit,Automotive
8969,494,Ware House D,2026-05-26,2026-06-01,3,1548,Delivered,Electronics
8970,294,Ware House E,2026-05-09,2026-05-10,74,5029,Delivered,Automotive
8971,472,Ware House E,2026-05-16,2026-05-17,97,9791,Delivered,FMCG
8972,275,Ware House A,2026-05-09,2026-05-16,21,1475,In Transit,FMCG
8973,32,Ware House E,2026-05-28,2026-06-06,27,4105,In Transit,Automotive
8974,490,Ware House B,2026-05-21,2026-05-26,90,8986,Delayed,Industrial
8975,433,Ware House C,2026-06-01,2026-06-11,64,1340,Cancelled,Automotive
8976,301,Ware House C,2026-05-11,2026-05-15,85,3649,Delivered,Electronics
8977,467,Ware House E,2026-05-13,2026-05-20,39,3245,Delivered,Automotive
8978,450,Ware House E,2026-06-03,2026-06-12,73,1553,Delivered,FMCG
8979,350,Ware House C,2026-05-07,2026-05-14,61,4032,Cancelled,Electronics
8980,204,Ware House B,2026-05-14,2026-05-18,33,7648,Cancelled,FMCG
8981,223,Ware House B,2026-05-06,2026-05-12,4,9998,Delayed,FMCG
8982,89,Ware House D,2026-06-04,2026-06-12,27,6120,Delivered,FMCG
8983,207,Ware House E,2026-05-07,2026-05-16,47,9743,In Transit,FMCG
8984,174,Ware House B,2026-05-15,2026-05-19,94,1933,Delivered,Electronics
8985,473,Ware House D,2026-05-18,2026-05-27,79,425,Delayed,Industrial
8986,8,Ware House E,2026-05-21,2026-05-26,40,9913,In Transit,Pharma
8987,171,Ware House E,2026-05-15,2026-05-19,10,5542,Delivered,Pharma
8988,431,Ware House D,2026-05-29,2026-05-31,87,8044,Delayed,Industrial
8989,495,Ware House D,2026-05-07,2026-05-15,28,8578,Cancelled,Electronics
8990,489,Ware House D,2026-05-17,2026-05-22,39,5314,Delayed,Pharma
8991,172,Ware House D,2026-05-22,2026-05-30,18,9996,Cancelled,FMCG
8992,495,Ware House E,2026-05-15,2026-05-19,51,4571,Cancelled,Pharma
8993,398,Ware House B,2026-05-20,2026-05-25,5,6545,In Transit,Automotive
8994,426,Ware House D,2026-05-15,2026-05-22,66,8393,Delayed,Electronics
8995,461,Ware House E,2026-05-31,2026-06-09,98,4825,Cancelled,FMCG
8996,115,Ware House C,2026-05-15,2026-05-18,32,2710,Delivered,Automotive
8997,54,Ware House A,2026-06-01,2026-06-10,77,3886,Delivered,Automotive
8998,306,Ware House A,2026-05-18,2026-05-22,54,8003,Delivered,Automotive
8999,277,Ware House D,2026-06-02,2026-06-07,95,2416,Cancelled,Electronics
9000,92,Ware House D,2026-05-10,2026-05-20,22,6008,Delayed,Electronics
9001,346,Ware House E,2026-06-04,2026-06-10,33,7647,In Transit,FMCG
9002,63,Ware House B,2026-05-21,2026-05-25,8,6262,Cancelled,Pharma
9003,310,Ware House B,2026-05-12,2026-05-14,57,9409,Cancelled,Pharma
9004,359,Ware House A,2026-05-13,2026-05-18,11,7410,Cancelled,FMCG
9005,132,Ware House A,2026-05-07,2026-05-17,96,4024,Cancelled,Automotive
9006,259,Ware House C,2026-05-13,2026-05-18,88,4245,Delivered,Electronics
9007,244,Ware House E,2026-05-10,2026-05-14,76,6270,Delivered,Automotive
9008,334,Ware House E,2026-05-10,2026-05-19,52,8910,Delayed,Pharma
9009,274,Ware House A,2026-05-20,2026-05-24,3,7458,Delivered,Industrial
9010,316,Ware House E,2026-05-26,2026-05-30,98,1751,Cancelled,Automotive
9011,18,Ware House A,2026-05-26,2026-06-03,22,3338,Cancelled,FMCG
9012,397,Ware House A,2026-05-09,2026-05-11,63,4467,In Transit,Industrial
9013,415,Ware House D,2026-05-30,2026-06-02,26,2928,Delayed,Automotive
9014,218,Ware House E,2026-05-21,2026-05-25,14,3465,In Transit,FMCG
9015,381,Ware House D,2026-05-10,2026-05-15,40,3714,In Transit,Industrial
9016,409,Ware House B,2026-05-23,2026-05-26,51,5889,Delayed,FMCG
9017,381,Ware House A,2026-05-26,2026-06-02,61,9190,In Transit,Industrial
9018,120,Ware House D,2026-05-09,2026-05-17,55,6489,Delivered,Electronics
9019,449,Ware House C,2026-05-23,2026-05-30,26,3049,Cancelled,Electronics
9020,103,Ware House A,2026-05-11,2026-05-19,39,1064,Delivered,FMCG
9021,78,Ware House D,2026-05-28,2026-06-07,52,5595,In Transit,FMCG
9022,66,Ware House E,2026-06-04,2026-06-14,94,4668,In Transit,Automotive
9023,256,Ware House D,2026-05-09,2026-05-16,50,9514,Cancelled,Electronics
9024,410,Ware House C,2026-05-14,2026-05-16,87,1082,Delayed,Electronics
9025,147,Ware House C,2026-05-14,2026-05-24,33,8006,Delayed,Electronics
9026,175,Ware House C,2026-05-23,2026-05-31,47,134,In Transit,Industrial
9027,437,Ware House C,2026-05-12,2026-05-19,71,6044,Cancelled,Pharma
9028,286,Ware House E,2026-05-14,2026-05-15,35,2299,Delayed,FMCG
9029,240,Ware House C,2026-05-12,2026-05-13,100,7776,Delivered,Pharma
9030,427,Ware House A,2026-06-01,2026-06-04,88,7949,Delivered,Electronics
9031,109,Ware House C,2026-05-06,2026-05-15,31,8716,Cancelled,Automotive
9032,203,Ware House C,2026-06-02,2026-06-04,77,5262,Delivered,Pharma
9033,392,Ware House B,2026-05-24,2026-05-25,84,6382,Delayed,FMCG
9034,476,Ware House B,2026-05-07,2026-05-15,33,4323,Delivered,Electronics
9035,481,Ware House A,2026-06-04,2026-06-07,84,117,Delivered,Automotive
9036,107,Ware House A,2026-05-16,2026-05-23,73,824,Cancelled,FMCG
9037,99,Ware House E,2026-05-08,2026-05-13,52,5092,Delivered,Automotive
9038,10,Ware House B,2026-05-06,2026-05-13,61,1202,In Transit,Industrial
9039,437,Ware House E,2026-05-28,2026-06-07,64,4539,In Transit,Automotive
9040,216,Ware House C,2026-05-15,2026-05-22,36,5776,Delayed,FMCG
9041,35,Ware House A,2026-05-15,2026-05-21,54,991,Delayed,Electronics
9042,410,Ware House B,2026-05-25,2026-06-01,27,132,Delivered,FMCG
9043,58,Ware House B,2026-05-10,2026-05-12,80,9542,Delayed,Automotive
9044,181,Ware House C,2026-05-18,2026-05-27,97,8447,Delivered,Electronics
9045,277,Ware House A,2026-05-22,2026-05-30,51,8915,Delivered,Automotive
9046,90,Ware House E,2026-05-14,2026-05-17,99,6830,Cancelled,FMCG
9047,377,Ware House C,2026-05-14,2026-05-15,30,1887,In Transit,Industrial
9048,161,Ware House A,2026-05-09,2026-05-11,25,6579,Cancelled,FMCG
9049,406,Ware House E,2026-05-11,2026-05-21,55,9902,Delivered,Industrial
9050,202,Ware House C,2026-05-11,2026-05-21,78,7920,Delayed,Electronics
9051,369,Ware House E,2026-06-02,2026-06-07,28,9181,Cancelled,FMCG
9052,219,Ware House C,2026-05-27,2026-06-02,44,3930,Delivered,FMCG
9053,100,Ware House B,2026-05-14,2026-05-18,25,820,Delayed,Pharma
9054,443,Ware House C,2026-06-02,2026-06-09,20,6336,Cancelled,Electronics
9055,484,Ware House D,2026-05-28,2026-06-02,45,3076,Delivered,FMCG
9056,52,Ware House E,2026-05-06,2026-05-14,51,3895,Delivered,Pharma
9057,96,Ware House A,2026-05-20,2026-05-26,27,6226,Delayed,FMCG
9058,140,Ware House D,2026-05-21,2026-05-31,87,7995,Delivered,Industrial
9059,224,Ware House E,2026-05-11,2026-05-13,69,5149,Cancelled,Industrial
9060,5,Ware House C,2026-05-19,2026-05-20,49,1738,Cancelled,Automotive
9061,8,Ware House D,2026-05-06,2026-05-10,74,9748,Delivered,Industrial
9062,193,Ware House A,2026-05-20,2026-05-22,17,1792,Cancelled,FMCG
9063,43,Ware House A,2026-05-07,2026-05-10,63,2836,Delayed,FMCG
9064,20,Ware House B,2026-06-03,2026-06-10,5,4651,Cancelled,FMCG
9065,450,Ware House B,2026-06-02,2026-06-06,77,7176,Delayed,Electronics
9066,483,Ware House D,2026-05-13,2026-05-23,50,7048,Cancelled,FMCG
9067,101,Ware House D,2026-05-29,2026-06-07,13,3227,Delayed,Electronics
9068,178,Ware House D,2026-05-08,2026-05-17,89,2981,Delivered,Industrial
9069,12,Ware House D,2026-05-18,2026-05-24,78,510,In Transit,Automotive
9070,8,Ware House A,2026-05-17,2026-05-20,91,9311,In Transit,Automotive
9071,52,Ware House E,2026-05-17,2026-05-24,36,4368,Delivered,Industrial
9072,201,Ware House A,2026-05-22,2026-05-26,86,4878,Delayed,Pharma
9073,375,Ware House B,2026-05-29,2026-06-08,26,9415,Cancelled,Industrial
9074,491,Ware House A,2026-06-04,2026-06-12,94,7494,Delayed,FMCG
9075,405,Ware House D,2026-05-15,2026-05-20,8,4787,In Transit,Electronics
9076,90,Ware House B,2026-05-14,2026-05-19,19,183,Delivered,FMCG
9077,272,Ware House D,2026-05-29,2026-06-01,42,1257,Delayed,Automotive
9078,295,Ware House B,2026-05-24,2026-05-28,51,4485,In Transit,FMCG
9079,292,Ware House C,2026-05-10,2026-05-11,15,3073,Delivered,FMCG
9080,465,Ware House A,2026-05-06,2026-05-10,68,536,Delivered,Electronics
9081,475,Ware House B,2026-05-29,2026-06-08,74,9221,Delayed,Industrial
9082,471,Ware House E,2026-05-22,2026-05-26,88,8692,Delayed,Industrial
9083,108,Ware House A,2026-05-29,2026-05-31,79,8958,Delivered,Industrial
9084,82,Ware House A,2026-06-03,2026-06-05,84,1148,In Transit,Pharma
9085,376,Ware House A,2026-05-14,2026-05-17,86,4125,Cancelled,Automotive
9086,397,Ware House E,2026-05-20,2026-05-27,32,6825,Delivered,FMCG
9087,485,Ware House B,2026-05-24,2026-05-28,82,8756,Delivered,Automotive
9088,267,Ware House A,2026-05-23,2026-06-01,67,9219,Cancelled,Automotive
9089,370,Ware House D,2026-05-26,2026-05-28,63,4043,Delayed,Automotive
9090,113,Ware House D,2026-05-17,2026-05-20,30,7691,Cancelled,FMCG
9091,319,Ware House C,2026-05-18,2026-05-20,79,3201,Cancelled,FMCG
9092,217,Ware House C,2026-05-21,2026-05-30,21,1257,Delayed,Industrial
9093,443,Ware House A,2026-05-31,2026-06-01,78,9915,Delivered,Industrial
9094,106,Ware House B,2026-05-30,2026-06-05,51,9992,In Transit,Pharma
9095,30,Ware House B,2026-05-31,2026-06-08,8,5923,Delayed,Industrial
9096,380,Ware House C,2026-05-25,2026-06-04,45,4761,Cancelled,Pharma
9097,68,Ware House A,2026-05-07,2026-05-15,69,1910,In Transit,Industrial
9098,404,Ware House D,2026-05-12,2026-05-13,45,2368,Delivered,Industrial
9099,133,Ware House B,2026-05-13,2026-05-20,36,7799,Delivered,FMCG
9100,457,Ware House C,2026-05-27,2026-06-03,89,9349,Delivered,Industrial
9101,260,Ware House E,2026-05-09,2026-05-14,12,2437,Cancelled,Industrial
9102,65,Ware House B,2026-05-09,2026-05-18,2,3924,Delivered,FMCG
9103,239,Ware House A,2026-05-08,2026-05-13,82,3322,Delayed,Pharma
9104,92,Ware House B,2026-05-27,2026-05-31,30,7298,Delayed,FMCG
9105,388,Ware House D,2026-05-16,2026-05-22,29,5329,Delivered,Industrial
9106,485,Ware House C,2026-05-11,2026-05-17,81,1806,Cancelled,Automotive
9107,173,Ware House D,2026-05-20,2026-05-30,79,2845,Delivered,FMCG
9108,211,Ware House B,2026-05-31,2026-06-01,100,6996,In Transit,Automotive
9109,296,Ware House A,2026-05-13,2026-05-17,99,2065,Delivered,FMCG
9110,348,Ware House E,2026-05-23,2026-05-26,36,8682,In Transit,Industrial
9111,78,Ware House C,2026-05-13,2026-05-21,3,3821,Delivered,Electronics
9112,81,Ware House E,2026-05-16,2026-05-26,40,2545,Delivered,Industrial
9113,18,Ware House D,2026-06-03,2026-06-07,94,2664,In Transit,Pharma
9114,332,Ware House E,2026-05-31,2026-06-03,17,7025,Delayed,FMCG
9115,21,Ware House A,2026-05-29,2026-06-01,24,9267,Cancelled,FMCG
9116,488,Ware House E,2026-05-13,2026-05-14,82,8454,Delivered,FMCG
9117,356,Ware House D,2026-05-08,2026-05-17,78,2734,Cancelled,Automotive
9118,30,Ware House B,2026-05-12,2026-05-22,10,3242,Delivered,Pharma
9119,150,Ware House E,2026-05-21,2026-05-29,29,9270,In Transit,Electronics
9120,23,Ware House B,2026-05-13,2026-05-21,77,6360,Cancelled,Automotive
9121,497,Ware House A,2026-05-28,2026-05-30,86,5693,Cancelled,Industrial
9122,166,Ware House C,2026-05-22,2026-05-29,62,3459,Delivered,Automotive
9123,419,Ware House B,2026-05-15,2026-05-20,80,9229,In Transit,Automotive
9124,339,Ware House B,2026-05-25,2026-06-04,49,3536,In Transit,Pharma
9125,210,Ware House C,2026-05-20,2026-05-21,77,2193,Cancelled,Industrial
9126,306,Ware House D,2026-05-08,2026-05-10,73,995,Cancelled,FMCG
9127,147,Ware House D,2026-05-29,2026-06-06,61,2683,Delayed,Pharma
9128,328,Ware House A,2026-05-11,2026-05-19,71,191,Delayed,Electronics
9129,260,Ware House B,2026-05-09,2026-05-11,35,942,Delayed,Industrial
9130,229,Ware House B,2026-06-03,2026-06-08,9,148,In Transit,Automotive
9131,89,Ware House D,2026-05-24,2026-05-25,53,1485,In Transit,Electronics
9132,146,Ware House A,2026-05-17,2026-05-25,7,2626,In Transit,Pharma
9133,406,Ware House C,2026-05-25,2026-06-02,75,4265,In Transit,Automotive
9134,267,Ware House D,2026-05-20,2026-05-21,43,5016,Delivered,FMCG
9135,223,Ware House C,2026-05-28,2026-06-07,10,6316,Delayed,Industrial
9136,92,Ware House C,2026-05-13,2026-05-16,47,8364,Cancelled,FMCG
9137,161,Ware House D,2026-05-18,2026-05-20,9,8085,Delayed,Industrial
9138,336,Ware House A,2026-05-12,2026-05-13,14,824,Delayed,Automotive
9139,281,Ware House B,2026-05-28,2026-05-31,55,8954,Cancelled,FMCG
9140,278,Ware House E,2026-05-22,2026-05-26,51,2997,Cancelled,Pharma
9141,369,Ware House A,2026-05-23,2026-05-25,32,6649,Delayed,Automotive
9142,340,Ware House A,2026-05-15,2026-05-18,8,6437,In Transit,Automotive
9143,2,Ware House A,2026-05-26,2026-05-28,49,2522,Delivered,Electronics
9144,253,Ware House E,2026-06-03,2026-06-12,90,7656,In Transit,Pharma
9145,289,Ware House A,2026-06-03,2026-06-09,45,3919,Cancelled,Electronics
9146,296,Ware House A,2026-05-10,2026-05-12,77,4135,Delivered,FMCG
9147,420,Ware House E,2026-05-10,2026-05-14,93,2485,Delayed,Electronics
9148,170,Ware House A,2026-05-20,2026-05-26,15,8885,Cancelled,FMCG
9149,402,Ware House E,2026-05-18,2026-05-20,15,5353,Delayed,Automotive
9150,205,Ware House D,2026-06-01,2026-06-08,84,8253,In Transit,FMCG
9151,210,Ware House C,2026-05-06,2026-05-16,14,4934,Delayed,Automotive
9152,485,Ware House C,2026-05-23,2026-05-30,2,3945,Delayed,Industrial
9153,407,Ware House E,2026-05-29,2026-06-08,94,2260,In Transit,Pharma
9154,367,Ware House B,2026-05-27,2026-05-28,69,7821,In Transit,Pharma
9155,249,Ware House A,2026-05-21,2026-05-24,72,7655,In Transit,Pharma
9156,245,Ware House A,2026-05-11,2026-05-17,21,6003,In Transit,Industrial
9157,500,Ware House B,2026-05-20,2026-05-21,32,6865,Delayed,Automotive
9158,405,Ware House C,2026-05-12,2026-05-13,14,9035,In Transit,Industrial
9159,205,Ware House D,2026-05-25,2026-06-02,5,1789,Delivered,Automotive
9160,395,Ware House A,2026-05-27,2026-06-05,60,4473,Cancelled,Pharma
9161,406,Ware House A,2026-05-17,2026-05-21,44,1177,Delivered,Electronics
9162,54,Ware House C,2026-06-02,2026-06-07,7,159,Delivered,Electronics
9163,236,Ware House A,2026-05-28,2026-05-31,88,8151,Delivered,Automotive
9164,38,Ware House E,2026-06-04,2026-06-07,15,4780,In Transit,Electronics
9165,213,Ware House A,2026-05-25,2026-05-30,85,228,Delivered,Pharma
9166,64,Ware House D,2026-05-31,2026-06-06,4,6226,Delayed,Pharma
9167,160,Ware House D,2026-05-09,2026-05-17,28,5970,Delivered,Industrial
9168,372,Ware House B,2026-05-11,2026-05-14,3,1420,Delivered,Automotive
9169,190,Ware House B,2026-05-19,2026-05-21,13,3406,Cancelled,Pharma
9170,47,Ware House C,2026-05-11,2026-05-16,46,2697,Delivered,Pharma
9171,112,Ware House A,2026-05-18,2026-05-23,2,7709,Delivered,Electronics
9172,382,Ware House B,2026-05-26,2026-06-01,30,615,In Transit,Electronics
9173,401,Ware House C,2026-06-04,2026-06-06,83,5666,In Transit,Automotive
9174,500,Ware House C,2026-05-12,2026-05-22,58,8301,In Transit,Industrial
9175,75,Ware House A,2026-05-27,2026-05-30,19,271,Cancelled,Pharma
9176,204,Ware House E,2026-05-26,2026-05-29,38,5060,Cancelled,Industrial
9177,379,Ware House B,2026-05-25,2026-05-28,55,8295,Delayed,Automotive
9178,281,Ware House C,2026-05-10,2026-05-16,2,9088,Delayed,FMCG
9179,185,Ware House B,2026-06-01,2026-06-11,19,6377,Cancelled,FMCG
9180,257,Ware House E,2026-05-29,2026-06-01,49,6736,Cancelled,Automotive
9181,396,Ware House D,2026-06-04,2026-06-13,13,7185,Cancelled,Pharma
9182,477,Ware House E,2026-05-18,2026-05-23,1,8407,Delayed,FMCG
9183,101,Ware House C,2026-05-20,2026-05-24,67,282,In Transit,Pharma
9184,121,Ware House A,2026-05-10,2026-05-14,90,6657,Delayed,Pharma
9185,235,Ware House B,2026-05-09,2026-05-16,28,778,In Transit,Pharma
9186,177,Ware House B,2026-05-26,2026-05-30,54,6922,Delayed,Automotive
9187,197,Ware House C,2026-06-03,2026-06-13,49,853,In Transit,Electronics
9188,424,Ware House B,2026-05-29,2026-06-01,41,8134,Delivered,Automotive
9189,119,Ware House A,2026-05-20,2026-05-27,92,5222,Cancelled,Industrial
9190,218,Ware House D,2026-05-22,2026-05-26,89,8762,Delayed,Electronics
9191,61,Ware House A,2026-05-08,2026-05-17,74,9808,Delayed,Pharma
9192,243,Ware House E,2026-05-11,2026-05-21,39,6050,Cancelled,Automotive
9193,150,Ware House B,2026-05-13,2026-05-21,19,8645,Delivered,Electronics
9194,220,Ware House B,2026-05-27,2026-06-06,7,4015,In Transit,FMCG
9195,209,Ware House B,2026-05-28,2026-06-02,78,219,Cancelled,Pharma
9196,162,Ware House B,2026-05-31,2026-06-08,7,6987,Cancelled,Automotive
9197,413,Ware House B,2026-05-14,2026-05-24,75,640,In Transit,Automotive
9198,445,Ware House C,2026-05-21,2026-05-23,17,2921,Delayed,FMCG
9199,40,Ware House C,2026-05-08,2026-05-18,96,4078,Cancelled,Industrial
9200,143,Ware House A,2026-05-09,2026-05-19,95,5183,Cancelled,Electronics
9201,138,Ware House B,2026-05-06,2026-05-14,13,8795,In Transit,Electronics
9202,107,Ware House B,2026-05-26,2026-05-29,28,5216,Delivered,Automotive
9203,39,Ware House E,2026-05-14,2026-05-18,97,4642,Delivered,Automotive
9204,168,Ware House D,2026-05-08,2026-05-13,30,426,Delayed,Pharma
9205,334,Ware House A,2026-05-24,2026-05-31,25,3175,In Transit,FMCG
9206,467,Ware House B,2026-05-14,2026-05-18,47,9602,Delivered,FMCG
9207,327,Ware House B,2026-05-19,2026-05-24,20,9002,In Transit,Electronics
9208,282,Ware House A,2026-05-24,2026-05-31,97,6143,In Transit,Electronics
9209,491,Ware House C,2026-05-24,2026-05-31,83,5240,Delivered,FMCG
9210,332,Ware House B,2026-06-01,2026-06-10,86,1782,Cancelled,Automotive
9211,297,Ware House B,2026-05-30,2026-06-06,1,6234,Cancelled,FMCG
9212,303,Ware House C,2026-05-10,2026-05-11,20,4942,Delivered,Electronics
9213,57,Ware House A,2026-05-07,2026-05-11,61,3079,In Transit,Pharma
9214,235,Ware House E,2026-05-24,2026-05-25,45,6194,In Transit,Electronics
9215,484,Ware House E,2026-05-17,2026-05-27,72,8685,Delayed,Pharma
9216,28,Ware House E,2026-05-09,2026-05-12,8,1243,Delivered,Industrial
9217,39,Ware House E,2026-05-11,2026-05-14,11,6534,Cancelled,Automotive
9218,286,Ware House D,2026-05-15,2026-05-20,31,9917,Delayed,Electronics
9219,337,Ware House C,2026-05-30,2026-06-01,34,4841,Delayed,Automotive
9220,453,Ware House C,2026-05-19,2026-05-26,63,7875,Cancelled,Electronics
9221,213,Ware House E,2026-05-19,2026-05-29,74,6616,Cancelled,Automotive
9222,26,Ware House A,2026-05-08,2026-05-12,75,7953,Cancelled,Electronics
9223,196,Ware House D,2026-06-04,2026-06-10,36,925,In Transit,Pharma
9224,396,Ware House D,2026-05-21,2026-05-25,54,1424,Cancelled,Industrial
9225,141,Ware House E,2026-05-17,2026-05-18,65,3239,In Transit,Industrial
9226,168,Ware House A,2026-05-12,2026-05-13,72,1287,In Transit,Industrial
9227,77,Ware House E,2026-05-15,2026-05-17,16,5868,Delivered,Pharma
9228,330,Ware House E,2026-05-11,2026-05-15,58,2714,In Transit,Electronics
9229,79,Ware House B,2026-05-25,2026-05-29,43,8412,Delivered,Electronics
9230,190,Ware House E,2026-05-08,2026-05-16,24,4398,Cancelled,Industrial
9231,1,Ware House C,2026-05-08,2026-05-09,53,4347,Delayed,Electronics
9232,48,Ware House D,2026-05-12,2026-05-22,19,6662,Delayed,Pharma
9233,446,Ware House A,2026-05-20,2026-05-23,1,6259,Delayed,Industrial
9234,215,Ware House E,2026-05-20,2026-05-26,51,1592,Delivered,Pharma
9235,151,Ware House E,2026-05-11,2026-05-13,70,6600,In Transit,Pharma
9236,323,Ware House E,2026-05-07,2026-05-08,65,1099,Cancelled,Automotive
9237,65,Ware House E,2026-05-20,2026-05-24,35,8007,Cancelled,Industrial
9238,50,Ware House A,2026-05-26,2026-06-05,4,7196,Cancelled,Automotive
9239,376,Ware House E,2026-05-17,2026-05-20,61,7281,Delivered,Automotive
9240,144,Ware House B,2026-06-01,2026-06-02,32,9671,Cancelled,Automotive
9241,292,Ware House B,2026-05-19,2026-05-22,7,943,Cancelled,FMCG
9242,24,Ware House E,2026-05-24,2026-06-02,14,5446,In Transit,Electronics
9243,19,Ware House B,2026-05-24,2026-05-28,45,7735,Delayed,Industrial
9244,33,Ware House B,2026-06-04,2026-06-08,12,2274,Cancelled,Industrial
9245,180,Ware House C,2026-05-19,2026-05-23,45,2069,In Transit,Electronics
9246,140,Ware House A,2026-05-08,2026-05-12,34,8151,Delivered,Electronics
9247,435,Ware House E,2026-05-31,2026-06-02,47,8740,Delayed,Pharma
9248,404,Ware House D,2026-05-14,2026-05-16,89,2007,Delayed,Electronics
9249,376,Ware House A,2026-05-11,2026-05-17,2,5079,Delivered,Industrial
9250,183,Ware House D,2026-05-16,2026-05-23,25,6827,Delayed,Automotive
9251,300,Ware House C,2026-05-07,2026-05-11,48,808,Cancelled,FMCG
9252,205,Ware House A,2026-05-26,2026-05-31,99,8073,Delayed,Pharma
9253,401,Ware House D,2026-05-13,2026-05-14,47,4640,Delivered,Automotive
9254,466,Ware House B,2026-05-16,2026-05-25,81,7270,Delivered,Pharma
9255,149,Ware House C,2026-05-08,2026-05-15,65,9137,Cancelled,Automotive
9256,265,Ware House C,2026-05-07,2026-05-15,98,347,Delivered,FMCG
9257,143,Ware House D,2026-05-21,2026-05-24,47,8164,In Transit,Electronics
9258,194,Ware House A,2026-05-27,2026-06-04,91,580,Delivered,Electronics
9259,34,Ware House A,2026-05-31,2026-06-02,3,9176,In Transit,Industrial
9260,458,Ware House A,2026-05-21,2026-05-28,99,8733,In Transit,FMCG
9261,296,Ware House A,2026-05-20,2026-05-30,100,5177,In Transit,Pharma
9262,368,Ware House B,2026-05-09,2026-05-19,36,5081,Delayed,Industrial
9263,124,Ware House C,2026-06-01,2026-06-11,51,7649,In Transit,Automotive
9264,161,Ware House C,2026-05-26,2026-05-27,22,3216,Delivered,Pharma
9265,185,Ware House D,2026-05-22,2026-05-30,4,1517,Delayed,FMCG
9266,178,Ware House E,2026-05-22,2026-05-24,50,4141,Delayed,Pharma
9267,99,Ware House B,2026-05-22,2026-05-29,78,5774,Cancelled,Automotive
9268,48,Ware House E,2026-05-31,2026-06-05,34,6419,Cancelled,Electronics
9269,337,Ware House B,2026-05-15,2026-05-24,40,5742,Delayed,Electronics
9270,345,Ware House C,2026-05-26,2026-05-30,57,6722,In Transit,Electronics
9271,252,Ware House E,2026-05-27,2026-06-03,5,3481,Cancelled,FMCG
9272,294,Ware House A,2026-05-20,2026-05-28,77,1970,Cancelled,Electronics
9273,422,Ware House C,2026-05-12,2026-05-21,98,6776,Delivered,Industrial
9274,219,Ware House A,2026-05-09,2026-05-13,20,347,Delayed,Automotive
9275,76,Ware House C,2026-05-23,2026-05-28,66,6232,Cancelled,FMCG
9276,25,Ware House B,2026-05-17,2026-05-26,90,6401,In Transit,Industrial
9277,188,Ware House E,2026-05-18,2026-05-24,34,3932,Delayed,Industrial
9278,329,Ware House C,2026-06-03,2026-06-04,8,7004,Cancelled,FMCG
9279,26,Ware House D,2026-05-20,2026-05-29,24,8755,Cancelled,FMCG
9280,101,Ware House E,2026-05-30,2026-06-07,69,4178,Delayed,Industrial
9281,495,Ware House B,2026-05-14,2026-05-21,8,4833,Delivered,Industrial
9282,78,Ware House C,2026-06-01,2026-06-10,39,8402,Delayed,Pharma
9283,293,Ware House C,2026-05-19,2026-05-28,100,7590,In Transit,Automotive
9284,199,Ware House E,2026-05-16,2026-05-24,41,4317,Delivered,Industrial
9285,326,Ware House A,2026-05-20,2026-05-30,69,8499,Delivered,Industrial
9286,176,Ware House E,2026-05-26,2026-05-30,57,5419,In Transit,Electronics
9287,404,Ware House E,2026-05-21,2026-05-27,64,4201,Delayed,Automotive
9288,209,Ware House E,2026-05-21,2026-05-26,72,3293,Delivered,Industrial
9289,456,Ware House A,2026-05-28,2026-06-02,25,8070,Delivered,FMCG
9290,354,Ware House D,2026-05-22,2026-05-31,12,8264,In Transit,Automotive
9291,411,Ware House D,2026-05-17,2026-05-26,97,6379,In Transit,Automotive
9292,49,Ware House E,2026-05-25,2026-05-28,65,4629,Cancelled,Automotive
9293,103,Ware House A,2026-05-30,2026-06-09,56,4131,In Transit,Automotive
9294,206,Ware House D,2026-05-23,2026-05-26,78,2766,Delivered,FMCG
9295,187,Ware House C,2026-05-09,2026-05-19,70,8165,In Transit,Industrial
9296,43,Ware House C,2026-05-18,2026-05-25,99,2043,Delivered,Electronics
9297,380,Ware House A,2026-05-10,2026-05-16,21,2423,Delivered,Pharma
9298,234,Ware House A,2026-06-01,2026-06-08,9,2180,Cancelled,Pharma
9299,210,Ware House B,2026-06-01,2026-06-05,18,6613,Cancelled,Automotive
9300,413,Ware House D,2026-06-01,2026-06-08,11,6750,Delivered,FMCG
9301,112,Ware House E,2026-05-19,2026-05-24,45,1695,Delivered,Pharma
9302,457,Ware House C,2026-05-27,2026-05-31,86,9833,In Transit,Industrial
9303,10,Ware House D,2026-05-20,2026-05-24,32,2247,Delivered,Pharma
9304,19,Ware House A,2026-05-11,2026-05-17,87,4652,Cancelled,Industrial
9305,45,Ware House E,2026-06-02,2026-06-06,93,1469,Cancelled,Industrial
9306,45,Ware House A,2026-05-22,2026-05-26,16,835,Cancelled,FMCG
9307,46,Ware House C,2026-05-30,2026-06-03,90,6789,In Transit,FMCG
9308,297,Ware House A,2026-05-11,2026-05-12,88,5414,Cancelled,Pharma
9309,321,Ware House A,2026-05-28,2026-06-07,81,3065,In Transit,FMCG
9310,18,Ware House E,2026-05-25,2026-05-26,68,5283,Delivered,FMCG
9311,376,Ware House B,2026-05-21,2026-05-23,19,9196,Delivered,Industrial
9312,196,Ware House D,2026-05-28,2026-05-29,4,3159,Delivered,Industrial
9313,240,Ware House A,2026-05-24,2026-05-28,23,1826,Cancelled,Automotive
9314,297,Ware House C,2026-05-08,2026-05-09,54,1732,Delayed,FMCG
9315,254,Ware House C,2026-05-17,2026-05-21,79,4640,Delayed,Electronics
9316,28,Ware House C,2026-06-04,2026-06-05,96,8157,Delayed,Automotive
9317,412,Ware House E,2026-05-25,2026-06-01,82,1722,Delayed,Electronics
9318,47,Ware House B,2026-05-10,2026-05-17,75,1142,Delivered,Pharma
9319,462,Ware House D,2026-06-01,2026-06-10,23,8210,Delayed,Industrial
9320,200,Ware House C,2026-05-20,2026-05-24,59,376,In Transit,Industrial
9321,336,Ware House A,2026-05-24,2026-06-02,56,4359,Delayed,Electronics
9322,313,Ware House E,2026-05-15,2026-05-21,31,8027,In Transit,Automotive
9323,139,Ware House C,2026-05-20,2026-05-21,78,8205,Delayed,Electronics
9324,159,Ware House C,2026-05-17,2026-05-23,85,8289,In Transit,FMCG
9325,331,Ware House D,2026-05-29,2026-06-01,67,464,In Transit,Electronics
9326,382,Ware House D,2026-05-13,2026-05-15,98,720,Delayed,Pharma
9327,364,Ware House B,2026-05-06,2026-05-07,41,4888,In Transit,Pharma
9328,189,Ware House C,2026-05-12,2026-05-22,61,6637,Cancelled,Automotive
9329,493,Ware House E,2026-05-26,2026-05-28,99,9843,In Transit,Pharma
9330,471,Ware House E,2026-05-11,2026-05-14,22,2296,Delayed,FMCG
9331,267,Ware House A,2026-05-19,2026-05-22,23,1552,Delayed,Automotive
9332,66,Ware House D,2026-05-17,2026-05-24,80,7533,Cancelled,Industrial
9333,464,Ware House B,2026-05-29,2026-06-06,18,8629,Delivered,FMCG
9334,122,Ware House A,2026-05-28,2026-06-04,41,1632,Delayed,Automotive
9335,213,Ware House D,2026-05-29,2026-06-01,22,6140,In Transit,Industrial
9336,404,Ware House A,2026-05-31,2026-06-04,35,9409,Delivered,Pharma
9337,124,Ware House A,2026-05-28,2026-05-30,55,5742,Delayed,Automotive
9338,428,Ware House B,2026-05-10,2026-05-14,70,2142,Delayed,FMCG
9339,438,Ware House D,2026-06-02,2026-06-06,83,5156,In Transit,FMCG
9340,314,Ware House A,2026-05-25,2026-06-03,88,7426,Delivered,Electronics
9341,89,Ware House B,2026-05-18,2026-05-27,73,6286,In Transit,Pharma
9342,274,Ware House D,2026-05-14,2026-05-23,45,5977,Delayed,FMCG
9343,68,Ware House E,2026-05-25,2026-06-02,55,4089,Delayed,Automotive
9344,94,Ware House E,2026-05-18,2026-05-28,82,6427,Cancelled,Pharma
9345,102,Ware House A,2026-05-22,2026-05-24,87,1949,Delivered,FMCG
9346,64,Ware House A,2026-05-13,2026-05-17,72,5221,Cancelled,Industrial
9347,319,Ware House E,2026-05-28,2026-05-30,43,8478,In Transit,Pharma
9348,142,Ware House A,2026-05-06,2026-05-13,40,6923,Cancelled,Industrial
9349,116,Ware House B,2026-05-07,2026-05-12,90,4743,Cancelled,Pharma
9350,1,Ware House E,2026-05-09,2026-05-16,48,8891,Delayed,Automotive
9351,56,Ware House C,2026-06-03,2026-06-10,9,6166,Delivered,Pharma
9352,181,Ware House E,2026-05-27,2026-05-30,85,2850,Delivered,Automotive
9353,48,Ware House E,2026-06-03,2026-06-06,86,603,Delayed,Automotive
9354,111,Ware House E,2026-05-11,2026-05-20,52,1156,Delayed,Electronics
9355,106,Ware House E,2026-05-26,2026-05-28,81,121,Delayed,FMCG
9356,117,Ware House C,2026-05-27,2026-06-03,97,8429,In Transit,Pharma
9357,410,Ware House A,2026-06-02,2026-06-10,55,6556,Delivered,FMCG
9358,7,Ware House B,2026-05-24,2026-06-01,63,8338,Delivered,Automotive
9359,50,Ware House C,2026-05-18,2026-05-27,5,6859,Delivered,FMCG
9360,339,Ware House B,2026-05-27,2026-06-02,98,4300,Delayed,Pharma
9361,144,Ware House D,2026-05-26,2026-06-01,96,815,Delivered,Industrial
9362,5,Ware House C,2026-06-04,2026-06-07,95,3082,In Transit,Automotive
9363,487,Ware House B,2026-05-28,2026-06-04,77,5818,Delayed,Pharma
9364,11,Ware House C,2026-05-29,2026-06-05,54,1936,Delivered,Electronics
9365,156,Ware House C,2026-05-22,2026-05-28,39,6420,Delivered,Automotive
9366,256,Ware House E,2026-05-10,2026-05-13,36,2704,Cancelled,Industrial
9367,139,Ware House A,2026-05-10,2026-05-13,62,617,In Transit,Electronics
9368,178,Ware House C,2026-05-11,2026-05-14,40,4672,Delivered,Pharma
9369,98,Ware House B,2026-06-01,2026-06-06,1,3629,Delayed,Automotive
9370,225,Ware House E,2026-05-23,2026-05-26,96,6890,Delayed,Industrial
9371,232,Ware House B,2026-06-02,2026-06-09,79,338,Delivered,Pharma
9372,39,Ware House A,2026-05-06,2026-05-08,92,1872,Delayed,Electronics
9373,389,Ware House C,2026-05-13,2026-05-18,77,5768,Cancelled,Pharma
9374,100,Ware House D,2026-05-23,2026-05-24,96,3611,Cancelled,FMCG
9375,141,Ware House B,2026-05-19,2026-05-29,26,2612,Delayed,Automotive
9376,292,Ware House D,2026-05-18,2026-05-19,22,245,Delivered,Electronics
9377,488,Ware House D,2026-05-29,2026-06-07,99,5926,Delivered,Electronics
9378,357,Ware House E,2026-06-01,2026-06-03,36,2196,Delivered,Industrial
9379,26,Ware House B,2026-05-20,2026-05-29,7,9438,Cancelled,Pharma
9380,236,Ware House D,2026-05-19,2026-05-20,86,8304,Delayed,Automotive
9381,451,Ware House B,2026-05-19,2026-05-24,24,6994,In Transit,Industrial
9382,111,Ware House D,2026-05-15,2026-05-25,83,9703,Delivered,FMCG
9383,426,Ware House D,2026-05-22,2026-05-31,88,1100,Delayed,FMCG
9384,28,Ware House B,2026-05-21,2026-05-29,39,100,Cancelled,FMCG
9385,344,Ware House A,2026-06-01,2026-06-03,49,8082,Cancelled,Automotive
9386,242,Ware House D,2026-05-11,2026-05-15,13,7016,Cancelled,Automotive
9387,158,Ware House A,2026-05-28,2026-06-07,85,9043,Delayed,Industrial
9388,276,Ware House D,2026-05-06,2026-05-12,43,2305,Cancelled,Automotive
9389,433,Ware House E,2026-06-04,2026-06-14,56,7070,Delayed,Automotive
9390,145,Ware House D,2026-05-14,2026-05-20,4,6127,Delivered,Automotive
9391,225,Ware House A,2026-05-31,2026-06-09,74,3255,In Transit,Automotive
9392,41,Ware House E,2026-05-19,2026-05-29,72,3317,In Transit,Electronics
9393,124,Ware House D,2026-06-04,2026-06-08,55,5030,In Transit,Automotive
9394,385,Ware House D,2026-05-19,2026-05-25,6,6342,In Transit,Automotive
9395,466,Ware House A,2026-05-08,2026-05-12,56,8012,In Transit,Electronics
9396,363,Ware House C,2026-05-07,2026-05-17,35,2979,In Transit,Electronics
9397,1,Ware House D,2026-05-22,2026-05-29,78,7579,In Transit,Electronics
9398,401,Ware House D,2026-06-01,2026-06-02,20,9615,In Transit,Pharma
9399,449,Ware House B,2026-05-16,2026-05-18,100,8415,Delayed,Electronics
9400,379,Ware House B,2026-05-23,2026-05-31,96,2445,Delivered,Electronics
9401,80,Ware House D,2026-05-08,2026-05-12,28,4149,In Transit,Automotive
9402,221,Ware House C,2026-05-22,2026-05-28,28,4557,In Transit,Pharma
9403,18,Ware House E,2026-05-19,2026-05-23,20,1811,Delayed,FMCG
9404,368,Ware House E,2026-05-24,2026-05-26,87,973,In Transit,FMCG
9405,255,Ware House D,2026-05-06,2026-05-07,82,1395,Delayed,Automotive
9406,251,Ware House D,2026-06-01,2026-06-11,58,6149,In Transit,FMCG
9407,341,Ware House E,2026-05-30,2026-05-31,18,4517,Cancelled,Electronics
9408,195,Ware House D,2026-05-27,2026-05-31,86,1874,In Transit,Industrial
9409,321,Ware House C,2026-05-20,2026-05-23,75,5693,Cancelled,Electronics
9410,204,Ware House E,2026-06-01,2026-06-08,47,7151,Cancelled,Pharma
9411,484,Ware House C,2026-05-27,2026-06-04,74,3867,In Transit,FMCG
9412,92,Ware House D,2026-05-26,2026-06-05,5,1177,Cancelled,Pharma
9413,123,Ware House E,2026-05-12,2026-05-14,90,4293,Cancelled,Automotive
9414,140,Ware House B,2026-05-09,2026-05-13,32,5509,In Transit,Industrial
9415,213,Ware House D,2026-05-13,2026-05-18,84,6101,Cancelled,Industrial
9416,214,Ware House E,2026-05-21,2026-05-25,38,6292,Delivered,Industrial
9417,382,Ware House D,2026-05-09,2026-05-12,3,4401,In Transit,Pharma
9418,133,Ware House D,2026-05-31,2026-06-01,47,1944,Delayed,Automotive
9419,55,Ware House C,2026-05-27,2026-05-28,54,6794,In Transit,Industrial
9420,133,Ware House B,2026-05-19,2026-05-21,28,9779,Delayed,FMCG
9421,291,Ware House A,2026-05-06,2026-05-15,67,7691,Delivered,Electronics
9422,313,Ware House C,2026-05-26,2026-05-30,1,3596,Delivered,FMCG
9423,208,Ware House C,2026-05-08,2026-05-09,67,6230,In Transit,FMCG
9424,354,Ware House C,2026-05-14,2026-05-20,94,2288,In Transit,Automotive
9425,310,Ware House D,2026-06-02,2026-06-10,54,3139,In Transit,Automotive
9426,423,Ware House A,2026-05-21,2026-05-25,69,6790,Cancelled,Automotive
9427,193,Ware House E,2026-05-27,2026-05-29,83,4857,Cancelled,Automotive
9428,4,Ware House A,2026-06-01,2026-06-04,56,8327,Delayed,Pharma
9429,230,Ware House C,2026-05-30,2026-06-07,72,4780,Delayed,Industrial
9430,359,Ware House D,2026-05-21,2026-05-28,60,7108,Cancelled,Electronics
9431,194,Ware House C,2026-05-12,2026-05-22,77,4228,In Transit,Industrial
9432,158,Ware House A,2026-05-30,2026-06-09,45,5374,Cancelled,Automotive
9433,471,Ware House B,2026-05-28,2026-06-03,37,2276,Delayed,FMCG
9434,360,Ware House D,2026-05-13,2026-05-20,63,6175,In Transit,FMCG
9435,78,Ware House A,2026-05-19,2026-05-25,4,7182,In Transit,Electronics
9436,192,Ware House B,2026-05-11,2026-05-16,44,5868,Delayed,Electronics
9437,217,Ware House E,2026-05-26,2026-06-02,1,4083,In Transit,Automotive
9438,304,Ware House E,2026-06-02,2026-06-04,27,9922,Delayed,Automotive
9439,10,Ware House D,2026-05-28,2026-05-30,15,757,In Transit,Pharma
9440,373,Ware House B,2026-05-25,2026-05-27,99,9680,Delayed,Automotive
9441,208,Ware House B,2026-05-13,2026-05-21,45,2047,Delayed,Automotive
9442,392,Ware House E,2026-06-03,2026-06-04,6,9052,Cancelled,Automotive
9443,346,Ware House A,2026-05-30,2026-06-02,31,6863,In Transit,Automotive
9444,304,Ware House C,2026-05-27,2026-06-04,57,7152,Delayed,Automotive
9445,97,Ware House E,2026-06-03,2026-06-04,5,7945,Delayed,FMCG
9446,484,Ware House A,2026-05-29,2026-06-01,8,2424,Delivered,FMCG
9447,466,Ware House B,2026-05-18,2026-05-20,95,4454,Cancelled,Industrial
9448,413,Ware House C,2026-05-06,2026-05-13,79,932,Delivered,FMCG
9449,455,Ware House A,2026-05-25,2026-05-28,61,4695,In Transit,Industrial
9450,393,Ware House E,2026-05-29,2026-06-02,91,2333,Cancelled,Electronics
9451,290,Ware House B,2026-05-17,2026-05-22,70,1894,In Transit,Pharma
9452,71,Ware House D,2026-05-14,2026-05-17,82,8577,Delivered,Automotive
9453,281,Ware House A,2026-05-18,2026-05-28,15,918,In Transit,Automotive
9454,430,Ware House D,2026-05-19,2026-05-21,95,5582,Delayed,Electronics
9455,139,Ware House C,2026-05-11,2026-05-12,11,3618,Cancelled,FMCG
9456,165,Ware House B,2026-05-24,2026-05-27,53,369,Delayed,Electronics
9457,23,Ware House D,2026-05-12,2026-05-13,11,6102,Delayed,Automotive
9458,140,Ware House D,2026-06-01,2026-06-03,61,9884,Delivered,Automotive
9459,385,Ware House B,2026-05-08,2026-05-14,87,2915,Cancelled,FMCG
9460,94,Ware House E,2026-05-12,2026-05-19,7,1706,Delayed,Automotive
9461,242,Ware House A,2026-05-25,2026-05-29,98,3484,Cancelled,Industrial
9462,432,Ware House E,2026-05-29,2026-06-08,48,8633,Delayed,FMCG
9463,166,Ware House B,2026-05-19,2026-05-21,17,3065,In Transit,Pharma
9464,390,Ware House A,2026-05-11,2026-05-20,86,7717,Delivered,Pharma
9465,348,Ware House A,2026-05-28,2026-06-04,70,6368,Delivered,Automotive
9466,194,Ware House A,2026-05-07,2026-05-16,17,5036,Delivered,Electronics
9467,234,Ware House E,2026-05-19,2026-05-27,6,9212,Delivered,Electronics
9468,394,Ware House B,2026-05-22,2026-05-29,55,3925,Delivered,Electronics
9469,451,Ware House D,2026-05-11,2026-05-20,59,3383,Delivered,Electronics
9470,140,Ware House E,2026-05-17,2026-05-23,46,3318,Delivered,Electronics
9471,431,Ware House E,2026-05-21,2026-05-31,35,5407,Cancelled,Electronics
9472,270,Ware House E,2026-05-16,2026-05-22,34,5829,Cancelled,Industrial
9473,256,Ware House C,2026-05-30,2026-06-06,49,5538,Cancelled,Industrial
9474,246,Ware House D,2026-05-30,2026-06-08,51,2609,Delivered,Pharma
9475,53,Ware House A,2026-05-13,2026-05-22,46,9288,Cancelled,Automotive
9476,423,Ware House B,2026-05-31,2026-06-03,100,9779,Delayed,FMCG
9477,220,Ware House C,2026-05-22,2026-05-27,89,8021,In Transit,Industrial
9478,305,Ware House E,2026-05-16,2026-05-23,89,5429,Delivered,Industrial
9479,100,Ware House D,2026-05-20,2026-05-21,98,8206,Delivered,Automotive
9480,233,Ware House E,2026-05-14,2026-05-19,36,127,Delayed,FMCG
9481,398,Ware House C,2026-05-13,2026-05-20,84,4650,In Transit,Pharma
9482,200,Ware House A,2026-05-26,2026-06-01,63,6905,Delivered,Electronics
9483,389,Ware House E,2026-05-15,2026-05-16,7,793,Cancelled,Industrial
9484,2,Ware House A,2026-05-21,2026-05-29,55,3540,Delayed,Pharma
9485,172,Ware House D,2026-05-22,2026-05-31,3,467,Delayed,FMCG
9486,490,Ware House D,2026-05-16,2026-05-23,1,8717,In Transit,Automotive
9487,275,Ware House E,2026-05-13,2026-05-22,60,6406,In Transit,Automotive
9488,450,Ware House B,2026-06-01,2026-06-05,35,6416,Delivered,Automotive
9489,175,Ware House D,2026-06-01,2026-06-06,93,8110,Delivered,Electronics
9490,498,Ware House A,2026-05-17,2026-05-26,17,3893,Delivered,FMCG
9491,470,Ware House E,2026-05-25,2026-05-28,90,9250,Delivered,FMCG
9492,247,Ware House A,2026-05-09,2026-05-13,89,579,Delivered,Industrial
9493,434,Ware House C,2026-05-23,2026-05-26,72,7093,Delivered,Electronics
9494,192,Ware House B,2026-05-23,2026-05-24,1,6330,Delivered,Industrial
9495,456,Ware House D,2026-05-25,2026-05-26,82,5357,In Transit,Automotive
9496,188,Ware House E,2026-05-18,2026-05-20,80,8340,Delivered,Industrial
9497,55,Ware House A,2026-05-23,2026-05-31,15,1725,Delivered,Automotive
9498,360,Ware House D,2026-05-20,2026-05-23,67,1403,Delivered,FMCG
9499,45,Ware House D,2026-05-25,2026-05-27,25,3949,Delivered,Industrial
9500,438,Ware House D,2026-05-19,2026-05-26,15,2101,Delivered,Pharma
9501,422,Ware House B,2026-06-02,2026-06-10,98,3346,Delivered,Electronics
9502,95,Ware House E,2026-05-09,2026-05-17,66,9075,Delayed,Pharma
9503,188,Ware House C,2026-05-17,2026-05-21,84,3525,Cancelled,FMCG
9504,56,Ware House D,2026-05-26,2026-05-31,13,7123,Delivered,Industrial
9505,192,Ware House A,2026-05-16,2026-05-23,15,7227,Delivered,FMCG
9506,255,Ware House A,2026-05-15,2026-05-24,91,6111,In Transit,Electronics
9507,117,Ware House E,2026-05-07,2026-05-16,63,8711,In Transit,Industrial
9508,67,Ware House E,2026-05-29,2026-05-31,8,4288,Delayed,Electronics
9509,115,Ware House C,2026-05-31,2026-06-03,97,9315,Delivered,Automotive
9510,335,Ware House D,2026-05-16,2026-05-18,60,5639,Delivered,FMCG
9511,41,Ware House D,2026-05-29,2026-06-01,65,7233,Cancelled,Industrial
9512,318,Ware House A,2026-05-13,2026-05-14,29,308,In Transit,Industrial
9513,338,Ware House B,2026-05-07,2026-05-12,41,7840,Delivered,Industrial
9514,149,Ware House A,2026-05-13,2026-05-19,48,8556,Cancelled,Industrial
9515,189,Ware House B,2026-05-21,2026-05-23,15,6890,In Transit,Pharma
9516,275,Ware House B,2026-06-01,2026-06-02,33,1701,In Transit,Pharma
9517,161,Ware House A,2026-06-02,2026-06-09,22,9804,In Transit,Electronics
9518,80,Ware House E,2026-05-19,2026-05-26,76,3368,Delayed,Electronics
9519,355,Ware House C,2026-05-30,2026-06-03,1,1681,Delayed,Pharma
9520,484,Ware House A,2026-05-22,2026-05-24,94,199,In Transit,Automotive
9521,317,Ware House A,2026-06-02,2026-06-03,47,6112,Cancelled,Pharma
9522,132,Ware House D,2026-05-27,2026-06-04,78,8954,Cancelled,FMCG
9523,11,Ware House D,2026-06-03,2026-06-12,65,8748,Delayed,Automotive
9524,442,Ware House D,2026-05-09,2026-05-14,68,2542,In Transit,FMCG
9525,415,Ware House C,2026-05-28,2026-06-01,65,8936,Delivered,Automotive
9526,132,Ware House D,2026-05-31,2026-06-06,92,9955,Delivered,FMCG
9527,199,Ware House D,2026-05-16,2026-05-17,51,6734,In Transit,Industrial
9528,78,Ware House D,2026-05-28,2026-06-03,99,7407,In Transit,Electronics
9529,309,Ware House A,2026-05-27,2026-06-02,59,7444,Cancelled,Electronics
9530,14,Ware House E,2026-05-25,2026-05-31,26,2368,Delayed,FMCG
9531,111,Ware House E,2026-06-03,2026-06-05,79,6802,Delayed,Electronics
9532,462,Ware House D,2026-05-20,2026-05-27,93,9305,Delayed,FMCG
9533,137,Ware House C,2026-05-25,2026-05-29,46,2506,Delivered,Industrial
9534,78,Ware House D,2026-05-17,2026-05-21,20,5957,In Transit,Automotive
9535,79,Ware House B,2026-05-20,2026-05-25,3,1913,Delayed,Automotive
9536,359,Ware House E,2026-05-11,2026-05-20,78,6434,In Transit,Pharma
9537,457,Ware House D,2026-05-14,2026-05-21,46,8928,Cancelled,FMCG
9538,244,Ware House E,2026-06-01,2026-06-11,30,6127,In Transit,FMCG
9539,7,Ware House A,2026-05-29,2026-06-01,65,1299,Delivered,Automotive
9540,214,Ware House B,2026-06-03,2026-06-12,76,3836,Delivered,Industrial
9541,260,Ware House B,2026-05-23,2026-05-30,97,1191,Delayed,Automotive
9542,56,Ware House A,2026-05-30,2026-06-02,86,5639,Delivered,Electronics
9543,166,Ware House A,2026-05-13,2026-05-19,34,7177,Delayed,Industrial
9544,487,Ware House B,2026-05-27,2026-05-30,12,5788,In Transit,Industrial
9545,250,Ware House A,2026-05-24,2026-05-27,33,3977,In Transit,FMCG
9546,232,Ware House E,2026-05-08,2026-05-15,29,7152,Delivered,Industrial
9547,115,Ware House D,2026-05-08,2026-05-15,100,4930,In Transit,Industrial
9548,372,Ware House D,2026-05-12,2026-05-13,47,4747,Delayed,FMCG
9549,142,Ware House D,2026-05-17,2026-05-19,1,4386,Delayed,Industrial
9550,362,Ware House D,2026-06-03,2026-06-04,13,3528,Delayed,Automotive
9551,61,Ware House B,2026-05-18,2026-05-24,27,6654,Delayed,FMCG
9552,366,Ware House A,2026-06-04,2026-06-13,7,8398,Cancelled,Industrial
9553,386,Ware House B,2026-06-01,2026-06-07,19,6788,Delayed,Industrial
9554,183,Ware House D,2026-05-30,2026-06-07,35,4459,Delivered,Industrial
9555,291,Ware House D,2026-05-27,2026-05-31,44,394,Delayed,Industrial
9556,407,Ware House D,2026-05-14,2026-05-24,9,6245,In Transit,Industrial
9557,256,Ware House E,2026-05-15,2026-05-20,40,2642,Cancelled,Pharma
9558,268,Ware House D,2026-06-01,2026-06-11,46,6214,Cancelled,Pharma
9559,302,Ware House C,2026-05-09,2026-05-16,11,6525,Delayed,Pharma
9560,349,Ware House B,2026-05-12,2026-05-14,13,3001,Delayed,Pharma
9561,401,Ware House C,2026-05-20,2026-05-22,84,442,Cancelled,Industrial
9562,379,Ware House C,2026-05-11,2026-05-12,42,1156,Delivered,FMCG
9563,448,Ware House A,2026-05-18,2026-05-22,12,4694,Delivered,Industrial
9564,497,Ware House D,2026-05-29,2026-06-03,18,8575,Delivered,Industrial
9565,345,Ware House D,2026-05-22,2026-05-28,43,2668,Cancelled,FMCG
9566,417,Ware House E,2026-05-15,2026-05-17,68,6181,Cancelled,Industrial
9567,319,Ware House A,2026-05-24,2026-05-27,89,7744,Delivered,Automotive
9568,89,Ware House A,2026-05-22,2026-05-23,53,5515,Delayed,Industrial
9569,463,Ware House D,2026-05-26,2026-06-03,3,3270,Cancelled,Pharma
9570,351,Ware House C,2026-05-30,2026-06-03,72,5933,Delayed,FMCG
9571,353,Ware House B,2026-05-17,2026-05-19,6,4415,In Transit,Industrial
9572,128,Ware House D,2026-05-31,2026-06-05,17,4244,Delivered,Pharma
9573,394,Ware House C,2026-05-13,2026-05-20,58,2404,Delayed,Automotive
9574,319,Ware House E,2026-05-12,2026-05-16,72,8911,Delayed,FMCG
9575,369,Ware House B,2026-05-17,2026-05-22,5,529,In Transit,FMCG
9576,473,Ware House B,2026-05-25,2026-05-30,67,3987,Delayed,FMCG
9577,285,Ware House E,2026-05-20,2026-05-21,44,2282,Delayed,FMCG
9578,165,Ware House C,2026-05-24,2026-06-03,56,5322,Delayed,Electronics
9579,414,Ware House E,2026-05-06,2026-05-12,49,7206,Delivered,Industrial
9580,40,Ware House C,2026-05-31,2026-06-06,17,7452,Delayed,Industrial
9581,460,Ware House A,2026-05-28,2026-06-05,88,9367,Delayed,FMCG
9582,328,Ware House C,2026-05-24,2026-06-01,5,6365,In Transit,Industrial
9583,188,Ware House A,2026-05-10,2026-05-14,45,2144,Cancelled,Electronics
9584,249,Ware House E,2026-05-15,2026-05-16,37,6314,Cancelled,Automotive
9585,92,Ware House C,2026-06-04,2026-06-10,27,1015,In Transit,Electronics
9586,348,Ware House E,2026-06-02,2026-06-08,22,1104,Cancelled,Automotive
9587,15,Ware House B,2026-05-16,2026-05-19,81,9424,In Transit,Industrial
9588,71,Ware House B,2026-05-10,2026-05-11,28,4191,Cancelled,Pharma
9589,120,Ware House B,2026-05-08,2026-05-14,68,6548,In Transit,Pharma
9590,438,Ware House D,2026-05-23,2026-05-25,64,4375,Delayed,Pharma
9591,415,Ware House A,2026-06-01,2026-06-09,39,8640,Cancelled,FMCG
9592,307,Ware House D,2026-05-29,2026-06-06,28,2004,Delivered,Industrial
9593,395,Ware House C,2026-06-03,2026-06-08,72,3025,Cancelled,Automotive
9594,286,Ware House D,2026-05-09,2026-05-19,42,3573,Cancelled,Automotive
9595,478,Ware House E,2026-05-12,2026-05-17,8,6933,In Transit,Pharma
9596,274,Ware House A,2026-05-31,2026-06-05,67,3081,In Transit,FMCG
9597,450,Ware House C,2026-06-04,2026-06-14,83,8144,Cancelled,Electronics
9598,125,Ware House B,2026-05-21,2026-05-24,82,1688,Delayed,Industrial
9599,491,Ware House E,2026-05-10,2026-05-11,95,1237,Delayed,FMCG
9600,262,Ware House C,2026-05-17,2026-05-25,5,9689,In Transit,Automotive
9601,7,Ware House E,2026-06-04,2026-06-06,85,2350,Delivered,Electronics
9602,136,Ware House B,2026-05-14,2026-05-22,21,5418,Delivered,FMCG
9603,490,Ware House A,2026-05-28,2026-05-30,10,9547,Delivered,Industrial
9604,440,Ware House E,2026-05-23,2026-05-29,50,9177,In Transit,Pharma
9605,9,Ware House E,2026-05-31,2026-06-06,69,4530,Delivered,Pharma
9606,209,Ware House A,2026-05-26,2026-06-05,35,3286,In Transit,Pharma
9607,316,Ware House D,2026-05-10,2026-05-15,100,6005,Delivered,Automotive
9608,331,Ware House D,2026-05-22,2026-05-23,97,4317,Delivered,Automotive
9609,391,Ware House A,2026-05-08,2026-05-17,3,979,Delivered,Industrial
9610,316,Ware House C,2026-05-26,2026-06-01,59,7043,Delayed,Electronics
9611,140,Ware House C,2026-06-01,2026-06-07,56,6699,Delivered,Automotive
9612,480,Ware House A,2026-05-24,2026-05-28,50,3386,Delivered,FMCG
9613,154,Ware House B,2026-05-18,2026-05-19,18,3026,Cancelled,Pharma
9614,320,Ware House A,2026-05-21,2026-05-24,47,6140,In Transit,Automotive
9615,30,Ware House C,2026-05-20,2026-05-22,87,2565,Delayed,Automotive
9616,332,Ware House E,2026-06-01,2026-06-10,36,5074,In Transit,Automotive
9617,334,Ware House A,2026-06-01,2026-06-07,12,221,Delayed,FMCG
9618,83,Ware House D,2026-06-03,2026-06-06,26,8969,Delayed,Industrial
9619,207,Ware House C,2026-05-25,2026-05-27,59,3331,In Transit,Pharma
9620,292,Ware House C,2026-06-01,2026-06-06,65,4573,Cancelled,Automotive
9621,455,Ware House B,2026-05-27,2026-05-30,1,8810,Delivered,Automotive
9622,404,Ware House C,2026-05-22,2026-05-23,35,9782,In Transit,Industrial
9623,22,Ware House C,2026-05-21,2026-05-24,99,2499,Delivered,Automotive
9624,73,Ware House B,2026-05-15,2026-05-19,73,451,Delayed,Electronics
9625,481,Ware House E,2026-05-14,2026-05-21,30,4080,Cancelled,Industrial
9626,226,Ware House D,2026-05-30,2026-06-07,79,1871,Cancelled,Electronics
9627,397,Ware House E,2026-05-17,2026-05-26,28,9850,Delivered,Pharma
9628,162,Ware House C,2026-05-25,2026-05-28,94,5900,Delayed,Industrial
9629,349,Ware House E,2026-05-15,2026-05-22,77,7994,Delayed,Electronics
9630,63,Ware House D,2026-05-10,2026-05-14,55,2816,In Transit,Pharma
9631,104,Ware House C,2026-05-27,2026-06-04,15,4123,Delivered,Pharma
9632,81,Ware House E,2026-06-02,2026-06-09,51,3361,In Transit,Pharma
9633,169,Ware House A,2026-06-02,2026-06-10,67,3660,In Transit,Pharma
9634,183,Ware House A,2026-05-27,2026-06-05,61,7943,Delivered,Pharma
9635,169,Ware House D,2026-06-01,2026-06-11,11,2618,In Transit,Pharma
9636,444,Ware House A,2026-05-11,2026-05-16,46,3032,In Transit,FMCG
9637,341,Ware House D,2026-05-17,2026-05-23,87,3032,Delayed,Industrial
9638,131,Ware House D,2026-06-02,2026-06-10,12,6638,Cancelled,Pharma
9639,437,Ware House D,2026-05-06,2026-05-15,22,173,In Transit,Automotive
9640,118,Ware House C,2026-05-11,2026-05-19,41,7044,Delayed,FMCG
9641,332,Ware House C,2026-05-07,2026-05-13,67,4391,Delayed,Automotive
9642,472,Ware House B,2026-05-06,2026-05-11,30,2242,In Transit,Pharma
9643,309,Ware House D,2026-05-29,2026-06-04,29,3168,In Transit,FMCG
9644,389,Ware House D,2026-05-10,2026-05-15,37,2373,Delayed,Pharma
9645,262,Ware House E,2026-05-28,2026-05-29,76,5867,In Transit,Industrial
9646,275,Ware House C,2026-05-06,2026-05-13,29,8319,Cancelled,Electronics
9647,99,Ware House C,2026-06-01,2026-06-03,37,5056,Delivered,Pharma
9648,224,Ware House E,2026-05-19,2026-05-25,23,7254,In Transit,Automotive
9649,265,Ware House E,2026-06-01,2026-06-06,56,8072,In Transit,Pharma
9650,65,Ware House A,2026-05-20,2026-05-21,65,8893,Delivered,FMCG
9651,292,Ware House D,2026-06-01,2026-06-08,82,3261,Delivered,FMCG
9652,69,Ware House A,2026-05-11,2026-05-13,78,774,Delivered,Pharma
9653,148,Ware House C,2026-05-27,2026-06-03,2,5903,Delayed,Automotive
9654,29,Ware House A,2026-05-28,2026-06-02,52,385,Delayed,Industrial
9655,54,Ware House E,2026-05-24,2026-06-01,70,1983,In Transit,Industrial
9656,243,Ware House D,2026-05-26,2026-05-31,5,4047,Delayed,Automotive
9657,229,Ware House D,2026-05-25,2026-06-02,55,4882,Delivered,FMCG
9658,387,Ware House A,2026-05-11,2026-05-12,52,3545,Delayed,Industrial
9659,430,Ware House D,2026-05-11,2026-05-12,98,9470,Delivered,Automotive
9660,357,Ware House D,2026-05-16,2026-05-18,96,9591,Delivered,Electronics
9661,459,Ware House D,2026-05-09,2026-05-13,65,8337,Delayed,Industrial
9662,233,Ware House A,2026-06-01,2026-06-07,44,2843,Delayed,Industrial
9663,396,Ware House A,2026-06-02,2026-06-10,67,9849,Delivered,FMCG
9664,205,Ware House D,2026-06-02,2026-06-10,27,2659,Delivered,Electronics
9665,470,Ware House A,2026-05-15,2026-05-20,15,3795,Delivered,Electronics
9666,115,Ware House A,2026-05-22,2026-05-24,77,820,Delivered,Automotive
9667,47,Ware House C,2026-06-02,2026-06-06,75,8686,Delayed,Electronics
9668,359,Ware House C,2026-05-12,2026-05-13,18,1396,In Transit,FMCG
9669,277,Ware House A,2026-05-16,2026-05-22,42,3796,Cancelled,FMCG
9670,30,Ware House D,2026-05-17,2026-05-18,2,6599,Cancelled,Industrial
9671,346,Ware House B,2026-05-30,2026-06-03,22,2898,Cancelled,Pharma
9672,342,Ware House E,2026-05-20,2026-05-25,7,6738,Delivered,Automotive
9673,106,Ware House D,2026-05-23,2026-05-26,63,4292,Delayed,Automotive
9674,245,Ware House A,2026-05-26,2026-06-04,68,8735,Delayed,FMCG
9675,316,Ware House E,2026-05-06,2026-05-12,17,404,Delivered,Automotive
9676,126,Ware House E,2026-05-14,2026-05-17,69,8164,Delayed,Electronics
9677,473,Ware House C,2026-05-31,2026-06-01,34,1286,In Transit,Pharma
9678,304,Ware House E,2026-06-04,2026-06-07,77,5514,Cancelled,Automotive
9679,359,Ware House D,2026-05-06,2026-05-07,39,3463,In Transit,Industrial
9680,447,Ware House D,2026-05-29,2026-06-08,50,1774,Delivered,Pharma
9681,403,Ware House B,2026-05-13,2026-05-20,9,3557,Cancelled,Electronics
9682,191,Ware House E,2026-05-24,2026-06-01,21,2802,Delivered,Electronics
9683,220,Ware House A,2026-05-28,2026-06-01,88,7953,In Transit,Electronics
9684,366,Ware House B,2026-05-21,2026-05-24,78,9610,Delayed,Pharma
9685,395,Ware House E,2026-05-09,2026-05-14,85,295,In Transit,FMCG
9686,457,Ware House B,2026-05-30,2026-06-07,24,1855,In Transit,Electronics
9687,416,Ware House A,2026-05-28,2026-05-30,35,179,Cancelled,Pharma
9688,351,Ware House A,2026-06-04,2026-06-14,81,7735,Delivered,Pharma
9689,87,Ware House A,2026-05-13,2026-05-16,1,2558,In Transit,Automotive
9690,187,Ware House B,2026-05-10,2026-05-18,100,2014,Cancelled,Electronics
9691,352,Ware House C,2026-06-04,2026-06-06,72,8194,Cancelled,Electronics
9692,438,Ware House B,2026-05-15,2026-05-21,89,7900,Delayed,Electronics
9693,213,Ware House D,2026-05-14,2026-05-17,19,2171,Cancelled,FMCG
9694,108,Ware House A,2026-05-07,2026-05-14,93,4644,Delivered,Automotive
9695,500,Ware House E,2026-05-21,2026-05-25,37,2968,Delivered,Pharma
9696,132,Ware House A,2026-05-07,2026-05-08,37,5625,Delayed,Electronics
9697,147,Ware House A,2026-05-26,2026-05-27,4,4682,Cancelled,FMCG
9698,496,Ware House B,2026-05-22,2026-05-27,9,244,Delayed,Industrial
9699,111,Ware House C,2026-05-12,2026-05-22,59,9300,Delivered,Pharma
9700,167,Ware House D,2026-05-21,2026-05-25,88,5016,Delayed,FMCG
9701,246,Ware House A,2026-05-06,2026-05-10,58,2988,Delayed,Industrial
9702,66,Ware House A,2026-05-26,2026-05-28,86,7977,Delivered,FMCG
9703,268,Ware House C,2026-05-06,2026-05-08,56,2908,Cancelled,Automotive
9704,442,Ware House C,2026-05-07,2026-05-16,28,5004,Delayed,FMCG
9705,404,Ware House D,2026-05-28,2026-05-30,83,7102,In Transit,FMCG
9706,55,Ware House A,2026-05-18,2026-05-27,83,3458,Cancelled,Automotive
9707,251,Ware House E,2026-05-07,2026-05-12,66,7309,Delivered,Electronics
9708,26,Ware House B,2026-05-28,2026-06-02,36,3237,Cancelled,Pharma
9709,196,Ware House E,2026-05-19,2026-05-21,23,6639,Delayed,Pharma
9710,65,Ware House D,2026-05-13,2026-05-23,56,5778,Delivered,Pharma
9711,176,Ware House E,2026-06-04,2026-06-07,89,1171,In Transit,Automotive
9712,66,Ware House E,2026-05-09,2026-05-19,75,9274,Delayed,FMCG
9713,126,Ware House B,2026-05-13,2026-05-20,67,1740,In Transit,Electronics
9714,194,Ware House A,2026-05-30,2026-06-09,86,1054,In Transit,Electronics
9715,274,Ware House A,2026-05-17,2026-05-19,77,2424,In Transit,Pharma
9716,36,Ware House A,2026-06-01,2026-06-08,64,8930,Cancelled,Electronics
9717,137,Ware House D,2026-05-23,2026-06-01,85,6917,Delayed,Pharma
9718,454,Ware House C,2026-05-24,2026-06-01,30,6207,In Transit,Industrial
9719,6,Ware House D,2026-06-01,2026-06-05,56,3378,Delayed,Pharma
9720,44,Ware House C,2026-05-26,2026-06-05,35,508,Delayed,Automotive
9721,466,Ware House A,2026-06-01,2026-06-02,2,4152,Delivered,Pharma
9722,383,Ware House D,2026-05-27,2026-05-31,55,4279,In Transit,Industrial
9723,250,Ware House E,2026-05-25,2026-05-27,31,7501,Delivered,Automotive
9724,445,Ware House B,2026-05-21,2026-05-28,84,8022,Delayed,Electronics
9725,16,Ware House E,2026-05-24,2026-06-02,51,5079,In Transit,Automotive
9726,437,Ware House D,2026-05-07,2026-05-08,90,5248,Cancelled,Pharma
9727,340,Ware House E,2026-05-17,2026-05-19,13,2424,Delivered,FMCG
9728,432,Ware House A,2026-05-28,2026-05-31,94,7329,In Transit,Electronics
9729,285,Ware House B,2026-05-11,2026-05-13,73,7264,In Transit,Industrial
9730,440,Ware House C,2026-05-06,2026-05-13,15,1276,Cancelled,FMCG
9731,407,Ware House B,2026-05-29,2026-05-31,61,8288,Delivered,Electronics
9732,187,Ware House C,2026-05-06,2026-05-07,49,2883,Cancelled,Electronics
9733,306,Ware House D,2026-05-22,2026-05-23,22,7033,In Transit,Industrial
9734,233,Ware House C,2026-05-15,2026-05-25,49,1633,Delayed,Electronics
9735,40,Ware House D,2026-05-23,2026-06-02,19,360,Delayed,Automotive
9736,170,Ware House B,2026-05-24,2026-05-27,99,3733,In Transit,Industrial
9737,386,Ware House B,2026-05-19,2026-05-25,32,273,In Transit,Automotive
9738,337,Ware House B,2026-06-03,2026-06-10,32,9633,Cancelled,Pharma
9739,337,Ware House A,2026-05-22,2026-05-28,18,7037,Delivered,Automotive
9740,287,Ware House D,2026-05-06,2026-05-11,8,7604,In Transit,FMCG
9741,316,Ware House C,2026-05-07,2026-05-13,34,1493,Delivered,FMCG
9742,331,Ware House B,2026-05-11,2026-05-16,6,9182,In Transit,FMCG
9743,495,Ware House A,2026-05-10,2026-05-20,16,3723,Cancelled,Industrial
9744,472,Ware House A,2026-05-12,2026-05-18,100,7855,Delivered,Industrial
9745,414,Ware House E,2026-05-09,2026-05-16,7,9729,Cancelled,Electronics
9746,371,Ware House B,2026-06-02,2026-06-05,93,9286,Cancelled,FMCG
9747,410,Ware House A,2026-05-30,2026-06-08,41,3250,Delayed,Electronics
9748,368,Ware House A,2026-05-16,2026-05-20,87,6564,Delivered,FMCG
9749,409,Ware House B,2026-05-06,2026-05-13,82,2467,Cancelled,Industrial
9750,64,Ware House B,2026-05-20,2026-05-22,71,3237,Cancelled,Pharma
9751,6,Ware House E,2026-05-25,2026-05-29,33,5841,Delayed,Automotive
9752,19,Ware House E,2026-05-16,2026-05-18,89,3905,Cancelled,Automotive
9753,185,Ware House C,2026-05-16,2026-05-20,1,4864,Delayed,Automotive
9754,396,Ware House A,2026-05-28,2026-05-31,67,634,In Transit,Pharma
9755,373,Ware House D,2026-05-27,2026-05-30,60,7922,Cancelled,Automotive
9756,273,Ware House A,2026-05-28,2026-06-07,5,1654,Cancelled,Automotive
9757,210,Ware House E,2026-05-19,2026-05-28,45,3886,Delayed,Industrial
9758,184,Ware House C,2026-05-21,2026-05-27,69,6474,In Transit,Pharma
9759,336,Ware House A,2026-05-13,2026-05-21,55,2030,Delayed,Pharma
9760,82,Ware House C,2026-05-23,2026-05-27,33,5645,Delayed,Pharma
9761,189,Ware House B,2026-05-08,2026-05-14,30,6996,In Transit,Pharma
9762,52,Ware House B,2026-05-12,2026-05-18,51,9685,Delayed,FMCG
9763,223,Ware House B,2026-05-18,2026-05-25,77,9917,In Transit,Automotive
9764,315,Ware House A,2026-05-09,2026-05-10,54,4404,Cancelled,Industrial
9765,458,Ware House D,2026-06-03,2026-06-05,95,5551,Delayed,Electronics
9766,131,Ware House C,2026-05-31,2026-06-10,43,7258,Delayed,Automotive
9767,144,Ware House D,2026-05-17,2026-05-26,1,8051,In Transit,Pharma
9768,253,Ware House E,2026-05-10,2026-05-14,89,4119,In Transit,Pharma
9769,32,Ware House D,2026-06-02,2026-06-09,66,5946,In Transit,Industrial
9770,219,Ware House B,2026-05-08,2026-05-11,52,8537,In Transit,FMCG
9771,81,Ware House E,2026-05-17,2026-05-19,85,182,In Transit,Industrial
9772,341,Ware House C,2026-05-07,2026-05-11,66,5040,In Transit,FMCG
9773,231,Ware House C,2026-05-15,2026-05-24,37,2195,Cancelled,FMCG
9774,107,Ware House B,2026-05-25,2026-05-31,82,6316,In Transit,Electronics
9775,31,Ware House E,2026-06-04,2026-06-12,87,4438,Delivered,Electronics
9776,314,Ware House A,2026-06-04,2026-06-07,58,1528,In Transit,FMCG
9777,13,Ware House C,2026-05-23,2026-05-27,69,5312,Delayed,FMCG
9778,286,Ware House A,2026-05-16,2026-05-25,82,4742,Delayed,Electronics
9779,78,Ware House E,2026-05-11,2026-05-18,74,6745,Delayed,FMCG
9780,474,Ware House B,2026-05-21,2026-05-22,10,334,Delivered,FMCG
9781,244,Ware House C,2026-05-13,2026-05-17,98,4230,Delivered,Industrial
9782,411,Ware House A,2026-05-11,2026-05-18,8,9673,Cancelled,FMCG
9783,68,Ware House D,2026-05-15,2026-05-25,23,7375,Delayed,Industrial
9784,427,Ware House C,2026-05-20,2026-05-30,41,9578,Cancelled,Pharma
9785,109,Ware House D,2026-06-02,2026-06-04,95,9614,Delivered,Industrial
9786,473,Ware House B,2026-05-10,2026-05-17,24,2439,Cancelled,FMCG
9787,129,Ware House E,2026-05-21,2026-05-28,28,2576,Delivered,Electronics
9788,276,Ware House A,2026-05-29,2026-06-04,60,744,Delivered,Automotive
9789,295,Ware House C,2026-05-24,2026-06-01,96,1455,In Transit,Electronics
9790,454,Ware House C,2026-05-28,2026-06-04,8,6380,In Transit,Pharma
9791,221,Ware House A,2026-05-19,2026-05-23,78,3673,In Transit,Automotive
9792,392,Ware House A,2026-05-22,2026-05-30,73,4532,Cancelled,FMCG
9793,372,Ware House B,2026-06-02,2026-06-09,70,3575,Delayed,Electronics
9794,412,Ware House C,2026-05-09,2026-05-12,1,275,In Transit,Automotive
9795,162,Ware House A,2026-05-23,2026-05-31,89,649,Cancelled,Industrial
9796,291,Ware House E,2026-05-10,2026-05-20,8,5146,Cancelled,Pharma
9797,499,Ware House A,2026-05-09,2026-05-15,26,6615,Delivered,FMCG
9798,347,Ware House D,2026-05-11,2026-05-19,24,8756,In Transit,Electronics
9799,286,Ware House E,2026-06-03,2026-06-05,90,4396,In Transit,Industrial
9800,396,Ware House C,2026-05-19,2026-05-29,94,497,Cancelled,FMCG
9801,447,Ware House C,2026-05-12,2026-05-21,52,5618,Cancelled,Pharma
9802,271,Ware House C,2026-05-12,2026-05-15,50,3326,Delayed,FMCG
9803,340,Ware House B,2026-05-19,2026-05-21,28,1277,In Transit,Industrial
9804,8,Ware House A,2026-06-03,2026-06-05,72,6263,In Transit,FMCG
9805,491,Ware House D,2026-05-18,2026-05-22,36,490,In Transit,Automotive
9806,269,Ware House C,2026-05-22,2026-05-24,40,8483,Cancelled,FMCG
9807,360,Ware House B,2026-05-14,2026-05-24,98,5235,In Transit,Industrial
9808,210,Ware House A,2026-05-21,2026-05-23,90,4008,Delayed,Electronics
9809,125,Ware House C,2026-05-13,2026-05-16,49,2717,Delayed,Industrial
9810,199,Ware House E,2026-05-11,2026-05-21,27,8916,In Transit,Pharma
9811,472,Ware House E,2026-05-28,2026-06-06,32,996,Cancelled,Industrial
9812,158,Ware House A,2026-05-06,2026-05-08,45,3956,Delayed,Automotive
9813,110,Ware House C,2026-05-06,2026-05-09,32,1556,Delayed,Pharma
9814,334,Ware House A,2026-05-28,2026-05-30,90,4049,In Transit,FMCG
9815,284,Ware House E,2026-05-28,2026-05-31,53,3816,Delayed,Automotive
9816,242,Ware House D,2026-05-22,2026-05-27,66,2015,Delivered,Pharma
9817,49,Ware House C,2026-05-25,2026-06-03,31,8136,Cancelled,FMCG
9818,126,Ware House D,2026-05-19,2026-05-26,59,4896,Delayed,FMCG
9819,286,Ware House C,2026-05-07,2026-05-11,40,7296,In Transit,Pharma
9820,237,Ware House E,2026-05-14,2026-05-20,89,4348,Delivered,Automotive
9821,212,Ware House B,2026-05-20,2026-05-30,89,3154,Delivered,Electronics
9822,477,Ware House C,2026-05-12,2026-05-16,99,8408,Delivered,Industrial
9823,414,Ware House C,2026-06-04,2026-06-10,98,4222,In Transit,FMCG
9824,111,Ware House E,2026-05-30,2026-06-05,66,1184,In Transit,Automotive
9825,342,Ware House A,2026-05-12,2026-05-19,67,9116,Cancelled,Industrial
9826,260,Ware House A,2026-05-22,2026-05-31,38,546,In Transit,Electronics
9827,415,Ware House D,2026-05-12,2026-05-18,4,9764,In Transit,FMCG
9828,18,Ware House B,2026-05-27,2026-06-03,12,3078,Delivered,Automotive
9829,20,Ware House E,2026-05-19,2026-05-27,4,5537,In Transit,Automotive
9830,284,Ware House B,2026-05-22,2026-05-30,8,4502,Delivered,Industrial
9831,411,Ware House D,2026-05-22,2026-05-30,25,6406,Delayed,Electronics
9832,350,Ware House A,2026-05-26,2026-05-27,53,610,Delayed,Automotive
9833,433,Ware House D,2026-05-21,2026-05-31,97,6275,Delivered,Industrial
9834,362,Ware House A,2026-05-08,2026-05-14,59,3066,In Transit,Electronics
9835,391,Ware House C,2026-05-17,2026-05-18,76,2808,In Transit,FMCG
9836,464,Ware House A,2026-05-12,2026-05-19,40,8379,In Transit,Electronics
9837,137,Ware House D,2026-05-10,2026-05-16,41,5255,In Transit,Pharma
9838,220,Ware House C,2026-05-27,2026-06-04,35,5993,In Transit,Automotive
9839,344,Ware House E,2026-06-02,2026-06-11,17,8796,Delivered,Industrial
9840,236,Ware House B,2026-05-08,2026-05-14,89,4113,In Transit,Automotive
9841,285,Ware House A,2026-05-07,2026-05-14,96,3306,Cancelled,Electronics
9842,428,Ware House D,2026-06-03,2026-06-06,76,6750,Delayed,Pharma
9843,395,Ware House E,2026-06-02,2026-06-07,98,3889,Cancelled,FMCG
9844,128,Ware House D,2026-05-16,2026-05-22,45,9748,Cancelled,Electronics
9845,410,Ware House E,2026-05-12,2026-05-13,35,941,Delivered,Industrial
9846,401,Ware House B,2026-05-20,2026-05-27,26,3256,Delayed,FMCG
9847,489,Ware House D,2026-05-23,2026-05-25,5,8453,Delivered,Pharma
9848,391,Ware House A,2026-05-10,2026-05-12,38,4466,Cancelled,Electronics
9849,280,Ware House B,2026-05-21,2026-05-25,58,5705,Delivered,Pharma
9850,399,Ware House B,2026-05-18,2026-05-27,22,522,Cancelled,Pharma
9851,449,Ware House A,2026-05-14,2026-05-23,4,1198,Cancelled,Electronics
9852,320,Ware House B,2026-05-14,2026-05-16,19,9316,Cancelled,Industrial
9853,155,Ware House D,2026-05-23,2026-05-27,1,4139,In Transit,Pharma
9854,186,Ware House D,2026-05-28,2026-06-02,54,8739,In Transit,FMCG
9855,408,Ware House A,2026-05-31,2026-06-10,37,8277,In Transit,Pharma
9856,3,Ware House B,2026-06-02,2026-06-05,40,2866,In Transit,Electronics
9857,334,Ware House B,2026-05-09,2026-05-15,24,6332,Delivered,Automotive
9858,14,Ware House A,2026-05-16,2026-05-17,29,1893,Delayed,Industrial
9859,280,Ware House B,2026-05-25,2026-05-30,62,8187,Cancelled,FMCG
9860,40,Ware House B,2026-05-20,2026-05-21,2,9623,Cancelled,Automotive
9861,241,Ware House E,2026-05-23,2026-05-24,68,7766,In Transit,Industrial
9862,78,Ware House E,2026-05-21,2026-05-26,18,3640,Delayed,Industrial
9863,77,Ware House B,2026-05-12,2026-05-19,33,203,Delayed,FMCG
9864,449,Ware House D,2026-05-24,2026-05-26,72,5835,Cancelled,Pharma
9865,441,Ware House A,2026-05-17,2026-05-24,5,5579,Cancelled,FMCG
9866,500,Ware House B,2026-05-08,2026-05-17,61,5897,Delayed,FMCG
9867,19,Ware House B,2026-05-22,2026-05-27,73,6580,In Transit,Industrial
9868,445,Ware House C,2026-05-14,2026-05-15,33,575,In Transit,Pharma
9869,6,Ware House E,2026-05-18,2026-05-28,29,3788,Cancelled,Electronics
9870,385,Ware House E,2026-05-31,2026-06-05,2,8012,In Transit,Automotive
9871,305,Ware House A,2026-05-22,2026-05-25,16,5417,In Transit,Electronics
9872,87,Ware House B,2026-05-13,2026-05-17,68,3417,Delivered,Automotive
9873,322,Ware House C,2026-05-30,2026-06-07,71,1762,Delivered,Pharma
9874,280,Ware House B,2026-06-01,2026-06-06,58,8121,Cancelled,Electronics
9875,384,Ware House A,2026-05-15,2026-05-19,83,1204,Delivered,Industrial
9876,51,Ware House B,2026-05-26,2026-05-28,77,2509,Delayed,Electronics
9877,17,Ware House B,2026-05-11,2026-05-13,82,2001,Delayed,Electronics
9878,19,Ware House C,2026-05-14,2026-05-20,69,283,Delayed,FMCG
9879,461,Ware House E,2026-05-19,2026-05-21,33,7014,Delayed,FMCG
9880,3,Ware House D,2026-05-11,2026-05-19,54,2233,Delayed,FMCG
9881,95,Ware House C,2026-05-06,2026-05-12,81,4907,Delivered,Automotive
9882,163,Ware House C,2026-05-18,2026-05-24,70,2873,In Transit,Pharma
9883,358,Ware House D,2026-05-30,2026-06-04,58,9320,Delayed,Industrial
9884,128,Ware House B,2026-05-08,2026-05-14,46,6658,Cancelled,Electronics
9885,198,Ware House E,2026-05-15,2026-05-22,49,4272,Delayed,Industrial
9886,416,Ware House C,2026-05-29,2026-06-06,89,2441,Delayed,FMCG
9887,212,Ware House E,2026-05-25,2026-05-26,93,7618,In Transit,Electronics
9888,405,Ware House A,2026-05-08,2026-05-09,30,2108,Cancelled,Automotive
9889,112,Ware House B,2026-05-17,2026-05-18,78,2396,Cancelled,Pharma
9890,439,Ware House D,2026-05-18,2026-05-26,18,9367,Delayed,Automotive
9891,385,Ware House B,2026-05-22,2026-05-23,9,2680,Cancelled,FMCG
9892,494,Ware House A,2026-05-16,2026-05-22,69,9418,Cancelled,Industrial
9893,389,Ware House C,2026-06-02,2026-06-08,45,1878,Cancelled,Automotive
9894,113,Ware House E,2026-05-06,2026-05-07,76,3351,Cancelled,Pharma
9895,230,Ware House B,2026-05-21,2026-05-28,82,435,Delivered,Pharma
9896,378,Ware House D,2026-06-01,2026-06-04,77,9538,Delayed,Automotive
9897,351,Ware House A,2026-05-19,2026-05-20,70,6019,Delivered,Industrial
9898,242,Ware House C,2026-05-21,2026-05-26,84,9495,Cancelled,Pharma
9899,77,Ware House D,2026-05-12,2026-05-13,73,2150,In Transit,Electronics
9900,394,Ware House C,2026-05-22,2026-05-28,19,6523,Delayed,Industrial
9901,57,Ware House E,2026-05-10,2026-05-17,64,2460,Cancelled,FMCG
9902,26,Ware House B,2026-05-25,2026-05-31,39,8392,In Transit,Automotive
9903,161,Ware House A,2026-05-12,2026-05-16,57,2195,Delayed,Electronics
9904,112,Ware House E,2026-05-06,2026-05-10,61,741,Delivered,Electronics
9905,144,Ware House C,2026-05-06,2026-05-14,32,193,Cancelled,Industrial
9906,307,Ware House B,2026-05-07,2026-05-11,46,8752,In Transit,Electronics
9907,89,Ware House A,2026-06-01,2026-06-08,36,6678,In Transit,Industrial
9908,99,Ware House A,2026-05-08,2026-05-10,48,1889,Delivered,Pharma
9909,275,Ware House A,2026-06-04,2026-06-08,33,2422,Delayed,Automotive
9910,364,Ware House E,2026-06-02,2026-06-06,10,113,Cancelled,FMCG
9911,185,Ware House E,2026-06-02,2026-06-11,18,1883,In Transit,Automotive
9912,336,Ware House A,2026-05-28,2026-06-03,98,2255,Cancelled,Pharma
9913,277,Ware House D,2026-05-16,2026-05-21,86,5374,In Transit,FMCG
9914,22,Ware House C,2026-05-22,2026-05-26,12,8212,Cancelled,Automotive
9915,271,Ware House A,2026-05-06,2026-05-10,58,4536,Cancelled,Automotive
9916,285,Ware House D,2026-05-15,2026-05-21,20,9515,Cancelled,FMCG
9917,141,Ware House A,2026-06-04,2026-06-06,25,1050,Cancelled,Pharma
9918,181,Ware House A,2026-05-28,2026-06-02,98,2175,Delivered,Automotive
9919,68,Ware House E,2026-05-21,2026-05-24,4,6881,Cancelled,FMCG
9920,243,Ware House D,2026-05-26,2026-06-01,45,2688,Delivered,Industrial
9921,328,Ware House E,2026-05-29,2026-06-07,8,9297,Delayed,Pharma
9922,151,Ware House A,2026-05-25,2026-05-28,20,6830,In Transit,Pharma
9923,146,Ware House B,2026-05-15,2026-05-16,50,9881,Cancelled,Electronics
9924,98,Ware House A,2026-05-10,2026-05-18,98,7038,Cancelled,Automotive
9925,477,Ware House B,2026-05-07,2026-05-10,22,9321,Delivered,Electronics
9926,150,Ware House C,2026-05-08,2026-05-10,49,9965,In Transit,FMCG
9927,87,Ware House E,2026-05-13,2026-05-18,80,7427,Delivered,Electronics
9928,275,Ware House E,2026-05-13,2026-05-23,30,6996,Delivered,Automotive
9929,358,Ware House A,2026-05-28,2026-06-03,90,4826,Delayed,Industrial
9930,44,Ware House C,2026-06-01,2026-06-04,65,2681,In Transit,Electronics
9931,369,Ware House D,2026-05-22,2026-06-01,83,8344,Delivered,FMCG
9932,460,Ware House D,2026-05-09,2026-05-10,17,1564,In Transit,Automotive
9933,229,Ware House D,2026-05-06,2026-05-10,55,5258,Delivered,FMCG
9934,322,Ware House D,2026-05-18,2026-05-28,2,1113,In Transit,FMCG
9935,321,Ware House B,2026-06-02,2026-06-04,7,7246,Delayed,Automotive
9936,245,Ware House D,2026-05-22,2026-05-24,59,4786,Delayed,Electronics
9937,441,Ware House B,2026-05-16,2026-05-17,56,4989,Delivered,FMCG
9938,114,Ware House B,2026-05-28,2026-06-07,62,485,In Transit,Pharma
9939,218,Ware House C,2026-06-03,2026-06-06,5,6171,Delayed,Electronics
9940,204,Ware House C,2026-05-07,2026-05-09,98,6497,Delivered,Pharma
9941,67,Ware House D,2026-05-10,2026-05-17,77,6055,In Transit,Industrial
9942,471,Ware House A,2026-05-08,2026-05-14,48,8809,Delayed,Electronics
9943,214,Ware House B,2026-05-08,2026-05-09,48,2441,Cancelled,Industrial
9944,417,Ware House E,2026-06-02,2026-06-09,15,9499,Cancelled,Industrial
9945,304,Ware House C,2026-05-22,2026-05-26,84,9026,In Transit,Electronics
9946,101,Ware House E,2026-05-24,2026-06-02,40,3592,Delayed,FMCG
9947,144,Ware House C,2026-05-19,2026-05-25,28,9155,Delayed,FMCG
9948,306,Ware House A,2026-05-10,2026-05-11,80,9523,Delayed,FMCG
9949,409,Ware House A,2026-05-09,2026-05-13,70,8660,Delayed,Industrial
9950,154,Ware House C,2026-05-21,2026-05-30,88,7782,In Transit,Pharma
9951,462,Ware House B,2026-06-02,2026-06-10,13,1237,Delayed,Pharma
9952,454,Ware House C,2026-05-09,2026-05-10,87,8290,Delivered,Pharma
9953,154,Ware House A,2026-05-17,2026-05-18,66,3143,Cancelled,Electronics
9954,379,Ware House E,2026-05-17,2026-05-20,71,9170,Delivered,Electronics
9955,80,Ware House B,2026-06-01,2026-06-04,25,1872,Delivered,FMCG
9956,465,Ware House B,2026-05-09,2026-05-16,23,5494,Cancelled,Electronics
9957,202,Ware House D,2026-05-26,2026-05-28,16,6880,Delivered,Pharma
9958,21,Ware House D,2026-05-27,2026-05-31,40,121,Delivered,Pharma
9959,45,Ware House A,2026-05-22,2026-05-31,91,355,Delayed,Automotive
9960,192,Ware House B,2026-05-24,2026-05-29,65,6912,In Transit,Automotive
9961,416,Ware House C,2026-05-15,2026-05-19,50,7846,Delivered,Industrial
9962,315,Ware House D,2026-05-13,2026-05-14,98,8692,Delivered,Electronics
9963,46,Ware House B,2026-05-18,2026-05-19,2,6250,Delayed,Pharma
9964,171,Ware House E,2026-05-23,2026-05-25,53,6902,Delayed,Industrial
9965,499,Ware House C,2026-05-25,2026-05-28,8,7791,Delivered,Electronics
9966,389,Ware House C,2026-05-10,2026-05-13,19,9359,In Transit,Electronics
9967,52,Ware House C,2026-05-16,2026-05-25,82,6477,In Transit,FMCG
9968,285,Ware House D,2026-05-29,2026-06-07,77,8605,Cancelled,FMCG
9969,75,Ware House D,2026-06-03,2026-06-09,67,4687,Delivered,Industrial
9970,166,Ware House A,2026-05-12,2026-05-21,54,7836,In Transit,Automotive
9971,97,Ware House E,2026-05-19,2026-05-27,95,8789,Cancelled,Automotive
9972,263,Ware House D,2026-05-24,2026-05-30,83,6481,Cancelled,Automotive
9973,102,Ware House B,2026-05-17,2026-05-23,81,9743,Cancelled,Pharma
9974,494,Ware House A,2026-05-29,2026-06-04,7,4586,In Transit,FMCG
9975,88,Ware House D,2026-05-07,2026-05-17,84,4725,Delivered,Industrial
9976,163,Ware House C,2026-05-16,2026-05-26,62,1743,Cancelled,Industrial
9977,425,Ware House C,2026-05-24,2026-05-26,30,2364,Delayed,FMCG
9978,358,Ware House A,2026-05-16,2026-05-24,40,6938,Delivered,Industrial
9979,254,Ware House B,2026-05-31,2026-06-02,60,2671,Delayed,Automotive
9980,67,Ware House B,2026-05-23,2026-05-30,69,9377,Delayed,Pharma
9981,370,Ware House E,2026-05-31,2026-06-07,4,6946,Delivered,Electronics
9982,66,Ware House A,2026-05-09,2026-05-11,57,4934,In Transit,FMCG
9983,146,Ware House D,2026-05-29,2026-06-06,13,7803,Delayed,Electronics
9984,13,Ware House E,2026-05-30,2026-06-02,76,7377,Delayed,Pharma
9985,493,Ware House A,2026-05-24,2026-06-03,92,1229,Delivered,Electronics
9986,182,Ware House E,2026-05-16,2026-05-18,99,7541,Delivered,Automotive
9987,63,Ware House E,2026-05-14,2026-05-22,25,5708,In Transit,Pharma
9988,347,Ware House D,2026-05-12,2026-05-15,2,1772,Cancelled,FMCG
9989,308,Ware House A,2026-06-02,2026-06-09,96,9200,In Transit,Electronics
9990,18,Ware House E,2026-06-01,2026-06-08,76,1168,Delivered,Pharma
9991,374,Ware House D,2026-05-18,2026-05-25,67,7448,Cancelled,FMCG
9992,81,Ware House D,2026-06-02,2026-06-10,68,2454,Cancelled,Automotive
9993,411,Ware House A,2026-05-25,2026-06-01,14,2096,Cancelled,Pharma
9994,162,Ware House C,2026-05-15,2026-05-23,99,3037,Delayed,Automotive
9995,495,Ware House B,2026-06-01,2026-06-02,35,1033,Cancelled,Electronics
9996,83,Ware House E,2026-05-31,2026-06-06,6,8311,Delayed,Electronics
9997,343,Ware House C,2026-05-19,2026-05-25,89,6671,Delayed,FMCG
9998,484,Ware House C,2026-05-18,2026-05-22,37,1691,Delayed,Electronics
9999,37,Ware House B,2026-05-22,2026-05-24,8,9928,In Transit,Industrial
10000,435,Ware House E,2026-05-28,2026-06-06,31,7462,In Transit,Automotive
