shipment_id,supplier_id,warehouse_name,shipment_date,delivery_date,quantity_shipped,transportation_cost,shipment_status,product_category
1,166,Warehouse_C,2026-05-31,2026-06-10,64,6625.53,Delayed,Automotive
2,174,Warehouse_D,2026-05-21,2026-06-09,88,116.74,In Transit,Electronics
3,281,Warehouse_A,2026-05-20,2026-05-22,42,6279.26,Cancelled,Electronics
4,167,Warehouse_C,2026-05-14,2026-05-27,84,6780.25,In Transit,Automotive
5,155,Warehouse_C,2026-05-18,2026-05-28,49,1597.01,In Transit,Electronics
6,442,Warehouse_C,2026-05-29,2026-06-04,61,1994.01,Delayed,FMCG
7,320,Warehouse_C,2026-06-01,2026-06-06,90,3116.26,Delivered,FMCG
8,31,Warehouse_E,2026-05-25,2026-06-12,64,6064.78,In Transit,Electronics
9,401,Warehouse_C,2026-05-12,2026-05-24,26,7268.66,Cancelled,Automotive
10,69,Warehouse_E,2026-05-24,2026-06-10,5,2088.5,Delivered,FMCG
11,94,Warehouse_E,2026-05-29,2026-06-08,13,5553.51,Delayed,Industrial
12,387,Warehouse_D,2026-05-11,2026-05-18,85,1413.3,Delayed,Automotive
13,322,Warehouse_E,2026-06-03,2026-06-17,68,2622.42,Delayed,Industrial
14,119,Warehouse_A,2026-05-13,2026-05-17,84,1522.61,Cancelled,Electronics
15,287,Warehouse_A,2026-05-14,2026-05-21,50,7090.72,In Transit,Automotive
16,494,Warehouse_D,2026-05-10,2026-05-28,85,3240.22,Cancelled,FMCG
17,292,Warehouse_E,2026-05-22,2026-06-06,35,5900.52,Delivered,FMCG
18,361,Warehouse_C,2026-05-09,2026-05-17,44,2427.38,Delayed,Automotive
19,76,Warehouse_A,2026-06-02,2026-06-13,54,5577.34,In Transit,Automotive
20,53,Warehouse_C,2026-05-29,2026-06-05,36,3228.82,In Transit,Electronics
21,188,Warehouse_D,2026-05-13,2026-05-15,62,1194.05,In Transit,FMCG
22,103,Warehouse_B,2026-05-19,2026-05-21,33,4152.78,Cancelled,Pharma
23,168,Warehouse_D,2026-05-21,2026-06-07,30,2849.27,Delayed,Industrial
24,163,Warehouse_E,2026-05-16,2026-05-27,60,9310.65,Cancelled,Automotive
25,467,Warehouse_D,2026-05-07,2026-05-08,81,895.13,In Transit,Industrial
26,141,Warehouse_C,2026-05-26,2026-06-14,17,3487.46,Delivered,Electronics
27,482,Warehouse_E,2026-05-30,2026-06-04,23,5680.88,Cancelled,Electronics
28,361,Warehouse_D,2026-05-22,2026-05-31,43,6528.21,Cancelled,Pharma
29,110,Warehouse_B,2026-06-02,2026-06-06,67,6427.33,Delivered,Pharma
30,391,Warehouse_B,2026-06-01,2026-06-19,21,2790.31,Cancelled,Pharma
31,341,Warehouse_B,2026-06-02,2026-06-14,86,6779.18,Delayed,FMCG
32,106,Warehouse_E,2026-05-09,2026-05-21,6,6980.01,In Transit,Automotive
33,159,Warehouse_C,2026-05-14,2026-05-19,97,2052.97,Cancelled,Pharma
34,422,Warehouse_A,2026-05-16,2026-05-27,43,8620.01,Delayed,Electronics
35,352,Warehouse_A,2026-05-29,2026-06-16,90,9775.72,Delivered,FMCG
36,456,Warehouse_C,2026-05-25,2026-06-10,78,5230.95,In Transit,Electronics
37,320,Warehouse_E,2026-05-24,2026-05-31,57,2007.35,In Transit,Industrial
38,162,Warehouse_E,2026-05-14,2026-05-15,46,6506.95,Delayed,Industrial
39,443,Warehouse_B,2026-05-17,2026-06-03,46,8282.56,Delayed,FMCG
40,394,Warehouse_D,2026-05-27,2026-06-10,55,9501.19,In Transit,Electronics
41,417,Warehouse_E,2026-05-21,2026-06-07,52,8658.65,Delayed,FMCG
42,99,Warehouse_C,2026-06-01,2026-06-19,86,8912.53,Delivered,Automotive
43,359,Warehouse_C,2026-05-25,2026-06-03,29,8512.44,Delayed,Industrial
44,227,Warehouse_D,2026-05-25,2026-05-31,83,3297.97,Cancelled,Electronics
45,159,Warehouse_D,2026-05-14,2026-05-19,43,2293.06,Delayed,FMCG
46,487,Warehouse_E,2026-05-11,2026-05-12,20,9793.09,Delayed,Industrial
47,157,Warehouse_D,2026-05-19,2026-06-03,49,138.58,Delivered,FMCG
48,145,Warehouse_B,2026-05-31,2026-06-15,55,192.14,In Transit,Industrial
49,489,Warehouse_D,2026-05-22,2026-05-26,80,460.91,Delivered,FMCG
50,437,Warehouse_A,2026-05-25,2026-05-26,54,640.38,Delivered,Industrial
51,362,Warehouse_C,2026-05-14,2026-05-20,18,9676.6,Cancelled,Industrial
52,49,Warehouse_A,2026-05-28,2026-06-11,17,5685.77,Cancelled,Industrial
53,70,Warehouse_D,2026-05-26,2026-06-14,87,7925.62,Delayed,Electronics
54,10,Warehouse_A,2026-05-10,2026-05-23,94,4513.05,Cancelled,FMCG
55,242,Warehouse_E,2026-06-01,2026-06-20,67,8043.93,Delivered,Pharma
56,27,Warehouse_E,2026-05-24,2026-05-27,40,4682.69,Cancelled,FMCG
57,184,Warehouse_D,2026-05-17,2026-05-31,49,6693.57,In Transit,Automotive
58,32,Warehouse_D,2026-05-22,2026-05-28,93,2074.38,Delayed,Automotive
59,471,Warehouse_E,2026-06-01,2026-06-05,28,6965.46,Delivered,Industrial
60,123,Warehouse_B,2026-05-23,2026-06-04,35,4882.41,In Transit,Automotive
61,315,Warehouse_C,2026-06-01,2026-06-16,80,7088.44,In Transit,FMCG
62,395,Warehouse_A,2026-05-27,2026-06-11,71,7118.46,In Transit,Automotive
63,112,Warehouse_E,2026-05-31,2026-06-14,87,8879.18,Delivered,Electronics
64,382,Warehouse_D,2026-05-31,2026-06-11,34,2962.56,In Transit,Automotive
65,98,Warehouse_E,2026-05-29,2026-06-13,10,9183.47,In Transit,Industrial
66,336,Warehouse_B,2026-05-28,2026-06-04,81,4890.39,Delayed,Automotive
67,359,Warehouse_C,2026-05-13,2026-05-14,14,932.59,In Transit,Automotive
68,104,Warehouse_A,2026-05-21,2026-05-26,52,9130.58,Delivered,Electronics
69,303,Warehouse_C,2026-05-20,2026-05-24,78,1517.23,In Transit,Automotive
70,475,Warehouse_B,2026-05-17,2026-05-30,49,3135.69,In Transit,Pharma
71,413,Warehouse_B,2026-05-24,2026-06-13,78,8704.06,Cancelled,Industrial
72,5,Warehouse_A,2026-05-15,2026-05-29,72,1636.15,Delivered,Electronics
73,305,Warehouse_D,2026-05-30,2026-05-31,55,8921.6,Cancelled,Electronics
74,463,Warehouse_E,2026-05-09,2026-05-29,49,2998.58,Delayed,FMCG
75,115,Warehouse_C,2026-05-28,2026-06-07,15,3215.24,Cancelled,Automotive
76,114,Warehouse_A,2026-05-13,2026-05-20,38,7886.4,Delayed,Electronics
77,358,Warehouse_D,2026-05-19,2026-05-26,22,8938.68,Cancelled,Automotive
78,101,Warehouse_E,2026-05-24,2026-06-01,39,8240.44,Delayed,Automotive
79,60,Warehouse_D,2026-05-06,2026-05-18,83,3077.52,Delayed,Automotive
80,263,Warehouse_B,2026-05-21,2026-06-04,46,8090.93,Delivered,FMCG
81,255,Warehouse_D,2026-05-12,2026-05-28,97,6294.59,In Transit,Automotive
82,71,Warehouse_D,2026-05-15,2026-05-18,17,8593.45,Cancelled,Industrial
83,52,Warehouse_C,2026-05-11,2026-05-27,84,8026.26,Delivered,Electronics
84,485,Warehouse_A,2026-05-13,2026-05-18,38,8521.29,Cancelled,Electronics
85,83,Warehouse_C,2026-05-30,2026-06-15,15,2769.43,Cancelled,Electronics
86,155,Warehouse_B,2026-05-22,2026-05-27,48,5614.78,Delayed,Automotive
87,60,Warehouse_D,2026-05-24,2026-06-07,95,6973.35,Cancelled,Electronics
88,42,Warehouse_C,2026-05-24,2026-05-31,5,8492.1,Cancelled,Industrial
89,178,Warehouse_A,2026-05-13,2026-05-24,35,4990.77,In Transit,Electronics
90,131,Warehouse_C,2026-05-17,2026-06-03,49,1204.74,In Transit,FMCG
91,404,Warehouse_C,2026-05-23,2026-06-03,25,7440.38,Delivered,Automotive
92,415,Warehouse_E,2026-06-03,2026-06-23,1,5416.59,In Transit,Industrial
93,367,Warehouse_D,2026-05-09,2026-05-22,89,1438.73,In Transit,Industrial
94,451,Warehouse_C,2026-06-02,2026-06-10,73,8959.7,Cancelled,Automotive
95,67,Warehouse_D,2026-05-14,2026-05-16,64,4871.62,Delivered,Pharma
96,202,Warehouse_E,2026-05-06,2026-05-11,66,1984.9,Delivered,FMCG
97,483,Warehouse_C,2026-05-24,2026-06-12,32,7160.26,Delayed,Electronics
98,138,Warehouse_E,2026-05-30,2026-06-06,32,5552.31,Cancelled,Pharma
99,267,Warehouse_B,2026-05-29,2026-06-15,93,9211.37,In Transit,Automotive
100,102,Warehouse_B,2026-05-07,2026-05-08,76,3983.93,Cancelled,Electronics
101,35,Warehouse_C,2026-06-04,2026-06-13,77,645.25,Delivered,FMCG
102,392,Warehouse_A,2026-05-10,2026-05-22,12,8777.94,Cancelled,Pharma
103,281,Warehouse_C,2026-05-29,2026-06-13,90,5025.78,In Transit,Pharma
104,155,Warehouse_C,2026-05-18,2026-06-01,11,6433.32,In Transit,FMCG
105,398,Warehouse_D,2026-05-12,2026-05-15,96,138.59,Delivered,Automotive
106,89,Warehouse_C,2026-05-10,2026-05-28,65,5921.41,Delivered,Pharma
107,498,Warehouse_B,2026-05-29,2026-06-14,75,4710.59,Delayed,FMCG
108,343,Warehouse_D,2026-05-24,2026-06-10,28,3678.74,Delivered,FMCG
109,90,Warehouse_C,2026-05-25,2026-06-12,54,8041.85,In Transit,Pharma
110,372,Warehouse_A,2026-05-19,2026-06-07,26,8235.12,Delivered,Electronics
111,75,Warehouse_C,2026-06-02,2026-06-10,38,4064.96,In Transit,Automotive
112,277,Warehouse_C,2026-05-08,2026-05-28,6,7304.22,Delivered,Pharma
113,363,Warehouse_D,2026-06-02,2026-06-08,75,5091.88,Cancelled,Automotive
114,314,Warehouse_E,2026-05-11,2026-05-12,41,6374.94,Delivered,FMCG
115,257,Warehouse_A,2026-05-18,2026-05-21,91,7463.0,In Transit,Electronics
116,14,Warehouse_B,2026-05-14,2026-05-17,11,5190.91,Delivered,Automotive
117,53,Warehouse_D,2026-05-06,2026-05-23,59,4285.52,In Transit,Electronics
118,282,Warehouse_B,2026-05-24,2026-06-01,20,501.3,Delivered,Electronics
119,125,Warehouse_D,2026-05-10,2026-05-12,30,9512.87,In Transit,Industrial
120,414,Warehouse_A,2026-05-22,2026-06-05,22,2163.24,Cancelled,FMCG
121,343,Warehouse_C,2026-05-26,2026-06-05,23,6453.77,In Transit,Pharma
122,289,Warehouse_D,2026-05-29,2026-06-18,67,2056.06,In Transit,Automotive
123,478,Warehouse_C,2026-05-14,2026-05-17,77,3255.64,Delayed,Electronics
124,370,Warehouse_B,2026-05-22,2026-06-09,83,6849.11,Cancelled,Industrial
125,162,Warehouse_D,2026-05-08,2026-05-11,99,8254.1,Delayed,Electronics
126,416,Warehouse_C,2026-05-23,2026-06-03,54,8025.84,Cancelled,Pharma
127,61,Warehouse_D,2026-05-06,2026-05-17,97,3189.2,In Transit,Industrial
128,277,Warehouse_B,2026-05-15,2026-05-21,61,8969.29,Delivered,Pharma
129,117,Warehouse_A,2026-05-23,2026-05-27,56,3967.1,In Transit,Pharma
130,223,Warehouse_D,2026-06-01,2026-06-13,46,8468.44,Delayed,FMCG
131,20,Warehouse_E,2026-05-15,2026-06-04,83,2840.97,Delayed,Electronics
132,63,Warehouse_A,2026-05-27,2026-06-02,7,310.01,Cancelled,Industrial
133,380,Warehouse_A,2026-06-01,2026-06-10,36,4904.84,Cancelled,Industrial
134,394,Warehouse_A,2026-05-31,2026-06-16,3,7141.0,Delivered,Electronics
135,404,Warehouse_B,2026-05-19,2026-05-29,32,9183.19,Cancelled,FMCG
136,218,Warehouse_E,2026-05-26,2026-06-14,62,6776.66,Delayed,Industrial
137,395,Warehouse_C,2026-05-15,2026-05-28,33,243.04,Delayed,FMCG
138,494,Warehouse_A,2026-05-19,2026-06-01,48,5616.66,Delivered,Electronics
139,334,Warehouse_C,2026-05-28,2026-06-06,80,9329.8,Delayed,Pharma
140,294,Warehouse_D,2026-05-31,2026-06-05,82,820.09,Delayed,Automotive
141,262,Warehouse_E,2026-05-17,2026-06-05,2,3690.21,Cancelled,Industrial
142,207,Warehouse_D,2026-05-22,2026-05-31,91,4196.1,Cancelled,Pharma
143,164,Warehouse_E,2026-05-22,2026-06-09,66,543.29,In Transit,Automotive
144,282,Warehouse_B,2026-05-11,2026-05-13,99,1904.09,Delivered,FMCG
145,466,Warehouse_C,2026-05-13,2026-05-28,33,1371.07,Cancelled,Automotive
146,193,Warehouse_E,2026-05-08,2026-05-22,57,1865.59,In Transit,Pharma
147,383,Warehouse_B,2026-05-22,2026-06-05,88,8638.15,In Transit,Automotive
148,308,Warehouse_D,2026-05-27,2026-06-14,17,4291.1,Delayed,FMCG
149,1,Warehouse_B,2026-05-17,2026-05-21,88,8677.63,Delivered,Industrial
150,168,Warehouse_D,2026-05-15,2026-05-26,19,3802.22,Delivered,Automotive
151,315,Warehouse_B,2026-05-07,2026-05-10,72,9606.43,Delivered,Automotive
152,467,Warehouse_C,2026-06-03,2026-06-05,85,7324.95,Cancelled,Automotive
153,1,Warehouse_B,2026-06-03,2026-06-10,17,749.7,Delivered,FMCG
154,460,Warehouse_E,2026-05-11,2026-05-21,81,4563.68,Delivered,Electronics
155,83,Warehouse_A,2026-05-06,2026-05-10,65,8100.52,In Transit,FMCG
156,309,Warehouse_C,2026-05-21,2026-06-02,12,2291.14,Delayed,Electronics
157,280,Warehouse_A,2026-05-20,2026-06-07,61,9227.76,Delayed,Automotive
158,233,Warehouse_B,2026-05-09,2026-05-20,53,1405.65,In Transit,FMCG
159,405,Warehouse_C,2026-05-09,2026-05-28,14,9336.89,Cancelled,Electronics
160,105,Warehouse_C,2026-06-03,2026-06-10,40,3037.33,Cancelled,Industrial
161,377,Warehouse_D,2026-05-07,2026-05-21,29,2368.57,Cancelled,Automotive
162,309,Warehouse_E,2026-05-09,2026-05-14,36,522.75,Delivered,Pharma
163,169,Warehouse_B,2026-06-02,2026-06-08,13,7030.75,Cancelled,Pharma
164,136,Warehouse_B,2026-06-01,2026-06-16,5,9523.84,Delayed,Automotive
165,131,Warehouse_C,2026-05-23,2026-05-29,61,4258.73,Cancelled,Industrial
166,129,Warehouse_D,2026-05-28,2026-06-17,2,4322.73,Delayed,Electronics
167,225,Warehouse_B,2026-05-31,2026-06-14,20,4699.36,In Transit,FMCG
168,50,Warehouse_B,2026-05-26,2026-06-06,97,6814.13,Cancelled,Pharma
169,499,Warehouse_B,2026-05-27,2026-06-01,22,9132.42,Delivered,FMCG
170,146,Warehouse_A,2026-05-07,2026-05-22,19,5436.52,Delayed,Industrial
171,432,Warehouse_A,2026-05-14,2026-05-20,67,1616.07,Delivered,Electronics
172,100,Warehouse_E,2026-05-26,2026-05-30,62,2309.99,Delayed,Electronics
173,241,Warehouse_A,2026-06-01,2026-06-20,85,5917.82,Cancelled,FMCG
174,327,Warehouse_C,2026-05-23,2026-05-25,49,9531.44,In Transit,Electronics
175,228,Warehouse_B,2026-05-07,2026-05-23,69,4832.33,Cancelled,FMCG
176,288,Warehouse_B,2026-06-02,2026-06-03,61,4442.37,Cancelled,FMCG
177,270,Warehouse_E,2026-06-04,2026-06-07,76,3964.74,Cancelled,Automotive
178,137,Warehouse_A,2026-06-02,2026-06-09,98,8504.23,Cancelled,FMCG
179,87,Warehouse_A,2026-05-18,2026-05-28,98,6456.71,In Transit,Electronics
180,290,Warehouse_A,2026-05-19,2026-05-22,91,380.9,Delivered,Electronics
181,32,Warehouse_E,2026-05-29,2026-06-18,79,747.03,In Transit,Electronics
182,269,Warehouse_A,2026-05-17,2026-05-24,14,9111.52,Cancelled,Electronics
183,168,Warehouse_C,2026-05-19,2026-06-04,53,6557.2,Delivered,Pharma
184,219,Warehouse_E,2026-05-08,2026-05-13,39,8401.78,In Transit,Pharma
185,321,Warehouse_B,2026-05-14,2026-05-24,92,7936.16,Delivered,FMCG
186,407,Warehouse_B,2026-06-01,2026-06-11,42,8676.94,Delivered,Automotive
187,248,Warehouse_C,2026-06-02,2026-06-04,71,1872.62,Cancelled,Industrial
188,294,Warehouse_E,2026-05-22,2026-06-10,51,2568.3,Cancelled,Automotive
189,26,Warehouse_B,2026-05-09,2026-05-12,41,865.06,Delayed,Electronics
190,399,Warehouse_C,2026-05-06,2026-05-17,95,7425.72,Delivered,Automotive
191,224,Warehouse_B,2026-05-31,2026-06-10,82,3451.81,Cancelled,Automotive
192,422,Warehouse_A,2026-05-06,2026-05-17,9,1789.32,Cancelled,FMCG
193,227,Warehouse_A,2026-05-30,2026-06-03,52,7052.26,In Transit,Automotive
194,277,Warehouse_B,2026-05-30,2026-06-03,66,9585.59,Cancelled,Automotive
195,80,Warehouse_E,2026-05-07,2026-05-09,76,8841.93,Cancelled,Electronics
196,11,Warehouse_C,2026-05-22,2026-05-27,76,8520.16,Cancelled,Automotive
197,245,Warehouse_C,2026-05-29,2026-06-18,81,8824.16,Cancelled,Pharma
198,437,Warehouse_C,2026-05-21,2026-05-27,41,6163.21,Cancelled,FMCG
199,207,Warehouse_E,2026-05-07,2026-05-18,29,8862.92,Cancelled,Pharma
200,265,Warehouse_A,2026-06-04,2026-06-11,52,8629.0,In Transit,Electronics
201,398,Warehouse_E,2026-05-19,2026-05-20,74,244.28,Delayed,FMCG
202,349,Warehouse_A,2026-05-10,2026-05-18,98,7564.39,Delayed,FMCG
203,30,Warehouse_A,2026-05-21,2026-06-08,20,2804.22,Cancelled,Automotive
204,181,Warehouse_C,2026-05-16,2026-05-23,51,9357.64,Cancelled,Pharma
205,253,Warehouse_E,2026-05-07,2026-05-19,27,1438.18,Delayed,Industrial
206,21,Warehouse_A,2026-05-15,2026-05-27,16,9967.82,Delivered,Pharma
207,292,Warehouse_C,2026-05-08,2026-05-25,16,9974.35,Cancelled,Electronics
208,154,Warehouse_A,2026-05-30,2026-06-12,3,5420.79,Cancelled,Automotive
209,465,Warehouse_B,2026-05-15,2026-06-01,87,5695.89,In Transit,Electronics
210,231,Warehouse_E,2026-05-27,2026-05-29,33,7395.43,Delivered,FMCG
211,372,Warehouse_D,2026-05-28,2026-06-10,69,9404.03,Delivered,Industrial
212,217,Warehouse_A,2026-05-08,2026-05-22,89,5642.32,In Transit,Automotive
213,283,Warehouse_E,2026-05-19,2026-06-07,25,5768.91,Delayed,FMCG
214,1,Warehouse_D,2026-06-04,2026-06-16,97,7922.27,In Transit,Automotive
215,247,Warehouse_A,2026-05-18,2026-05-22,27,8950.24,Delayed,Pharma
216,404,Warehouse_A,2026-05-06,2026-05-24,83,4136.22,Cancelled,Industrial
217,210,Warehouse_A,2026-05-21,2026-05-25,15,5583.08,Delivered,Automotive
218,2,Warehouse_C,2026-05-09,2026-05-23,10,3813.18,In Transit,Automotive
219,34,Warehouse_B,2026-05-28,2026-06-14,98,1675.74,In Transit,Electronics
220,79,Warehouse_D,2026-06-01,2026-06-16,33,8733.09,Delayed,Automotive
221,412,Warehouse_B,2026-05-06,2026-05-18,97,3449.27,Delayed,Pharma
222,339,Warehouse_A,2026-05-30,2026-06-06,73,7821.46,In Transit,Pharma
223,34,Warehouse_D,2026-05-10,2026-05-19,66,4669.53,Delivered,Industrial
224,478,Warehouse_A,2026-05-09,2026-05-23,58,2128.21,Cancelled,Pharma
225,355,Warehouse_C,2026-05-11,2026-05-16,28,5803.03,Delivered,Automotive
226,406,Warehouse_C,2026-05-14,2026-05-27,33,8192.06,Delivered,FMCG
227,90,Warehouse_C,2026-05-21,2026-05-28,70,682.03,Delayed,Industrial
228,156,Warehouse_D,2026-05-16,2026-06-05,29,7432.6,In Transit,FMCG
229,355,Warehouse_B,2026-05-14,2026-05-22,48,7128.4,Cancelled,Electronics
230,137,Warehouse_A,2026-05-09,2026-05-17,79,9737.66,In Transit,Pharma
231,145,Warehouse_A,2026-05-28,2026-06-05,46,3906.87,Delayed,FMCG
232,258,Warehouse_E,2026-05-18,2026-05-23,10,5289.7,Delayed,Automotive
233,302,Warehouse_E,2026-06-04,2026-06-24,33,9819.89,Delivered,Pharma
234,395,Warehouse_B,2026-05-09,2026-05-24,63,9258.72,Cancelled,Electronics
235,394,Warehouse_E,2026-05-07,2026-05-18,78,9324.61,In Transit,Industrial
236,54,Warehouse_A,2026-06-04,2026-06-05,21,4183.27,Delivered,Electronics
237,21,Warehouse_A,2026-05-23,2026-06-04,28,6421.42,Delivered,Electronics
238,66,Warehouse_C,2026-05-07,2026-05-21,14,2898.97,In Transit,Electronics
239,338,Warehouse_D,2026-05-15,2026-05-25,1,8450.51,Cancelled,Electronics
240,389,Warehouse_C,2026-06-04,2026-06-22,35,4020.69,Delayed,Automotive
241,153,Warehouse_B,2026-06-03,2026-06-18,100,2640.17,Cancelled,Electronics
242,195,Warehouse_D,2026-06-03,2026-06-19,79,3797.26,Delivered,Electronics
243,272,Warehouse_E,2026-05-11,2026-05-15,99,2957.84,In Transit,FMCG
244,397,Warehouse_E,2026-05-23,2026-06-03,20,2545.31,Delivered,Automotive
245,424,Warehouse_C,2026-05-12,2026-05-26,48,3939.45,Delayed,Electronics
246,170,Warehouse_B,2026-05-25,2026-06-06,37,2972.28,Cancelled,Industrial
247,147,Warehouse_E,2026-05-29,2026-06-04,32,6461.87,Cancelled,Automotive
248,410,Warehouse_B,2026-05-27,2026-06-13,90,7165.78,Cancelled,Automotive
249,249,Warehouse_E,2026-06-04,2026-06-16,29,166.64,In Transit,Automotive
250,403,Warehouse_D,2026-05-31,2026-06-20,48,6722.29,Delivered,Pharma
251,486,Warehouse_D,2026-06-03,2026-06-09,73,6403.07,Cancelled,Pharma
252,488,Warehouse_D,2026-05-30,2026-06-04,27,389.88,Delayed,Automotive
253,486,Warehouse_C,2026-05-28,2026-06-11,37,6769.2,Cancelled,Electronics
254,214,Warehouse_B,2026-05-21,2026-06-07,47,5521.55,Delayed,Automotive
255,8,Warehouse_B,2026-06-03,2026-06-18,71,2748.71,In Transit,Electronics
256,89,Warehouse_B,2026-05-30,2026-06-17,2,3478.6,Cancelled,Automotive
257,496,Warehouse_A,2026-06-04,2026-06-07,78,3632.53,Delivered,FMCG
258,418,Warehouse_C,2026-06-04,2026-06-06,72,5783.85,In Transit,FMCG
259,221,Warehouse_C,2026-05-21,2026-05-22,17,311.03,Delayed,Electronics
260,409,Warehouse_E,2026-05-20,2026-06-01,49,5138.85,Cancelled,Pharma
261,263,Warehouse_D,2026-05-25,2026-05-30,50,4946.45,In Transit,Electronics
262,481,Warehouse_D,2026-05-14,2026-05-19,37,356.33,Delayed,Electronics
263,325,Warehouse_E,2026-05-30,2026-06-12,28,6455.26,Cancelled,Electronics
264,428,Warehouse_C,2026-05-19,2026-06-07,44,5458.09,Delayed,Electronics
265,313,Warehouse_B,2026-05-16,2026-05-24,57,1845.31,Delayed,Pharma
266,484,Warehouse_C,2026-05-16,2026-05-20,58,9594.8,Cancelled,FMCG
267,76,Warehouse_E,2026-05-25,2026-05-26,80,6411.27,Cancelled,Automotive
268,400,Warehouse_B,2026-06-04,2026-06-14,72,8907.99,In Transit,Electronics
269,305,Warehouse_A,2026-05-22,2026-06-05,60,3853.7,Delivered,Pharma
270,273,Warehouse_C,2026-06-02,2026-06-03,73,434.52,Cancelled,Industrial
271,447,Warehouse_D,2026-05-12,2026-05-20,12,3442.41,Delivered,Pharma
272,214,Warehouse_B,2026-05-23,2026-06-05,84,3557.28,Cancelled,Electronics
273,490,Warehouse_C,2026-05-14,2026-05-24,92,9942.87,Delivered,Automotive
274,29,Warehouse_B,2026-05-31,2026-06-04,90,8210.52,In Transit,Pharma
275,18,Warehouse_D,2026-05-27,2026-06-08,14,8185.99,Cancelled,FMCG
276,56,Warehouse_E,2026-05-10,2026-05-19,90,6412.5,Delayed,Industrial
277,310,Warehouse_C,2026-06-03,2026-06-07,70,3516.21,In Transit,Automotive
278,449,Warehouse_D,2026-05-12,2026-05-18,85,9588.59,Delayed,Automotive
279,32,Warehouse_C,2026-05-26,2026-06-09,91,1339.06,Cancelled,Pharma
280,293,Warehouse_A,2026-05-14,2026-06-01,32,446.58,In Transit,Industrial
281,55,Warehouse_E,2026-06-04,2026-06-20,8,4228.58,Cancelled,Pharma
282,337,Warehouse_A,2026-05-10,2026-05-26,5,5510.46,In Transit,Automotive
283,83,Warehouse_A,2026-06-02,2026-06-09,67,359.67,In Transit,Electronics
284,101,Warehouse_A,2026-05-11,2026-05-31,25,5356.78,In Transit,FMCG
285,291,Warehouse_B,2026-05-27,2026-06-12,56,9467.02,Cancelled,Electronics
286,247,Warehouse_B,2026-05-17,2026-05-25,63,8226.63,Cancelled,Pharma
287,171,Warehouse_D,2026-05-28,2026-06-16,24,8451.62,In Transit,Electronics
288,271,Warehouse_D,2026-05-20,2026-06-08,100,5361.12,Cancelled,Automotive
289,115,Warehouse_D,2026-05-07,2026-05-13,91,8840.73,Delivered,Pharma
290,306,Warehouse_C,2026-05-12,2026-05-26,85,4434.4,Delayed,Pharma
291,54,Warehouse_E,2026-05-22,2026-06-07,29,2627.88,In Transit,Pharma
292,413,Warehouse_B,2026-05-30,2026-06-19,97,9241.25,In Transit,Automotive
293,234,Warehouse_B,2026-05-26,2026-06-09,31,7021.23,Delayed,FMCG
294,239,Warehouse_A,2026-05-29,2026-06-03,20,5302.15,Delayed,Automotive
295,355,Warehouse_C,2026-05-09,2026-05-26,71,7232.47,Delayed,Electronics
296,456,Warehouse_B,2026-05-25,2026-05-31,43,2330.91,Delayed,FMCG
297,388,Warehouse_D,2026-05-18,2026-05-29,18,5565.53,Cancelled,FMCG
298,300,Warehouse_B,2026-05-08,2026-05-23,70,2716.22,Cancelled,Pharma
299,353,Warehouse_C,2026-05-08,2026-05-28,9,8385.59,In Transit,Pharma
300,402,Warehouse_D,2026-05-10,2026-05-21,30,6116.92,Delayed,FMCG
301,443,Warehouse_D,2026-05-10,2026-05-23,30,1348.26,In Transit,FMCG
302,150,Warehouse_B,2026-05-19,2026-05-20,75,3817.59,Delivered,FMCG
303,112,Warehouse_C,2026-05-19,2026-05-20,61,6764.06,Delivered,Electronics
304,95,Warehouse_B,2026-05-24,2026-05-26,40,2604.08,Delivered,Automotive
305,18,Warehouse_B,2026-05-31,2026-06-05,18,8718.46,Delivered,Electronics
306,454,Warehouse_C,2026-06-02,2026-06-04,17,173.37,Cancelled,Automotive
307,422,Warehouse_D,2026-05-25,2026-06-11,58,3576.05,Cancelled,Automotive
308,294,Warehouse_D,2026-06-02,2026-06-09,84,8420.72,Cancelled,Pharma
309,47,Warehouse_B,2026-06-03,2026-06-12,50,1912.97,Delayed,Electronics
310,162,Warehouse_D,2026-05-11,2026-05-20,26,9865.65,Delivered,Industrial
311,465,Warehouse_D,2026-05-30,2026-06-11,26,9194.45,Delivered,Automotive
312,312,Warehouse_E,2026-05-06,2026-05-09,31,9497.77,Delivered,Electronics
313,166,Warehouse_E,2026-05-19,2026-06-01,33,5762.51,In Transit,Electronics
314,224,Warehouse_A,2026-05-28,2026-06-15,98,592.64,Cancelled,Automotive
315,233,Warehouse_C,2026-05-22,2026-05-26,44,9481.64,Cancelled,Industrial
316,322,Warehouse_D,2026-05-24,2026-06-06,54,6314.95,In Transit,Electronics
317,33,Warehouse_C,2026-05-18,2026-05-30,58,5393.25,In Transit,Electronics
318,1,Warehouse_D,2026-05-26,2026-06-07,29,5396.65,Cancelled,Electronics
319,185,Warehouse_C,2026-05-17,2026-05-18,33,2269.13,Delivered,FMCG
320,114,Warehouse_E,2026-05-18,2026-05-29,2,9589.05,Delayed,Industrial
321,435,Warehouse_C,2026-05-27,2026-06-11,29,8101.71,Cancelled,Electronics
322,309,Warehouse_A,2026-05-19,2026-06-06,56,4034.14,In Transit,FMCG
323,110,Warehouse_E,2026-05-13,2026-05-19,76,8412.56,Cancelled,FMCG
324,157,Warehouse_A,2026-05-10,2026-05-23,36,8456.76,Cancelled,Pharma
325,385,Warehouse_B,2026-05-30,2026-06-09,31,4775.61,Delayed,Pharma
326,143,Warehouse_A,2026-05-30,2026-06-19,28,8668.96,Delayed,Industrial
327,445,Warehouse_C,2026-06-04,2026-06-18,43,4295.94,Delivered,Electronics
328,83,Warehouse_E,2026-05-20,2026-06-08,69,9743.12,Delivered,FMCG
329,429,Warehouse_A,2026-05-14,2026-05-15,53,398.7,In Transit,FMCG
330,159,Warehouse_D,2026-05-06,2026-05-16,31,5900.36,Delivered,Electronics
331,263,Warehouse_E,2026-05-27,2026-06-16,64,4339.34,Delivered,Industrial
332,342,Warehouse_D,2026-05-10,2026-05-20,33,3258.0,In Transit,Electronics
333,110,Warehouse_A,2026-05-18,2026-05-22,19,9896.18,Delivered,FMCG
334,318,Warehouse_E,2026-05-19,2026-06-01,13,6833.03,In Transit,Pharma
335,123,Warehouse_D,2026-05-21,2026-05-24,84,3913.67,Delayed,Electronics
336,240,Warehouse_C,2026-06-03,2026-06-20,12,3702.0,Delayed,Electronics
337,89,Warehouse_D,2026-05-25,2026-05-30,17,9395.38,Delivered,FMCG
338,320,Warehouse_B,2026-05-28,2026-06-02,38,9095.55,Delayed,Electronics
339,1,Warehouse_C,2026-05-20,2026-05-26,100,2957.69,Delayed,FMCG
340,225,Warehouse_C,2026-05-13,2026-05-17,76,9600.31,Delivered,Automotive
341,195,Warehouse_E,2026-05-24,2026-06-07,87,3175.75,In Transit,Automotive
342,104,Warehouse_A,2026-05-22,2026-06-04,97,7048.03,Delayed,FMCG
343,363,Warehouse_B,2026-05-22,2026-05-24,25,8603.65,In Transit,Industrial
344,400,Warehouse_B,2026-05-09,2026-05-18,9,8139.35,Delivered,Electronics
345,91,Warehouse_C,2026-05-24,2026-06-11,18,9208.01,Cancelled,FMCG
346,292,Warehouse_A,2026-05-08,2026-05-22,78,7588.43,In Transit,Electronics
347,180,Warehouse_C,2026-05-13,2026-05-28,50,4562.16,Delayed,Pharma
348,47,Warehouse_B,2026-05-08,2026-05-18,53,4317.23,In Transit,Industrial
349,98,Warehouse_A,2026-05-14,2026-05-23,69,3192.9,Delivered,Automotive
350,282,Warehouse_B,2026-05-31,2026-06-12,11,7366.86,Cancelled,Electronics
351,308,Warehouse_A,2026-05-16,2026-05-22,28,6112.85,Cancelled,Electronics
352,164,Warehouse_B,2026-05-12,2026-05-22,79,6567.97,In Transit,Electronics
353,379,Warehouse_E,2026-05-31,2026-06-17,63,8025.59,Delayed,Electronics
354,286,Warehouse_C,2026-05-30,2026-06-07,74,8414.64,Delivered,Industrial
355,282,Warehouse_B,2026-05-30,2026-06-16,9,2680.12,Cancelled,Electronics
356,266,Warehouse_B,2026-05-09,2026-05-26,93,9283.2,Delivered,FMCG
357,299,Warehouse_B,2026-05-22,2026-06-07,24,8968.68,Cancelled,Pharma
358,217,Warehouse_C,2026-06-03,2026-06-20,43,6873.29,In Transit,Pharma
359,386,Warehouse_D,2026-06-02,2026-06-15,63,7237.23,Delivered,Industrial
360,249,Warehouse_E,2026-05-07,2026-05-24,86,9246.11,In Transit,Electronics
361,373,Warehouse_D,2026-05-13,2026-05-18,19,7676.69,Delivered,FMCG
362,321,Warehouse_B,2026-05-25,2026-06-05,11,6608.57,Cancelled,Industrial
363,213,Warehouse_A,2026-05-12,2026-05-22,45,4267.32,Delivered,Automotive
364,225,Warehouse_D,2026-05-25,2026-06-08,96,2698.26,Delivered,FMCG
365,101,Warehouse_D,2026-06-04,2026-06-06,56,8183.91,Delayed,Pharma
366,97,Warehouse_C,2026-05-28,2026-06-15,16,3925.46,Cancelled,Industrial
367,204,Warehouse_A,2026-05-06,2026-05-11,48,6537.71,Delivered,Industrial
368,461,Warehouse_E,2026-05-22,2026-06-03,6,6714.33,Delayed,Industrial
369,469,Warehouse_A,2026-05-15,2026-05-21,81,3650.25,In Transit,Industrial
370,54,Warehouse_E,2026-05-21,2026-05-27,51,2878.48,Delivered,Industrial
371,70,Warehouse_C,2026-05-25,2026-05-29,91,3201.12,Delayed,FMCG
372,7,Warehouse_B,2026-05-23,2026-06-07,38,2030.8,Delayed,Pharma
373,242,Warehouse_A,2026-06-04,2026-06-18,74,8866.43,Delayed,Pharma
374,256,Warehouse_E,2026-05-08,2026-05-09,21,3786.52,Delayed,Pharma
375,456,Warehouse_B,2026-05-23,2026-06-11,59,7515.7,In Transit,Electronics
376,43,Warehouse_E,2026-05-11,2026-05-13,45,2377.72,Delivered,Pharma
377,121,Warehouse_D,2026-06-03,2026-06-20,95,744.43,Delayed,Electronics
378,314,Warehouse_B,2026-05-11,2026-05-27,76,5594.21,Delivered,Automotive
379,49,Warehouse_C,2026-05-30,2026-06-19,77,1990.39,Cancelled,Electronics
380,309,Warehouse_D,2026-05-09,2026-05-28,33,1233.07,Delayed,Industrial
381,485,Warehouse_B,2026-05-21,2026-05-29,80,2130.61,Delayed,Industrial
382,351,Warehouse_D,2026-05-12,2026-05-25,74,1993.67,Delayed,Industrial
383,263,Warehouse_B,2026-05-29,2026-06-18,81,7023.05,Delivered,Pharma
384,55,Warehouse_D,2026-05-24,2026-05-30,76,2580.53,In Transit,FMCG
385,21,Warehouse_A,2026-05-20,2026-06-06,13,1801.61,Cancelled,Automotive
386,236,Warehouse_D,2026-05-07,2026-05-26,70,8091.86,Cancelled,Automotive
387,296,Warehouse_C,2026-05-28,2026-06-07,60,154.09,Delayed,Automotive
388,368,Warehouse_A,2026-05-26,2026-06-11,64,7988.17,In Transit,Industrial
389,113,Warehouse_E,2026-05-27,2026-06-10,84,6821.74,Cancelled,Electronics
390,304,Warehouse_D,2026-06-03,2026-06-08,37,7654.9,Delivered,Electronics
391,370,Warehouse_A,2026-05-16,2026-06-02,94,3649.74,Delayed,Industrial
392,499,Warehouse_C,2026-05-19,2026-05-30,80,2766.25,Delivered,Automotive
393,6,Warehouse_A,2026-06-01,2026-06-18,14,121.91,Delayed,Automotive
394,474,Warehouse_B,2026-05-20,2026-06-01,43,1031.11,Delivered,FMCG
395,424,Warehouse_E,2026-05-12,2026-05-14,29,1427.65,Delivered,Industrial
396,233,Warehouse_C,2026-05-26,2026-06-02,22,4211.16,Delayed,Electronics
397,493,Warehouse_A,2026-05-23,2026-06-02,41,4559.45,Cancelled,Pharma
398,472,Warehouse_E,2026-05-21,2026-06-08,13,9354.88,Delayed,Industrial
399,414,Warehouse_C,2026-05-16,2026-05-29,74,5751.01,Cancelled,Pharma
400,169,Warehouse_A,2026-05-15,2026-05-24,10,8752.2,In Transit,Industrial
401,71,Warehouse_A,2026-05-29,2026-06-11,79,6651.73,Delivered,Electronics
402,29,Warehouse_A,2026-05-11,2026-05-16,8,7588.65,Cancelled,Industrial
403,68,Warehouse_B,2026-06-02,2026-06-05,73,271.93,Cancelled,Industrial
404,262,Warehouse_D,2026-05-17,2026-06-04,30,4908.82,Delivered,Automotive
405,48,Warehouse_A,2026-05-14,2026-05-23,21,6101.72,Delivered,Electronics
406,155,Warehouse_B,2026-05-14,2026-05-28,24,3874.31,In Transit,Industrial
407,94,Warehouse_A,2026-05-10,2026-05-13,88,6368.82,Cancelled,FMCG
408,307,Warehouse_A,2026-05-26,2026-06-05,100,7951.9,Delayed,FMCG
409,382,Warehouse_E,2026-06-02,2026-06-19,3,1101.18,Delayed,FMCG
410,221,Warehouse_D,2026-05-11,2026-05-24,4,2873.42,In Transit,Pharma
411,380,Warehouse_D,2026-05-09,2026-05-13,39,7946.71,In Transit,Pharma
412,96,Warehouse_E,2026-06-04,2026-06-16,43,7663.25,Delayed,Automotive
413,179,Warehouse_E,2026-05-28,2026-06-15,1,7137.33,Delayed,Industrial
414,289,Warehouse_C,2026-05-11,2026-05-25,33,6821.52,Delivered,Electronics
415,23,Warehouse_D,2026-05-24,2026-05-30,91,4212.52,Delivered,Electronics
416,260,Warehouse_D,2026-05-12,2026-05-27,83,4178.06,Delivered,Industrial
417,40,Warehouse_A,2026-05-13,2026-05-25,48,4100.07,Cancelled,Electronics
418,255,Warehouse_C,2026-05-18,2026-05-28,49,5153.1,Cancelled,Industrial
419,325,Warehouse_E,2026-06-02,2026-06-06,60,6966.41,Delivered,Pharma
420,252,Warehouse_E,2026-05-18,2026-05-23,18,5278.53,In Transit,FMCG
421,348,Warehouse_C,2026-05-11,2026-05-13,24,6817.62,In Transit,FMCG
422,4,Warehouse_B,2026-05-30,2026-06-02,60,784.34,Delayed,Pharma
423,246,Warehouse_A,2026-05-22,2026-06-02,83,2823.38,Delayed,Electronics
424,469,Warehouse_E,2026-05-07,2026-05-27,88,7444.58,Cancelled,FMCG
425,133,Warehouse_A,2026-05-20,2026-05-31,61,688.13,In Transit,Automotive
426,210,Warehouse_E,2026-05-23,2026-06-08,80,7061.59,Delayed,Automotive
427,223,Warehouse_B,2026-05-17,2026-05-26,71,4995.19,In Transit,FMCG
428,357,Warehouse_D,2026-05-28,2026-05-29,90,7928.65,Cancelled,FMCG
429,108,Warehouse_C,2026-05-11,2026-05-21,83,6096.28,In Transit,Electronics
430,138,Warehouse_D,2026-05-19,2026-05-22,25,8306.37,Delayed,Electronics
431,84,Warehouse_D,2026-05-17,2026-05-19,22,6077.53,Cancelled,Industrial
432,394,Warehouse_E,2026-05-08,2026-05-23,19,547.17,In Transit,Industrial
433,500,Warehouse_B,2026-05-10,2026-05-17,82,3905.74,Delivered,Electronics
434,55,Warehouse_D,2026-05-10,2026-05-25,75,7570.97,Delayed,Automotive
435,344,Warehouse_D,2026-05-31,2026-06-19,25,8831.77,Cancelled,Pharma
436,75,Warehouse_B,2026-05-18,2026-05-28,25,9633.01,Cancelled,Industrial
437,399,Warehouse_C,2026-05-29,2026-06-07,85,3898.04,In Transit,Electronics
438,445,Warehouse_D,2026-05-14,2026-06-02,57,9271.06,Cancelled,FMCG
439,404,Warehouse_A,2026-05-25,2026-06-02,64,2128.44,Delivered,FMCG
440,441,Warehouse_C,2026-06-02,2026-06-05,79,5429.55,In Transit,Industrial
441,226,Warehouse_B,2026-05-25,2026-06-05,91,3934.73,In Transit,Automotive
442,318,Warehouse_A,2026-06-04,2026-06-24,27,9693.73,In Transit,Pharma
443,51,Warehouse_D,2026-05-25,2026-05-31,94,5290.56,Delayed,Electronics
444,373,Warehouse_B,2026-05-06,2026-05-17,79,3441.7,In Transit,Pharma
445,255,Warehouse_C,2026-05-24,2026-06-10,61,841.9,In Transit,Pharma
446,39,Warehouse_C,2026-05-17,2026-06-02,9,5466.67,Cancelled,Electronics
447,191,Warehouse_D,2026-05-20,2026-05-23,97,2949.1,In Transit,Electronics
448,177,Warehouse_D,2026-05-21,2026-06-01,47,5835.97,Delivered,Industrial
449,263,Warehouse_D,2026-05-10,2026-05-28,54,7284.85,Delayed,Electronics
450,221,Warehouse_B,2026-06-02,2026-06-19,69,9477.34,In Transit,Automotive
451,52,Warehouse_B,2026-06-01,2026-06-15,70,5976.86,Delayed,Electronics
452,170,Warehouse_A,2026-06-04,2026-06-23,36,9075.08,In Transit,Automotive
453,113,Warehouse_C,2026-05-27,2026-06-07,34,757.52,Delivered,Industrial
454,104,Warehouse_D,2026-05-25,2026-06-09,91,7531.58,Delivered,Electronics
455,228,Warehouse_A,2026-05-17,2026-05-19,11,6526.48,Delayed,Pharma
456,2,Warehouse_A,2026-06-01,2026-06-20,16,7593.31,Delivered,Industrial
457,394,Warehouse_E,2026-05-12,2026-05-19,10,1957.4,Delivered,Electronics
458,62,Warehouse_C,2026-06-02,2026-06-06,77,4685.95,Cancelled,FMCG
459,313,Warehouse_C,2026-05-17,2026-05-31,27,6466.0,Cancelled,Industrial
460,169,Warehouse_E,2026-05-16,2026-05-23,7,6963.0,In Transit,Electronics
461,385,Warehouse_D,2026-05-20,2026-05-23,16,4474.09,Cancelled,Industrial
462,362,Warehouse_C,2026-05-28,2026-06-14,20,9822.22,Delivered,Electronics
463,307,Warehouse_E,2026-05-31,2026-06-04,46,1928.37,Delayed,Electronics
464,157,Warehouse_A,2026-05-11,2026-05-12,65,1402.88,Delayed,Electronics
465,422,Warehouse_B,2026-05-18,2026-05-28,3,6055.19,Delayed,Automotive
466,47,Warehouse_D,2026-05-10,2026-05-19,100,1254.27,Cancelled,Electronics
467,133,Warehouse_D,2026-05-20,2026-06-02,96,2641.05,In Transit,Pharma
468,352,Warehouse_C,2026-05-11,2026-05-19,83,9422.13,Delivered,Automotive
469,175,Warehouse_D,2026-06-01,2026-06-02,27,3773.84,Delayed,Pharma
470,205,Warehouse_B,2026-05-29,2026-06-18,21,3013.8,Delayed,Automotive
471,421,Warehouse_E,2026-05-18,2026-05-26,13,9563.25,In Transit,Industrial
472,460,Warehouse_A,2026-05-22,2026-05-28,93,2248.76,Delayed,Pharma
473,210,Warehouse_E,2026-05-08,2026-05-21,5,5968.31,Delivered,Automotive
474,14,Warehouse_B,2026-06-04,2026-06-09,71,3160.57,Delayed,Automotive
475,399,Warehouse_E,2026-05-27,2026-05-29,36,9804.55,Delivered,FMCG
476,277,Warehouse_B,2026-05-24,2026-06-03,73,453.23,Cancelled,Automotive
477,63,Warehouse_B,2026-05-30,2026-06-09,16,3610.85,In Transit,Automotive
478,152,Warehouse_A,2026-05-17,2026-05-22,68,6200.21,In Transit,Electronics
479,430,Warehouse_E,2026-05-14,2026-05-26,18,893.19,Delivered,Electronics
480,119,Warehouse_D,2026-05-28,2026-06-13,8,992.74,Delivered,Pharma
481,449,Warehouse_D,2026-05-12,2026-05-19,46,3928.4,Cancelled,Electronics
482,72,Warehouse_A,2026-05-09,2026-05-26,54,5249.31,Delivered,Industrial
483,374,Warehouse_D,2026-05-07,2026-05-12,56,5253.26,Delivered,Pharma
484,404,Warehouse_B,2026-05-29,2026-06-05,21,4235.41,Cancelled,Industrial
485,263,Warehouse_E,2026-05-22,2026-06-01,25,685.11,Delivered,Electronics
486,297,Warehouse_E,2026-05-21,2026-05-26,41,8960.16,Delayed,Pharma
487,493,Warehouse_E,2026-05-16,2026-05-29,7,6668.37,Delayed,Automotive
488,394,Warehouse_C,2026-05-29,2026-06-13,85,238.78,Cancelled,Pharma
489,288,Warehouse_D,2026-05-12,2026-05-30,49,8472.98,Delayed,Pharma
490,254,Warehouse_C,2026-05-17,2026-06-01,67,5454.36,Delivered,Automotive
491,398,Warehouse_D,2026-05-23,2026-06-02,20,5037.86,Delayed,Automotive
492,316,Warehouse_B,2026-05-25,2026-06-10,63,3503.63,Delivered,Automotive
493,334,Warehouse_A,2026-05-07,2026-05-21,49,639.46,Delivered,Industrial
494,132,Warehouse_B,2026-05-23,2026-05-29,87,230.1,In Transit,Electronics
495,446,Warehouse_A,2026-05-10,2026-05-19,12,7867.9,Delayed,Pharma
496,454,Warehouse_E,2026-05-10,2026-05-11,43,837.05,Delivered,Electronics
497,136,Warehouse_B,2026-05-22,2026-06-02,81,8987.05,Delayed,Electronics
498,364,Warehouse_A,2026-05-20,2026-06-03,83,6026.09,Delayed,Automotive
499,107,Warehouse_B,2026-05-09,2026-05-14,34,6969.42,In Transit,Pharma
500,386,Warehouse_A,2026-05-18,2026-06-02,38,310.18,Cancelled,Pharma
501,437,Warehouse_B,2026-06-02,2026-06-21,13,9484.75,Delayed,Electronics
502,499,Warehouse_A,2026-05-16,2026-06-05,54,8891.74,In Transit,FMCG
503,139,Warehouse_D,2026-05-24,2026-06-02,72,4638.85,Delivered,Pharma
504,12,Warehouse_D,2026-05-25,2026-06-11,12,147.39,Cancelled,Electronics
505,56,Warehouse_D,2026-05-07,2026-05-27,10,5049.66,Delivered,Pharma
506,12,Warehouse_E,2026-05-31,2026-06-12,89,143.96,Delayed,Industrial
507,130,Warehouse_E,2026-05-23,2026-06-11,16,794.27,Delivered,Electronics
508,434,Warehouse_E,2026-05-18,2026-06-04,38,6289.81,Delayed,Pharma
509,3,Warehouse_E,2026-05-14,2026-05-22,56,4803.39,Delivered,FMCG
510,116,Warehouse_E,2026-05-25,2026-06-04,28,8723.59,Delivered,FMCG
511,410,Warehouse_D,2026-05-06,2026-05-10,16,888.07,In Transit,FMCG
512,102,Warehouse_D,2026-05-09,2026-05-28,81,7873.53,In Transit,Industrial
513,439,Warehouse_D,2026-06-04,2026-06-18,73,2718.7,In Transit,Electronics
514,100,Warehouse_A,2026-06-01,2026-06-20,12,3508.29,Delivered,FMCG
515,42,Warehouse_C,2026-05-28,2026-06-12,50,9329.61,Cancelled,Industrial
516,20,Warehouse_A,2026-05-15,2026-05-31,12,8217.81,Delayed,Pharma
517,172,Warehouse_E,2026-05-10,2026-05-20,34,3772.98,Cancelled,Automotive
518,284,Warehouse_B,2026-05-17,2026-05-23,87,2143.16,Cancelled,Automotive
519,283,Warehouse_A,2026-05-11,2026-05-23,4,724.3,Delayed,Electronics
520,235,Warehouse_B,2026-05-17,2026-05-21,16,5957.02,Delivered,Industrial
521,28,Warehouse_E,2026-05-29,2026-06-14,36,8653.48,Cancelled,Pharma
522,83,Warehouse_D,2026-05-16,2026-05-27,46,9148.31,In Transit,Automotive
523,467,Warehouse_A,2026-05-29,2026-06-08,28,4779.33,In Transit,Industrial
524,324,Warehouse_E,2026-05-20,2026-06-04,69,962.67,In Transit,Pharma
525,197,Warehouse_E,2026-06-04,2026-06-05,19,7020.88,In Transit,Automotive
526,371,Warehouse_D,2026-05-13,2026-05-23,66,3917.64,Delayed,Industrial
527,460,Warehouse_D,2026-05-24,2026-05-28,28,7198.57,Delayed,Electronics
528,332,Warehouse_C,2026-05-11,2026-05-24,23,4460.06,Cancelled,Pharma
529,441,Warehouse_C,2026-05-19,2026-05-29,14,537.34,Cancelled,Industrial
530,228,Warehouse_A,2026-05-15,2026-05-25,77,7145.0,Delayed,Pharma
531,482,Warehouse_C,2026-05-30,2026-06-05,43,4732.62,Cancelled,Pharma
532,45,Warehouse_D,2026-05-12,2026-05-22,43,5363.35,Cancelled,Electronics
533,113,Warehouse_D,2026-05-30,2026-06-15,60,5520.94,Delayed,Electronics
534,246,Warehouse_C,2026-06-04,2026-06-19,7,4720.85,Delayed,Automotive
535,141,Warehouse_C,2026-05-12,2026-05-31,1,2808.27,Delayed,Industrial
536,205,Warehouse_A,2026-05-12,2026-05-20,88,5934.01,Cancelled,FMCG
537,202,Warehouse_D,2026-05-16,2026-05-31,49,4713.52,Delayed,Industrial
538,154,Warehouse_C,2026-05-17,2026-06-05,69,3764.81,Delivered,Automotive
539,229,Warehouse_C,2026-05-27,2026-06-15,28,604.14,Cancelled,Automotive
540,79,Warehouse_A,2026-05-20,2026-06-04,41,8994.04,In Transit,Automotive
541,221,Warehouse_E,2026-05-27,2026-06-07,64,3905.79,Cancelled,Pharma
542,393,Warehouse_A,2026-05-25,2026-06-10,3,1627.81,Cancelled,Automotive
543,243,Warehouse_A,2026-05-17,2026-06-02,94,507.11,Cancelled,Electronics
544,111,Warehouse_A,2026-05-10,2026-05-16,43,8874.27,In Transit,FMCG
545,278,Warehouse_D,2026-05-07,2026-05-16,52,6120.0,Delayed,Electronics
546,269,Warehouse_C,2026-05-27,2026-06-09,13,1932.06,In Transit,Automotive
547,67,Warehouse_D,2026-05-19,2026-05-23,74,2770.53,Delayed,Electronics
548,11,Warehouse_E,2026-05-08,2026-05-14,30,8428.95,In Transit,Electronics
549,453,Warehouse_B,2026-05-18,2026-05-24,75,3564.21,Delivered,Automotive
550,288,Warehouse_D,2026-06-03,2026-06-23,96,8774.74,In Transit,FMCG
551,206,Warehouse_C,2026-05-13,2026-05-17,94,7844.91,Cancelled,Pharma
552,178,Warehouse_E,2026-05-14,2026-05-26,2,6967.55,In Transit,Automotive
553,425,Warehouse_E,2026-05-22,2026-05-28,97,708.05,Delivered,Automotive
554,442,Warehouse_B,2026-05-23,2026-06-12,39,5349.96,Delayed,Electronics
555,357,Warehouse_C,2026-05-30,2026-06-12,62,9535.21,In Transit,Pharma
556,319,Warehouse_D,2026-05-19,2026-05-22,86,8132.74,Cancelled,FMCG
557,308,Warehouse_B,2026-06-01,2026-06-12,49,3906.14,Delayed,Industrial
558,410,Warehouse_A,2026-05-25,2026-05-30,15,6180.64,In Transit,Pharma
559,38,Warehouse_B,2026-05-08,2026-05-24,44,5792.34,Delivered,Automotive
560,94,Warehouse_E,2026-05-14,2026-05-19,39,7206.84,In Transit,Industrial
561,47,Warehouse_E,2026-05-27,2026-06-08,97,2220.76,In Transit,FMCG
562,338,Warehouse_E,2026-05-28,2026-05-30,30,8616.18,Cancelled,Pharma
563,16,Warehouse_A,2026-05-08,2026-05-28,30,880.41,Delivered,Automotive
564,151,Warehouse_E,2026-06-02,2026-06-16,51,3083.4,Delivered,Pharma
565,16,Warehouse_C,2026-05-16,2026-05-27,41,9108.48,Delayed,Automotive
566,136,Warehouse_E,2026-05-25,2026-05-30,57,352.88,In Transit,FMCG
567,238,Warehouse_E,2026-05-09,2026-05-17,25,9191.75,Delivered,FMCG
568,57,Warehouse_D,2026-05-17,2026-05-25,33,9143.55,Cancelled,FMCG
569,81,Warehouse_E,2026-05-24,2026-06-03,24,9897.31,Delivered,Electronics
570,47,Warehouse_D,2026-05-06,2026-05-12,76,9020.33,Delivered,FMCG
571,327,Warehouse_A,2026-05-09,2026-05-21,29,3074.95,In Transit,FMCG
572,500,Warehouse_A,2026-05-29,2026-05-30,23,4380.43,In Transit,FMCG
573,435,Warehouse_A,2026-05-29,2026-06-02,20,6433.86,Delayed,Pharma
574,23,Warehouse_E,2026-05-07,2026-05-24,62,4927.73,Delivered,Pharma
575,191,Warehouse_A,2026-06-01,2026-06-10,61,5726.5,Delivered,FMCG
576,298,Warehouse_E,2026-05-23,2026-05-26,21,106.68,Delivered,Automotive
577,477,Warehouse_E,2026-05-10,2026-05-21,25,1233.87,Delayed,Industrial
578,385,Warehouse_A,2026-05-24,2026-06-10,54,3179.14,In Transit,Electronics
579,134,Warehouse_A,2026-05-07,2026-05-18,61,5474.14,In Transit,Industrial
580,472,Warehouse_E,2026-05-13,2026-05-17,23,5495.61,Delayed,FMCG
581,225,Warehouse_B,2026-05-29,2026-06-08,47,9928.23,Delayed,FMCG
582,98,Warehouse_E,2026-05-10,2026-05-18,23,9778.88,Cancelled,Industrial
583,46,Warehouse_E,2026-05-17,2026-05-25,80,6192.46,In Transit,Electronics
584,111,Warehouse_C,2026-05-19,2026-06-06,9,6821.82,Delivered,Automotive
585,357,Warehouse_D,2026-05-25,2026-06-02,23,9357.22,Delivered,Pharma
586,405,Warehouse_D,2026-05-30,2026-06-14,88,6714.13,In Transit,FMCG
587,124,Warehouse_C,2026-05-17,2026-05-28,5,1003.22,Delayed,Automotive
588,383,Warehouse_D,2026-05-06,2026-05-07,83,9625.81,Delayed,FMCG
589,13,Warehouse_B,2026-05-08,2026-05-15,23,5004.48,Cancelled,Industrial
590,226,Warehouse_E,2026-05-17,2026-06-01,67,4825.54,In Transit,Industrial
591,36,Warehouse_B,2026-06-03,2026-06-18,3,4332.95,Delayed,Pharma
592,196,Warehouse_C,2026-05-14,2026-05-31,3,1218.66,Delayed,Automotive
593,170,Warehouse_C,2026-05-30,2026-06-02,50,7830.25,Cancelled,Automotive
594,155,Warehouse_A,2026-05-06,2026-05-12,96,4023.05,In Transit,Industrial
595,28,Warehouse_C,2026-06-03,2026-06-14,98,7787.82,Cancelled,Automotive
596,344,Warehouse_E,2026-05-10,2026-05-25,60,8308.85,In Transit,Industrial
597,432,Warehouse_B,2026-05-11,2026-05-23,46,6297.9,In Transit,Electronics
598,214,Warehouse_B,2026-05-26,2026-06-06,20,3113.33,Cancelled,FMCG
599,83,Warehouse_E,2026-05-22,2026-05-29,21,1290.21,Delivered,Industrial
600,151,Warehouse_B,2026-05-27,2026-06-01,32,6101.77,In Transit,FMCG
601,347,Warehouse_A,2026-06-01,2026-06-17,15,5143.5,Cancelled,FMCG
602,344,Warehouse_D,2026-05-23,2026-05-26,99,1365.09,Cancelled,Pharma
603,172,Warehouse_B,2026-05-29,2026-05-30,85,182.97,Cancelled,Automotive
604,35,Warehouse_A,2026-05-09,2026-05-28,40,3422.27,In Transit,Pharma
605,493,Warehouse_E,2026-05-22,2026-06-03,72,1539.18,Delayed,Industrial
606,275,Warehouse_D,2026-06-03,2026-06-23,86,8351.17,In Transit,Electronics
607,315,Warehouse_E,2026-05-11,2026-05-13,56,6551.63,Cancelled,FMCG
608,218,Warehouse_E,2026-05-14,2026-05-29,89,6134.88,Delayed,FMCG
609,77,Warehouse_D,2026-06-04,2026-06-22,98,5820.76,Cancelled,Pharma
610,367,Warehouse_A,2026-05-29,2026-06-06,70,9936.33,In Transit,FMCG
611,288,Warehouse_B,2026-06-03,2026-06-08,86,1371.84,Delayed,Industrial
612,138,Warehouse_E,2026-05-10,2026-05-15,15,4530.52,In Transit,FMCG
613,314,Warehouse_B,2026-05-21,2026-05-23,54,1125.36,Cancelled,FMCG
614,419,Warehouse_B,2026-05-12,2026-05-26,64,1928.37,Cancelled,Industrial
615,475,Warehouse_E,2026-05-16,2026-05-26,19,6155.88,Cancelled,Automotive
616,280,Warehouse_C,2026-05-25,2026-06-14,91,7473.08,In Transit,FMCG
617,163,Warehouse_A,2026-06-01,2026-06-05,42,9909.51,In Transit,Pharma
618,32,Warehouse_D,2026-06-02,2026-06-09,19,9771.96,Delayed,Electronics
619,271,Warehouse_D,2026-05-28,2026-05-30,8,6615.11,Cancelled,Industrial
620,499,Warehouse_D,2026-05-16,2026-05-28,29,8838.73,In Transit,Pharma
621,107,Warehouse_C,2026-05-22,2026-06-07,19,6004.21,Cancelled,Pharma
622,59,Warehouse_D,2026-06-02,2026-06-22,68,2896.27,Delivered,FMCG
623,329,Warehouse_A,2026-05-28,2026-06-02,96,8987.68,Delivered,Electronics
624,475,Warehouse_B,2026-05-29,2026-06-06,29,4028.98,In Transit,Industrial
625,87,Warehouse_A,2026-05-29,2026-06-14,66,6700.81,Cancelled,Electronics
626,326,Warehouse_E,2026-05-10,2026-05-14,69,826.78,Cancelled,Automotive
627,168,Warehouse_B,2026-05-23,2026-05-28,100,4422.9,Cancelled,FMCG
628,397,Warehouse_C,2026-05-29,2026-06-16,67,4307.13,In Transit,Industrial
629,167,Warehouse_B,2026-05-24,2026-06-09,89,6230.46,Cancelled,FMCG
630,294,Warehouse_A,2026-05-07,2026-05-11,49,3848.45,Delivered,Electronics
631,414,Warehouse_D,2026-05-17,2026-05-21,38,283.9,Cancelled,Industrial
632,213,Warehouse_B,2026-05-28,2026-05-31,30,1513.26,Delivered,Electronics
633,80,Warehouse_E,2026-05-21,2026-06-08,63,2296.25,Delayed,Electronics
634,156,Warehouse_C,2026-05-24,2026-05-27,16,7477.31,Cancelled,Pharma
635,327,Warehouse_A,2026-06-04,2026-06-05,43,523.49,Cancelled,Industrial
636,150,Warehouse_E,2026-05-15,2026-05-23,38,1472.28,Delivered,FMCG
637,12,Warehouse_A,2026-05-15,2026-06-04,72,2525.91,Delivered,Electronics
638,12,Warehouse_B,2026-05-09,2026-05-24,16,375.73,Cancelled,Industrial
639,355,Warehouse_A,2026-05-10,2026-05-17,46,4930.3,In Transit,Automotive
640,329,Warehouse_A,2026-05-07,2026-05-12,77,1410.49,Delayed,Pharma
641,414,Warehouse_D,2026-05-29,2026-06-08,16,603.29,Cancelled,Automotive
642,389,Warehouse_D,2026-05-14,2026-05-19,8,6466.84,Delayed,Electronics
643,3,Warehouse_D,2026-05-26,2026-06-07,98,4531.53,Delivered,FMCG
644,411,Warehouse_E,2026-06-02,2026-06-13,43,1443.33,Delivered,Electronics
645,8,Warehouse_D,2026-05-21,2026-06-06,57,1419.83,In Transit,Automotive
646,363,Warehouse_D,2026-05-20,2026-05-31,89,4963.6,Cancelled,Industrial
647,495,Warehouse_D,2026-05-18,2026-05-25,80,3200.28,Delivered,Automotive
648,390,Warehouse_D,2026-05-15,2026-06-03,92,2606.39,In Transit,FMCG
649,479,Warehouse_C,2026-05-07,2026-05-21,70,5980.57,Cancelled,FMCG
650,220,Warehouse_E,2026-05-14,2026-05-23,46,9464.83,Delayed,Automotive
651,491,Warehouse_D,2026-05-31,2026-06-01,63,654.5,Cancelled,Electronics
652,321,Warehouse_A,2026-05-14,2026-05-22,56,9262.26,Cancelled,Industrial
653,156,Warehouse_D,2026-05-23,2026-05-24,44,5783.57,Delayed,Electronics
654,9,Warehouse_C,2026-05-20,2026-05-31,78,7721.89,Delivered,Industrial
655,99,Warehouse_C,2026-05-23,2026-06-02,93,5572.02,Cancelled,Pharma
656,199,Warehouse_C,2026-05-15,2026-05-21,48,1144.82,Delivered,Electronics
657,89,Warehouse_C,2026-05-11,2026-05-18,55,4224.63,Cancelled,FMCG
658,459,Warehouse_E,2026-05-11,2026-05-23,90,6738.61,Delivered,FMCG
659,440,Warehouse_A,2026-06-01,2026-06-12,58,6408.58,Delivered,Industrial
660,317,Warehouse_B,2026-05-12,2026-05-14,69,6750.65,Delivered,FMCG
661,132,Warehouse_A,2026-05-20,2026-05-31,64,5755.9,Delivered,FMCG
662,243,Warehouse_C,2026-05-26,2026-06-02,88,306.12,Delayed,Automotive
663,205,Warehouse_D,2026-05-10,2026-05-26,37,8931.57,In Transit,Pharma
664,249,Warehouse_A,2026-05-13,2026-05-30,95,4130.41,Cancelled,FMCG
665,233,Warehouse_E,2026-05-29,2026-06-05,84,132.67,Delayed,Automotive
666,351,Warehouse_A,2026-05-08,2026-05-12,45,1896.31,In Transit,Pharma
667,286,Warehouse_E,2026-05-15,2026-06-03,15,3485.57,Delivered,FMCG
668,201,Warehouse_D,2026-05-19,2026-06-08,21,7800.87,Delayed,Industrial
669,438,Warehouse_A,2026-05-10,2026-05-24,18,2339.28,Delivered,Electronics
670,415,Warehouse_E,2026-06-02,2026-06-22,34,2118.57,Delivered,Automotive
671,30,Warehouse_C,2026-05-13,2026-05-28,7,442.73,Delivered,Automotive
672,388,Warehouse_E,2026-05-24,2026-06-09,55,9773.58,In Transit,Automotive
673,166,Warehouse_C,2026-06-01,2026-06-08,34,2322.42,Delayed,FMCG
674,52,Warehouse_B,2026-05-28,2026-06-07,76,2014.25,Delayed,Industrial
675,28,Warehouse_C,2026-05-17,2026-05-21,53,1856.83,Cancelled,Pharma
676,417,Warehouse_E,2026-05-21,2026-05-29,14,5953.14,Cancelled,Automotive
677,48,Warehouse_C,2026-05-16,2026-05-18,13,9883.66,Cancelled,FMCG
678,280,Warehouse_B,2026-05-06,2026-05-09,43,9537.81,In Transit,Automotive
679,338,Warehouse_B,2026-06-01,2026-06-15,58,1950.39,Delivered,Pharma
680,97,Warehouse_C,2026-05-13,2026-06-01,75,5185.53,Cancelled,Pharma
681,319,Warehouse_B,2026-05-17,2026-05-24,52,557.87,Delayed,FMCG
682,366,Warehouse_C,2026-05-28,2026-06-15,28,6023.68,Cancelled,Pharma
683,421,Warehouse_B,2026-06-04,2026-06-06,2,2161.21,Delivered,Industrial
684,184,Warehouse_E,2026-05-09,2026-05-24,95,8990.47,Delivered,Industrial
685,378,Warehouse_D,2026-05-28,2026-06-12,76,7740.99,Delivered,Automotive
686,89,Warehouse_A,2026-05-11,2026-05-26,22,2170.55,In Transit,Pharma
687,303,Warehouse_E,2026-05-12,2026-05-13,94,2570.99,Cancelled,Automotive
688,456,Warehouse_B,2026-05-24,2026-06-13,35,1331.44,Delivered,Pharma
689,66,Warehouse_B,2026-05-24,2026-05-26,49,4576.31,Delayed,Industrial
690,33,Warehouse_A,2026-05-08,2026-05-19,8,7933.5,Delivered,Electronics
691,473,Warehouse_D,2026-05-08,2026-05-17,60,7100.15,In Transit,Industrial
692,12,Warehouse_A,2026-05-26,2026-05-30,76,6012.09,In Transit,Industrial
693,83,Warehouse_A,2026-05-09,2026-05-23,53,2744.88,Delivered,Pharma
694,102,Warehouse_B,2026-05-19,2026-06-03,66,9234.27,Cancelled,FMCG
695,309,Warehouse_D,2026-05-09,2026-05-23,28,3588.04,Cancelled,Industrial
696,423,Warehouse_B,2026-05-06,2026-05-20,68,9614.51,Delayed,Electronics
697,399,Warehouse_B,2026-05-15,2026-05-19,97,7402.37,In Transit,Automotive
698,280,Warehouse_B,2026-05-11,2026-05-29,52,6022.54,Delayed,FMCG
699,493,Warehouse_B,2026-05-16,2026-05-27,66,1646.02,In Transit,Industrial
700,345,Warehouse_D,2026-05-12,2026-05-23,36,1896.39,Delayed,Automotive
701,406,Warehouse_B,2026-05-07,2026-05-11,1,3672.69,Cancelled,FMCG
702,189,Warehouse_C,2026-05-16,2026-05-19,92,9646.88,Cancelled,Automotive
703,382,Warehouse_A,2026-05-17,2026-05-26,45,7274.71,Delayed,FMCG
704,134,Warehouse_B,2026-05-08,2026-05-16,28,3714.57,In Transit,Industrial
705,132,Warehouse_C,2026-05-29,2026-05-30,65,4613.48,Cancelled,FMCG
706,273,Warehouse_B,2026-05-29,2026-06-09,99,7358.28,In Transit,FMCG
707,397,Warehouse_D,2026-06-03,2026-06-17,75,4546.67,Delayed,Industrial
708,200,Warehouse_A,2026-06-01,2026-06-16,28,7199.21,In Transit,Industrial
709,240,Warehouse_A,2026-05-25,2026-06-07,60,3892.82,Delayed,Pharma
710,235,Warehouse_E,2026-05-20,2026-05-27,56,2127.17,In Transit,Industrial
711,178,Warehouse_D,2026-05-21,2026-06-08,32,2909.26,Delayed,Electronics
712,377,Warehouse_E,2026-05-13,2026-06-02,5,4347.75,Delayed,Industrial
713,180,Warehouse_D,2026-05-24,2026-06-03,1,2953.29,Delayed,Industrial
714,36,Warehouse_D,2026-05-31,2026-06-10,44,6626.95,Delayed,Automotive
715,175,Warehouse_C,2026-05-13,2026-05-17,30,4908.13,In Transit,FMCG
716,97,Warehouse_D,2026-05-30,2026-06-12,92,9270.32,Delivered,Electronics
717,304,Warehouse_C,2026-06-03,2026-06-07,75,2924.06,Delayed,Pharma
718,160,Warehouse_D,2026-05-20,2026-06-09,85,439.09,In Transit,Industrial
719,80,Warehouse_D,2026-05-22,2026-06-05,57,4894.57,In Transit,Pharma
720,282,Warehouse_D,2026-05-19,2026-05-31,64,9551.37,Delivered,Pharma
721,167,Warehouse_E,2026-05-13,2026-05-23,85,9320.56,Cancelled,FMCG
722,252,Warehouse_E,2026-05-11,2026-05-29,91,1138.04,Delivered,Electronics
723,114,Warehouse_E,2026-06-04,2026-06-24,20,6485.5,Cancelled,Automotive
724,292,Warehouse_A,2026-05-25,2026-06-09,35,4113.49,Delayed,Industrial
725,364,Warehouse_D,2026-05-16,2026-05-28,34,901.16,Cancelled,Industrial
726,4,Warehouse_E,2026-05-17,2026-06-03,3,9320.93,Delayed,Electronics
727,38,Warehouse_C,2026-06-02,2026-06-03,84,9050.42,Cancelled,FMCG
728,484,Warehouse_C,2026-05-27,2026-05-30,45,2711.35,In Transit,Industrial
729,120,Warehouse_E,2026-05-27,2026-06-02,97,6615.36,Cancelled,FMCG
730,233,Warehouse_B,2026-05-23,2026-06-01,35,781.2,Delivered,Electronics
731,462,Warehouse_D,2026-05-07,2026-05-16,35,8892.85,Delivered,FMCG
732,159,Warehouse_D,2026-05-17,2026-05-27,20,5477.18,Delayed,Pharma
733,268,Warehouse_D,2026-05-09,2026-05-23,91,3506.24,Delivered,FMCG
734,301,Warehouse_B,2026-05-20,2026-05-21,3,2535.1,Delayed,Automotive
735,11,Warehouse_E,2026-05-09,2026-05-27,77,3135.89,Cancelled,Pharma
736,176,Warehouse_B,2026-05-22,2026-06-01,84,6146.77,In Transit,Pharma
737,14,Warehouse_A,2026-05-15,2026-05-25,42,2645.32,Cancelled,Automotive
738,385,Warehouse_B,2026-05-15,2026-05-16,7,6363.12,Cancelled,Industrial
739,392,Warehouse_B,2026-05-07,2026-05-09,76,4766.72,Delivered,Automotive
740,84,Warehouse_D,2026-05-29,2026-06-15,98,453.67,In Transit,FMCG
741,429,Warehouse_B,2026-05-26,2026-05-29,34,7203.55,Delayed,Automotive
742,62,Warehouse_E,2026-05-13,2026-05-26,83,2750.78,In Transit,Pharma
743,485,Warehouse_B,2026-05-25,2026-05-28,60,5975.67,Delivered,Pharma
744,432,Warehouse_E,2026-05-17,2026-05-27,6,7006.17,Delivered,Electronics
745,217,Warehouse_B,2026-05-16,2026-05-17,86,6723.68,Delivered,Pharma
746,64,Warehouse_A,2026-05-08,2026-05-10,41,1748.44,Delayed,Industrial
747,309,Warehouse_A,2026-05-07,2026-05-08,55,7961.14,Cancelled,Industrial
748,181,Warehouse_E,2026-05-28,2026-06-06,91,1086.21,Delivered,Electronics
749,90,Warehouse_B,2026-05-15,2026-05-18,94,8570.39,Delayed,Automotive
750,33,Warehouse_C,2026-05-18,2026-05-31,3,7593.23,Delivered,Electronics
751,184,Warehouse_D,2026-05-21,2026-06-02,76,8671.74,Delayed,FMCG
752,2,Warehouse_C,2026-05-25,2026-05-30,56,8215.59,In Transit,Automotive
753,255,Warehouse_A,2026-05-11,2026-05-26,43,1329.86,In Transit,Pharma
754,191,Warehouse_A,2026-05-29,2026-06-02,14,5875.64,Cancelled,Pharma
755,17,Warehouse_D,2026-05-12,2026-05-25,24,9090.95,In Transit,Automotive
756,396,Warehouse_A,2026-05-15,2026-05-30,65,2475.5,Delivered,Electronics
757,272,Warehouse_C,2026-05-17,2026-05-21,60,5484.53,Delayed,Industrial
758,228,Warehouse_E,2026-05-20,2026-06-04,4,310.12,Cancelled,Automotive
759,405,Warehouse_D,2026-05-28,2026-06-12,41,5859.43,Delayed,Electronics
760,422,Warehouse_C,2026-05-13,2026-05-23,72,4894.76,Cancelled,Automotive
761,418,Warehouse_E,2026-05-29,2026-06-16,64,4668.68,Delayed,Automotive
762,301,Warehouse_E,2026-05-30,2026-06-04,70,8930.27,In Transit,Pharma
763,457,Warehouse_B,2026-05-16,2026-05-24,6,8653.63,Cancelled,FMCG
764,84,Warehouse_C,2026-05-07,2026-05-19,52,136.69,Delivered,FMCG
765,233,Warehouse_C,2026-06-03,2026-06-11,69,7843.3,In Transit,Industrial
766,180,Warehouse_C,2026-05-24,2026-05-30,8,1958.94,Delivered,Automotive
767,247,Warehouse_D,2026-05-07,2026-05-13,80,7917.98,Cancelled,Pharma
768,328,Warehouse_E,2026-06-03,2026-06-16,20,5405.13,Delivered,Automotive
769,117,Warehouse_D,2026-06-01,2026-06-16,51,1416.05,Delayed,Automotive
770,174,Warehouse_B,2026-05-06,2026-05-21,100,5301.25,Delayed,Automotive
771,163,Warehouse_C,2026-05-23,2026-05-28,8,6783.71,Delivered,Pharma
772,392,Warehouse_B,2026-06-02,2026-06-10,97,4882.32,In Transit,Pharma
773,180,Warehouse_C,2026-05-21,2026-06-04,100,3398.96,Delivered,Pharma
774,66,Warehouse_D,2026-05-16,2026-06-05,56,4031.32,In Transit,Electronics
775,412,Warehouse_E,2026-05-10,2026-05-24,81,7645.27,Cancelled,FMCG
776,40,Warehouse_B,2026-05-08,2026-05-21,23,4072.27,In Transit,FMCG
777,254,Warehouse_D,2026-05-22,2026-05-23,31,3942.24,Delivered,Pharma
778,294,Warehouse_B,2026-05-14,2026-05-30,99,2630.16,Delivered,Industrial
779,42,Warehouse_C,2026-05-09,2026-05-15,20,875.43,Delayed,Electronics
780,390,Warehouse_A,2026-05-23,2026-05-28,15,5741.73,Cancelled,Industrial
781,6,Warehouse_C,2026-05-26,2026-06-08,25,1237.33,In Transit,Industrial
782,427,Warehouse_C,2026-05-20,2026-06-01,75,1324.09,Cancelled,Pharma
783,173,Warehouse_C,2026-05-21,2026-05-22,98,2373.79,Cancelled,Pharma
784,375,Warehouse_D,2026-05-24,2026-06-09,1,5794.26,Delivered,Electronics
785,31,Warehouse_A,2026-05-22,2026-06-05,79,652.86,Delivered,Pharma
786,185,Warehouse_E,2026-05-20,2026-06-07,94,8467.78,Cancelled,FMCG
787,10,Warehouse_D,2026-05-09,2026-05-12,70,9710.46,In Transit,FMCG
788,250,Warehouse_C,2026-05-25,2026-05-30,19,2027.33,In Transit,Industrial
789,231,Warehouse_D,2026-05-07,2026-05-20,50,5928.32,Delayed,Automotive
790,433,Warehouse_D,2026-05-31,2026-06-18,93,3929.37,In Transit,Pharma
791,26,Warehouse_B,2026-06-03,2026-06-12,27,339.15,Delayed,Pharma
792,168,Warehouse_C,2026-05-23,2026-05-31,88,3147.33,In Transit,Pharma
793,313,Warehouse_A,2026-05-08,2026-05-11,70,1006.48,Cancelled,Automotive
794,135,Warehouse_D,2026-05-17,2026-05-28,85,6176.87,In Transit,Industrial
795,191,Warehouse_E,2026-05-10,2026-05-14,70,7698.99,Cancelled,FMCG
796,373,Warehouse_D,2026-05-29,2026-05-31,97,542.36,Delayed,FMCG
797,1,Warehouse_B,2026-05-11,2026-05-22,22,312.44,In Transit,Industrial
798,17,Warehouse_A,2026-05-26,2026-06-14,26,9443.87,Delivered,FMCG
799,40,Warehouse_C,2026-06-03,2026-06-17,40,185.77,Delayed,FMCG
800,53,Warehouse_A,2026-05-11,2026-05-29,81,3014.19,Delayed,FMCG
801,360,Warehouse_B,2026-05-10,2026-05-21,30,4167.34,Delivered,Pharma
802,215,Warehouse_D,2026-06-01,2026-06-21,47,5501.02,Delivered,Industrial
803,288,Warehouse_D,2026-06-04,2026-06-10,65,9765.6,Delivered,Industrial
804,388,Warehouse_E,2026-05-30,2026-06-18,76,6386.02,Delayed,Electronics
805,397,Warehouse_C,2026-05-09,2026-05-28,82,382.25,Delayed,Automotive
806,242,Warehouse_D,2026-05-08,2026-05-11,39,3437.05,Delayed,Pharma
807,105,Warehouse_A,2026-05-18,2026-05-29,62,7909.19,Cancelled,Automotive
808,469,Warehouse_C,2026-05-22,2026-06-05,87,7158.42,Cancelled,Industrial
809,136,Warehouse_B,2026-05-31,2026-06-09,68,2362.02,Cancelled,Industrial
810,481,Warehouse_D,2026-05-26,2026-05-27,7,1425.43,In Transit,Pharma
811,447,Warehouse_B,2026-05-27,2026-06-03,74,1707.14,In Transit,Pharma
812,383,Warehouse_D,2026-05-20,2026-06-06,55,6704.35,In Transit,Pharma
813,376,Warehouse_E,2026-05-23,2026-06-08,13,8849.72,Delivered,Electronics
814,192,Warehouse_D,2026-05-14,2026-05-16,6,5202.34,Delayed,Electronics
815,363,Warehouse_D,2026-05-17,2026-05-30,62,4616.36,Delayed,Industrial
816,44,Warehouse_D,2026-05-06,2026-05-18,73,8223.34,In Transit,Automotive
817,474,Warehouse_D,2026-05-25,2026-05-27,33,5982.51,Delayed,Pharma
818,335,Warehouse_B,2026-05-30,2026-05-31,37,731.45,Delayed,Automotive
819,193,Warehouse_B,2026-06-01,2026-06-07,58,4779.51,In Transit,Automotive
820,490,Warehouse_D,2026-05-29,2026-06-17,44,1108.58,Delivered,Industrial
821,156,Warehouse_B,2026-05-08,2026-05-24,16,5320.81,Cancelled,Electronics
822,133,Warehouse_E,2026-05-28,2026-06-05,37,3892.65,Cancelled,Electronics
823,293,Warehouse_B,2026-05-27,2026-06-15,39,2797.05,In Transit,Automotive
824,372,Warehouse_D,2026-05-12,2026-05-16,29,9550.64,Delivered,Electronics
825,63,Warehouse_A,2026-05-23,2026-06-03,87,1613.79,Delivered,FMCG
826,471,Warehouse_A,2026-06-04,2026-06-09,79,1276.09,Delayed,Pharma
827,98,Warehouse_E,2026-06-01,2026-06-12,100,8339.72,Delivered,Pharma
828,29,Warehouse_C,2026-05-27,2026-06-02,72,9441.74,In Transit,Industrial
829,36,Warehouse_E,2026-05-23,2026-06-05,1,5712.27,Delayed,FMCG
830,290,Warehouse_E,2026-05-23,2026-05-31,39,3023.51,Delayed,Pharma
831,254,Warehouse_A,2026-05-27,2026-06-03,86,7482.21,In Transit,Pharma
832,449,Warehouse_A,2026-05-09,2026-05-24,59,2459.77,Cancelled,FMCG
833,412,Warehouse_E,2026-05-15,2026-06-04,27,3448.71,Delivered,FMCG
834,276,Warehouse_B,2026-06-04,2026-06-08,29,5679.87,Delayed,Industrial
835,317,Warehouse_E,2026-05-10,2026-05-13,23,9168.65,Delivered,Electronics
836,457,Warehouse_E,2026-05-09,2026-05-13,65,300.21,Delivered,Industrial
837,293,Warehouse_C,2026-05-11,2026-05-15,29,4275.48,Cancelled,FMCG
838,319,Warehouse_B,2026-05-31,2026-06-15,93,5687.05,Delayed,Pharma
839,456,Warehouse_C,2026-05-26,2026-06-09,7,8662.46,Delayed,Industrial
840,131,Warehouse_B,2026-05-17,2026-06-05,95,7206.06,Delivered,Industrial
841,10,Warehouse_A,2026-05-26,2026-05-29,75,1282.34,Delayed,FMCG
842,197,Warehouse_B,2026-05-11,2026-05-23,79,7669.79,Cancelled,FMCG
843,283,Warehouse_E,2026-05-15,2026-05-30,35,3679.82,Delayed,FMCG
844,77,Warehouse_A,2026-06-01,2026-06-20,33,3756.13,Cancelled,FMCG
845,455,Warehouse_C,2026-05-14,2026-05-23,12,1144.1,Delayed,Pharma
846,202,Warehouse_D,2026-05-10,2026-05-18,40,2500.67,In Transit,FMCG
847,231,Warehouse_D,2026-05-21,2026-06-08,67,7824.51,Delivered,Automotive
848,132,Warehouse_B,2026-05-30,2026-06-17,81,5375.32,Delayed,Pharma
849,305,Warehouse_B,2026-05-09,2026-05-11,77,4476.36,In Transit,Automotive
850,72,Warehouse_D,2026-05-30,2026-06-12,54,4271.99,Cancelled,Pharma
851,261,Warehouse_D,2026-05-25,2026-06-01,39,1984.63,In Transit,FMCG
852,112,Warehouse_D,2026-05-17,2026-05-20,44,5308.9,In Transit,Industrial
853,389,Warehouse_A,2026-06-03,2026-06-12,8,6958.87,Delivered,Pharma
854,191,Warehouse_D,2026-05-11,2026-05-18,42,6614.19,Delivered,FMCG
855,224,Warehouse_D,2026-05-10,2026-05-15,16,5986.32,Delayed,Industrial
856,93,Warehouse_B,2026-05-07,2026-05-27,1,4867.47,Delivered,Electronics
857,43,Warehouse_A,2026-05-21,2026-05-27,16,3600.91,In Transit,Pharma
858,384,Warehouse_B,2026-05-12,2026-05-27,10,9138.92,In Transit,Electronics
859,355,Warehouse_B,2026-05-10,2026-05-11,30,760.35,Delivered,Pharma
860,433,Warehouse_A,2026-05-30,2026-06-07,21,9980.65,Delivered,Electronics
861,267,Warehouse_B,2026-05-22,2026-05-30,93,2442.41,Delayed,FMCG
862,165,Warehouse_B,2026-05-18,2026-05-28,66,5338.36,Delayed,Automotive
863,133,Warehouse_C,2026-05-06,2026-05-20,3,6086.94,Delayed,Electronics
864,318,Warehouse_C,2026-05-19,2026-05-25,95,114.32,Cancelled,FMCG
865,218,Warehouse_C,2026-05-17,2026-05-30,54,4349.19,Cancelled,Electronics
866,190,Warehouse_E,2026-05-29,2026-06-03,2,3179.45,Cancelled,FMCG
867,249,Warehouse_B,2026-05-27,2026-05-29,93,3837.65,In Transit,FMCG
868,383,Warehouse_B,2026-05-16,2026-05-23,62,4763.28,Delayed,Industrial
869,12,Warehouse_E,2026-05-15,2026-05-26,39,7254.64,Delivered,Automotive
870,490,Warehouse_B,2026-05-31,2026-06-10,11,3596.74,Delayed,Industrial
871,145,Warehouse_A,2026-05-24,2026-05-26,81,7538.54,Cancelled,Industrial
872,136,Warehouse_C,2026-05-09,2026-05-11,44,2723.92,Delivered,Automotive
873,250,Warehouse_D,2026-05-24,2026-06-13,1,196.04,In Transit,Automotive
874,78,Warehouse_D,2026-05-25,2026-06-12,14,5288.03,In Transit,Automotive
875,174,Warehouse_A,2026-05-11,2026-05-24,5,9710.43,Delayed,Automotive
876,283,Warehouse_D,2026-05-22,2026-06-11,2,2071.74,In Transit,FMCG
877,191,Warehouse_A,2026-05-22,2026-05-25,6,2438.2,Delayed,Electronics
878,55,Warehouse_A,2026-06-02,2026-06-05,45,2967.33,Delivered,Electronics
879,180,Warehouse_C,2026-05-11,2026-05-22,28,500.6,Delayed,Automotive
880,17,Warehouse_A,2026-05-23,2026-05-26,73,3842.31,Cancelled,Electronics
881,5,Warehouse_A,2026-05-26,2026-06-15,67,3600.09,Delivered,Industrial
882,290,Warehouse_A,2026-05-14,2026-05-31,83,6853.6,In Transit,Automotive
883,129,Warehouse_E,2026-05-27,2026-06-07,56,199.96,Delayed,Industrial
884,59,Warehouse_C,2026-05-08,2026-05-26,19,5502.15,Cancelled,Automotive
885,257,Warehouse_A,2026-05-30,2026-06-05,82,8338.25,Delayed,Automotive
886,159,Warehouse_A,2026-05-13,2026-05-23,13,9934.05,Delayed,Electronics
887,462,Warehouse_E,2026-05-27,2026-06-16,86,2034.15,Cancelled,FMCG
888,492,Warehouse_D,2026-05-21,2026-05-29,15,9391.55,Delivered,Industrial
889,345,Warehouse_B,2026-05-30,2026-06-10,12,5587.02,Cancelled,Electronics
890,131,Warehouse_A,2026-05-22,2026-05-23,95,5893.33,Cancelled,Pharma
891,260,Warehouse_C,2026-05-11,2026-05-26,35,8615.4,Cancelled,Pharma
892,71,Warehouse_D,2026-05-17,2026-05-29,41,2344.63,Cancelled,Electronics
893,444,Warehouse_C,2026-06-04,2026-06-19,83,5044.17,In Transit,FMCG
894,396,Warehouse_B,2026-05-19,2026-06-04,3,6371.19,In Transit,Pharma
895,436,Warehouse_C,2026-05-28,2026-06-16,89,8679.72,Delayed,FMCG
896,419,Warehouse_B,2026-05-17,2026-05-24,17,7605.83,Delivered,Pharma
897,328,Warehouse_E,2026-05-29,2026-06-10,64,5556.84,In Transit,Automotive
898,43,Warehouse_E,2026-06-02,2026-06-13,90,7020.42,Delayed,Electronics
899,184,Warehouse_A,2026-05-18,2026-05-25,97,4205.39,In Transit,Pharma
900,313,Warehouse_E,2026-05-23,2026-06-10,62,6313.41,Delivered,Automotive
901,331,Warehouse_C,2026-05-10,2026-05-30,51,2500.45,Cancelled,FMCG
902,222,Warehouse_C,2026-06-04,2026-06-10,75,3979.19,Delivered,Industrial
903,377,Warehouse_A,2026-05-23,2026-05-26,99,787.76,Delivered,Pharma
904,25,Warehouse_A,2026-05-27,2026-06-04,22,6561.48,Cancelled,FMCG
905,279,Warehouse_D,2026-05-19,2026-05-23,3,8656.78,Delivered,Pharma
906,357,Warehouse_D,2026-05-27,2026-06-04,55,6005.65,In Transit,Electronics
907,253,Warehouse_E,2026-05-18,2026-05-28,74,1191.76,Cancelled,FMCG
908,63,Warehouse_C,2026-05-29,2026-05-31,78,7916.19,Delayed,Industrial
909,129,Warehouse_C,2026-05-12,2026-05-26,69,9789.8,Delivered,Automotive
910,475,Warehouse_A,2026-05-12,2026-05-17,31,4756.81,Cancelled,Pharma
911,472,Warehouse_C,2026-05-21,2026-06-08,67,2473.49,Delivered,Pharma
912,454,Warehouse_A,2026-05-28,2026-06-15,39,4878.63,Delivered,Automotive
913,297,Warehouse_A,2026-06-03,2026-06-20,48,6643.04,In Transit,FMCG
914,164,Warehouse_E,2026-05-28,2026-06-12,1,5556.75,Delivered,Industrial
915,82,Warehouse_A,2026-05-27,2026-06-07,54,6997.86,Delivered,Automotive
916,120,Warehouse_A,2026-06-03,2026-06-18,68,8371.75,Delayed,FMCG
917,132,Warehouse_B,2026-05-13,2026-05-14,31,1425.08,In Transit,FMCG
918,223,Warehouse_A,2026-05-18,2026-05-28,89,1238.69,Cancelled,Pharma
919,261,Warehouse_D,2026-05-24,2026-06-02,57,4040.65,Delivered,FMCG
920,106,Warehouse_A,2026-05-10,2026-05-23,29,5296.77,Delayed,Automotive
921,429,Warehouse_A,2026-05-30,2026-06-18,50,7229.05,Delayed,Industrial
922,342,Warehouse_B,2026-06-03,2026-06-18,16,9323.17,Cancelled,Pharma
923,428,Warehouse_B,2026-05-21,2026-06-06,59,322.74,Cancelled,FMCG
924,3,Warehouse_D,2026-05-27,2026-05-28,40,2319.87,In Transit,Pharma
925,64,Warehouse_D,2026-05-16,2026-05-21,45,8526.02,Delivered,FMCG
926,128,Warehouse_A,2026-05-14,2026-05-24,10,1618.31,Cancelled,Electronics
927,494,Warehouse_C,2026-05-14,2026-05-18,74,4529.99,Delivered,Automotive
928,458,Warehouse_E,2026-05-07,2026-05-20,95,165.2,Delayed,Automotive
929,256,Warehouse_E,2026-05-31,2026-06-14,6,1026.26,Cancelled,FMCG
930,426,Warehouse_C,2026-05-16,2026-05-29,15,4256.29,Delivered,Automotive
931,188,Warehouse_E,2026-05-26,2026-05-28,97,9308.64,Delivered,Electronics
932,221,Warehouse_A,2026-05-07,2026-05-08,51,3996.57,Delayed,Electronics
933,332,Warehouse_D,2026-05-23,2026-05-25,1,8985.84,Delayed,FMCG
934,204,Warehouse_E,2026-05-12,2026-05-15,74,1350.21,Cancelled,Automotive
935,36,Warehouse_D,2026-05-30,2026-06-18,7,6235.76,In Transit,FMCG
936,84,Warehouse_E,2026-05-23,2026-06-02,59,9254.36,In Transit,Automotive
937,122,Warehouse_C,2026-05-22,2026-06-05,19,8104.46,In Transit,Industrial
938,146,Warehouse_B,2026-05-09,2026-05-10,53,4040.07,Cancelled,Industrial
939,470,Warehouse_A,2026-05-10,2026-05-20,30,4032.89,Delayed,Automotive
940,439,Warehouse_A,2026-05-09,2026-05-19,43,3537.82,Delayed,FMCG
941,451,Warehouse_C,2026-05-10,2026-05-15,74,6587.54,Cancelled,FMCG
942,401,Warehouse_E,2026-05-24,2026-05-29,47,3958.25,Cancelled,Electronics
943,459,Warehouse_C,2026-05-19,2026-05-30,19,1853.69,Delayed,Industrial
944,301,Warehouse_B,2026-05-13,2026-05-17,44,7066.07,Delivered,FMCG
945,242,Warehouse_D,2026-05-25,2026-06-08,12,5071.07,Delayed,Pharma
946,181,Warehouse_C,2026-05-30,2026-06-14,15,6592.66,Cancelled,Industrial
947,345,Warehouse_A,2026-05-17,2026-05-31,46,7028.29,Cancelled,Industrial
948,162,Warehouse_C,2026-05-31,2026-06-04,24,4977.74,Cancelled,Automotive
949,292,Warehouse_E,2026-06-02,2026-06-16,11,8024.72,In Transit,Pharma
950,481,Warehouse_E,2026-05-14,2026-05-16,63,4714.78,Cancelled,Pharma
951,265,Warehouse_C,2026-05-17,2026-05-19,25,1835.72,In Transit,Automotive
952,494,Warehouse_C,2026-05-27,2026-05-31,34,4018.27,Cancelled,FMCG
953,466,Warehouse_D,2026-05-16,2026-06-02,41,5185.25,Delivered,Electronics
954,290,Warehouse_E,2026-05-15,2026-05-25,34,6055.65,In Transit,Pharma
955,287,Warehouse_B,2026-05-11,2026-05-22,71,8553.02,Delivered,Pharma
956,31,Warehouse_D,2026-05-12,2026-05-31,33,706.45,Delivered,Industrial
957,410,Warehouse_E,2026-06-03,2026-06-06,57,1286.72,Delayed,FMCG
958,342,Warehouse_C,2026-05-12,2026-05-18,12,8009.54,Cancelled,FMCG
959,391,Warehouse_A,2026-05-22,2026-06-02,43,197.98,Delivered,Pharma
960,211,Warehouse_C,2026-05-27,2026-06-06,1,3177.09,Delayed,Automotive
961,389,Warehouse_C,2026-05-12,2026-05-14,25,1470.38,Cancelled,Electronics
962,295,Warehouse_A,2026-05-31,2026-06-15,84,4205.02,In Transit,Electronics
963,418,Warehouse_B,2026-05-21,2026-06-09,72,8653.88,In Transit,Pharma
964,411,Warehouse_C,2026-05-11,2026-05-15,97,6524.92,In Transit,Pharma
965,400,Warehouse_C,2026-05-25,2026-06-09,36,2193.14,Delivered,Automotive
966,354,Warehouse_E,2026-05-27,2026-05-29,20,3827.32,Cancelled,Pharma
967,482,Warehouse_E,2026-06-04,2026-06-11,7,3692.62,Delivered,Pharma
968,500,Warehouse_E,2026-06-04,2026-06-23,12,8538.31,Cancelled,FMCG
969,452,Warehouse_A,2026-05-11,2026-05-17,71,5864.57,In Transit,FMCG
970,380,Warehouse_E,2026-05-31,2026-06-17,41,1026.53,Delayed,Pharma
971,468,Warehouse_A,2026-05-11,2026-05-15,62,4297.86,Delayed,Automotive
972,5,Warehouse_A,2026-05-28,2026-06-09,47,8347.19,Delivered,FMCG
973,86,Warehouse_C,2026-05-27,2026-06-12,19,4889.56,Delivered,Pharma
974,418,Warehouse_B,2026-05-14,2026-05-23,73,9203.6,Delivered,Automotive
975,17,Warehouse_D,2026-05-11,2026-05-21,83,7096.14,In Transit,Automotive
976,259,Warehouse_D,2026-05-08,2026-05-25,1,2935.65,Cancelled,Pharma
977,8,Warehouse_C,2026-05-30,2026-06-10,71,3405.73,Delayed,Electronics
978,497,Warehouse_A,2026-05-24,2026-06-01,57,4941.09,In Transit,Electronics
979,90,Warehouse_B,2026-06-03,2026-06-06,100,8000.66,Delivered,Automotive
980,392,Warehouse_A,2026-05-11,2026-05-24,26,1580.06,Cancelled,FMCG
981,67,Warehouse_C,2026-05-16,2026-05-30,42,7636.9,Delivered,Industrial
982,164,Warehouse_D,2026-05-20,2026-06-02,79,2685.5,Cancelled,Industrial
983,269,Warehouse_C,2026-05-07,2026-05-08,93,6338.97,In Transit,FMCG
984,373,Warehouse_D,2026-05-17,2026-05-24,61,1542.54,Delivered,Pharma
985,102,Warehouse_C,2026-05-09,2026-05-16,69,4638.12,In Transit,Pharma
986,61,Warehouse_C,2026-05-22,2026-05-24,17,4810.4,Cancelled,Electronics
987,308,Warehouse_C,2026-05-12,2026-05-18,12,4594.78,Delayed,Pharma
988,66,Warehouse_A,2026-05-28,2026-05-31,8,7540.41,Delayed,Industrial
989,351,Warehouse_D,2026-05-08,2026-05-24,74,4363.5,Delivered,FMCG
990,487,Warehouse_E,2026-05-28,2026-06-16,47,7001.06,Cancelled,Industrial
991,87,Warehouse_A,2026-05-17,2026-06-04,3,3099.11,Delayed,Pharma
992,91,Warehouse_C,2026-05-10,2026-05-29,78,4430.33,Delayed,Industrial
993,209,Warehouse_C,2026-05-26,2026-06-12,42,5883.56,Delayed,Industrial
994,269,Warehouse_C,2026-05-09,2026-05-27,75,379.7,Cancelled,FMCG
995,283,Warehouse_A,2026-05-22,2026-05-24,47,4274.95,Delayed,Industrial
996,456,Warehouse_C,2026-05-21,2026-06-06,44,8433.87,Cancelled,Pharma
997,86,Warehouse_B,2026-05-29,2026-06-15,94,6658.53,Cancelled,Industrial
998,178,Warehouse_B,2026-06-03,2026-06-22,71,924.7,Cancelled,Electronics
999,231,Warehouse_E,2026-05-08,2026-05-26,74,7091.88,Cancelled,Industrial
1000,456,Warehouse_C,2026-05-06,2026-05-19,98,7060.18,Cancelled,Industrial
1001,139,Warehouse_B,2026-05-07,2026-05-26,81,6655.68,Delayed,Industrial
1002,457,Warehouse_D,2026-05-25,2026-06-06,6,4103.77,Cancelled,Pharma
1003,5,Warehouse_D,2026-05-19,2026-06-04,87,5146.39,Delivered,FMCG
1004,306,Warehouse_A,2026-05-23,2026-06-07,86,3932.25,Cancelled,Electronics
1005,445,Warehouse_B,2026-05-26,2026-06-13,12,4166.44,Cancelled,Pharma
1006,115,Warehouse_D,2026-05-20,2026-05-29,96,4677.91,Cancelled,Automotive
1007,300,Warehouse_B,2026-05-26,2026-05-27,98,2355.26,In Transit,Pharma
1008,8,Warehouse_A,2026-05-17,2026-05-29,71,6616.69,Cancelled,Industrial
1009,136,Warehouse_A,2026-05-28,2026-06-08,88,1700.47,Delivered,FMCG
1010,188,Warehouse_A,2026-05-28,2026-06-05,64,4871.36,Delivered,Electronics
1011,269,Warehouse_B,2026-05-16,2026-05-29,89,7085.71,Delivered,Automotive
1012,141,Warehouse_C,2026-05-10,2026-05-17,86,7443.57,Cancelled,Automotive
1013,308,Warehouse_B,2026-05-27,2026-06-08,96,7676.21,Cancelled,Electronics
1014,461,Warehouse_E,2026-05-26,2026-05-31,17,2116.51,Delayed,FMCG
1015,224,Warehouse_E,2026-05-09,2026-05-25,90,7847.02,Cancelled,Industrial
1016,165,Warehouse_A,2026-05-07,2026-05-15,96,9883.74,Delayed,FMCG
1017,442,Warehouse_D,2026-05-13,2026-05-21,50,9366.37,In Transit,Industrial
1018,180,Warehouse_D,2026-05-23,2026-05-30,75,7135.07,In Transit,FMCG
1019,47,Warehouse_E,2026-05-30,2026-06-06,93,8909.98,Delayed,Electronics
1020,79,Warehouse_A,2026-05-29,2026-06-15,30,6083.46,Delivered,Pharma
1021,370,Warehouse_A,2026-05-15,2026-05-26,39,7923.75,Cancelled,Pharma
1022,497,Warehouse_B,2026-05-13,2026-05-19,4,8422.89,Cancelled,Automotive
1023,443,Warehouse_A,2026-05-08,2026-05-19,38,4483.92,In Transit,Industrial
1024,416,Warehouse_B,2026-05-31,2026-06-07,93,8884.49,Cancelled,Pharma
1025,320,Warehouse_A,2026-05-11,2026-05-29,44,5594.09,Cancelled,Pharma
1026,381,Warehouse_C,2026-05-31,2026-06-05,38,8139.27,Delayed,Pharma
1027,306,Warehouse_E,2026-05-12,2026-05-22,61,335.5,Delayed,FMCG
1028,322,Warehouse_D,2026-05-19,2026-05-25,22,3814.47,Delivered,Electronics
1029,196,Warehouse_D,2026-05-18,2026-06-06,82,4556.47,Cancelled,Automotive
1030,175,Warehouse_B,2026-05-06,2026-05-11,99,2902.99,Delivered,FMCG
1031,45,Warehouse_B,2026-05-07,2026-05-22,39,5976.87,Delivered,Automotive
1032,156,Warehouse_E,2026-05-31,2026-06-06,39,5305.88,In Transit,FMCG
1033,441,Warehouse_B,2026-05-19,2026-05-20,79,7212.9,Delayed,FMCG
1034,228,Warehouse_A,2026-05-25,2026-06-02,65,9930.69,Delivered,Automotive
1035,135,Warehouse_A,2026-05-22,2026-05-23,23,1217.65,Delivered,Electronics
1036,373,Warehouse_E,2026-05-16,2026-05-27,49,3853.93,Delivered,Industrial
1037,17,Warehouse_A,2026-05-17,2026-06-06,28,2465.93,Cancelled,Automotive
1038,132,Warehouse_B,2026-05-24,2026-06-02,73,9257.0,In Transit,Industrial
1039,93,Warehouse_E,2026-06-04,2026-06-24,3,6893.62,Delayed,Pharma
1040,361,Warehouse_B,2026-05-31,2026-06-01,28,8710.13,In Transit,Automotive
1041,137,Warehouse_E,2026-05-18,2026-05-29,3,9830.99,Delivered,Industrial
1042,151,Warehouse_C,2026-05-08,2026-05-18,36,3573.44,In Transit,FMCG
1043,324,Warehouse_B,2026-05-08,2026-05-22,55,2239.44,Delivered,FMCG
1044,420,Warehouse_A,2026-06-02,2026-06-07,13,2225.77,Delivered,Pharma
1045,29,Warehouse_B,2026-05-31,2026-06-13,27,5302.65,Delayed,Industrial
1046,249,Warehouse_D,2026-06-03,2026-06-17,38,3546.84,In Transit,Pharma
1047,136,Warehouse_E,2026-06-04,2026-06-06,57,105.94,Delivered,Pharma
1048,102,Warehouse_C,2026-05-29,2026-06-13,52,5917.93,In Transit,Electronics
1049,138,Warehouse_A,2026-05-28,2026-06-07,79,4535.7,Delayed,FMCG
1050,376,Warehouse_D,2026-05-21,2026-05-24,91,8941.85,Delayed,Automotive
1051,51,Warehouse_D,2026-06-04,2026-06-14,19,6655.99,In Transit,FMCG
1052,204,Warehouse_C,2026-05-18,2026-06-03,69,1734.81,Cancelled,Electronics
1053,71,Warehouse_D,2026-05-28,2026-06-05,83,5409.46,Delivered,Industrial
1054,76,Warehouse_A,2026-05-09,2026-05-14,73,593.73,Cancelled,FMCG
1055,270,Warehouse_E,2026-05-21,2026-05-22,68,5060.03,In Transit,Automotive
1056,77,Warehouse_D,2026-05-19,2026-05-30,47,5742.56,Delayed,Automotive
1057,336,Warehouse_B,2026-06-01,2026-06-06,5,8102.68,Cancelled,Pharma
1058,191,Warehouse_C,2026-05-30,2026-06-04,76,4223.15,Delayed,Industrial
1059,328,Warehouse_B,2026-05-25,2026-06-01,91,6026.01,Delivered,FMCG
1060,96,Warehouse_A,2026-05-31,2026-06-20,95,8198.22,Delivered,Automotive
1061,292,Warehouse_C,2026-05-30,2026-06-11,43,2005.65,Cancelled,FMCG
1062,416,Warehouse_C,2026-05-30,2026-05-31,48,610.88,Delayed,FMCG
1063,481,Warehouse_D,2026-06-03,2026-06-19,68,848.53,In Transit,Industrial
1064,245,Warehouse_C,2026-05-12,2026-05-15,92,1932.98,Delayed,Electronics
1065,91,Warehouse_B,2026-05-17,2026-05-26,47,7572.34,Delivered,Industrial
1066,283,Warehouse_E,2026-05-31,2026-06-08,19,9745.45,Cancelled,FMCG
1067,26,Warehouse_A,2026-05-09,2026-05-21,43,2902.43,In Transit,FMCG
1068,151,Warehouse_D,2026-05-22,2026-05-31,58,5285.65,Cancelled,FMCG
1069,497,Warehouse_D,2026-05-30,2026-05-31,76,9949.03,Cancelled,Automotive
1070,123,Warehouse_A,2026-05-11,2026-05-25,65,3571.55,Delayed,Pharma
1071,304,Warehouse_E,2026-05-30,2026-06-11,99,6552.63,In Transit,FMCG
1072,37,Warehouse_D,2026-05-30,2026-06-14,20,3834.8,Delayed,FMCG
1073,375,Warehouse_E,2026-05-16,2026-06-01,84,8597.09,Delivered,Automotive
1074,204,Warehouse_C,2026-05-27,2026-06-04,47,2207.64,Delivered,Pharma
1075,189,Warehouse_C,2026-05-17,2026-05-19,97,6442.19,Cancelled,Pharma
1076,319,Warehouse_E,2026-05-28,2026-06-02,76,7306.31,Cancelled,FMCG
1077,358,Warehouse_C,2026-05-29,2026-05-30,7,6647.79,Delivered,FMCG
1078,22,Warehouse_A,2026-05-17,2026-06-06,46,6178.59,Cancelled,Industrial
1079,207,Warehouse_D,2026-06-03,2026-06-06,99,7129.59,Delayed,Electronics
1080,159,Warehouse_C,2026-05-22,2026-06-03,83,5265.25,Cancelled,Electronics
1081,140,Warehouse_C,2026-05-25,2026-06-12,11,2950.82,Delivered,Pharma
1082,220,Warehouse_C,2026-05-29,2026-06-04,19,8420.95,Delivered,Electronics
1083,16,Warehouse_D,2026-05-26,2026-06-14,53,9842.69,Cancelled,Electronics
1084,397,Warehouse_A,2026-05-18,2026-05-27,86,7226.08,Delivered,Industrial
1085,155,Warehouse_D,2026-05-20,2026-05-27,13,2966.54,Cancelled,FMCG
1086,230,Warehouse_D,2026-05-16,2026-05-31,43,7584.06,Delayed,Pharma
1087,238,Warehouse_A,2026-05-17,2026-06-05,91,2749.15,Cancelled,Electronics
1088,490,Warehouse_B,2026-05-23,2026-06-10,64,5470.8,Delayed,Automotive
1089,148,Warehouse_B,2026-05-14,2026-05-23,31,6968.43,In Transit,FMCG
1090,8,Warehouse_A,2026-06-02,2026-06-16,62,541.11,In Transit,Automotive
1091,181,Warehouse_A,2026-05-21,2026-05-29,38,676.37,Cancelled,Industrial
1092,128,Warehouse_D,2026-05-06,2026-05-15,99,6807.86,Delayed,Automotive
1093,144,Warehouse_A,2026-05-26,2026-05-30,66,4364.58,In Transit,FMCG
1094,67,Warehouse_E,2026-06-02,2026-06-17,29,924.59,In Transit,Electronics
1095,370,Warehouse_A,2026-06-01,2026-06-09,35,7238.93,In Transit,FMCG
1096,278,Warehouse_A,2026-05-06,2026-05-26,27,4372.93,Delayed,Industrial
1097,132,Warehouse_D,2026-05-17,2026-05-22,15,6850.0,In Transit,Automotive
1098,292,Warehouse_D,2026-05-12,2026-05-17,100,6288.46,Cancelled,Automotive
1099,500,Warehouse_C,2026-05-22,2026-05-27,6,7693.97,Delivered,Pharma
1100,230,Warehouse_C,2026-05-07,2026-05-19,23,9598.03,In Transit,Industrial
1101,480,Warehouse_C,2026-05-11,2026-05-25,55,438.03,Delivered,Electronics
1102,81,Warehouse_A,2026-05-26,2026-06-09,13,8802.24,Cancelled,Pharma
1103,88,Warehouse_B,2026-05-21,2026-06-08,86,5988.87,Delayed,FMCG
1104,76,Warehouse_D,2026-05-06,2026-05-18,78,8398.45,Delayed,Industrial
1105,300,Warehouse_D,2026-06-02,2026-06-20,56,4608.59,Cancelled,Automotive
1106,495,Warehouse_D,2026-05-18,2026-06-05,32,8942.13,In Transit,Electronics
1107,356,Warehouse_D,2026-05-19,2026-06-01,4,294.88,Delivered,Pharma
1108,325,Warehouse_D,2026-05-09,2026-05-20,30,3673.23,Cancelled,Industrial
1109,393,Warehouse_D,2026-05-12,2026-05-13,22,6481.1,Delayed,Electronics
1110,240,Warehouse_A,2026-05-10,2026-05-18,67,9181.61,Delivered,FMCG
1111,477,Warehouse_C,2026-05-26,2026-06-11,74,1956.54,Delayed,Automotive
1112,87,Warehouse_C,2026-06-01,2026-06-08,90,9226.33,In Transit,Pharma
1113,467,Warehouse_A,2026-05-21,2026-05-29,47,5422.72,Cancelled,Automotive
1114,331,Warehouse_E,2026-05-27,2026-05-31,69,3303.04,Delayed,Industrial
1115,489,Warehouse_C,2026-06-03,2026-06-04,23,7009.67,Delayed,Industrial
1116,333,Warehouse_D,2026-05-15,2026-05-19,34,4176.24,Cancelled,Industrial
1117,154,Warehouse_D,2026-05-24,2026-06-12,29,2259.05,Delayed,Industrial
1118,311,Warehouse_D,2026-05-24,2026-05-26,38,9202.87,Cancelled,Electronics
1119,14,Warehouse_C,2026-05-15,2026-05-24,74,5147.81,Delayed,Industrial
1120,370,Warehouse_A,2026-05-20,2026-06-04,71,2607.09,Delivered,Automotive
1121,479,Warehouse_E,2026-05-14,2026-05-26,64,2431.13,Delivered,Industrial
1122,154,Warehouse_D,2026-05-24,2026-06-09,13,7752.37,Cancelled,Electronics
1123,405,Warehouse_E,2026-06-01,2026-06-13,65,4108.26,Cancelled,Pharma
1124,115,Warehouse_D,2026-05-27,2026-06-04,2,5347.25,In Transit,FMCG
1125,463,Warehouse_A,2026-06-03,2026-06-12,27,4394.09,Delayed,FMCG
1126,219,Warehouse_C,2026-05-22,2026-06-08,53,430.07,In Transit,Pharma
1127,291,Warehouse_A,2026-05-18,2026-06-06,96,9069.4,In Transit,Pharma
1128,50,Warehouse_E,2026-05-10,2026-05-29,93,8382.34,Cancelled,FMCG
1129,236,Warehouse_A,2026-05-25,2026-06-06,90,8545.9,In Transit,Electronics
1130,276,Warehouse_D,2026-05-31,2026-06-08,52,6133.95,Delivered,Automotive
1131,127,Warehouse_E,2026-06-04,2026-06-21,33,2865.91,Cancelled,FMCG
1132,292,Warehouse_D,2026-05-21,2026-05-22,2,243.15,Delivered,Industrial
1133,263,Warehouse_C,2026-05-08,2026-05-26,81,671.88,In Transit,Automotive
1134,50,Warehouse_C,2026-05-30,2026-06-15,91,1669.75,Delayed,Industrial
1135,428,Warehouse_B,2026-05-23,2026-06-04,85,6353.7,Cancelled,Electronics
1136,43,Warehouse_B,2026-05-15,2026-05-21,83,9633.94,Delivered,Electronics
1137,34,Warehouse_C,2026-05-18,2026-06-02,83,2764.6,Cancelled,Automotive
1138,89,Warehouse_C,2026-05-13,2026-05-28,86,4106.34,Delivered,Electronics
1139,247,Warehouse_D,2026-05-08,2026-05-16,71,9677.87,In Transit,Industrial
1140,90,Warehouse_B,2026-05-22,2026-06-04,3,536.02,Delivered,Electronics
1141,88,Warehouse_B,2026-05-08,2026-05-11,55,3264.46,Delayed,Industrial
1142,346,Warehouse_E,2026-05-22,2026-05-26,33,180.73,Delayed,Industrial
1143,289,Warehouse_A,2026-05-23,2026-06-05,94,6119.53,Delayed,FMCG
1144,460,Warehouse_D,2026-05-13,2026-05-17,96,3451.1,Delayed,Industrial
1145,473,Warehouse_E,2026-05-13,2026-05-23,16,1420.17,Delayed,Industrial
1146,286,Warehouse_E,2026-06-04,2026-06-15,96,1118.01,Delayed,Electronics
1147,208,Warehouse_E,2026-05-26,2026-06-15,14,2780.42,In Transit,Pharma
1148,482,Warehouse_B,2026-06-03,2026-06-12,3,4329.74,In Transit,FMCG
1149,380,Warehouse_C,2026-05-10,2026-05-21,91,3342.57,Delayed,FMCG
1150,18,Warehouse_C,2026-06-03,2026-06-08,49,5502.65,In Transit,Electronics
1151,440,Warehouse_B,2026-05-25,2026-06-14,33,4916.35,Delayed,FMCG
1152,117,Warehouse_C,2026-06-02,2026-06-09,7,3270.72,In Transit,FMCG
1153,23,Warehouse_E,2026-05-15,2026-05-21,9,7723.55,Cancelled,Pharma
1154,98,Warehouse_B,2026-05-30,2026-06-10,75,3376.41,Cancelled,Industrial
1155,25,Warehouse_C,2026-05-18,2026-05-19,38,5028.19,Cancelled,Electronics
1156,339,Warehouse_B,2026-05-23,2026-05-27,16,9571.62,Cancelled,Electronics
1157,271,Warehouse_D,2026-05-07,2026-05-20,1,9636.48,Cancelled,Electronics
1158,184,Warehouse_D,2026-05-27,2026-06-16,71,8580.97,In Transit,Automotive
1159,194,Warehouse_B,2026-05-31,2026-06-08,42,9069.88,In Transit,Pharma
1160,174,Warehouse_D,2026-05-22,2026-06-04,83,4513.8,Cancelled,Pharma
1161,129,Warehouse_E,2026-05-29,2026-06-01,98,3364.29,Delayed,FMCG
1162,298,Warehouse_A,2026-05-16,2026-05-27,38,787.5,In Transit,FMCG
1163,484,Warehouse_E,2026-05-27,2026-05-31,46,1815.35,Delivered,Industrial
1164,31,Warehouse_E,2026-05-13,2026-06-01,26,8845.08,Cancelled,Industrial
1165,490,Warehouse_E,2026-05-28,2026-06-05,6,1512.77,In Transit,Pharma
1166,120,Warehouse_B,2026-06-04,2026-06-22,93,5807.51,Cancelled,Industrial
1167,301,Warehouse_E,2026-06-04,2026-06-07,89,3607.69,Cancelled,Pharma
1168,90,Warehouse_A,2026-05-14,2026-05-24,78,8044.22,Cancelled,Electronics
1169,308,Warehouse_C,2026-05-28,2026-06-03,38,6128.55,Delivered,Electronics
1170,271,Warehouse_D,2026-06-02,2026-06-10,86,1620.84,Delivered,Electronics
1171,401,Warehouse_A,2026-05-23,2026-05-31,78,5190.49,Delivered,FMCG
1172,226,Warehouse_A,2026-05-23,2026-05-28,96,2467.78,Delayed,FMCG
1173,490,Warehouse_B,2026-06-03,2026-06-23,27,5093.74,Delivered,FMCG
1174,452,Warehouse_D,2026-05-16,2026-05-28,53,7772.35,Delayed,Pharma
1175,92,Warehouse_D,2026-05-27,2026-06-16,21,6967.49,Delivered,Industrial
1176,480,Warehouse_E,2026-05-15,2026-05-29,96,103.56,In Transit,Electronics
1177,214,Warehouse_B,2026-05-23,2026-05-30,92,5837.65,In Transit,Industrial
1178,325,Warehouse_E,2026-05-24,2026-05-28,66,597.77,Cancelled,Electronics
1179,121,Warehouse_B,2026-05-29,2026-06-18,34,7306.33,Cancelled,Pharma
1180,47,Warehouse_E,2026-05-31,2026-06-01,72,915.23,Delivered,FMCG
1181,380,Warehouse_C,2026-05-28,2026-06-15,89,3445.09,In Transit,Automotive
1182,327,Warehouse_D,2026-05-23,2026-06-12,70,6739.79,Delayed,Pharma
1183,2,Warehouse_E,2026-05-17,2026-05-26,7,5728.22,In Transit,Pharma
1184,4,Warehouse_D,2026-05-10,2026-05-17,94,6978.07,Cancelled,Pharma
1185,148,Warehouse_D,2026-05-26,2026-05-28,3,4954.14,Delivered,Automotive
1186,295,Warehouse_B,2026-06-03,2026-06-08,10,3171.9,Delivered,Electronics
1187,489,Warehouse_B,2026-05-26,2026-06-07,81,1463.58,Cancelled,FMCG
1188,168,Warehouse_B,2026-05-22,2026-06-02,78,7764.95,Delivered,FMCG
1189,121,Warehouse_E,2026-05-20,2026-06-09,58,5006.98,Cancelled,Electronics
1190,360,Warehouse_B,2026-05-25,2026-05-28,97,5540.07,Delivered,Electronics
1191,165,Warehouse_B,2026-05-13,2026-05-19,17,641.53,Delayed,FMCG
1192,427,Warehouse_D,2026-06-01,2026-06-17,5,9594.39,Delivered,FMCG
1193,478,Warehouse_D,2026-05-06,2026-05-08,93,9906.41,Cancelled,Industrial
1194,191,Warehouse_B,2026-05-19,2026-06-06,48,270.14,Delayed,Automotive
1195,297,Warehouse_B,2026-05-17,2026-05-31,21,5621.51,Delayed,Pharma
1196,440,Warehouse_C,2026-05-15,2026-05-23,76,484.57,Cancelled,Automotive
1197,489,Warehouse_E,2026-05-29,2026-06-05,62,2534.65,Delayed,Industrial
1198,135,Warehouse_D,2026-05-16,2026-05-28,9,3278.65,In Transit,FMCG
1199,312,Warehouse_C,2026-05-10,2026-05-24,82,3929.21,Delivered,FMCG
1200,130,Warehouse_A,2026-05-06,2026-05-18,19,8406.08,Delayed,FMCG
1201,389,Warehouse_B,2026-05-21,2026-06-10,77,8940.46,Cancelled,Industrial
1202,460,Warehouse_B,2026-05-14,2026-05-29,51,6576.09,Delivered,FMCG
1203,107,Warehouse_B,2026-05-15,2026-05-23,37,1518.11,Delayed,Automotive
1204,125,Warehouse_B,2026-05-29,2026-06-05,43,1817.79,In Transit,FMCG
1205,138,Warehouse_A,2026-05-29,2026-06-18,7,7158.98,Cancelled,FMCG
1206,32,Warehouse_A,2026-05-24,2026-06-12,37,3496.75,Delivered,Electronics
1207,445,Warehouse_C,2026-05-23,2026-06-01,68,4863.58,Delayed,FMCG
1208,492,Warehouse_D,2026-05-31,2026-06-04,73,3207.68,In Transit,Electronics
1209,233,Warehouse_A,2026-05-18,2026-05-25,5,1404.99,In Transit,Electronics
1210,170,Warehouse_A,2026-06-04,2026-06-06,44,7422.19,Delivered,Pharma
1211,214,Warehouse_D,2026-05-13,2026-05-26,71,9563.29,In Transit,Automotive
1212,192,Warehouse_A,2026-05-07,2026-05-20,90,9437.12,Cancelled,Automotive
1213,150,Warehouse_D,2026-05-14,2026-05-16,28,8623.44,Delivered,FMCG
1214,208,Warehouse_A,2026-05-26,2026-06-05,18,5023.1,Cancelled,FMCG
1215,317,Warehouse_C,2026-05-20,2026-05-21,15,9833.61,Delivered,Electronics
1216,176,Warehouse_C,2026-05-15,2026-05-20,42,9683.44,Delayed,Electronics
1217,376,Warehouse_D,2026-05-11,2026-05-12,14,8941.01,In Transit,Industrial
1218,33,Warehouse_D,2026-05-14,2026-05-25,16,2966.67,Delivered,FMCG
1219,227,Warehouse_A,2026-05-09,2026-05-17,42,673.51,Cancelled,Pharma
1220,338,Warehouse_A,2026-05-06,2026-05-26,61,4750.71,In Transit,Electronics
1221,484,Warehouse_C,2026-06-02,2026-06-21,77,7880.62,Cancelled,Electronics
1222,264,Warehouse_B,2026-05-11,2026-05-21,9,8452.33,Delayed,Industrial
1223,270,Warehouse_B,2026-05-16,2026-05-19,78,3091.3,In Transit,FMCG
1224,349,Warehouse_A,2026-06-01,2026-06-21,45,4138.7,Delayed,FMCG
1225,246,Warehouse_C,2026-05-13,2026-05-30,27,9603.19,Delivered,Electronics
1226,1,Warehouse_B,2026-05-21,2026-05-26,94,2011.74,In Transit,Industrial
1227,147,Warehouse_B,2026-05-24,2026-06-03,90,177.07,In Transit,Automotive
1228,116,Warehouse_E,2026-05-24,2026-06-06,88,3277.93,In Transit,FMCG
1229,75,Warehouse_A,2026-05-24,2026-06-12,81,2662.47,Delivered,Electronics
1230,433,Warehouse_D,2026-05-15,2026-05-22,89,1209.11,Cancelled,Pharma
1231,472,Warehouse_D,2026-05-29,2026-06-10,62,846.65,Cancelled,Automotive
1232,347,Warehouse_C,2026-05-13,2026-05-27,35,364.61,Delayed,Electronics
1233,423,Warehouse_E,2026-05-22,2026-06-05,73,2051.85,Delayed,FMCG
1234,421,Warehouse_C,2026-05-18,2026-05-24,38,2173.48,Delivered,Automotive
1235,19,Warehouse_D,2026-05-31,2026-06-16,43,3410.85,Delivered,Industrial
1236,284,Warehouse_A,2026-05-15,2026-05-22,100,4295.79,Delivered,FMCG
1237,154,Warehouse_C,2026-05-31,2026-06-18,65,6935.68,Delivered,Pharma
1238,155,Warehouse_E,2026-06-03,2026-06-04,59,3941.02,Delayed,FMCG
1239,343,Warehouse_E,2026-05-30,2026-06-06,10,6987.66,Delivered,Electronics
1240,165,Warehouse_B,2026-05-12,2026-05-16,7,1974.06,Delivered,Industrial
1241,356,Warehouse_C,2026-05-09,2026-05-29,86,1871.52,Delayed,Electronics
1242,136,Warehouse_C,2026-06-03,2026-06-11,71,5149.97,Delayed,Industrial
1243,264,Warehouse_B,2026-05-20,2026-05-26,56,3376.15,Cancelled,FMCG
1244,463,Warehouse_B,2026-05-30,2026-06-17,19,4810.54,Delayed,Automotive
1245,273,Warehouse_E,2026-05-26,2026-06-03,9,2702.61,Delivered,Automotive
1246,98,Warehouse_B,2026-05-13,2026-05-24,97,8753.67,Cancelled,Pharma
1247,49,Warehouse_D,2026-06-01,2026-06-02,6,5187.96,Cancelled,Industrial
1248,264,Warehouse_B,2026-06-02,2026-06-22,66,1643.86,Delayed,Electronics
1249,367,Warehouse_E,2026-05-15,2026-05-24,80,3245.73,Cancelled,FMCG
1250,37,Warehouse_E,2026-05-17,2026-05-19,5,4058.68,Delayed,Automotive
1251,363,Warehouse_B,2026-05-31,2026-06-19,65,2086.02,Delivered,FMCG
1252,481,Warehouse_B,2026-05-06,2026-05-17,57,7666.36,Delivered,Pharma
1253,241,Warehouse_E,2026-05-20,2026-06-04,77,2891.64,Delivered,Automotive
1254,141,Warehouse_E,2026-05-14,2026-05-25,85,6356.3,In Transit,Electronics
1255,489,Warehouse_D,2026-05-08,2026-05-15,90,3466.55,Cancelled,Electronics
1256,347,Warehouse_D,2026-05-07,2026-05-17,8,2769.52,Delivered,Industrial
1257,191,Warehouse_A,2026-05-14,2026-05-25,1,6340.46,In Transit,Automotive
1258,366,Warehouse_B,2026-05-08,2026-05-28,65,688.55,In Transit,Pharma
1259,109,Warehouse_D,2026-05-10,2026-05-17,11,2802.36,In Transit,Pharma
1260,345,Warehouse_A,2026-05-08,2026-05-23,91,1576.4,Cancelled,Automotive
1261,288,Warehouse_D,2026-05-22,2026-05-28,90,6760.18,Delivered,Pharma
1262,219,Warehouse_E,2026-05-24,2026-05-28,28,512.33,Delayed,Industrial
1263,290,Warehouse_B,2026-05-10,2026-05-14,5,1372.98,In Transit,Pharma
1264,271,Warehouse_C,2026-06-01,2026-06-03,44,104.17,Delivered,FMCG
1265,305,Warehouse_E,2026-05-12,2026-05-18,30,7657.67,In Transit,Industrial
1266,472,Warehouse_D,2026-06-01,2026-06-02,31,2351.4,In Transit,Pharma
1267,106,Warehouse_D,2026-05-09,2026-05-24,15,5976.17,Delayed,Industrial
1268,236,Warehouse_B,2026-05-26,2026-06-08,67,3672.32,Delayed,FMCG
1269,402,Warehouse_C,2026-05-12,2026-05-17,96,1756.55,In Transit,Automotive
1270,101,Warehouse_B,2026-05-31,2026-06-09,84,2162.1,In Transit,Pharma
1271,14,Warehouse_E,2026-05-19,2026-05-24,23,1411.37,Delivered,Electronics
1272,194,Warehouse_B,2026-05-09,2026-05-25,31,6822.07,In Transit,FMCG
1273,6,Warehouse_C,2026-05-24,2026-06-10,17,827.02,Delayed,Pharma
1274,268,Warehouse_B,2026-05-14,2026-06-03,62,7874.03,In Transit,Electronics
1275,111,Warehouse_A,2026-05-26,2026-06-04,92,3136.49,In Transit,Pharma
1276,51,Warehouse_C,2026-05-29,2026-06-01,73,1949.74,In Transit,Electronics
1277,260,Warehouse_C,2026-05-10,2026-05-22,59,1738.05,Cancelled,Electronics
1278,426,Warehouse_D,2026-05-12,2026-05-18,55,2206.05,Cancelled,FMCG
1279,202,Warehouse_D,2026-05-23,2026-05-27,40,3796.47,Cancelled,Electronics
1280,186,Warehouse_A,2026-05-23,2026-06-02,98,895.44,In Transit,Electronics
1281,445,Warehouse_C,2026-05-31,2026-06-10,11,1961.03,In Transit,Pharma
1282,199,Warehouse_B,2026-05-16,2026-05-26,76,4949.44,Delayed,Industrial
1283,380,Warehouse_D,2026-06-01,2026-06-14,11,1217.08,In Transit,Automotive
1284,422,Warehouse_C,2026-05-06,2026-05-14,92,9636.3,In Transit,Industrial
1285,347,Warehouse_A,2026-05-06,2026-05-07,88,6464.14,Delayed,Automotive
1286,22,Warehouse_B,2026-06-01,2026-06-11,42,7957.64,Delivered,Automotive
1287,78,Warehouse_C,2026-05-21,2026-06-07,5,525.18,Delivered,Pharma
1288,433,Warehouse_E,2026-05-20,2026-06-08,29,1389.92,Delivered,Electronics
1289,437,Warehouse_C,2026-05-18,2026-05-29,9,1397.94,Delivered,Pharma
1290,446,Warehouse_A,2026-05-17,2026-05-24,85,4304.43,In Transit,Electronics
1291,290,Warehouse_C,2026-05-17,2026-06-04,60,8589.09,Cancelled,FMCG
1292,71,Warehouse_C,2026-05-15,2026-06-03,53,8794.17,Delivered,Pharma
1293,329,Warehouse_B,2026-05-28,2026-06-09,36,2415.5,Cancelled,Electronics
1294,265,Warehouse_A,2026-05-07,2026-05-27,36,9712.81,Delivered,Pharma
1295,202,Warehouse_D,2026-05-30,2026-06-04,1,933.92,Delivered,Industrial
1296,306,Warehouse_C,2026-06-01,2026-06-10,7,6494.6,Delivered,Electronics
1297,246,Warehouse_C,2026-05-18,2026-05-24,17,7426.54,Cancelled,FMCG
1298,413,Warehouse_C,2026-05-12,2026-05-30,80,6949.71,Cancelled,Electronics
1299,459,Warehouse_A,2026-05-18,2026-06-01,80,2681.4,Delayed,Pharma
1300,460,Warehouse_D,2026-05-17,2026-06-06,70,8316.59,In Transit,Automotive
1301,124,Warehouse_B,2026-05-17,2026-05-19,39,6956.76,Delayed,Automotive
1302,319,Warehouse_A,2026-05-20,2026-05-25,37,4073.46,Delivered,Industrial
1303,390,Warehouse_D,2026-05-17,2026-05-29,94,2646.06,In Transit,Industrial
1304,90,Warehouse_C,2026-05-06,2026-05-26,97,5903.73,Delayed,Automotive
1305,21,Warehouse_C,2026-05-17,2026-05-30,100,5972.99,Delivered,Automotive
1306,363,Warehouse_B,2026-05-17,2026-05-23,44,1610.21,In Transit,FMCG
1307,438,Warehouse_E,2026-05-13,2026-05-21,56,585.77,Cancelled,FMCG
1308,52,Warehouse_B,2026-05-20,2026-06-05,72,871.66,Cancelled,Electronics
1309,105,Warehouse_A,2026-05-10,2026-05-30,54,1145.51,In Transit,FMCG
1310,459,Warehouse_C,2026-06-04,2026-06-18,12,6511.55,Cancelled,Automotive
1311,363,Warehouse_D,2026-05-06,2026-05-14,49,8713.54,In Transit,Pharma
1312,272,Warehouse_B,2026-05-14,2026-05-21,66,1750.81,Delayed,FMCG
1313,492,Warehouse_E,2026-05-26,2026-06-15,35,112.47,In Transit,FMCG
1314,430,Warehouse_D,2026-05-21,2026-06-01,32,1200.16,In Transit,Industrial
1315,439,Warehouse_D,2026-05-25,2026-06-09,46,7515.7,Delivered,Pharma
1316,39,Warehouse_D,2026-05-26,2026-06-13,91,3359.03,Cancelled,Pharma
1317,368,Warehouse_D,2026-05-30,2026-06-15,58,6935.64,Cancelled,Electronics
1318,204,Warehouse_D,2026-06-04,2026-06-13,32,2479.53,In Transit,FMCG
1319,211,Warehouse_B,2026-05-22,2026-05-24,47,8247.47,Delayed,Automotive
1320,390,Warehouse_A,2026-05-07,2026-05-21,22,6834.75,Cancelled,Industrial
1321,496,Warehouse_A,2026-05-20,2026-06-01,16,4805.31,Delivered,Electronics
1322,150,Warehouse_C,2026-06-03,2026-06-05,53,9905.1,Delivered,Automotive
1323,234,Warehouse_E,2026-05-06,2026-05-22,14,5729.36,Cancelled,Industrial
1324,21,Warehouse_C,2026-05-22,2026-06-01,99,7800.58,Cancelled,Pharma
1325,272,Warehouse_B,2026-05-12,2026-05-26,99,6947.24,Delayed,Electronics
1326,165,Warehouse_B,2026-05-30,2026-06-18,60,8933.28,Delivered,FMCG
1327,430,Warehouse_A,2026-06-02,2026-06-11,30,4502.22,Delivered,Industrial
1328,336,Warehouse_B,2026-05-22,2026-06-02,23,2845.46,Delayed,Industrial
1329,24,Warehouse_D,2026-05-10,2026-05-14,7,5915.79,Delayed,Automotive
1330,41,Warehouse_C,2026-05-23,2026-06-06,16,1600.06,In Transit,Pharma
1331,460,Warehouse_A,2026-05-18,2026-05-30,70,8892.31,In Transit,Industrial
1332,225,Warehouse_C,2026-05-25,2026-06-10,50,1672.76,Cancelled,Industrial
1333,153,Warehouse_D,2026-05-20,2026-06-09,14,5867.4,Delayed,FMCG
1334,42,Warehouse_D,2026-05-25,2026-06-05,3,2966.78,Delayed,Industrial
1335,85,Warehouse_A,2026-05-07,2026-05-27,76,3197.93,Delivered,FMCG
1336,337,Warehouse_B,2026-05-14,2026-05-18,54,7047.33,Delayed,Industrial
1337,483,Warehouse_B,2026-05-24,2026-06-01,79,8923.1,Cancelled,Pharma
1338,250,Warehouse_B,2026-06-03,2026-06-12,9,1529.08,In Transit,Electronics
1339,260,Warehouse_A,2026-05-17,2026-06-05,96,9124.75,In Transit,Pharma
1340,82,Warehouse_A,2026-05-19,2026-06-01,86,8780.6,Delayed,Automotive
1341,500,Warehouse_C,2026-05-08,2026-05-16,79,5908.61,Delayed,Automotive
1342,351,Warehouse_E,2026-05-26,2026-06-07,14,8728.56,Delayed,Pharma
1343,400,Warehouse_B,2026-06-04,2026-06-14,15,4959.8,In Transit,Automotive
1344,476,Warehouse_E,2026-05-27,2026-06-07,93,635.69,In Transit,Electronics
1345,13,Warehouse_D,2026-05-23,2026-06-05,41,3943.83,Cancelled,Automotive
1346,390,Warehouse_C,2026-05-26,2026-06-15,55,2456.2,In Transit,Industrial
1347,229,Warehouse_B,2026-05-19,2026-06-08,81,1390.96,In Transit,Pharma
1348,227,Warehouse_D,2026-06-02,2026-06-04,88,5705.0,Delayed,FMCG
1349,443,Warehouse_D,2026-05-08,2026-05-11,44,7811.11,Delivered,FMCG
1350,33,Warehouse_A,2026-05-18,2026-06-06,61,4756.37,Delivered,FMCG
1351,114,Warehouse_E,2026-05-17,2026-05-18,79,1119.28,In Transit,Electronics
1352,226,Warehouse_A,2026-05-19,2026-06-04,92,7054.55,Delayed,Automotive
1353,240,Warehouse_A,2026-05-22,2026-06-03,30,6191.51,Delayed,Automotive
1354,165,Warehouse_D,2026-05-26,2026-06-14,39,1659.57,In Transit,Automotive
1355,281,Warehouse_C,2026-05-12,2026-05-24,83,849.85,Delivered,Automotive
1356,30,Warehouse_B,2026-05-31,2026-06-06,92,3283.6,In Transit,Pharma
1357,498,Warehouse_B,2026-05-17,2026-05-25,99,7319.03,Delayed,Industrial
1358,94,Warehouse_C,2026-05-13,2026-05-16,44,9538.34,Delayed,FMCG
1359,324,Warehouse_B,2026-05-18,2026-05-27,51,6673.3,In Transit,Electronics
1360,299,Warehouse_A,2026-05-16,2026-05-25,44,1808.7,Cancelled,Electronics
1361,43,Warehouse_B,2026-05-20,2026-06-02,73,4558.99,Delayed,Automotive
1362,463,Warehouse_C,2026-05-18,2026-05-29,83,739.72,Delayed,Industrial
1363,1,Warehouse_B,2026-05-18,2026-06-05,24,5673.3,Delivered,Industrial
1364,127,Warehouse_C,2026-05-30,2026-06-02,83,2939.35,Delivered,Industrial
1365,433,Warehouse_B,2026-06-04,2026-06-18,21,9416.73,In Transit,Automotive
1366,459,Warehouse_B,2026-05-24,2026-06-08,73,2956.1,Delayed,FMCG
1367,137,Warehouse_A,2026-06-02,2026-06-08,13,3476.04,Cancelled,Industrial
1368,328,Warehouse_D,2026-05-08,2026-05-25,56,192.52,In Transit,Pharma
1369,257,Warehouse_B,2026-05-20,2026-05-22,87,3962.63,In Transit,Industrial
1370,297,Warehouse_E,2026-05-23,2026-06-05,16,7699.78,In Transit,Automotive
1371,266,Warehouse_A,2026-05-25,2026-06-03,21,5457.4,Delivered,Industrial
1372,438,Warehouse_A,2026-05-11,2026-05-21,64,8060.03,Delayed,Industrial
1373,114,Warehouse_D,2026-05-27,2026-06-15,37,4199.21,Delayed,FMCG
1374,101,Warehouse_E,2026-05-12,2026-05-23,22,9939.25,Delivered,FMCG
1375,28,Warehouse_E,2026-06-02,2026-06-12,53,3781.68,Delivered,Electronics
1376,186,Warehouse_E,2026-05-08,2026-05-10,19,7720.87,Delayed,Automotive
1377,117,Warehouse_A,2026-05-19,2026-06-06,12,5288.29,Cancelled,Automotive
1378,233,Warehouse_D,2026-06-01,2026-06-05,3,8323.79,In Transit,Electronics
1379,259,Warehouse_A,2026-05-09,2026-05-18,15,280.99,In Transit,Pharma
1380,383,Warehouse_C,2026-05-20,2026-05-22,45,7643.51,Cancelled,Industrial
1381,235,Warehouse_B,2026-05-17,2026-05-27,8,7761.3,Cancelled,Pharma
1382,470,Warehouse_C,2026-05-11,2026-05-12,56,8807.31,Delayed,FMCG
1383,240,Warehouse_C,2026-05-21,2026-06-02,3,7531.3,Delivered,Pharma
1384,90,Warehouse_E,2026-05-10,2026-05-15,51,4806.15,In Transit,Industrial
1385,153,Warehouse_E,2026-05-17,2026-05-28,43,370.07,Cancelled,Electronics
1386,289,Warehouse_E,2026-05-18,2026-05-23,29,8329.42,Delayed,Electronics
1387,335,Warehouse_E,2026-05-13,2026-05-27,95,2751.07,Delivered,Industrial
1388,482,Warehouse_E,2026-05-21,2026-05-25,12,5420.8,In Transit,Pharma
1389,83,Warehouse_E,2026-05-31,2026-06-16,82,8063.94,Cancelled,Industrial
1390,356,Warehouse_C,2026-05-29,2026-06-08,94,2769.65,Cancelled,Industrial
1391,386,Warehouse_D,2026-05-26,2026-05-27,87,1648.73,Delivered,Electronics
1392,53,Warehouse_B,2026-05-23,2026-06-07,99,6796.68,Delayed,FMCG
1393,159,Warehouse_A,2026-06-01,2026-06-04,29,8224.96,Delivered,Pharma
1394,98,Warehouse_B,2026-06-04,2026-06-14,48,9077.76,Delivered,Electronics
1395,81,Warehouse_B,2026-06-03,2026-06-10,62,8708.5,In Transit,FMCG
1396,443,Warehouse_C,2026-05-13,2026-05-24,8,6155.69,Delivered,Industrial
1397,123,Warehouse_C,2026-05-16,2026-05-24,47,7472.6,Delivered,Electronics
1398,59,Warehouse_B,2026-05-14,2026-05-22,29,1857.11,Delivered,Pharma
1399,301,Warehouse_C,2026-06-02,2026-06-11,31,694.16,Delivered,Automotive
1400,172,Warehouse_C,2026-05-16,2026-05-29,40,3060.93,Delivered,Electronics
1401,195,Warehouse_A,2026-05-25,2026-06-08,83,6175.42,Delivered,Electronics
1402,69,Warehouse_A,2026-06-02,2026-06-07,54,1641.79,Delayed,Electronics
1403,26,Warehouse_A,2026-06-01,2026-06-14,71,2292.07,Delayed,Automotive
1404,31,Warehouse_C,2026-05-28,2026-06-07,33,6976.4,Delayed,FMCG
1405,227,Warehouse_B,2026-05-31,2026-06-02,72,4512.01,Delayed,FMCG
1406,198,Warehouse_E,2026-05-17,2026-06-05,96,1008.65,In Transit,Industrial
1407,248,Warehouse_E,2026-05-06,2026-05-08,20,7604.34,Delayed,Electronics
1408,148,Warehouse_D,2026-05-16,2026-06-04,61,6527.3,Cancelled,FMCG
1409,211,Warehouse_E,2026-06-03,2026-06-18,86,1102.69,Delayed,Automotive
1410,438,Warehouse_D,2026-05-22,2026-06-01,88,2255.33,Cancelled,Industrial
1411,18,Warehouse_D,2026-05-18,2026-05-19,5,6169.74,In Transit,Electronics
1412,232,Warehouse_D,2026-05-13,2026-05-15,36,3969.97,Delivered,Automotive
1413,115,Warehouse_E,2026-06-02,2026-06-10,76,5036.4,Delayed,Industrial
1414,101,Warehouse_D,2026-06-03,2026-06-17,87,6534.96,Cancelled,Pharma
1415,455,Warehouse_E,2026-05-26,2026-06-09,8,154.27,Delayed,Pharma
1416,196,Warehouse_E,2026-05-17,2026-05-24,79,5241.71,Delivered,Automotive
1417,190,Warehouse_E,2026-05-11,2026-05-25,56,5922.12,Cancelled,Pharma
1418,373,Warehouse_E,2026-05-08,2026-05-12,62,254.71,Delivered,Industrial
1419,365,Warehouse_C,2026-05-24,2026-06-11,35,5631.12,Delayed,Industrial
1420,428,Warehouse_E,2026-05-30,2026-06-16,19,4799.14,Delayed,Automotive
1421,420,Warehouse_D,2026-05-16,2026-05-28,21,7709.59,Delivered,FMCG
1422,140,Warehouse_A,2026-05-28,2026-05-30,3,1615.81,Cancelled,Automotive
1423,63,Warehouse_B,2026-05-11,2026-05-19,4,7488.29,In Transit,Automotive
1424,432,Warehouse_B,2026-05-18,2026-05-26,99,4457.4,Cancelled,Automotive
1425,441,Warehouse_C,2026-05-14,2026-05-27,37,3027.96,Delivered,Automotive
1426,121,Warehouse_A,2026-05-07,2026-05-21,91,5401.23,Delayed,Industrial
1427,54,Warehouse_E,2026-05-26,2026-06-08,91,1776.82,Delayed,Electronics
1428,433,Warehouse_A,2026-05-13,2026-05-17,46,178.61,In Transit,Pharma
1429,247,Warehouse_E,2026-05-14,2026-05-19,6,6790.94,Cancelled,FMCG
1430,251,Warehouse_A,2026-05-17,2026-05-23,79,1527.91,Delayed,Electronics
1431,390,Warehouse_E,2026-06-04,2026-06-21,21,7105.2,Delivered,Industrial
1432,471,Warehouse_C,2026-05-18,2026-05-30,12,7773.19,In Transit,Pharma
1433,249,Warehouse_E,2026-05-10,2026-05-29,87,9049.01,In Transit,Automotive
1434,364,Warehouse_A,2026-05-12,2026-05-23,72,8434.34,In Transit,Pharma
1435,196,Warehouse_C,2026-05-30,2026-06-14,42,9344.52,Delivered,Industrial
1436,204,Warehouse_B,2026-06-03,2026-06-23,77,5639.06,Cancelled,Pharma
1437,361,Warehouse_A,2026-06-01,2026-06-04,80,8019.21,In Transit,Automotive
1438,350,Warehouse_B,2026-05-19,2026-05-30,39,2883.63,Delayed,Pharma
1439,435,Warehouse_A,2026-05-15,2026-05-21,51,8424.38,Cancelled,Automotive
1440,183,Warehouse_B,2026-05-13,2026-05-26,1,7176.47,Delivered,FMCG
1441,102,Warehouse_E,2026-05-19,2026-06-02,68,4167.01,Cancelled,FMCG
1442,281,Warehouse_D,2026-05-29,2026-06-15,72,3920.17,Delayed,FMCG
1443,259,Warehouse_A,2026-06-04,2026-06-13,26,5274.45,Cancelled,Industrial
1444,348,Warehouse_A,2026-05-27,2026-06-16,22,3036.27,Delivered,Industrial
1445,70,Warehouse_A,2026-06-01,2026-06-16,56,7223.12,In Transit,Automotive
1446,363,Warehouse_B,2026-05-23,2026-06-11,1,9619.5,Cancelled,Industrial
1447,453,Warehouse_A,2026-05-17,2026-05-20,43,5949.77,Delivered,Industrial
1448,119,Warehouse_E,2026-05-13,2026-05-28,35,7546.32,In Transit,Automotive
1449,206,Warehouse_B,2026-05-18,2026-05-31,88,4226.23,Delayed,FMCG
1450,150,Warehouse_E,2026-05-06,2026-05-25,63,1675.05,Delayed,Pharma
1451,435,Warehouse_C,2026-06-03,2026-06-17,14,5980.0,Delivered,Industrial
1452,223,Warehouse_C,2026-05-07,2026-05-27,46,9571.85,Delayed,Automotive
1453,13,Warehouse_B,2026-05-12,2026-05-22,71,5436.28,In Transit,Automotive
1454,221,Warehouse_D,2026-06-04,2026-06-08,50,3270.62,Delayed,Electronics
1455,332,Warehouse_A,2026-05-07,2026-05-16,38,1773.65,Cancelled,Pharma
1456,256,Warehouse_C,2026-05-31,2026-06-08,33,9058.08,Delayed,Pharma
1457,240,Warehouse_C,2026-05-09,2026-05-21,5,1175.26,Cancelled,Industrial
1458,293,Warehouse_D,2026-05-08,2026-05-13,13,7576.35,Delivered,FMCG
1459,445,Warehouse_D,2026-05-29,2026-06-06,22,4464.5,Cancelled,Electronics
1460,392,Warehouse_D,2026-05-06,2026-05-23,60,9007.17,Delayed,Industrial
1461,145,Warehouse_E,2026-05-17,2026-05-20,24,9144.0,Cancelled,Automotive
1462,247,Warehouse_C,2026-05-19,2026-06-04,61,4469.63,Cancelled,Automotive
1463,466,Warehouse_B,2026-05-12,2026-05-25,66,5581.33,In Transit,FMCG
1464,210,Warehouse_B,2026-05-19,2026-06-08,70,8471.37,Delayed,Electronics
1465,144,Warehouse_E,2026-05-16,2026-05-26,89,7553.68,Cancelled,FMCG
1466,257,Warehouse_A,2026-05-31,2026-06-14,22,3494.88,Delayed,FMCG
1467,148,Warehouse_D,2026-06-02,2026-06-20,65,5497.74,Delayed,Pharma
1468,292,Warehouse_E,2026-05-21,2026-05-28,89,751.8,Delivered,Industrial
1469,484,Warehouse_A,2026-05-06,2026-05-25,47,5929.21,In Transit,Automotive
1470,380,Warehouse_D,2026-05-07,2026-05-27,96,8734.82,Cancelled,Industrial
1471,286,Warehouse_E,2026-05-07,2026-05-14,7,7799.43,In Transit,Pharma
1472,446,Warehouse_A,2026-05-23,2026-05-27,55,8612.46,Cancelled,Electronics
1473,2,Warehouse_B,2026-05-26,2026-05-30,95,1825.3,In Transit,FMCG
1474,291,Warehouse_B,2026-05-20,2026-06-08,28,7081.28,Delayed,FMCG
1475,424,Warehouse_A,2026-05-14,2026-06-03,17,6582.05,Delivered,FMCG
1476,97,Warehouse_D,2026-05-13,2026-05-26,59,3403.84,Delayed,Industrial
1477,35,Warehouse_D,2026-05-20,2026-05-27,78,3037.97,Delayed,FMCG
1478,395,Warehouse_C,2026-05-11,2026-05-14,6,1713.18,Cancelled,Automotive
1479,387,Warehouse_D,2026-05-20,2026-05-29,38,8371.5,In Transit,Pharma
1480,152,Warehouse_A,2026-05-10,2026-05-20,61,6352.99,Delivered,Automotive
1481,296,Warehouse_B,2026-05-16,2026-05-26,31,8439.55,Delivered,FMCG
1482,266,Warehouse_E,2026-05-17,2026-05-28,33,8861.28,Delivered,FMCG
1483,471,Warehouse_B,2026-06-03,2026-06-20,82,196.71,Cancelled,Pharma
1484,11,Warehouse_B,2026-05-26,2026-06-07,14,9700.05,Delivered,Pharma
1485,445,Warehouse_B,2026-05-21,2026-06-07,77,8184.16,Delayed,FMCG
1486,334,Warehouse_B,2026-05-08,2026-05-09,72,5360.26,Delivered,Automotive
1487,234,Warehouse_B,2026-05-30,2026-06-18,28,3699.56,In Transit,Electronics
1488,209,Warehouse_B,2026-05-29,2026-06-15,91,6752.57,Cancelled,Automotive
1489,374,Warehouse_A,2026-05-10,2026-05-16,58,8545.25,In Transit,Automotive
1490,493,Warehouse_E,2026-05-07,2026-05-15,77,1647.83,Delivered,FMCG
1491,154,Warehouse_A,2026-05-26,2026-06-12,73,1441.51,Delivered,Electronics
1492,467,Warehouse_B,2026-05-12,2026-05-19,81,8665.97,Delayed,Automotive
1493,185,Warehouse_B,2026-05-18,2026-05-31,32,4378.86,In Transit,Automotive
1494,316,Warehouse_D,2026-05-22,2026-06-11,20,9929.91,Cancelled,FMCG
1495,326,Warehouse_C,2026-05-06,2026-05-23,91,5997.26,Delivered,Electronics
1496,421,Warehouse_B,2026-05-11,2026-05-29,59,1717.5,Delayed,Pharma
1497,328,Warehouse_C,2026-06-04,2026-06-08,72,5042.52,Delivered,Electronics
1498,46,Warehouse_B,2026-05-25,2026-05-26,86,2958.95,Cancelled,Industrial
1499,420,Warehouse_C,2026-05-17,2026-05-24,18,7805.28,Delivered,FMCG
1500,199,Warehouse_C,2026-06-02,2026-06-11,33,9728.76,Cancelled,Industrial
1501,149,Warehouse_B,2026-05-23,2026-05-26,51,4769.95,Delivered,FMCG
1502,273,Warehouse_A,2026-05-11,2026-05-23,83,749.38,Cancelled,Industrial
1503,492,Warehouse_D,2026-05-06,2026-05-18,100,951.72,Delivered,Industrial
1504,450,Warehouse_E,2026-05-15,2026-05-30,83,963.13,Delivered,Automotive
1505,278,Warehouse_B,2026-05-17,2026-05-25,21,9430.63,Delivered,Pharma
1506,457,Warehouse_B,2026-05-15,2026-05-28,17,8411.02,Delivered,Industrial
1507,459,Warehouse_A,2026-05-06,2026-05-22,75,120.84,Delivered,Pharma
1508,67,Warehouse_C,2026-05-22,2026-06-05,87,3756.0,Cancelled,Industrial
1509,382,Warehouse_A,2026-05-21,2026-05-26,71,6378.05,Cancelled,FMCG
1510,220,Warehouse_A,2026-05-09,2026-05-24,22,7307.04,Delayed,Automotive
1511,29,Warehouse_D,2026-05-18,2026-05-29,21,988.82,Cancelled,FMCG
1512,253,Warehouse_D,2026-06-01,2026-06-19,55,4915.56,Cancelled,Pharma
1513,407,Warehouse_B,2026-05-20,2026-05-31,23,7624.41,In Transit,Electronics
1514,222,Warehouse_C,2026-06-04,2026-06-09,44,5904.7,Delivered,Industrial
1515,22,Warehouse_C,2026-05-07,2026-05-09,30,4172.61,In Transit,FMCG
1516,342,Warehouse_B,2026-05-06,2026-05-09,41,5247.31,Delayed,FMCG
1517,26,Warehouse_C,2026-05-09,2026-05-28,71,5200.07,Delayed,Pharma
1518,432,Warehouse_B,2026-05-16,2026-05-21,50,4270.37,In Transit,Pharma
1519,375,Warehouse_A,2026-05-17,2026-06-03,76,9234.12,Delayed,Automotive
1520,100,Warehouse_A,2026-05-19,2026-06-06,37,3791.5,Delayed,Pharma
1521,133,Warehouse_D,2026-05-18,2026-06-06,78,5311.86,Delivered,Industrial
1522,110,Warehouse_C,2026-05-06,2026-05-26,72,1564.57,Cancelled,Electronics
1523,178,Warehouse_B,2026-06-01,2026-06-12,49,7721.32,Delayed,Pharma
1524,93,Warehouse_A,2026-05-08,2026-05-13,89,9577.55,Delivered,Automotive
1525,340,Warehouse_E,2026-05-16,2026-05-28,16,3616.46,Cancelled,Automotive
1526,372,Warehouse_B,2026-05-13,2026-05-23,81,1182.45,Cancelled,Electronics
1527,348,Warehouse_C,2026-05-08,2026-05-17,54,7402.48,Delayed,Electronics
1528,432,Warehouse_B,2026-05-13,2026-05-21,66,7544.34,Delayed,Industrial
1529,294,Warehouse_B,2026-05-24,2026-06-13,18,3732.01,Cancelled,Electronics
1530,60,Warehouse_B,2026-05-26,2026-06-05,71,2149.22,Cancelled,FMCG
1531,91,Warehouse_B,2026-05-20,2026-06-08,4,9509.35,Cancelled,Industrial
1532,436,Warehouse_E,2026-05-12,2026-05-27,8,6989.16,In Transit,Electronics
1533,418,Warehouse_C,2026-05-07,2026-05-13,4,2773.08,Cancelled,Industrial
1534,264,Warehouse_B,2026-05-29,2026-05-31,69,5236.18,Delayed,Automotive
1535,79,Warehouse_A,2026-05-21,2026-06-02,14,328.63,Delivered,Pharma
1536,411,Warehouse_B,2026-05-06,2026-05-15,35,1196.34,Delivered,Electronics
1537,295,Warehouse_B,2026-05-21,2026-06-09,38,6607.34,Delayed,Automotive
1538,276,Warehouse_D,2026-05-18,2026-05-23,91,4973.87,Delivered,Electronics
1539,218,Warehouse_E,2026-05-12,2026-05-23,72,2923.57,Delayed,FMCG
1540,380,Warehouse_A,2026-05-27,2026-06-09,33,7518.4,In Transit,Pharma
1541,121,Warehouse_B,2026-05-30,2026-06-01,86,5998.35,In Transit,Automotive
1542,289,Warehouse_B,2026-05-26,2026-06-04,10,5743.93,Cancelled,Pharma
1543,432,Warehouse_E,2026-05-13,2026-05-27,48,254.67,Delivered,Pharma
1544,312,Warehouse_A,2026-05-15,2026-05-17,62,7777.84,Delivered,Automotive
1545,63,Warehouse_B,2026-05-18,2026-05-22,97,6500.88,Cancelled,Industrial
1546,212,Warehouse_C,2026-05-22,2026-06-03,49,878.61,In Transit,FMCG
1547,115,Warehouse_E,2026-05-07,2026-05-27,69,8899.26,In Transit,Industrial
1548,255,Warehouse_B,2026-06-02,2026-06-16,49,766.05,In Transit,Electronics
1549,106,Warehouse_B,2026-05-16,2026-05-28,23,333.11,Delayed,Electronics
1550,286,Warehouse_D,2026-05-07,2026-05-24,69,6440.18,Delivered,Automotive
1551,414,Warehouse_C,2026-05-29,2026-06-04,93,237.76,In Transit,Industrial
1552,198,Warehouse_A,2026-05-22,2026-05-31,32,2751.58,Cancelled,FMCG
1553,229,Warehouse_E,2026-05-08,2026-05-28,22,2654.59,Delivered,Automotive
1554,6,Warehouse_A,2026-05-13,2026-05-19,27,5130.87,Delayed,Industrial
1555,313,Warehouse_C,2026-06-02,2026-06-09,94,5281.24,Cancelled,Automotive
1556,381,Warehouse_E,2026-05-15,2026-05-20,43,3672.69,Cancelled,FMCG
1557,392,Warehouse_D,2026-05-25,2026-06-13,39,4902.49,In Transit,Electronics
1558,474,Warehouse_B,2026-05-18,2026-06-01,27,2995.33,In Transit,FMCG
1559,9,Warehouse_D,2026-05-07,2026-05-14,54,675.98,Delayed,Electronics
1560,428,Warehouse_B,2026-05-14,2026-05-29,82,9968.22,Delayed,Electronics
1561,76,Warehouse_C,2026-05-25,2026-06-02,60,7581.72,Delayed,Pharma
1562,494,Warehouse_C,2026-05-07,2026-05-23,44,3692.93,Delayed,Pharma
1563,91,Warehouse_D,2026-05-06,2026-05-22,22,5504.5,In Transit,Electronics
1564,224,Warehouse_D,2026-05-30,2026-06-05,81,9321.54,Cancelled,Pharma
1565,472,Warehouse_E,2026-05-30,2026-06-08,66,6047.17,Cancelled,Pharma
1566,106,Warehouse_B,2026-05-26,2026-06-08,5,9805.43,Delivered,Automotive
1567,461,Warehouse_C,2026-06-03,2026-06-12,10,4177.59,Delivered,Automotive
1568,229,Warehouse_A,2026-06-04,2026-06-13,12,1431.96,In Transit,Automotive
1569,382,Warehouse_B,2026-05-26,2026-06-12,83,6402.26,In Transit,Pharma
1570,441,Warehouse_D,2026-05-25,2026-06-04,47,3548.75,Delivered,Automotive
1571,224,Warehouse_D,2026-05-24,2026-06-13,41,2854.23,Delayed,Electronics
1572,183,Warehouse_D,2026-05-23,2026-05-24,61,6622.05,Delivered,Pharma
1573,195,Warehouse_C,2026-05-17,2026-06-03,89,2006.16,Delayed,Pharma
1574,120,Warehouse_B,2026-05-19,2026-05-23,5,2245.61,Cancelled,FMCG
1575,314,Warehouse_C,2026-05-07,2026-05-16,99,4507.41,Delivered,Industrial
1576,334,Warehouse_C,2026-06-01,2026-06-16,97,1809.83,Delivered,Pharma
1577,377,Warehouse_B,2026-05-30,2026-06-02,62,9505.96,Cancelled,Industrial
1578,145,Warehouse_A,2026-06-03,2026-06-06,57,8220.15,Delayed,Pharma
1579,232,Warehouse_A,2026-05-11,2026-05-22,70,2935.86,In Transit,Automotive
1580,281,Warehouse_D,2026-05-06,2026-05-11,52,5217.72,Delayed,Industrial
1581,187,Warehouse_E,2026-05-28,2026-06-16,18,5813.67,In Transit,Pharma
1582,212,Warehouse_B,2026-05-27,2026-06-07,54,6300.27,In Transit,Industrial
1583,248,Warehouse_C,2026-05-25,2026-06-13,78,795.9,Cancelled,Automotive
1584,318,Warehouse_C,2026-05-24,2026-06-06,82,4086.6,In Transit,Industrial
1585,125,Warehouse_E,2026-05-15,2026-05-29,84,9078.31,Delayed,Pharma
1586,106,Warehouse_B,2026-05-28,2026-06-16,90,8537.77,Delivered,Pharma
1587,110,Warehouse_C,2026-05-16,2026-05-31,22,2018.41,Delayed,Electronics
1588,426,Warehouse_B,2026-05-10,2026-05-29,94,3059.42,In Transit,Industrial
1589,267,Warehouse_E,2026-05-15,2026-05-31,20,7541.45,Delayed,Electronics
1590,495,Warehouse_C,2026-06-02,2026-06-13,13,9174.83,Cancelled,Industrial
1591,25,Warehouse_D,2026-05-06,2026-05-12,71,8125.25,Delayed,FMCG
1592,362,Warehouse_E,2026-05-06,2026-05-09,30,8224.72,Cancelled,Industrial
1593,265,Warehouse_C,2026-05-14,2026-05-24,30,6393.65,Delayed,FMCG
1594,24,Warehouse_B,2026-05-08,2026-05-15,10,9808.81,Delayed,Pharma
1595,264,Warehouse_E,2026-05-30,2026-06-17,58,2347.74,Delivered,Industrial
1596,274,Warehouse_B,2026-05-19,2026-05-31,68,5067.17,Delivered,Electronics
1597,269,Warehouse_E,2026-05-08,2026-05-16,69,3061.55,Cancelled,Automotive
1598,88,Warehouse_A,2026-05-14,2026-05-27,15,6752.01,Delivered,Electronics
1599,379,Warehouse_E,2026-05-14,2026-05-26,13,9878.65,Delivered,Pharma
1600,75,Warehouse_C,2026-05-17,2026-06-05,57,1958.26,Delivered,FMCG
1601,292,Warehouse_B,2026-05-09,2026-05-25,4,8904.3,Delivered,Automotive
1602,271,Warehouse_D,2026-05-07,2026-05-15,46,2652.67,Delivered,Automotive
1603,93,Warehouse_E,2026-05-07,2026-05-10,76,9467.03,In Transit,Automotive
1604,498,Warehouse_B,2026-06-04,2026-06-11,71,9817.74,Cancelled,Pharma
1605,204,Warehouse_D,2026-05-28,2026-06-08,89,6738.97,Delayed,Industrial
1606,419,Warehouse_D,2026-05-09,2026-05-13,96,4712.23,Delivered,Automotive
1607,143,Warehouse_E,2026-05-15,2026-05-23,73,2533.16,In Transit,Industrial
1608,89,Warehouse_B,2026-05-20,2026-06-03,21,8833.47,Cancelled,Pharma
1609,417,Warehouse_D,2026-05-07,2026-05-26,46,8162.63,Cancelled,FMCG
1610,213,Warehouse_E,2026-05-24,2026-05-27,90,7610.61,Delayed,Electronics
1611,7,Warehouse_D,2026-05-19,2026-05-30,35,8178.42,Delivered,Pharma
1612,391,Warehouse_E,2026-05-24,2026-06-10,91,5502.52,Cancelled,Pharma
1613,221,Warehouse_C,2026-05-14,2026-05-15,35,1926.9,Cancelled,Automotive
1614,28,Warehouse_D,2026-05-18,2026-05-29,9,662.76,In Transit,Pharma
1615,118,Warehouse_B,2026-05-29,2026-06-01,19,8530.45,In Transit,Automotive
1616,352,Warehouse_B,2026-05-13,2026-05-16,57,4394.51,Delayed,FMCG
1617,290,Warehouse_A,2026-05-31,2026-06-14,75,9516.18,Delivered,Industrial
1618,421,Warehouse_C,2026-05-07,2026-05-14,37,5272.1,Delayed,Electronics
1619,308,Warehouse_A,2026-06-04,2026-06-18,100,5642.12,Delivered,Pharma
1620,213,Warehouse_E,2026-05-23,2026-06-06,81,726.93,Delivered,Industrial
1621,97,Warehouse_A,2026-05-21,2026-06-05,11,210.93,Cancelled,Pharma
1622,170,Warehouse_B,2026-05-09,2026-05-14,39,3994.8,In Transit,Pharma
1623,349,Warehouse_B,2026-05-15,2026-05-31,57,1930.59,Delivered,Industrial
1624,366,Warehouse_A,2026-06-02,2026-06-22,20,2477.91,Delayed,Industrial
1625,421,Warehouse_C,2026-05-23,2026-06-07,22,6567.57,In Transit,FMCG
1626,265,Warehouse_E,2026-05-09,2026-05-14,43,1248.79,Delivered,Electronics
1627,356,Warehouse_E,2026-06-04,2026-06-09,94,4053.23,In Transit,Electronics
1628,65,Warehouse_B,2026-05-14,2026-05-27,48,3572.74,In Transit,Electronics
1629,25,Warehouse_C,2026-05-16,2026-06-01,37,1529.99,In Transit,Industrial
1630,200,Warehouse_A,2026-05-11,2026-05-23,35,7613.17,Delivered,Industrial
1631,475,Warehouse_C,2026-05-27,2026-06-05,93,2247.58,In Transit,Electronics
1632,463,Warehouse_A,2026-05-24,2026-05-31,31,3006.05,Delivered,Electronics
1633,225,Warehouse_D,2026-05-28,2026-06-17,30,682.73,In Transit,Electronics
1634,286,Warehouse_E,2026-05-20,2026-06-04,1,1983.7,Delayed,Pharma
1635,491,Warehouse_B,2026-05-15,2026-05-27,19,887.69,Delayed,Industrial
1636,246,Warehouse_A,2026-05-15,2026-05-19,21,7964.23,In Transit,FMCG
1637,360,Warehouse_E,2026-05-16,2026-05-19,51,1820.42,Delivered,Industrial
1638,286,Warehouse_C,2026-05-06,2026-05-22,56,2091.97,Delivered,Automotive
1639,354,Warehouse_D,2026-05-07,2026-05-27,12,2275.65,Delayed,Pharma
1640,462,Warehouse_E,2026-05-27,2026-06-04,24,6082.19,Delayed,Pharma
1641,298,Warehouse_E,2026-05-09,2026-05-19,52,8181.04,Delayed,Pharma
1642,56,Warehouse_C,2026-05-15,2026-05-22,30,7425.93,In Transit,Industrial
1643,286,Warehouse_C,2026-05-31,2026-06-18,5,7140.73,Delivered,FMCG
1644,425,Warehouse_D,2026-05-06,2026-05-16,94,8657.3,Cancelled,Automotive
1645,303,Warehouse_A,2026-05-21,2026-05-29,20,2825.53,In Transit,FMCG
1646,45,Warehouse_B,2026-05-18,2026-05-26,49,1227.23,Cancelled,Automotive
1647,419,Warehouse_B,2026-05-24,2026-06-12,4,9070.31,In Transit,Automotive
1648,348,Warehouse_E,2026-05-09,2026-05-13,96,1241.56,Cancelled,Electronics
1649,192,Warehouse_B,2026-05-16,2026-05-30,77,7755.33,Delayed,Electronics
1650,226,Warehouse_A,2026-06-04,2026-06-07,4,1856.13,Delivered,Industrial
1651,26,Warehouse_E,2026-05-31,2026-06-11,77,3803.78,Delivered,Automotive
1652,253,Warehouse_D,2026-05-18,2026-05-24,49,9167.45,Delayed,Industrial
1653,428,Warehouse_C,2026-05-30,2026-06-13,31,2480.78,Delayed,Automotive
1654,453,Warehouse_C,2026-05-06,2026-05-21,88,9805.31,Cancelled,FMCG
1655,246,Warehouse_E,2026-05-25,2026-05-31,77,1149.31,Delivered,Electronics
1656,370,Warehouse_A,2026-05-29,2026-06-14,8,2152.35,Cancelled,Pharma
1657,496,Warehouse_C,2026-05-08,2026-05-11,73,8915.26,In Transit,Pharma
1658,28,Warehouse_B,2026-06-03,2026-06-15,76,1114.43,In Transit,Pharma
1659,308,Warehouse_A,2026-05-30,2026-06-17,11,5207.41,Cancelled,Pharma
1660,243,Warehouse_A,2026-06-02,2026-06-04,74,6740.71,Delayed,Automotive
1661,33,Warehouse_C,2026-05-25,2026-06-12,28,9991.86,In Transit,FMCG
1662,219,Warehouse_E,2026-05-21,2026-05-30,17,6801.1,Cancelled,Pharma
1663,284,Warehouse_E,2026-05-29,2026-05-31,16,475.15,In Transit,Pharma
1664,217,Warehouse_C,2026-05-27,2026-06-07,91,2831.8,Delayed,Industrial
1665,481,Warehouse_E,2026-05-14,2026-05-30,82,8920.66,Delivered,Industrial
1666,367,Warehouse_A,2026-05-15,2026-05-23,56,1441.78,In Transit,Electronics
1667,260,Warehouse_E,2026-05-14,2026-06-01,38,4965.57,Cancelled,Automotive
1668,155,Warehouse_B,2026-05-30,2026-06-10,83,2191.32,In Transit,FMCG
1669,449,Warehouse_C,2026-05-08,2026-05-23,34,1055.87,Delayed,Pharma
1670,133,Warehouse_C,2026-05-09,2026-05-23,20,3612.94,In Transit,Pharma
1671,354,Warehouse_C,2026-05-13,2026-05-25,16,6034.36,Delayed,FMCG
1672,430,Warehouse_C,2026-05-06,2026-05-19,26,6381.17,In Transit,Industrial
1673,114,Warehouse_C,2026-06-02,2026-06-22,64,585.82,In Transit,Industrial
1674,406,Warehouse_D,2026-05-25,2026-06-04,90,8593.59,Delivered,Pharma
1675,469,Warehouse_C,2026-05-06,2026-05-21,64,3836.27,Cancelled,Automotive
1676,232,Warehouse_B,2026-05-21,2026-05-30,62,8854.84,Delivered,FMCG
1677,68,Warehouse_D,2026-05-31,2026-06-02,86,8570.53,In Transit,FMCG
1678,81,Warehouse_C,2026-05-20,2026-06-03,19,1971.78,Cancelled,Industrial
1679,82,Warehouse_D,2026-05-13,2026-05-14,92,6581.93,In Transit,FMCG
1680,329,Warehouse_C,2026-05-15,2026-06-04,21,2755.13,Delivered,Electronics
1681,376,Warehouse_C,2026-05-07,2026-05-11,74,8453.24,In Transit,Electronics
1682,248,Warehouse_E,2026-05-10,2026-05-15,64,988.8,Cancelled,FMCG
1683,350,Warehouse_A,2026-06-01,2026-06-19,18,7718.92,Delivered,FMCG
1684,418,Warehouse_E,2026-05-25,2026-05-27,79,2125.75,Delivered,Pharma
1685,391,Warehouse_A,2026-06-03,2026-06-21,24,963.44,Cancelled,Automotive
1686,377,Warehouse_D,2026-05-30,2026-06-15,29,1302.82,In Transit,Automotive
1687,136,Warehouse_D,2026-05-06,2026-05-24,14,4794.93,In Transit,FMCG
1688,304,Warehouse_A,2026-05-22,2026-05-30,78,4144.73,In Transit,Industrial
1689,53,Warehouse_D,2026-05-19,2026-06-01,20,7529.8,Delivered,Industrial
1690,310,Warehouse_C,2026-05-28,2026-06-13,10,5183.99,Delivered,Electronics
1691,95,Warehouse_A,2026-05-14,2026-05-23,19,476.48,In Transit,Automotive
1692,495,Warehouse_B,2026-05-22,2026-06-10,23,2970.31,In Transit,Industrial
1693,64,Warehouse_E,2026-05-28,2026-06-14,64,6860.25,In Transit,FMCG
1694,396,Warehouse_B,2026-05-27,2026-06-01,40,9230.4,Cancelled,Industrial
1695,60,Warehouse_E,2026-05-09,2026-05-20,90,5190.57,Cancelled,Industrial
1696,132,Warehouse_B,2026-06-01,2026-06-16,75,1907.55,Cancelled,Industrial
1697,468,Warehouse_D,2026-05-13,2026-05-21,92,4305.32,Delivered,FMCG
1698,335,Warehouse_A,2026-05-18,2026-05-29,79,7351.07,Delivered,Automotive
1699,225,Warehouse_B,2026-05-18,2026-05-25,71,7747.66,Delayed,Industrial
1700,314,Warehouse_D,2026-05-15,2026-06-02,51,2911.43,Delayed,FMCG
1701,488,Warehouse_A,2026-05-13,2026-05-22,2,7559.34,Cancelled,Industrial
1702,248,Warehouse_B,2026-05-16,2026-05-19,18,3533.07,Delayed,FMCG
1703,396,Warehouse_C,2026-05-13,2026-05-25,33,2454.87,Delayed,Electronics
1704,159,Warehouse_B,2026-05-22,2026-05-29,15,6216.79,Cancelled,Pharma
1705,369,Warehouse_A,2026-05-22,2026-06-06,55,7027.21,Cancelled,Automotive
1706,257,Warehouse_C,2026-05-17,2026-06-05,53,8497.56,Cancelled,Electronics
1707,26,Warehouse_A,2026-06-02,2026-06-04,46,2273.28,Delivered,Industrial
1708,58,Warehouse_B,2026-05-08,2026-05-25,49,1915.59,In Transit,Pharma
1709,35,Warehouse_C,2026-06-03,2026-06-09,70,7428.61,Cancelled,Electronics
1710,127,Warehouse_B,2026-05-19,2026-06-01,6,8029.73,Cancelled,Electronics
1711,351,Warehouse_B,2026-05-31,2026-06-16,27,7628.21,Delayed,FMCG
1712,127,Warehouse_B,2026-05-30,2026-06-04,21,3646.86,Delivered,Automotive
1713,493,Warehouse_C,2026-06-03,2026-06-19,36,3036.96,Delivered,FMCG
1714,220,Warehouse_B,2026-05-10,2026-05-30,82,4381.41,Delayed,FMCG
1715,339,Warehouse_E,2026-05-26,2026-06-03,4,4751.27,Delivered,FMCG
1716,496,Warehouse_E,2026-05-20,2026-06-06,45,3288.62,Delayed,FMCG
1717,192,Warehouse_B,2026-05-25,2026-06-02,62,9287.39,Cancelled,Electronics
1718,421,Warehouse_B,2026-05-17,2026-05-23,24,2051.94,Delivered,Electronics
1719,51,Warehouse_D,2026-06-01,2026-06-07,83,9058.5,Cancelled,Pharma
1720,168,Warehouse_D,2026-06-03,2026-06-14,56,4218.38,Cancelled,Pharma
1721,492,Warehouse_B,2026-05-20,2026-05-29,52,4691.46,In Transit,FMCG
1722,324,Warehouse_D,2026-05-22,2026-05-27,25,3423.03,Delivered,Electronics
1723,437,Warehouse_E,2026-05-22,2026-06-11,81,2479.93,Cancelled,Pharma
1724,217,Warehouse_E,2026-06-02,2026-06-10,37,6299.88,Delayed,Industrial
1725,75,Warehouse_C,2026-05-16,2026-05-30,13,7793.05,In Transit,Automotive
1726,209,Warehouse_B,2026-05-20,2026-05-28,3,5044.79,In Transit,Electronics
1727,117,Warehouse_A,2026-05-08,2026-05-09,85,506.55,Delivered,Electronics
1728,318,Warehouse_C,2026-05-11,2026-05-21,17,5742.22,Cancelled,Automotive
1729,105,Warehouse_D,2026-05-30,2026-05-31,98,2640.1,In Transit,Automotive
1730,287,Warehouse_C,2026-05-10,2026-05-30,5,9820.67,Delayed,Industrial
1731,293,Warehouse_D,2026-05-13,2026-06-02,4,2071.26,Delivered,Electronics
1732,247,Warehouse_E,2026-05-10,2026-05-22,76,9825.73,Cancelled,Industrial
1733,125,Warehouse_A,2026-05-20,2026-06-05,57,5431.59,In Transit,Pharma
1734,180,Warehouse_B,2026-05-07,2026-05-12,26,111.09,Delivered,FMCG
1735,500,Warehouse_C,2026-05-29,2026-06-04,12,4340.52,Delayed,FMCG
1736,217,Warehouse_D,2026-05-24,2026-06-02,99,9356.68,In Transit,FMCG
1737,63,Warehouse_C,2026-05-06,2026-05-07,96,8188.23,Cancelled,FMCG
1738,112,Warehouse_D,2026-05-15,2026-05-26,83,2122.19,Delayed,Pharma
1739,7,Warehouse_E,2026-05-17,2026-06-04,90,5893.5,Delivered,Automotive
1740,361,Warehouse_E,2026-05-16,2026-06-05,43,114.04,In Transit,Industrial
1741,471,Warehouse_E,2026-05-22,2026-05-27,84,6764.73,Delayed,Automotive
1742,190,Warehouse_D,2026-05-21,2026-05-27,47,7759.16,Delayed,Electronics
1743,170,Warehouse_A,2026-05-24,2026-06-13,25,9724.27,Delivered,Automotive
1744,441,Warehouse_B,2026-05-23,2026-06-12,82,2381.95,Cancelled,FMCG
1745,47,Warehouse_A,2026-05-27,2026-06-15,46,8408.37,Delayed,Automotive
1746,332,Warehouse_C,2026-05-18,2026-05-23,54,7759.28,Cancelled,Automotive
1747,90,Warehouse_C,2026-05-19,2026-05-22,98,7566.12,Delayed,Electronics
1748,467,Warehouse_C,2026-05-27,2026-05-30,18,3203.89,Delayed,Pharma
1749,490,Warehouse_B,2026-05-17,2026-05-31,43,2577.42,In Transit,Pharma
1750,392,Warehouse_A,2026-05-26,2026-06-10,69,9561.79,In Transit,Automotive
1751,88,Warehouse_D,2026-05-18,2026-06-06,83,8502.95,In Transit,Pharma
1752,113,Warehouse_C,2026-05-31,2026-06-03,18,685.13,Cancelled,Industrial
1753,63,Warehouse_C,2026-05-13,2026-05-18,39,2609.93,In Transit,Pharma
1754,240,Warehouse_B,2026-05-31,2026-06-18,95,2323.05,Cancelled,Electronics
1755,136,Warehouse_E,2026-05-10,2026-05-17,18,4765.23,Delivered,FMCG
1756,177,Warehouse_A,2026-05-17,2026-06-05,96,4894.27,Delivered,Automotive
1757,2,Warehouse_A,2026-05-30,2026-06-15,62,4728.32,Delivered,Automotive
1758,19,Warehouse_B,2026-05-21,2026-05-22,87,1357.64,Delayed,Electronics
1759,424,Warehouse_A,2026-05-07,2026-05-09,63,9749.75,In Transit,Electronics
1760,55,Warehouse_D,2026-06-02,2026-06-06,33,3825.71,Cancelled,Electronics
1761,457,Warehouse_A,2026-06-04,2026-06-18,11,4076.58,Delayed,Electronics
1762,276,Warehouse_C,2026-05-20,2026-05-21,80,6583.22,Delayed,Automotive
1763,84,Warehouse_C,2026-05-30,2026-06-12,29,3907.96,In Transit,Pharma
1764,235,Warehouse_A,2026-05-22,2026-05-25,90,1044.64,Delivered,FMCG
1765,66,Warehouse_D,2026-05-20,2026-05-27,59,9631.6,Delayed,Automotive
1766,149,Warehouse_B,2026-05-19,2026-05-25,39,9323.77,Cancelled,FMCG
1767,18,Warehouse_A,2026-05-07,2026-05-14,76,4588.12,Delayed,Automotive
1768,459,Warehouse_C,2026-05-06,2026-05-24,97,4857.97,Cancelled,Automotive
1769,427,Warehouse_A,2026-05-18,2026-05-30,92,7238.05,Cancelled,Pharma
1770,271,Warehouse_D,2026-05-11,2026-05-31,27,524.8,In Transit,Industrial
1771,472,Warehouse_A,2026-05-09,2026-05-13,55,494.67,Delivered,Electronics
1772,443,Warehouse_C,2026-05-25,2026-06-05,28,6172.4,Delivered,Automotive
1773,144,Warehouse_E,2026-05-28,2026-06-17,70,3648.21,In Transit,Electronics
1774,202,Warehouse_C,2026-05-08,2026-05-14,81,5712.52,In Transit,Automotive
1775,161,Warehouse_A,2026-05-14,2026-05-18,60,5980.39,In Transit,Electronics
1776,53,Warehouse_B,2026-05-31,2026-06-16,37,4207.28,In Transit,Electronics
1777,456,Warehouse_B,2026-05-13,2026-05-24,1,5691.93,Delivered,Pharma
1778,471,Warehouse_A,2026-05-21,2026-05-29,18,926.07,Cancelled,Automotive
1779,457,Warehouse_A,2026-05-12,2026-05-30,49,2534.64,In Transit,Electronics
1780,463,Warehouse_D,2026-05-18,2026-05-20,19,4417.33,In Transit,Pharma
1781,497,Warehouse_B,2026-05-19,2026-05-22,11,6941.34,Delivered,Pharma
1782,356,Warehouse_A,2026-06-03,2026-06-23,77,1095.67,Delivered,Industrial
1783,159,Warehouse_B,2026-05-13,2026-05-19,89,2561.41,Delayed,Industrial
1784,237,Warehouse_E,2026-05-31,2026-06-13,87,4796.37,Delivered,Pharma
1785,494,Warehouse_A,2026-05-12,2026-05-26,65,5524.25,Delayed,Industrial
1786,441,Warehouse_E,2026-05-21,2026-06-04,33,5551.89,Cancelled,Pharma
1787,334,Warehouse_C,2026-05-30,2026-06-12,96,1855.0,Cancelled,FMCG
1788,439,Warehouse_A,2026-05-30,2026-06-12,21,9467.13,Cancelled,Electronics
1789,67,Warehouse_C,2026-05-21,2026-06-06,85,3734.05,Delayed,Pharma
1790,260,Warehouse_C,2026-06-02,2026-06-21,86,3604.49,Cancelled,Electronics
1791,236,Warehouse_B,2026-05-28,2026-06-15,97,8757.3,Delivered,Pharma
1792,307,Warehouse_B,2026-05-07,2026-05-12,7,6546.85,In Transit,Industrial
1793,6,Warehouse_A,2026-05-10,2026-05-17,96,7628.52,Delivered,Industrial
1794,153,Warehouse_B,2026-05-22,2026-06-02,81,7896.06,Delivered,Industrial
1795,52,Warehouse_E,2026-05-14,2026-05-26,52,9954.51,Delivered,Electronics
1796,447,Warehouse_E,2026-05-26,2026-06-09,42,9019.03,Cancelled,FMCG
1797,131,Warehouse_D,2026-06-04,2026-06-23,1,4271.35,Cancelled,Automotive
1798,58,Warehouse_A,2026-05-18,2026-05-28,97,8850.38,Cancelled,Automotive
1799,379,Warehouse_B,2026-05-25,2026-06-07,19,7501.9,In Transit,Automotive
1800,372,Warehouse_B,2026-06-04,2026-06-08,20,5472.21,Cancelled,FMCG
1801,359,Warehouse_C,2026-05-27,2026-06-04,46,3823.92,Cancelled,FMCG
1802,118,Warehouse_B,2026-05-27,2026-06-15,5,4401.1,In Transit,Pharma
1803,268,Warehouse_C,2026-05-14,2026-05-16,48,1984.49,Delayed,FMCG
1804,471,Warehouse_E,2026-05-18,2026-05-24,19,3899.91,Cancelled,Electronics
1805,52,Warehouse_C,2026-05-23,2026-06-03,85,8781.7,Delivered,FMCG
1806,4,Warehouse_C,2026-05-06,2026-05-12,1,7739.95,Delivered,Electronics
1807,150,Warehouse_D,2026-05-24,2026-05-27,69,7024.66,In Transit,Automotive
1808,413,Warehouse_C,2026-05-21,2026-05-30,63,6120.01,Delayed,Pharma
1809,38,Warehouse_B,2026-06-01,2026-06-04,74,4052.4,Delayed,Electronics
1810,383,Warehouse_C,2026-05-26,2026-06-06,20,9387.1,Cancelled,FMCG
1811,267,Warehouse_E,2026-05-20,2026-06-04,72,4436.23,Delayed,Industrial
1812,272,Warehouse_E,2026-05-28,2026-06-17,42,8632.35,Cancelled,FMCG
1813,391,Warehouse_E,2026-05-30,2026-06-14,51,8521.32,Delivered,Industrial
1814,418,Warehouse_A,2026-05-09,2026-05-12,50,7491.88,Cancelled,Automotive
1815,376,Warehouse_B,2026-05-29,2026-05-30,21,7383.85,Delayed,Automotive
1816,197,Warehouse_A,2026-05-29,2026-06-14,82,6843.56,In Transit,Pharma
1817,156,Warehouse_D,2026-05-17,2026-06-03,62,6906.73,Delivered,FMCG
1818,129,Warehouse_C,2026-05-08,2026-05-23,28,3385.21,Delayed,Automotive
1819,48,Warehouse_C,2026-05-14,2026-05-19,3,9035.22,Delivered,Pharma
1820,398,Warehouse_D,2026-05-18,2026-06-01,72,8528.77,In Transit,FMCG
1821,298,Warehouse_C,2026-05-22,2026-06-02,5,3250.19,Delayed,Industrial
1822,271,Warehouse_C,2026-05-07,2026-05-24,34,1415.84,Delivered,Automotive
1823,281,Warehouse_C,2026-05-12,2026-05-16,68,2784.58,In Transit,Pharma
1824,161,Warehouse_D,2026-05-11,2026-05-18,65,1087.28,In Transit,FMCG
1825,77,Warehouse_C,2026-05-26,2026-05-28,14,4298.5,Cancelled,Automotive
1826,7,Warehouse_E,2026-05-18,2026-06-07,17,4242.99,Delayed,FMCG
1827,408,Warehouse_C,2026-05-30,2026-05-31,55,611.19,In Transit,Electronics
1828,366,Warehouse_A,2026-05-18,2026-05-28,43,6135.76,Delayed,Pharma
1829,65,Warehouse_C,2026-05-16,2026-05-23,25,2706.04,Delivered,Pharma
1830,243,Warehouse_B,2026-05-20,2026-05-21,89,670.93,Cancelled,Electronics
1831,261,Warehouse_D,2026-05-31,2026-06-09,82,4485.39,Delayed,Electronics
1832,76,Warehouse_B,2026-05-28,2026-06-10,57,1804.83,In Transit,Electronics
1833,446,Warehouse_D,2026-05-10,2026-05-18,76,7927.92,Delivered,Industrial
1834,93,Warehouse_D,2026-05-21,2026-06-07,69,8268.64,Delayed,FMCG
1835,149,Warehouse_D,2026-05-19,2026-05-31,89,6836.2,In Transit,FMCG
1836,254,Warehouse_B,2026-05-17,2026-05-26,95,5036.17,Delayed,Automotive
1837,463,Warehouse_B,2026-05-30,2026-06-12,90,1172.84,Cancelled,Automotive
1838,495,Warehouse_D,2026-05-29,2026-06-16,65,7980.16,Delivered,Electronics
1839,87,Warehouse_E,2026-06-01,2026-06-08,10,4428.49,Cancelled,Electronics
1840,311,Warehouse_B,2026-06-02,2026-06-08,65,4872.59,Cancelled,FMCG
1841,350,Warehouse_D,2026-05-11,2026-05-19,69,7849.71,Delayed,Electronics
1842,270,Warehouse_E,2026-05-24,2026-06-07,66,8267.04,In Transit,Pharma
1843,264,Warehouse_A,2026-05-09,2026-05-13,94,3728.55,Delivered,Electronics
1844,489,Warehouse_D,2026-05-20,2026-05-23,71,9375.46,Delivered,Industrial
1845,37,Warehouse_A,2026-05-20,2026-05-25,18,9891.54,Delayed,FMCG
1846,405,Warehouse_C,2026-05-20,2026-06-02,27,3672.15,Cancelled,Electronics
1847,355,Warehouse_C,2026-06-04,2026-06-20,91,4493.24,In Transit,Automotive
1848,424,Warehouse_A,2026-06-04,2026-06-20,75,5427.09,Delayed,Industrial
1849,482,Warehouse_D,2026-05-28,2026-06-13,10,3834.42,Cancelled,Pharma
1850,201,Warehouse_D,2026-05-08,2026-05-28,76,7608.45,Delayed,Pharma
1851,242,Warehouse_A,2026-05-07,2026-05-23,51,6763.79,Delivered,FMCG
1852,416,Warehouse_D,2026-05-25,2026-05-30,63,4148.58,Delayed,Pharma
1853,374,Warehouse_E,2026-05-21,2026-05-23,10,7390.88,Delayed,Pharma
1854,128,Warehouse_C,2026-06-03,2026-06-11,74,1802.21,Delivered,Electronics
1855,179,Warehouse_B,2026-05-16,2026-05-25,73,751.63,In Transit,Industrial
1856,75,Warehouse_A,2026-05-26,2026-06-15,65,9983.74,Cancelled,Automotive
1857,141,Warehouse_E,2026-05-11,2026-05-20,80,4676.38,Delayed,Electronics
1858,263,Warehouse_E,2026-06-02,2026-06-04,43,2304.23,Delayed,Pharma
1859,69,Warehouse_C,2026-05-30,2026-06-10,27,8250.53,Delayed,Industrial
1860,279,Warehouse_B,2026-05-28,2026-06-04,62,864.25,Delayed,Pharma
1861,460,Warehouse_C,2026-05-23,2026-06-04,5,1639.09,Delivered,Pharma
1862,339,Warehouse_E,2026-05-22,2026-05-28,37,9532.53,In Transit,Industrial
1863,115,Warehouse_D,2026-05-09,2026-05-21,16,8159.76,Delivered,Industrial
1864,134,Warehouse_D,2026-06-02,2026-06-04,64,4769.3,Delivered,Pharma
1865,222,Warehouse_B,2026-05-16,2026-05-19,25,7277.1,Delivered,FMCG
1866,273,Warehouse_E,2026-05-22,2026-06-11,80,8608.05,Cancelled,Pharma
1867,481,Warehouse_B,2026-05-23,2026-06-06,47,9979.19,Delayed,Industrial
1868,298,Warehouse_B,2026-05-15,2026-06-01,62,9130.48,Delivered,Electronics
1869,296,Warehouse_B,2026-05-09,2026-05-23,89,178.13,Cancelled,Electronics
1870,84,Warehouse_B,2026-05-21,2026-05-30,59,1075.46,Cancelled,Electronics
1871,290,Warehouse_D,2026-05-15,2026-05-30,55,3950.73,Delayed,Electronics
1872,44,Warehouse_B,2026-05-14,2026-05-25,83,5333.83,In Transit,Industrial
1873,231,Warehouse_A,2026-05-30,2026-06-14,94,9556.83,Delivered,Industrial
1874,343,Warehouse_A,2026-05-25,2026-06-07,62,6156.52,In Transit,Electronics
1875,269,Warehouse_C,2026-05-28,2026-06-01,64,6773.11,In Transit,Automotive
1876,339,Warehouse_C,2026-05-27,2026-05-30,86,4781.11,Delivered,Automotive
1877,50,Warehouse_D,2026-05-15,2026-05-24,36,1839.56,Delayed,Automotive
1878,497,Warehouse_B,2026-05-17,2026-05-18,49,3556.94,In Transit,Automotive
1879,492,Warehouse_E,2026-05-31,2026-06-19,20,5272.87,Delivered,Pharma
1880,475,Warehouse_B,2026-05-06,2026-05-22,27,148.59,In Transit,Industrial
1881,439,Warehouse_B,2026-05-23,2026-05-30,8,9444.08,Delayed,Pharma
1882,291,Warehouse_D,2026-05-15,2026-05-31,86,1225.71,In Transit,Pharma
1883,275,Warehouse_E,2026-05-23,2026-06-11,95,6301.48,Delivered,FMCG
1884,131,Warehouse_E,2026-05-31,2026-06-18,49,8078.46,In Transit,Industrial
1885,469,Warehouse_E,2026-05-22,2026-05-25,61,8003.44,Delivered,FMCG
1886,275,Warehouse_A,2026-05-06,2026-05-21,80,9988.08,Delivered,Electronics
1887,259,Warehouse_E,2026-06-01,2026-06-08,29,656.6,In Transit,Industrial
1888,109,Warehouse_A,2026-05-19,2026-05-20,67,5846.19,Delivered,FMCG
1889,415,Warehouse_B,2026-06-03,2026-06-19,10,8434.48,Delivered,Electronics
1890,485,Warehouse_A,2026-05-07,2026-05-08,22,2444.72,Delayed,Automotive
1891,160,Warehouse_A,2026-05-08,2026-05-13,91,2564.59,Cancelled,Industrial
1892,447,Warehouse_C,2026-06-02,2026-06-15,42,1803.56,Delayed,Electronics
1893,339,Warehouse_D,2026-05-16,2026-05-24,28,7447.96,Delivered,Industrial
1894,316,Warehouse_A,2026-05-11,2026-05-12,99,1785.41,Delayed,Electronics
1895,113,Warehouse_E,2026-05-27,2026-05-28,48,1399.17,In Transit,Automotive
1896,23,Warehouse_E,2026-05-26,2026-06-04,69,6090.83,Delayed,Pharma
1897,158,Warehouse_D,2026-05-30,2026-06-02,8,8602.9,Delivered,Electronics
1898,346,Warehouse_E,2026-05-14,2026-05-30,17,8487.08,Cancelled,Automotive
1899,297,Warehouse_A,2026-05-27,2026-05-30,6,4322.01,Delayed,FMCG
1900,147,Warehouse_C,2026-05-16,2026-05-25,22,7200.41,Delayed,Pharma
1901,151,Warehouse_D,2026-05-30,2026-06-06,31,4959.66,Cancelled,Industrial
1902,322,Warehouse_A,2026-05-19,2026-06-05,29,1715.45,Delivered,FMCG
1903,226,Warehouse_A,2026-05-29,2026-06-05,66,3622.85,Delivered,Automotive
1904,474,Warehouse_C,2026-05-10,2026-05-11,90,8195.62,Delayed,Pharma
1905,39,Warehouse_C,2026-05-28,2026-05-31,86,5357.15,Delayed,Electronics
1906,81,Warehouse_D,2026-05-22,2026-05-27,3,8957.4,In Transit,Pharma
1907,286,Warehouse_D,2026-05-15,2026-05-23,92,7301.12,Delayed,FMCG
1908,362,Warehouse_E,2026-05-19,2026-06-03,47,3696.77,Cancelled,Electronics
1909,100,Warehouse_A,2026-05-11,2026-05-28,95,1920.46,Cancelled,Industrial
1910,71,Warehouse_E,2026-05-13,2026-05-19,42,3490.71,Delivered,Automotive
1911,179,Warehouse_E,2026-05-09,2026-05-19,43,2635.61,Cancelled,FMCG
1912,96,Warehouse_A,2026-05-24,2026-06-08,70,1497.69,Delayed,Automotive
1913,62,Warehouse_B,2026-05-20,2026-06-04,17,9482.78,In Transit,Pharma
1914,442,Warehouse_A,2026-05-11,2026-05-20,36,3495.25,Delivered,Electronics
1915,15,Warehouse_D,2026-06-03,2026-06-05,9,4289.98,In Transit,Electronics
1916,453,Warehouse_C,2026-05-07,2026-05-23,26,6401.8,In Transit,Electronics
1917,235,Warehouse_C,2026-06-04,2026-06-05,71,866.65,Delivered,Electronics
1918,412,Warehouse_C,2026-05-27,2026-05-31,27,3544.98,In Transit,FMCG
1919,360,Warehouse_B,2026-05-15,2026-05-27,38,2871.28,In Transit,Electronics
1920,420,Warehouse_D,2026-05-26,2026-06-06,75,5602.1,Cancelled,Automotive
1921,310,Warehouse_C,2026-05-08,2026-05-17,22,2936.45,Cancelled,Automotive
1922,409,Warehouse_B,2026-05-28,2026-06-10,61,8710.75,Cancelled,Electronics
1923,386,Warehouse_D,2026-06-02,2026-06-22,49,6317.63,Delayed,Industrial
1924,339,Warehouse_C,2026-05-29,2026-06-03,55,2080.28,Cancelled,Automotive
1925,76,Warehouse_A,2026-05-28,2026-06-02,92,4598.26,Delayed,FMCG
1926,498,Warehouse_C,2026-05-09,2026-05-15,91,3501.63,Delivered,Pharma
1927,167,Warehouse_D,2026-05-31,2026-06-08,92,3366.85,Cancelled,Automotive
1928,397,Warehouse_C,2026-05-16,2026-05-30,100,7383.64,Delivered,Automotive
1929,162,Warehouse_B,2026-06-04,2026-06-11,49,2482.16,Delayed,FMCG
1930,140,Warehouse_C,2026-05-16,2026-05-19,46,2338.19,Cancelled,Pharma
1931,327,Warehouse_E,2026-05-30,2026-06-07,88,4862.86,In Transit,Industrial
1932,444,Warehouse_B,2026-05-26,2026-06-13,30,315.12,Delayed,Electronics
1933,96,Warehouse_E,2026-06-04,2026-06-10,48,7858.65,Cancelled,FMCG
1934,427,Warehouse_A,2026-05-22,2026-06-01,45,8990.75,Delayed,Pharma
1935,272,Warehouse_B,2026-05-22,2026-05-29,56,1477.71,Delayed,Electronics
1936,41,Warehouse_A,2026-05-28,2026-06-10,60,6992.39,Delivered,FMCG
1937,341,Warehouse_D,2026-05-25,2026-06-13,44,8072.25,Delivered,Automotive
1938,245,Warehouse_B,2026-06-01,2026-06-10,21,7457.82,Delivered,Electronics
1939,77,Warehouse_B,2026-05-19,2026-06-02,66,5848.32,Delivered,FMCG
1940,288,Warehouse_C,2026-05-17,2026-06-01,71,290.02,Delayed,Pharma
1941,326,Warehouse_D,2026-05-30,2026-06-18,57,9058.47,Cancelled,Industrial
1942,36,Warehouse_D,2026-05-09,2026-05-25,74,1458.25,In Transit,Pharma
1943,454,Warehouse_E,2026-05-28,2026-06-12,97,3857.73,Cancelled,Industrial
1944,325,Warehouse_D,2026-05-21,2026-05-26,57,128.78,Delivered,Industrial
1945,391,Warehouse_C,2026-06-03,2026-06-19,72,3081.98,Cancelled,Automotive
1946,483,Warehouse_C,2026-05-17,2026-05-30,27,6145.44,Cancelled,Automotive
1947,240,Warehouse_C,2026-05-23,2026-06-12,77,4654.1,Cancelled,Industrial
1948,306,Warehouse_D,2026-05-31,2026-06-12,34,7285.93,In Transit,FMCG
1949,411,Warehouse_D,2026-05-29,2026-05-30,69,9567.49,Cancelled,Electronics
1950,407,Warehouse_C,2026-05-23,2026-05-30,95,6942.95,Cancelled,Pharma
1951,336,Warehouse_E,2026-05-26,2026-05-30,37,3498.69,Cancelled,Industrial
1952,340,Warehouse_D,2026-06-03,2026-06-07,11,7518.93,Cancelled,Industrial
1953,151,Warehouse_C,2026-05-13,2026-05-26,44,4361.5,Delivered,FMCG
1954,56,Warehouse_B,2026-05-26,2026-06-11,83,4079.34,In Transit,FMCG
1955,331,Warehouse_C,2026-05-15,2026-05-26,72,8925.51,Cancelled,Electronics
1956,120,Warehouse_D,2026-05-14,2026-06-03,74,2667.87,Cancelled,Industrial
1957,339,Warehouse_B,2026-06-02,2026-06-06,60,4614.45,Delayed,FMCG
1958,165,Warehouse_D,2026-05-15,2026-05-31,13,717.5,In Transit,Industrial
1959,400,Warehouse_B,2026-05-24,2026-06-10,13,2023.22,Delayed,Industrial
1960,98,Warehouse_A,2026-05-30,2026-06-16,85,6497.36,In Transit,Pharma
1961,262,Warehouse_C,2026-05-20,2026-05-22,86,6149.91,Delivered,FMCG
1962,69,Warehouse_B,2026-05-08,2026-05-11,22,8719.48,In Transit,Automotive
1963,130,Warehouse_C,2026-06-02,2026-06-06,35,414.38,Delivered,Electronics
1964,296,Warehouse_B,2026-06-02,2026-06-16,92,5945.43,Delayed,Electronics
1965,164,Warehouse_E,2026-05-08,2026-05-19,14,9527.66,Delivered,FMCG
1966,288,Warehouse_A,2026-05-09,2026-05-20,11,7586.99,Delayed,Pharma
1967,331,Warehouse_B,2026-05-25,2026-05-26,40,1119.44,Delayed,Pharma
1968,138,Warehouse_C,2026-05-19,2026-05-25,43,685.38,Cancelled,Electronics
1969,281,Warehouse_A,2026-05-08,2026-05-11,80,4806.6,In Transit,Industrial
1970,408,Warehouse_A,2026-05-14,2026-06-03,31,7384.71,Delayed,Electronics
1971,290,Warehouse_A,2026-06-03,2026-06-16,86,2320.25,Delayed,FMCG
1972,80,Warehouse_D,2026-05-08,2026-05-14,93,5610.49,Delivered,Pharma
1973,72,Warehouse_D,2026-05-30,2026-06-10,80,3397.69,In Transit,Electronics
1974,227,Warehouse_C,2026-06-01,2026-06-10,46,4442.03,In Transit,Industrial
1975,498,Warehouse_D,2026-05-14,2026-05-25,41,4493.83,In Transit,Industrial
1976,153,Warehouse_D,2026-05-20,2026-06-08,27,1449.09,In Transit,Electronics
1977,491,Warehouse_B,2026-05-26,2026-06-10,84,5571.04,Delayed,Automotive
1978,388,Warehouse_C,2026-05-27,2026-06-04,33,5699.86,Cancelled,FMCG
1979,274,Warehouse_A,2026-05-08,2026-05-16,46,4666.32,In Transit,Pharma
1980,255,Warehouse_B,2026-05-13,2026-06-01,45,5886.45,Cancelled,Pharma
1981,264,Warehouse_B,2026-05-06,2026-05-11,7,6080.28,Delayed,FMCG
1982,164,Warehouse_B,2026-05-26,2026-06-13,89,3185.72,Cancelled,Industrial
1983,65,Warehouse_B,2026-05-23,2026-05-30,82,476.28,Delivered,Electronics
1984,54,Warehouse_A,2026-05-19,2026-06-05,39,6461.3,In Transit,Electronics
1985,120,Warehouse_A,2026-06-02,2026-06-17,88,3684.07,Cancelled,Industrial
1986,62,Warehouse_E,2026-05-31,2026-06-13,17,6636.87,Delivered,Automotive
1987,51,Warehouse_B,2026-05-06,2026-05-24,21,3148.79,Delayed,Electronics
1988,280,Warehouse_C,2026-05-26,2026-05-28,69,2560.2,Delayed,Industrial
1989,43,Warehouse_B,2026-05-23,2026-05-25,43,3949.55,In Transit,Industrial
1990,451,Warehouse_D,2026-05-24,2026-06-10,48,8334.45,In Transit,Electronics
1991,250,Warehouse_B,2026-05-10,2026-05-24,52,9905.88,Delayed,Electronics
1992,195,Warehouse_E,2026-05-11,2026-05-16,3,5812.51,Cancelled,Pharma
1993,354,Warehouse_E,2026-06-04,2026-06-18,14,9938.51,In Transit,Industrial
1994,481,Warehouse_C,2026-06-01,2026-06-10,72,1375.49,Delayed,Industrial
1995,315,Warehouse_E,2026-05-29,2026-06-09,55,9453.95,Delayed,Electronics
1996,423,Warehouse_E,2026-05-08,2026-05-15,79,275.23,In Transit,Electronics
1997,213,Warehouse_C,2026-05-07,2026-05-22,67,7476.04,In Transit,Industrial
1998,336,Warehouse_E,2026-05-26,2026-05-29,66,1149.51,Delayed,FMCG
1999,76,Warehouse_A,2026-05-25,2026-06-10,27,2719.45,Delayed,Pharma
2000,289,Warehouse_B,2026-05-23,2026-05-28,67,1720.02,Cancelled,Pharma
2001,278,Warehouse_D,2026-05-06,2026-05-26,62,3994.26,In Transit,Electronics
2002,479,Warehouse_B,2026-05-09,2026-05-11,76,7528.76,Delivered,Pharma
2003,111,Warehouse_D,2026-05-23,2026-05-30,48,7248.04,Delivered,FMCG
2004,27,Warehouse_B,2026-05-07,2026-05-23,87,2763.59,Delivered,Industrial
2005,14,Warehouse_A,2026-05-07,2026-05-20,19,8686.38,In Transit,Automotive
2006,99,Warehouse_E,2026-05-31,2026-06-11,41,1189.77,Delayed,Pharma
2007,315,Warehouse_C,2026-05-10,2026-05-27,10,2190.76,In Transit,Automotive
2008,400,Warehouse_E,2026-05-06,2026-05-19,64,5044.4,Delayed,Pharma
2009,422,Warehouse_B,2026-05-27,2026-06-16,75,2824.05,Delayed,Electronics
2010,420,Warehouse_E,2026-05-16,2026-05-22,84,3248.34,Delivered,Electronics
2011,497,Warehouse_C,2026-05-15,2026-05-16,47,3801.77,In Transit,FMCG
2012,498,Warehouse_E,2026-05-25,2026-06-06,41,956.27,Delayed,FMCG
2013,229,Warehouse_D,2026-05-11,2026-05-25,77,7314.64,In Transit,Pharma
2014,104,Warehouse_B,2026-05-06,2026-05-21,1,4470.53,Cancelled,Electronics
2015,423,Warehouse_D,2026-05-12,2026-05-22,81,4584.5,Delayed,FMCG
2016,8,Warehouse_A,2026-05-12,2026-05-21,2,9218.36,In Transit,Automotive
2017,209,Warehouse_C,2026-05-24,2026-06-01,71,4916.89,Delayed,Electronics
2018,344,Warehouse_B,2026-05-29,2026-06-01,89,9425.16,In Transit,FMCG
2019,128,Warehouse_E,2026-06-04,2026-06-22,53,4675.16,Delayed,Electronics
2020,331,Warehouse_C,2026-05-21,2026-05-28,70,8054.17,Delivered,Electronics
2021,267,Warehouse_C,2026-05-20,2026-05-26,62,2171.1,Delivered,Electronics
2022,325,Warehouse_A,2026-05-23,2026-06-07,64,581.43,Cancelled,Automotive
2023,29,Warehouse_E,2026-05-31,2026-06-03,12,8278.25,Delivered,Industrial
2024,303,Warehouse_E,2026-05-19,2026-05-27,37,3191.66,In Transit,FMCG
2025,234,Warehouse_A,2026-05-17,2026-05-24,78,877.5,Delivered,FMCG
2026,230,Warehouse_B,2026-05-20,2026-06-09,61,1186.56,Delayed,Electronics
2027,303,Warehouse_B,2026-05-17,2026-05-18,85,706.52,Delayed,FMCG
2028,460,Warehouse_B,2026-06-04,2026-06-06,37,8398.25,Delivered,Electronics
2029,129,Warehouse_A,2026-05-24,2026-06-11,33,6928.38,Cancelled,Pharma
2030,311,Warehouse_D,2026-06-02,2026-06-05,10,1579.47,Delivered,Industrial
2031,413,Warehouse_C,2026-05-27,2026-05-31,93,6033.67,Cancelled,Automotive
2032,261,Warehouse_D,2026-06-01,2026-06-10,79,1602.85,Delayed,Industrial
2033,458,Warehouse_C,2026-05-28,2026-06-02,47,4951.76,Delivered,Electronics
2034,224,Warehouse_A,2026-05-14,2026-05-18,25,150.35,In Transit,Industrial
2035,228,Warehouse_D,2026-05-19,2026-06-05,79,1352.65,Delayed,Automotive
2036,436,Warehouse_D,2026-05-25,2026-06-04,34,9859.3,Cancelled,Automotive
2037,282,Warehouse_A,2026-05-16,2026-05-26,42,6282.82,In Transit,FMCG
2038,151,Warehouse_E,2026-05-22,2026-06-03,30,4932.06,Delivered,Electronics
2039,332,Warehouse_C,2026-06-02,2026-06-17,10,6432.67,Delivered,FMCG
2040,172,Warehouse_E,2026-05-28,2026-06-10,85,217.77,Delayed,Electronics
2041,491,Warehouse_D,2026-05-27,2026-06-06,85,3657.17,Delayed,FMCG
2042,381,Warehouse_B,2026-05-26,2026-06-07,68,1702.95,In Transit,Industrial
2043,245,Warehouse_D,2026-05-21,2026-05-24,50,7587.16,In Transit,Pharma
2044,312,Warehouse_A,2026-05-08,2026-05-19,80,335.78,In Transit,FMCG
2045,27,Warehouse_E,2026-05-07,2026-05-20,57,9147.75,Cancelled,Pharma
2046,150,Warehouse_D,2026-05-19,2026-05-25,31,8891.48,Delayed,Industrial
2047,426,Warehouse_D,2026-05-31,2026-06-04,72,9724.0,Cancelled,Industrial
2048,324,Warehouse_B,2026-05-10,2026-05-28,58,105.67,In Transit,Pharma
2049,342,Warehouse_D,2026-05-15,2026-05-27,9,6895.37,Cancelled,Automotive
2050,184,Warehouse_E,2026-05-18,2026-05-30,15,4985.07,In Transit,Automotive
2051,137,Warehouse_D,2026-05-30,2026-06-17,11,7715.34,In Transit,Industrial
2052,238,Warehouse_A,2026-05-06,2026-05-10,23,9356.85,Delivered,Industrial
2053,138,Warehouse_B,2026-05-26,2026-06-07,62,2342.7,Cancelled,FMCG
2054,407,Warehouse_C,2026-05-06,2026-05-22,81,5693.9,Delayed,Automotive
2055,80,Warehouse_A,2026-05-21,2026-05-25,37,9872.75,Delayed,Industrial
2056,29,Warehouse_C,2026-05-12,2026-05-13,97,980.57,Delivered,Pharma
2057,365,Warehouse_B,2026-05-16,2026-05-25,30,5298.41,Delivered,Electronics
2058,24,Warehouse_E,2026-05-10,2026-05-25,48,6739.08,In Transit,Electronics
2059,382,Warehouse_C,2026-05-10,2026-05-24,59,9636.38,Cancelled,FMCG
2060,220,Warehouse_B,2026-05-07,2026-05-15,84,6659.99,Cancelled,Pharma
2061,276,Warehouse_E,2026-05-08,2026-05-20,84,119.87,Cancelled,FMCG
2062,364,Warehouse_D,2026-05-25,2026-05-27,81,5579.26,In Transit,Industrial
2063,404,Warehouse_C,2026-06-02,2026-06-03,75,3013.25,Delayed,Electronics
2064,387,Warehouse_D,2026-05-14,2026-05-17,74,5579.1,Cancelled,Pharma
2065,269,Warehouse_A,2026-05-24,2026-05-31,2,3228.46,Delivered,Automotive
2066,88,Warehouse_A,2026-06-04,2026-06-23,64,4155.53,In Transit,Industrial
2067,395,Warehouse_D,2026-05-08,2026-05-26,51,5059.89,Delayed,Electronics
2068,131,Warehouse_D,2026-05-08,2026-05-10,43,4139.36,In Transit,FMCG
2069,362,Warehouse_E,2026-05-24,2026-06-07,100,6167.29,In Transit,Pharma
2070,14,Warehouse_D,2026-05-15,2026-05-21,11,5027.69,Delivered,Industrial
2071,437,Warehouse_B,2026-06-03,2026-06-19,87,4857.04,Delayed,Industrial
2072,272,Warehouse_A,2026-06-04,2026-06-18,49,3969.28,Delayed,Pharma
2073,318,Warehouse_B,2026-06-02,2026-06-07,10,8364.49,Delayed,Industrial
2074,395,Warehouse_A,2026-05-06,2026-05-17,32,2706.83,Delivered,FMCG
2075,69,Warehouse_E,2026-05-31,2026-06-04,35,9847.41,Delayed,Pharma
2076,335,Warehouse_C,2026-05-26,2026-06-10,12,4768.94,Cancelled,Automotive
2077,361,Warehouse_D,2026-05-28,2026-06-11,68,8148.73,Cancelled,FMCG
2078,304,Warehouse_D,2026-05-18,2026-06-03,15,5933.82,Delayed,Automotive
2079,283,Warehouse_B,2026-05-07,2026-05-25,100,1072.46,Delivered,Electronics
2080,179,Warehouse_A,2026-05-13,2026-05-29,31,4391.1,Cancelled,Automotive
2081,32,Warehouse_A,2026-05-24,2026-05-26,44,6321.11,Cancelled,Industrial
2082,462,Warehouse_E,2026-06-02,2026-06-08,79,1103.35,In Transit,Industrial
2083,306,Warehouse_C,2026-05-13,2026-05-22,80,6219.56,Delivered,Industrial
2084,344,Warehouse_C,2026-05-28,2026-06-13,32,3975.47,In Transit,Automotive
2085,206,Warehouse_C,2026-05-12,2026-05-29,62,9769.46,Delayed,Pharma
2086,374,Warehouse_E,2026-05-13,2026-05-15,22,2210.87,Cancelled,Electronics
2087,420,Warehouse_E,2026-06-03,2026-06-05,9,1617.37,Delayed,Pharma
2088,383,Warehouse_A,2026-05-18,2026-05-29,3,1494.39,Delivered,Pharma
2089,291,Warehouse_E,2026-05-20,2026-05-30,83,2025.75,Cancelled,Electronics
2090,261,Warehouse_E,2026-05-17,2026-06-06,7,6022.97,Delayed,FMCG
2091,443,Warehouse_A,2026-06-01,2026-06-02,79,7628.53,Delayed,Industrial
2092,38,Warehouse_A,2026-06-04,2026-06-13,67,7749.29,In Transit,Automotive
2093,336,Warehouse_E,2026-05-30,2026-06-12,15,1355.57,Delayed,Pharma
2094,408,Warehouse_E,2026-05-27,2026-05-28,1,6970.45,In Transit,Industrial
2095,100,Warehouse_A,2026-06-01,2026-06-07,57,4128.69,Delivered,FMCG
2096,60,Warehouse_B,2026-05-26,2026-06-08,94,9282.72,Delivered,Electronics
2097,499,Warehouse_C,2026-05-26,2026-06-04,98,6320.62,Delayed,Industrial
2098,354,Warehouse_C,2026-05-11,2026-05-25,6,7576.23,Cancelled,Industrial
2099,369,Warehouse_D,2026-05-24,2026-05-31,13,1892.13,In Transit,Pharma
2100,232,Warehouse_E,2026-05-23,2026-06-03,99,5403.04,Cancelled,Automotive
2101,456,Warehouse_A,2026-05-23,2026-06-04,33,7076.3,Delivered,FMCG
2102,346,Warehouse_A,2026-05-23,2026-06-10,42,464.4,Delayed,FMCG
2103,230,Warehouse_C,2026-05-27,2026-06-11,72,8386.32,Delayed,Pharma
2104,239,Warehouse_A,2026-05-11,2026-05-22,77,7148.19,Delivered,Industrial
2105,464,Warehouse_B,2026-06-03,2026-06-07,48,9665.75,In Transit,Electronics
2106,491,Warehouse_A,2026-05-24,2026-06-03,25,6149.69,Cancelled,Electronics
2107,15,Warehouse_C,2026-05-07,2026-05-16,86,7545.02,Delayed,Industrial
2108,128,Warehouse_C,2026-05-27,2026-06-16,6,3352.13,Delivered,Industrial
2109,115,Warehouse_B,2026-05-27,2026-05-28,80,8660.17,In Transit,Electronics
2110,40,Warehouse_B,2026-05-22,2026-05-28,17,3983.42,Delivered,Pharma
2111,194,Warehouse_B,2026-06-03,2026-06-09,76,7173.68,Delayed,Electronics
2112,496,Warehouse_D,2026-05-19,2026-05-24,19,977.66,Delivered,Pharma
2113,465,Warehouse_B,2026-05-29,2026-06-06,25,277.51,Delivered,Industrial
2114,253,Warehouse_A,2026-05-28,2026-06-05,62,471.98,Delivered,Pharma
2115,407,Warehouse_B,2026-06-04,2026-06-15,78,9873.6,Delayed,Electronics
2116,467,Warehouse_C,2026-05-06,2026-05-20,10,407.96,In Transit,Pharma
2117,375,Warehouse_D,2026-05-30,2026-06-09,50,1233.12,Cancelled,Electronics
2118,271,Warehouse_B,2026-05-22,2026-06-06,40,2306.9,Delivered,Automotive
2119,69,Warehouse_C,2026-05-07,2026-05-24,36,8870.34,Delayed,FMCG
2120,206,Warehouse_A,2026-05-18,2026-06-06,61,7829.27,Delivered,Industrial
2121,32,Warehouse_A,2026-05-10,2026-05-16,22,8677.24,Cancelled,Pharma
2122,490,Warehouse_A,2026-05-16,2026-05-24,82,3407.17,Delayed,FMCG
2123,113,Warehouse_D,2026-05-21,2026-06-09,26,1317.65,Cancelled,Pharma
2124,155,Warehouse_D,2026-05-21,2026-06-01,77,8626.31,Cancelled,Electronics
2125,286,Warehouse_E,2026-05-07,2026-05-12,12,1018.38,Delayed,FMCG
2126,181,Warehouse_C,2026-05-12,2026-05-19,22,9979.83,Delayed,Industrial
2127,413,Warehouse_A,2026-05-27,2026-05-30,8,9223.5,Cancelled,Industrial
2128,116,Warehouse_A,2026-05-29,2026-06-15,39,1954.73,Cancelled,Automotive
2129,254,Warehouse_B,2026-05-21,2026-05-22,3,8122.92,Delayed,FMCG
2130,365,Warehouse_A,2026-05-16,2026-05-19,89,9387.23,Delayed,Pharma
2131,105,Warehouse_C,2026-05-28,2026-06-12,23,4252.11,Delivered,Electronics
2132,150,Warehouse_A,2026-05-25,2026-06-02,85,3620.79,Delayed,FMCG
2133,429,Warehouse_B,2026-05-27,2026-06-14,47,6149.36,Delayed,Pharma
2134,332,Warehouse_A,2026-05-06,2026-05-15,49,5980.51,Cancelled,FMCG
2135,238,Warehouse_A,2026-05-30,2026-06-15,52,3448.34,Cancelled,FMCG
2136,326,Warehouse_E,2026-05-17,2026-05-24,89,9704.88,In Transit,Pharma
2137,469,Warehouse_B,2026-05-09,2026-05-15,82,7512.08,Delayed,Pharma
2138,87,Warehouse_D,2026-05-10,2026-05-12,43,5732.01,In Transit,Industrial
2139,205,Warehouse_D,2026-05-24,2026-06-09,22,8390.35,Delivered,Pharma
2140,362,Warehouse_B,2026-05-09,2026-05-13,5,1273.01,Cancelled,Industrial
2141,187,Warehouse_D,2026-06-04,2026-06-06,85,3183.86,Delivered,Electronics
2142,172,Warehouse_B,2026-05-23,2026-06-05,9,9304.67,Cancelled,FMCG
2143,244,Warehouse_C,2026-05-12,2026-05-30,19,7677.53,In Transit,Electronics
2144,104,Warehouse_B,2026-05-28,2026-05-29,9,4230.74,Delivered,Pharma
2145,266,Warehouse_A,2026-05-22,2026-06-07,66,328.58,In Transit,FMCG
2146,376,Warehouse_B,2026-05-22,2026-06-02,16,3945.05,Cancelled,Pharma
2147,143,Warehouse_C,2026-05-08,2026-05-12,50,5921.4,Delivered,Automotive
2148,484,Warehouse_D,2026-05-31,2026-06-13,79,3125.25,Delivered,Industrial
2149,13,Warehouse_D,2026-05-06,2026-05-10,42,1978.28,Delayed,Pharma
2150,207,Warehouse_E,2026-05-16,2026-06-05,80,6160.61,Cancelled,Industrial
2151,294,Warehouse_E,2026-05-17,2026-05-22,6,927.28,Delivered,FMCG
2152,153,Warehouse_E,2026-06-04,2026-06-12,96,2216.1,Delayed,Electronics
2153,222,Warehouse_E,2026-05-16,2026-05-27,71,3575.48,In Transit,Pharma
2154,136,Warehouse_B,2026-05-17,2026-05-21,96,2328.55,Cancelled,Automotive
2155,217,Warehouse_D,2026-05-18,2026-06-05,88,657.26,Delayed,Pharma
2156,254,Warehouse_E,2026-05-07,2026-05-20,97,5215.83,In Transit,Pharma
2157,438,Warehouse_D,2026-05-10,2026-05-12,70,2721.24,Delayed,FMCG
2158,194,Warehouse_C,2026-05-27,2026-06-14,75,1864.89,Delayed,FMCG
2159,447,Warehouse_E,2026-05-09,2026-05-18,12,3860.9,Cancelled,Industrial
2160,185,Warehouse_E,2026-05-18,2026-05-29,83,1400.49,Cancelled,Industrial
2161,148,Warehouse_C,2026-05-16,2026-05-29,18,7792.29,In Transit,Pharma
2162,278,Warehouse_A,2026-05-07,2026-05-12,8,9677.97,In Transit,Electronics
2163,22,Warehouse_A,2026-05-14,2026-05-17,66,2359.4,Delayed,Automotive
2164,260,Warehouse_A,2026-05-30,2026-06-16,40,9814.83,Delayed,FMCG
2165,275,Warehouse_C,2026-05-18,2026-06-02,34,3406.13,Cancelled,Automotive
2166,236,Warehouse_E,2026-05-19,2026-05-24,46,9597.98,Cancelled,Pharma
2167,24,Warehouse_A,2026-06-01,2026-06-03,94,8054.35,In Transit,Automotive
2168,26,Warehouse_B,2026-05-13,2026-06-01,30,8240.38,In Transit,Electronics
2169,488,Warehouse_D,2026-05-14,2026-05-15,5,6265.74,Cancelled,Pharma
2170,8,Warehouse_A,2026-05-22,2026-06-10,20,8224.57,Delayed,Automotive
2171,124,Warehouse_D,2026-06-02,2026-06-20,64,3090.99,Delivered,Industrial
2172,26,Warehouse_B,2026-06-01,2026-06-07,38,8753.72,In Transit,Electronics
2173,176,Warehouse_E,2026-05-22,2026-05-28,29,4393.03,Cancelled,FMCG
2174,390,Warehouse_C,2026-05-28,2026-06-11,91,2924.74,In Transit,Pharma
2175,268,Warehouse_A,2026-06-02,2026-06-10,9,4632.29,Delayed,Automotive
2176,489,Warehouse_A,2026-05-19,2026-05-22,17,2364.26,In Transit,Automotive
2177,193,Warehouse_A,2026-05-28,2026-06-15,9,5026.51,Delivered,FMCG
2178,99,Warehouse_D,2026-05-23,2026-06-05,72,4455.59,In Transit,Industrial
2179,256,Warehouse_D,2026-05-22,2026-06-11,65,1865.7,Cancelled,Electronics
2180,14,Warehouse_B,2026-06-01,2026-06-13,31,6150.07,Delayed,FMCG
2181,293,Warehouse_B,2026-05-07,2026-05-18,5,2474.02,In Transit,Pharma
2182,466,Warehouse_B,2026-05-20,2026-06-02,32,8926.75,Cancelled,Pharma
2183,49,Warehouse_D,2026-05-20,2026-05-30,81,9463.83,Delayed,Automotive
2184,174,Warehouse_D,2026-05-16,2026-05-28,73,1270.48,Delayed,Pharma
2185,323,Warehouse_B,2026-05-23,2026-05-30,3,7540.0,Delayed,Automotive
2186,160,Warehouse_C,2026-05-09,2026-05-17,3,553.29,Cancelled,FMCG
2187,286,Warehouse_C,2026-05-27,2026-06-08,77,7005.89,Delivered,Automotive
2188,345,Warehouse_E,2026-05-11,2026-05-12,40,887.65,In Transit,Industrial
2189,124,Warehouse_A,2026-05-16,2026-05-28,95,9629.69,In Transit,Pharma
2190,312,Warehouse_A,2026-06-02,2026-06-20,16,9562.08,Delayed,Industrial
2191,380,Warehouse_E,2026-05-16,2026-06-01,69,8232.83,Cancelled,Automotive
2192,17,Warehouse_C,2026-05-24,2026-06-03,36,5702.33,In Transit,Pharma
2193,244,Warehouse_B,2026-05-11,2026-05-15,78,5641.16,In Transit,Electronics
2194,387,Warehouse_D,2026-05-28,2026-05-31,84,2605.41,Delayed,Automotive
2195,39,Warehouse_A,2026-05-30,2026-06-18,20,3953.27,Cancelled,Electronics
2196,455,Warehouse_B,2026-05-27,2026-05-28,32,1227.05,Delivered,Industrial
2197,253,Warehouse_A,2026-06-01,2026-06-17,15,9585.41,Delayed,Pharma
2198,313,Warehouse_D,2026-05-14,2026-05-26,3,9231.39,Delayed,Pharma
2199,378,Warehouse_C,2026-05-18,2026-05-20,43,102.57,Cancelled,Electronics
2200,301,Warehouse_D,2026-05-23,2026-06-10,16,8524.22,Cancelled,Automotive
2201,80,Warehouse_A,2026-05-13,2026-05-16,38,1102.04,Delayed,Pharma
2202,194,Warehouse_D,2026-05-11,2026-05-24,54,156.81,Cancelled,Electronics
2203,46,Warehouse_D,2026-05-15,2026-05-19,3,1369.96,Delayed,Industrial
2204,265,Warehouse_C,2026-06-04,2026-06-13,92,4425.15,Cancelled,Automotive
2205,195,Warehouse_E,2026-05-31,2026-06-14,66,6949.81,Delivered,Pharma
2206,138,Warehouse_D,2026-05-16,2026-06-03,70,2230.65,Cancelled,Electronics
2207,387,Warehouse_A,2026-05-22,2026-06-04,100,3091.96,Delivered,Pharma
2208,392,Warehouse_D,2026-05-29,2026-06-12,18,2221.07,Delayed,Automotive
2209,365,Warehouse_A,2026-06-03,2026-06-07,16,1511.71,In Transit,Automotive
2210,378,Warehouse_E,2026-05-15,2026-06-04,47,8992.79,Cancelled,Electronics
2211,305,Warehouse_B,2026-05-08,2026-05-27,13,195.02,Delayed,Industrial
2212,369,Warehouse_C,2026-05-11,2026-05-24,64,3242.35,Delivered,Automotive
2213,258,Warehouse_C,2026-05-10,2026-05-26,41,5112.76,Delivered,Pharma
2214,268,Warehouse_E,2026-05-07,2026-05-22,37,2126.57,In Transit,FMCG
2215,194,Warehouse_E,2026-05-31,2026-06-05,30,4220.63,Cancelled,Automotive
2216,93,Warehouse_A,2026-05-23,2026-06-09,25,5757.64,Delayed,Automotive
2217,67,Warehouse_B,2026-05-10,2026-05-28,54,3898.69,In Transit,Industrial
2218,363,Warehouse_A,2026-05-29,2026-06-15,92,8154.72,Delayed,Industrial
2219,443,Warehouse_D,2026-05-28,2026-05-29,56,6608.91,In Transit,FMCG
2220,133,Warehouse_A,2026-05-13,2026-05-20,86,8656.7,In Transit,Automotive
2221,85,Warehouse_C,2026-05-28,2026-06-14,88,4347.36,Delayed,Electronics
2222,423,Warehouse_C,2026-05-07,2026-05-17,2,5663.56,In Transit,Automotive
2223,445,Warehouse_D,2026-05-11,2026-05-22,70,4274.39,In Transit,FMCG
2224,219,Warehouse_B,2026-06-03,2026-06-23,41,1321.37,In Transit,FMCG
2225,13,Warehouse_D,2026-05-19,2026-05-31,89,7758.01,Delayed,Pharma
2226,363,Warehouse_D,2026-05-21,2026-06-06,95,1415.93,Cancelled,Pharma
2227,71,Warehouse_C,2026-05-13,2026-05-23,69,5036.09,Delayed,Industrial
2228,458,Warehouse_D,2026-05-08,2026-05-15,12,8368.32,Cancelled,FMCG
2229,125,Warehouse_A,2026-05-24,2026-05-28,30,5244.98,Delivered,Automotive
2230,260,Warehouse_E,2026-05-26,2026-06-10,34,9643.19,Cancelled,Industrial
2231,59,Warehouse_D,2026-05-25,2026-06-03,73,9897.79,Delayed,Industrial
2232,295,Warehouse_B,2026-05-08,2026-05-17,14,3755.11,In Transit,Pharma
2233,78,Warehouse_D,2026-05-14,2026-05-23,100,8213.68,In Transit,Electronics
2234,392,Warehouse_C,2026-05-15,2026-05-28,47,3875.39,Cancelled,Automotive
2235,58,Warehouse_E,2026-05-08,2026-05-15,79,7667.21,Delivered,Electronics
2236,465,Warehouse_C,2026-06-02,2026-06-16,7,231.94,Cancelled,Electronics
2237,472,Warehouse_C,2026-05-31,2026-06-15,80,4276.99,In Transit,Industrial
2238,279,Warehouse_E,2026-05-22,2026-06-09,99,5959.77,Delayed,FMCG
2239,310,Warehouse_D,2026-05-09,2026-05-16,45,9670.52,Delivered,Automotive
2240,380,Warehouse_A,2026-05-23,2026-05-25,62,4149.69,Cancelled,Automotive
2241,246,Warehouse_B,2026-05-09,2026-05-12,73,2575.14,Delivered,Automotive
2242,45,Warehouse_C,2026-05-07,2026-05-21,2,2656.95,Cancelled,FMCG
2243,404,Warehouse_C,2026-05-07,2026-05-21,38,9558.13,In Transit,Electronics
2244,263,Warehouse_B,2026-05-30,2026-06-19,21,5187.37,Delayed,Industrial
2245,378,Warehouse_C,2026-05-09,2026-05-18,14,9129.46,Cancelled,FMCG
2246,130,Warehouse_D,2026-05-11,2026-05-24,89,2404.42,Delayed,Pharma
2247,87,Warehouse_D,2026-05-19,2026-06-05,62,6810.47,Delayed,Pharma
2248,336,Warehouse_D,2026-06-01,2026-06-18,77,8697.25,In Transit,FMCG
2249,79,Warehouse_A,2026-05-17,2026-05-19,29,4849.99,Cancelled,Industrial
2250,417,Warehouse_D,2026-05-31,2026-06-15,36,3290.04,Delayed,FMCG
2251,121,Warehouse_A,2026-05-18,2026-05-23,1,1078.75,Delivered,Industrial
2252,345,Warehouse_E,2026-05-17,2026-06-01,7,4256.03,Delivered,Pharma
2253,100,Warehouse_E,2026-05-12,2026-05-13,39,679.44,Cancelled,Pharma
2254,31,Warehouse_C,2026-05-30,2026-06-15,46,6720.92,Delivered,Industrial
2255,388,Warehouse_A,2026-05-19,2026-06-07,61,1956.3,Delayed,FMCG
2256,101,Warehouse_C,2026-05-10,2026-05-17,67,5810.25,Delivered,Industrial
2257,24,Warehouse_D,2026-05-08,2026-05-24,17,832.02,Delivered,Pharma
2258,443,Warehouse_C,2026-05-13,2026-05-15,12,5699.19,Delayed,Automotive
2259,111,Warehouse_E,2026-06-03,2026-06-10,38,8477.53,In Transit,FMCG
2260,326,Warehouse_D,2026-05-06,2026-05-20,71,6252.61,Cancelled,Pharma
2261,356,Warehouse_D,2026-05-11,2026-05-27,76,3981.74,Cancelled,FMCG
2262,106,Warehouse_C,2026-05-08,2026-05-14,100,4617.08,Delayed,FMCG
2263,287,Warehouse_C,2026-05-18,2026-06-05,58,4272.74,In Transit,Industrial
2264,349,Warehouse_C,2026-05-22,2026-06-08,4,1124.03,Cancelled,Pharma
2265,253,Warehouse_E,2026-05-24,2026-06-07,77,9606.25,Cancelled,Pharma
2266,23,Warehouse_A,2026-05-26,2026-06-05,29,4944.1,Cancelled,FMCG
2267,309,Warehouse_E,2026-05-22,2026-05-29,100,9660.99,Delayed,Electronics
2268,196,Warehouse_B,2026-05-23,2026-06-09,43,7757.2,Delivered,Pharma
2269,159,Warehouse_D,2026-05-08,2026-05-09,40,2769.39,In Transit,Industrial
2270,277,Warehouse_B,2026-05-30,2026-06-01,63,3350.51,Delayed,Pharma
2271,377,Warehouse_B,2026-05-06,2026-05-14,9,5723.91,Cancelled,Electronics
2272,385,Warehouse_B,2026-06-04,2026-06-05,53,4053.56,Delivered,Electronics
2273,225,Warehouse_D,2026-06-02,2026-06-08,89,5732.1,In Transit,Pharma
2274,396,Warehouse_D,2026-05-11,2026-05-27,44,1403.88,Delayed,FMCG
2275,73,Warehouse_A,2026-06-02,2026-06-22,98,8144.03,Delivered,Electronics
2276,248,Warehouse_C,2026-05-20,2026-06-08,28,2648.12,In Transit,Industrial
2277,70,Warehouse_B,2026-05-22,2026-06-11,94,652.57,In Transit,FMCG
2278,10,Warehouse_B,2026-05-26,2026-06-05,61,7802.52,Delayed,FMCG
2279,162,Warehouse_D,2026-05-20,2026-06-09,51,9686.41,Cancelled,Automotive
2280,33,Warehouse_B,2026-05-10,2026-05-19,68,9316.21,Delayed,FMCG
2281,277,Warehouse_C,2026-05-18,2026-06-04,51,6365.95,Cancelled,Automotive
2282,330,Warehouse_D,2026-06-03,2026-06-11,7,4211.81,Delayed,Pharma
2283,212,Warehouse_D,2026-05-10,2026-05-26,74,5090.33,Cancelled,Pharma
2284,47,Warehouse_E,2026-05-06,2026-05-08,88,2859.0,Cancelled,FMCG
2285,63,Warehouse_D,2026-05-12,2026-05-16,62,8621.18,Delayed,Pharma
2286,251,Warehouse_A,2026-05-16,2026-05-28,95,6112.18,Cancelled,Electronics
2287,495,Warehouse_C,2026-05-08,2026-05-09,75,2732.79,Delayed,FMCG
2288,357,Warehouse_E,2026-05-14,2026-05-16,17,1050.95,In Transit,Pharma
2289,349,Warehouse_A,2026-05-21,2026-06-06,91,3427.05,Delayed,FMCG
2290,294,Warehouse_C,2026-05-12,2026-05-25,1,7742.9,Cancelled,Industrial
2291,324,Warehouse_B,2026-05-26,2026-06-12,33,2365.93,Delivered,Industrial
2292,119,Warehouse_B,2026-05-28,2026-06-15,49,1889.27,In Transit,Industrial
2293,233,Warehouse_B,2026-05-07,2026-05-12,76,349.66,In Transit,FMCG
2294,61,Warehouse_A,2026-05-09,2026-05-10,43,3228.54,In Transit,FMCG
2295,428,Warehouse_D,2026-05-28,2026-06-06,72,3434.2,Delivered,Electronics
2296,226,Warehouse_B,2026-05-25,2026-05-29,68,2355.86,In Transit,FMCG
2297,421,Warehouse_B,2026-06-04,2026-06-19,16,6884.66,In Transit,Pharma
2298,240,Warehouse_E,2026-05-12,2026-05-21,46,6735.7,Cancelled,Electronics
2299,468,Warehouse_D,2026-05-28,2026-06-06,30,4772.61,Cancelled,Pharma
2300,131,Warehouse_E,2026-06-02,2026-06-10,39,2700.56,Delayed,Automotive
2301,209,Warehouse_D,2026-05-17,2026-05-28,45,9170.05,Cancelled,FMCG
2302,50,Warehouse_D,2026-05-17,2026-06-03,100,7863.76,Cancelled,Electronics
2303,63,Warehouse_B,2026-05-30,2026-06-17,97,2086.01,Delivered,FMCG
2304,381,Warehouse_E,2026-06-04,2026-06-07,14,6703.31,In Transit,FMCG
2305,375,Warehouse_E,2026-05-15,2026-05-29,56,5758.25,Cancelled,Industrial
2306,168,Warehouse_D,2026-05-20,2026-05-30,27,5945.24,In Transit,Pharma
2307,183,Warehouse_D,2026-05-20,2026-05-23,82,3990.52,In Transit,Pharma
2308,38,Warehouse_A,2026-05-12,2026-05-31,100,2465.99,Delayed,Automotive
2309,316,Warehouse_B,2026-05-22,2026-05-29,83,7668.8,Delivered,Pharma
2310,273,Warehouse_A,2026-05-19,2026-06-03,3,9259.38,In Transit,FMCG
2311,267,Warehouse_E,2026-05-16,2026-05-24,36,4224.94,In Transit,Industrial
2312,430,Warehouse_B,2026-05-26,2026-05-29,20,5068.74,Delivered,Industrial
2313,19,Warehouse_A,2026-05-10,2026-05-13,39,7750.83,Delayed,Automotive
2314,107,Warehouse_E,2026-05-26,2026-05-31,44,8531.67,Cancelled,Pharma
2315,80,Warehouse_A,2026-05-07,2026-05-15,9,7829.31,Delivered,Electronics
2316,81,Warehouse_A,2026-05-09,2026-05-21,53,4717.49,Delayed,Automotive
2317,9,Warehouse_B,2026-05-28,2026-06-08,6,7206.98,Delayed,FMCG
2318,236,Warehouse_A,2026-05-11,2026-05-25,87,6076.43,Delivered,Pharma
2319,495,Warehouse_A,2026-05-16,2026-06-05,61,671.36,Delivered,FMCG
2320,413,Warehouse_D,2026-05-23,2026-06-01,72,6879.36,In Transit,Electronics
2321,102,Warehouse_E,2026-05-12,2026-05-20,61,8194.4,In Transit,Pharma
2322,311,Warehouse_C,2026-06-01,2026-06-15,81,9851.59,In Transit,Electronics
2323,373,Warehouse_D,2026-05-22,2026-06-07,65,5008.61,In Transit,FMCG
2324,413,Warehouse_C,2026-06-03,2026-06-19,73,4537.31,Cancelled,Automotive
2325,378,Warehouse_B,2026-05-14,2026-05-16,61,1865.82,Cancelled,Electronics
2326,59,Warehouse_C,2026-05-24,2026-05-31,71,1250.82,In Transit,FMCG
2327,269,Warehouse_C,2026-05-19,2026-05-31,73,371.79,Delivered,FMCG
2328,289,Warehouse_E,2026-05-19,2026-05-27,71,1411.44,Cancelled,Automotive
2329,220,Warehouse_D,2026-05-23,2026-06-09,13,2507.65,In Transit,Industrial
2330,59,Warehouse_D,2026-05-16,2026-05-21,70,3302.94,Delivered,FMCG
2331,300,Warehouse_D,2026-06-01,2026-06-07,70,230.71,Delayed,FMCG
2332,202,Warehouse_C,2026-05-11,2026-05-21,63,1655.06,Delayed,Industrial
2333,136,Warehouse_E,2026-05-18,2026-06-04,45,6558.52,Delivered,Industrial
2334,260,Warehouse_A,2026-05-15,2026-05-26,57,4848.55,Delivered,Electronics
2335,289,Warehouse_C,2026-05-29,2026-05-31,86,4901.35,Cancelled,FMCG
2336,372,Warehouse_E,2026-05-27,2026-05-31,30,7621.9,Delayed,Automotive
2337,467,Warehouse_C,2026-06-01,2026-06-20,12,8668.18,Cancelled,Pharma
2338,20,Warehouse_A,2026-05-11,2026-05-31,98,8926.67,Delivered,Automotive
2339,454,Warehouse_A,2026-05-26,2026-06-08,89,4451.45,Cancelled,Electronics
2340,149,Warehouse_B,2026-05-19,2026-06-06,9,8101.76,Delayed,FMCG
2341,148,Warehouse_E,2026-05-16,2026-05-18,44,8363.56,Delayed,Pharma
2342,300,Warehouse_C,2026-05-06,2026-05-18,2,8611.96,Delivered,Electronics
2343,165,Warehouse_C,2026-05-11,2026-05-17,28,5497.99,Delivered,Pharma
2344,432,Warehouse_D,2026-05-27,2026-06-14,48,1846.19,In Transit,Electronics
2345,431,Warehouse_C,2026-05-10,2026-05-14,49,4453.97,Cancelled,Automotive
2346,143,Warehouse_B,2026-05-27,2026-06-06,78,2049.88,In Transit,Automotive
2347,11,Warehouse_E,2026-05-23,2026-05-24,91,3888.47,Cancelled,FMCG
2348,111,Warehouse_B,2026-05-25,2026-05-28,58,2972.18,Delivered,FMCG
2349,382,Warehouse_A,2026-05-06,2026-05-23,20,5901.36,Delivered,Industrial
2350,31,Warehouse_A,2026-05-31,2026-06-10,34,1490.69,Delayed,Electronics
2351,253,Warehouse_E,2026-05-29,2026-06-15,86,124.55,Delivered,Industrial
2352,455,Warehouse_E,2026-05-12,2026-05-22,93,9797.38,Delayed,Industrial
2353,174,Warehouse_D,2026-06-02,2026-06-19,56,2043.86,Delivered,Pharma
2354,463,Warehouse_B,2026-05-13,2026-05-14,11,5036.82,In Transit,Pharma
2355,295,Warehouse_C,2026-05-19,2026-06-01,36,847.91,In Transit,Electronics
2356,111,Warehouse_A,2026-05-31,2026-06-03,20,7244.8,Cancelled,Industrial
2357,394,Warehouse_A,2026-05-17,2026-05-27,31,9137.62,In Transit,Industrial
2358,439,Warehouse_D,2026-05-07,2026-05-10,96,5745.34,In Transit,Industrial
2359,102,Warehouse_A,2026-05-26,2026-05-29,71,2107.84,Delayed,Pharma
2360,399,Warehouse_D,2026-05-17,2026-06-04,32,1858.16,Cancelled,Automotive
2361,213,Warehouse_E,2026-05-08,2026-05-26,25,7886.45,Delivered,Automotive
2362,488,Warehouse_D,2026-05-28,2026-06-13,50,5427.41,Delayed,Pharma
2363,472,Warehouse_E,2026-05-15,2026-05-19,68,5090.23,Cancelled,FMCG
2364,463,Warehouse_A,2026-05-14,2026-05-28,16,7246.61,Cancelled,Electronics
2365,73,Warehouse_B,2026-06-02,2026-06-05,16,3799.99,Delivered,Electronics
2366,463,Warehouse_C,2026-05-26,2026-06-08,27,7778.19,Cancelled,Industrial
2367,302,Warehouse_D,2026-05-26,2026-06-07,56,1841.27,Delayed,Automotive
2368,356,Warehouse_D,2026-05-22,2026-06-01,48,7749.64,In Transit,Pharma
2369,263,Warehouse_E,2026-05-15,2026-05-16,81,9618.38,Cancelled,Electronics
2370,174,Warehouse_C,2026-05-06,2026-05-26,9,5119.84,In Transit,Pharma
2371,327,Warehouse_D,2026-05-09,2026-05-14,54,680.35,In Transit,Pharma
2372,315,Warehouse_E,2026-05-10,2026-05-26,75,9031.51,Delayed,Electronics
2373,251,Warehouse_A,2026-05-15,2026-06-03,33,9470.19,Cancelled,Electronics
2374,77,Warehouse_E,2026-05-24,2026-06-04,80,2106.19,In Transit,Industrial
2375,336,Warehouse_A,2026-05-11,2026-05-22,31,299.19,Cancelled,Automotive
2376,265,Warehouse_C,2026-05-18,2026-06-05,70,904.33,Delivered,Industrial
2377,485,Warehouse_A,2026-05-24,2026-05-26,7,871.74,In Transit,Industrial
2378,124,Warehouse_C,2026-05-24,2026-06-12,79,6776.5,Cancelled,Industrial
2379,87,Warehouse_D,2026-05-27,2026-06-04,10,1665.27,Delivered,FMCG
2380,483,Warehouse_A,2026-06-02,2026-06-10,63,8505.56,In Transit,FMCG
2381,374,Warehouse_C,2026-05-26,2026-06-09,19,8051.3,Cancelled,Automotive
2382,66,Warehouse_D,2026-05-28,2026-06-16,9,4710.01,Delivered,Industrial
2383,16,Warehouse_B,2026-05-10,2026-05-27,92,9411.7,Cancelled,Automotive
2384,326,Warehouse_B,2026-05-30,2026-06-14,34,3977.16,In Transit,Automotive
2385,245,Warehouse_A,2026-05-12,2026-05-19,21,1170.84,Delivered,Electronics
2386,281,Warehouse_C,2026-05-12,2026-05-29,36,936.86,In Transit,FMCG
2387,497,Warehouse_D,2026-05-22,2026-06-01,93,1930.89,Delayed,Pharma
2388,103,Warehouse_D,2026-05-26,2026-05-28,75,3647.53,Delivered,Industrial
2389,101,Warehouse_E,2026-05-29,2026-06-15,20,4925.02,Cancelled,Pharma
2390,103,Warehouse_B,2026-06-02,2026-06-09,70,3925.46,Cancelled,Industrial
2391,470,Warehouse_E,2026-05-07,2026-05-27,80,9984.58,Delayed,Electronics
2392,185,Warehouse_C,2026-05-24,2026-06-04,68,7087.02,In Transit,Electronics
2393,415,Warehouse_A,2026-05-20,2026-06-03,22,8377.85,Delayed,Industrial
2394,202,Warehouse_C,2026-05-06,2026-05-07,14,5730.13,Cancelled,Pharma
2395,359,Warehouse_D,2026-05-29,2026-05-30,91,8471.45,Delayed,FMCG
2396,84,Warehouse_A,2026-05-21,2026-05-31,76,6592.17,Cancelled,FMCG
2397,495,Warehouse_E,2026-05-27,2026-06-13,17,1948.66,Delayed,Automotive
2398,79,Warehouse_C,2026-05-30,2026-06-07,93,335.61,In Transit,Electronics
2399,426,Warehouse_B,2026-05-07,2026-05-23,87,1084.77,Delayed,Pharma
2400,243,Warehouse_D,2026-05-31,2026-06-18,81,8423.26,Delivered,Pharma
2401,316,Warehouse_E,2026-06-04,2026-06-21,27,3181.08,In Transit,Industrial
2402,160,Warehouse_E,2026-05-15,2026-05-21,26,7534.16,Cancelled,Pharma
2403,47,Warehouse_D,2026-05-11,2026-05-17,49,9364.7,In Transit,Pharma
2404,138,Warehouse_D,2026-05-14,2026-06-02,53,508.56,In Transit,Automotive
2405,94,Warehouse_A,2026-05-26,2026-06-03,43,7551.5,In Transit,Electronics
2406,101,Warehouse_A,2026-06-04,2026-06-09,62,7353.02,In Transit,Industrial
2407,314,Warehouse_D,2026-05-06,2026-05-14,37,4251.48,Delivered,Industrial
2408,426,Warehouse_C,2026-05-13,2026-05-27,32,309.11,In Transit,Pharma
2409,206,Warehouse_D,2026-05-23,2026-06-06,90,7451.98,In Transit,Electronics
2410,71,Warehouse_C,2026-05-11,2026-05-16,84,5777.1,Cancelled,Pharma
2411,98,Warehouse_E,2026-05-15,2026-05-25,70,3597.1,Delayed,Electronics
2412,25,Warehouse_E,2026-05-19,2026-05-25,62,503.2,Delivered,Industrial
2413,471,Warehouse_E,2026-05-11,2026-05-22,50,1582.01,Cancelled,FMCG
2414,4,Warehouse_A,2026-05-23,2026-06-06,74,3630.68,Cancelled,Electronics
2415,313,Warehouse_C,2026-05-11,2026-05-30,46,766.9,In Transit,FMCG
2416,401,Warehouse_B,2026-05-29,2026-06-03,71,7170.49,In Transit,Electronics
2417,321,Warehouse_E,2026-05-22,2026-06-05,1,915.68,Cancelled,Pharma
2418,415,Warehouse_E,2026-05-06,2026-05-25,16,9213.28,Delayed,Pharma
2419,461,Warehouse_D,2026-05-27,2026-06-08,95,9534.22,In Transit,Pharma
2420,381,Warehouse_A,2026-05-12,2026-05-27,51,5183.8,In Transit,FMCG
2421,185,Warehouse_C,2026-05-19,2026-05-27,4,3521.36,Delayed,FMCG
2422,225,Warehouse_C,2026-05-15,2026-05-25,59,8431.01,Delayed,Industrial
2423,78,Warehouse_D,2026-05-16,2026-05-21,69,6746.46,Cancelled,Industrial
2424,99,Warehouse_B,2026-06-01,2026-06-17,4,6513.81,In Transit,FMCG
2425,78,Warehouse_A,2026-05-20,2026-05-22,2,7992.91,Delivered,Pharma
2426,195,Warehouse_D,2026-05-12,2026-05-30,2,9000.7,Delayed,Automotive
2427,490,Warehouse_D,2026-05-27,2026-06-08,10,4140.61,Cancelled,Industrial
2428,103,Warehouse_D,2026-05-26,2026-05-30,91,9331.13,Cancelled,FMCG
2429,292,Warehouse_E,2026-05-20,2026-05-22,84,7953.32,Delayed,Industrial
2430,231,Warehouse_D,2026-05-21,2026-05-23,69,5020.58,Delayed,Industrial
2431,142,Warehouse_C,2026-05-12,2026-05-16,30,9718.95,Delivered,FMCG
2432,375,Warehouse_D,2026-05-23,2026-06-12,98,1185.87,Cancelled,FMCG
2433,441,Warehouse_E,2026-05-08,2026-05-11,3,9531.11,In Transit,Pharma
2434,24,Warehouse_A,2026-05-19,2026-05-21,91,6693.13,Delivered,Automotive
2435,475,Warehouse_A,2026-05-27,2026-06-03,87,8154.61,In Transit,FMCG
2436,135,Warehouse_B,2026-05-11,2026-05-31,97,4481.65,Delayed,Pharma
2437,412,Warehouse_C,2026-05-09,2026-05-27,79,9482.97,Delayed,Electronics
2438,165,Warehouse_C,2026-05-19,2026-05-31,5,4446.7,Delivered,Industrial
2439,339,Warehouse_D,2026-05-28,2026-06-02,3,9491.22,In Transit,Automotive
2440,335,Warehouse_E,2026-05-20,2026-06-08,18,1401.03,Cancelled,FMCG
2441,110,Warehouse_C,2026-05-13,2026-05-17,38,7467.72,Delivered,Industrial
2442,485,Warehouse_E,2026-05-17,2026-05-20,97,2650.69,Delivered,Industrial
2443,89,Warehouse_D,2026-05-08,2026-05-18,66,6705.42,Delayed,Automotive
2444,401,Warehouse_A,2026-06-01,2026-06-04,86,9220.45,Cancelled,FMCG
2445,389,Warehouse_A,2026-05-20,2026-06-03,44,4360.92,In Transit,Pharma
2446,28,Warehouse_D,2026-05-30,2026-06-17,34,2713.62,Delayed,FMCG
2447,198,Warehouse_D,2026-05-07,2026-05-09,12,183.41,Delivered,Automotive
2448,453,Warehouse_C,2026-05-07,2026-05-12,49,7021.29,Delivered,FMCG
2449,336,Warehouse_C,2026-05-28,2026-06-16,84,8407.31,Cancelled,FMCG
2450,407,Warehouse_B,2026-05-16,2026-05-25,17,5093.64,In Transit,Electronics
2451,395,Warehouse_B,2026-05-19,2026-05-29,81,4602.17,In Transit,Pharma
2452,276,Warehouse_B,2026-05-27,2026-06-07,73,6467.98,Delivered,Electronics
2453,396,Warehouse_B,2026-05-30,2026-06-11,82,8881.07,Delayed,Industrial
2454,306,Warehouse_D,2026-05-10,2026-05-14,20,1743.38,Delivered,Automotive
2455,222,Warehouse_E,2026-05-11,2026-05-17,41,824.99,Delivered,Industrial
2456,339,Warehouse_E,2026-05-21,2026-05-24,75,5476.83,Delivered,Automotive
2457,7,Warehouse_E,2026-05-07,2026-05-09,37,9578.17,In Transit,Electronics
2458,155,Warehouse_A,2026-05-30,2026-06-19,34,8392.64,Delayed,FMCG
2459,398,Warehouse_D,2026-05-17,2026-05-21,28,1383.22,Cancelled,Automotive
2460,263,Warehouse_A,2026-05-27,2026-06-10,61,5255.64,In Transit,Automotive
2461,241,Warehouse_E,2026-05-06,2026-05-17,70,1696.5,Delivered,FMCG
2462,45,Warehouse_C,2026-05-13,2026-06-02,99,5093.37,Delivered,Industrial
2463,422,Warehouse_D,2026-05-10,2026-05-27,5,8417.17,Cancelled,Industrial
2464,194,Warehouse_E,2026-05-23,2026-06-07,39,7282.7,Cancelled,Automotive
2465,303,Warehouse_A,2026-05-07,2026-05-19,79,5824.0,Delivered,Automotive
2466,127,Warehouse_A,2026-05-26,2026-06-07,61,6862.42,Delivered,Pharma
2467,449,Warehouse_C,2026-05-22,2026-05-25,90,579.21,Cancelled,Electronics
2468,93,Warehouse_D,2026-05-22,2026-06-03,42,4575.46,In Transit,Pharma
2469,210,Warehouse_A,2026-05-29,2026-06-10,55,7225.03,Cancelled,Automotive
2470,36,Warehouse_A,2026-05-06,2026-05-19,60,1076.75,Cancelled,Industrial
2471,331,Warehouse_C,2026-05-08,2026-05-18,83,6700.83,In Transit,Electronics
2472,270,Warehouse_A,2026-05-29,2026-06-06,45,6899.31,Cancelled,Electronics
2473,56,Warehouse_E,2026-05-27,2026-05-30,77,9640.84,Cancelled,FMCG
2474,430,Warehouse_A,2026-05-22,2026-06-07,74,7163.29,Cancelled,Electronics
2475,263,Warehouse_E,2026-06-03,2026-06-13,24,7619.56,In Transit,FMCG
2476,391,Warehouse_E,2026-05-19,2026-05-24,54,6795.88,In Transit,Industrial
2477,81,Warehouse_B,2026-05-30,2026-06-14,2,8680.41,Cancelled,Pharma
2478,414,Warehouse_A,2026-05-07,2026-05-11,38,5986.68,Cancelled,FMCG
2479,199,Warehouse_A,2026-05-28,2026-06-05,67,708.2,Delivered,Industrial
2480,179,Warehouse_B,2026-05-13,2026-05-26,21,2797.26,Delayed,Pharma
2481,469,Warehouse_E,2026-05-22,2026-06-03,73,8170.77,Delayed,Electronics
2482,17,Warehouse_B,2026-05-10,2026-05-25,63,3661.23,Delivered,Automotive
2483,420,Warehouse_C,2026-05-17,2026-05-30,54,2271.36,Cancelled,Automotive
2484,467,Warehouse_C,2026-05-09,2026-05-29,6,4368.45,In Transit,Electronics
2485,237,Warehouse_B,2026-05-15,2026-06-04,66,3313.99,Cancelled,Automotive
2486,185,Warehouse_C,2026-06-03,2026-06-16,43,1375.08,Cancelled,FMCG
2487,499,Warehouse_D,2026-05-13,2026-05-26,23,4905.79,Cancelled,FMCG
2488,397,Warehouse_D,2026-05-14,2026-06-02,98,9501.88,In Transit,Automotive
2489,55,Warehouse_B,2026-05-06,2026-05-15,61,8025.09,In Transit,Automotive
2490,341,Warehouse_D,2026-05-19,2026-06-07,1,2663.93,Delayed,Pharma
2491,336,Warehouse_B,2026-06-03,2026-06-14,7,8618.16,Delivered,Pharma
2492,400,Warehouse_D,2026-05-09,2026-05-27,16,3292.05,Cancelled,Industrial
2493,440,Warehouse_C,2026-05-27,2026-06-14,90,6224.21,Cancelled,Industrial
2494,287,Warehouse_D,2026-05-10,2026-05-30,64,8840.71,Cancelled,Industrial
2495,100,Warehouse_E,2026-05-11,2026-05-27,43,4557.56,Cancelled,Electronics
2496,107,Warehouse_D,2026-05-28,2026-06-12,94,9620.51,Delayed,FMCG
2497,70,Warehouse_D,2026-06-04,2026-06-05,91,8414.92,Cancelled,Industrial
2498,116,Warehouse_E,2026-05-24,2026-06-09,15,7593.03,Cancelled,FMCG
2499,314,Warehouse_E,2026-05-13,2026-05-21,37,6199.99,Delayed,Automotive
2500,52,Warehouse_B,2026-05-18,2026-05-20,93,8859.27,In Transit,Pharma
2501,246,Warehouse_D,2026-05-29,2026-06-03,16,8658.98,Cancelled,Pharma
2502,72,Warehouse_D,2026-05-09,2026-05-24,55,3945.94,Delivered,FMCG
2503,270,Warehouse_E,2026-06-01,2026-06-06,37,2591.93,Delivered,FMCG
2504,242,Warehouse_B,2026-05-15,2026-05-25,3,727.51,Delayed,Automotive
2505,237,Warehouse_B,2026-05-28,2026-06-03,70,6847.86,In Transit,FMCG
2506,306,Warehouse_B,2026-05-13,2026-05-25,41,3492.0,Cancelled,FMCG
2507,133,Warehouse_A,2026-05-19,2026-05-28,88,5394.45,Delivered,FMCG
2508,115,Warehouse_B,2026-05-11,2026-05-24,64,5819.18,Delivered,FMCG
2509,351,Warehouse_A,2026-05-20,2026-05-29,57,7545.1,Delivered,Pharma
2510,308,Warehouse_A,2026-05-27,2026-05-30,73,2357.76,Delivered,Pharma
2511,457,Warehouse_B,2026-05-09,2026-05-14,12,890.94,Delivered,Automotive
2512,79,Warehouse_A,2026-06-01,2026-06-12,49,504.33,In Transit,FMCG
2513,309,Warehouse_A,2026-05-21,2026-05-30,99,191.57,In Transit,Industrial
2514,156,Warehouse_D,2026-05-26,2026-06-12,63,7502.78,Delayed,Pharma
2515,421,Warehouse_C,2026-05-18,2026-05-28,83,9721.47,Delayed,Automotive
2516,296,Warehouse_B,2026-05-06,2026-05-16,55,2832.04,In Transit,FMCG
2517,67,Warehouse_A,2026-05-22,2026-05-30,23,4040.08,Delayed,Automotive
2518,52,Warehouse_B,2026-05-13,2026-05-26,18,300.34,Delayed,Automotive
2519,278,Warehouse_A,2026-05-31,2026-06-01,69,4698.74,Cancelled,Electronics
2520,20,Warehouse_B,2026-05-30,2026-06-18,12,5079.82,Cancelled,Electronics
2521,144,Warehouse_A,2026-05-18,2026-06-06,89,2852.6,Cancelled,Automotive
2522,409,Warehouse_E,2026-05-19,2026-05-30,78,7499.2,Cancelled,Electronics
2523,486,Warehouse_A,2026-05-21,2026-05-29,54,9396.39,Delayed,FMCG
2524,183,Warehouse_A,2026-05-23,2026-05-28,78,3466.24,Delivered,Industrial
2525,475,Warehouse_D,2026-05-31,2026-06-02,79,1043.53,In Transit,Industrial
2526,288,Warehouse_A,2026-05-16,2026-05-29,57,7655.68,Delayed,Industrial
2527,193,Warehouse_A,2026-06-04,2026-06-21,47,6941.01,In Transit,Pharma
2528,426,Warehouse_B,2026-05-20,2026-06-02,67,9841.32,In Transit,Pharma
2529,203,Warehouse_A,2026-05-17,2026-05-26,5,6246.48,In Transit,Automotive
2530,216,Warehouse_A,2026-05-20,2026-05-23,15,3755.69,Cancelled,Industrial
2531,69,Warehouse_D,2026-05-31,2026-06-17,81,2875.02,Cancelled,FMCG
2532,281,Warehouse_A,2026-05-08,2026-05-22,99,7370.56,Cancelled,Pharma
2533,224,Warehouse_C,2026-05-09,2026-05-26,36,7861.2,In Transit,Industrial
2534,113,Warehouse_D,2026-05-19,2026-05-26,71,6142.54,In Transit,Industrial
2535,127,Warehouse_B,2026-06-01,2026-06-02,94,1274.21,Cancelled,Pharma
2536,230,Warehouse_B,2026-05-23,2026-06-07,9,2889.41,Delivered,FMCG
2537,338,Warehouse_B,2026-05-06,2026-05-23,75,4496.62,Delivered,Automotive
2538,466,Warehouse_B,2026-05-27,2026-06-16,60,9122.09,Delayed,Electronics
2539,112,Warehouse_C,2026-05-23,2026-05-24,48,3865.59,In Transit,Electronics
2540,222,Warehouse_B,2026-05-16,2026-05-19,95,5600.58,Cancelled,Industrial
2541,137,Warehouse_E,2026-05-07,2026-05-26,98,3609.89,Delivered,Electronics
2542,173,Warehouse_B,2026-05-14,2026-05-19,28,3807.74,In Transit,FMCG
2543,443,Warehouse_C,2026-05-14,2026-05-20,68,7767.71,Cancelled,Electronics
2544,453,Warehouse_C,2026-05-15,2026-05-18,95,9982.14,Delayed,Pharma
2545,367,Warehouse_E,2026-05-07,2026-05-26,51,2773.77,In Transit,Automotive
2546,309,Warehouse_E,2026-05-18,2026-05-22,72,6654.49,Delivered,Automotive
2547,437,Warehouse_B,2026-05-17,2026-05-28,14,8076.98,In Transit,Industrial
2548,100,Warehouse_C,2026-05-17,2026-06-01,12,1304.73,In Transit,FMCG
2549,132,Warehouse_D,2026-05-06,2026-05-25,29,6329.19,Delayed,FMCG
2550,162,Warehouse_D,2026-06-03,2026-06-09,86,3111.03,Delayed,FMCG
2551,455,Warehouse_C,2026-05-07,2026-05-08,29,5120.58,Delayed,Pharma
2552,109,Warehouse_B,2026-05-11,2026-05-25,91,909.72,Cancelled,Automotive
2553,273,Warehouse_B,2026-05-20,2026-06-06,15,9645.89,Delivered,FMCG
2554,124,Warehouse_C,2026-06-02,2026-06-03,84,336.48,In Transit,Electronics
2555,393,Warehouse_A,2026-05-31,2026-06-09,13,4338.87,Delivered,Pharma
2556,380,Warehouse_E,2026-06-02,2026-06-14,2,807.91,Delivered,Electronics
2557,179,Warehouse_A,2026-06-04,2026-06-05,15,185.66,Delivered,Electronics
2558,285,Warehouse_C,2026-05-18,2026-05-23,54,7494.15,In Transit,FMCG
2559,294,Warehouse_A,2026-05-30,2026-06-19,77,429.38,In Transit,FMCG
2560,275,Warehouse_D,2026-05-14,2026-05-27,72,1547.92,Delayed,Industrial
2561,311,Warehouse_C,2026-05-18,2026-05-23,22,3405.55,Delivered,Automotive
2562,323,Warehouse_A,2026-05-28,2026-05-30,82,5749.33,Delayed,Electronics
2563,484,Warehouse_A,2026-05-15,2026-06-01,38,4076.65,Delayed,Electronics
2564,308,Warehouse_A,2026-05-21,2026-06-01,28,107.2,Delivered,Industrial
2565,364,Warehouse_D,2026-05-15,2026-05-22,97,3428.16,Delivered,Electronics
2566,289,Warehouse_A,2026-05-10,2026-05-15,86,2617.33,Delayed,Pharma
2567,383,Warehouse_E,2026-05-24,2026-05-28,74,7369.2,Delivered,Automotive
2568,9,Warehouse_C,2026-05-16,2026-05-20,34,9232.64,Delivered,Electronics
2569,286,Warehouse_D,2026-05-11,2026-05-18,23,9000.51,In Transit,FMCG
2570,392,Warehouse_D,2026-05-27,2026-06-10,87,2555.07,Delayed,Pharma
2571,46,Warehouse_D,2026-06-01,2026-06-02,98,5745.27,In Transit,FMCG
2572,15,Warehouse_A,2026-05-07,2026-05-23,52,6102.79,In Transit,Electronics
2573,100,Warehouse_B,2026-05-26,2026-06-13,21,9106.85,Delivered,FMCG
2574,31,Warehouse_A,2026-05-22,2026-06-07,7,3781.1,In Transit,Pharma
2575,12,Warehouse_C,2026-05-30,2026-06-06,62,1071.44,Delayed,Pharma
2576,75,Warehouse_B,2026-05-13,2026-05-17,16,2818.55,Delivered,Pharma
2577,17,Warehouse_E,2026-06-01,2026-06-06,9,8221.56,In Transit,Electronics
2578,398,Warehouse_D,2026-05-09,2026-05-19,66,1265.04,Delayed,FMCG
2579,149,Warehouse_A,2026-05-24,2026-06-11,16,619.73,Delayed,Electronics
2580,2,Warehouse_D,2026-05-16,2026-06-03,73,6855.55,Delayed,Pharma
2581,325,Warehouse_D,2026-05-27,2026-06-04,91,2252.8,Cancelled,Electronics
2582,237,Warehouse_B,2026-05-31,2026-06-11,62,1669.63,Delivered,Industrial
2583,302,Warehouse_D,2026-05-27,2026-06-11,98,2027.17,In Transit,Industrial
2584,421,Warehouse_A,2026-06-04,2026-06-16,76,6837.45,In Transit,FMCG
2585,399,Warehouse_E,2026-06-04,2026-06-09,39,4812.04,Delivered,Automotive
2586,123,Warehouse_D,2026-05-28,2026-06-03,68,1610.51,Delayed,Electronics
2587,264,Warehouse_A,2026-05-16,2026-05-26,81,6782.66,Delayed,Automotive
2588,273,Warehouse_D,2026-05-06,2026-05-23,98,5396.4,Delayed,Electronics
2589,356,Warehouse_A,2026-05-22,2026-05-24,5,768.79,Cancelled,Industrial
2590,264,Warehouse_C,2026-05-09,2026-05-26,23,3422.91,Delivered,Automotive
2591,251,Warehouse_E,2026-05-08,2026-05-21,56,2153.63,In Transit,Automotive
2592,281,Warehouse_A,2026-06-01,2026-06-14,27,2105.3,In Transit,Industrial
2593,100,Warehouse_A,2026-06-01,2026-06-12,39,121.21,Delivered,Automotive
2594,355,Warehouse_A,2026-05-19,2026-06-03,38,1891.33,Delivered,Automotive
2595,395,Warehouse_E,2026-06-03,2026-06-12,54,4339.89,Cancelled,Pharma
2596,443,Warehouse_A,2026-05-27,2026-06-15,7,8793.38,Delayed,Electronics
2597,490,Warehouse_C,2026-05-29,2026-06-12,28,9300.78,Delivered,Automotive
2598,390,Warehouse_C,2026-05-24,2026-06-11,87,3416.82,Delayed,FMCG
2599,179,Warehouse_E,2026-05-21,2026-06-06,24,6602.55,Delayed,Electronics
2600,493,Warehouse_D,2026-05-31,2026-06-03,10,6001.94,Delivered,FMCG
2601,22,Warehouse_B,2026-05-18,2026-05-25,46,5145.45,Cancelled,Pharma
2602,335,Warehouse_C,2026-05-24,2026-05-25,79,7532.03,Delayed,FMCG
2603,397,Warehouse_A,2026-05-31,2026-06-08,22,7326.4,Delayed,FMCG
2604,240,Warehouse_C,2026-06-04,2026-06-19,14,1282.29,Cancelled,Electronics
2605,68,Warehouse_B,2026-05-08,2026-05-18,54,7503.25,Delivered,Pharma
2606,241,Warehouse_E,2026-05-09,2026-05-29,11,8022.43,Cancelled,Industrial
2607,469,Warehouse_C,2026-05-18,2026-05-29,99,262.62,Delivered,FMCG
2608,186,Warehouse_C,2026-05-22,2026-06-06,13,3709.18,Delivered,Industrial
2609,343,Warehouse_A,2026-05-09,2026-05-24,13,2698.17,In Transit,Pharma
2610,162,Warehouse_D,2026-05-26,2026-06-13,82,2380.93,In Transit,Industrial
2611,490,Warehouse_B,2026-05-06,2026-05-21,58,4998.46,In Transit,Pharma
2612,346,Warehouse_E,2026-05-14,2026-05-31,44,3864.84,Delivered,Pharma
2613,485,Warehouse_D,2026-05-14,2026-05-21,60,8578.96,In Transit,Automotive
2614,113,Warehouse_D,2026-05-18,2026-05-26,43,889.37,Delivered,Electronics
2615,138,Warehouse_D,2026-05-17,2026-05-25,54,3056.55,Delayed,Pharma
2616,277,Warehouse_B,2026-05-14,2026-05-18,8,4193.57,Delivered,FMCG
2617,171,Warehouse_B,2026-06-03,2026-06-15,68,5034.28,Cancelled,Automotive
2618,421,Warehouse_E,2026-05-06,2026-05-14,46,6324.45,Cancelled,FMCG
2619,29,Warehouse_E,2026-05-30,2026-06-14,70,8198.16,In Transit,Automotive
2620,401,Warehouse_A,2026-05-19,2026-06-08,23,8583.75,In Transit,Industrial
2621,29,Warehouse_B,2026-05-19,2026-05-24,76,5046.96,Cancelled,Industrial
2622,294,Warehouse_B,2026-05-28,2026-06-17,86,5680.55,Cancelled,Automotive
2623,337,Warehouse_E,2026-05-25,2026-06-13,22,5808.39,In Transit,Industrial
2624,369,Warehouse_E,2026-05-28,2026-06-12,80,1177.0,Delivered,Industrial
2625,397,Warehouse_A,2026-05-16,2026-05-31,83,9783.02,Delayed,Industrial
2626,46,Warehouse_B,2026-06-01,2026-06-10,15,5498.17,In Transit,Pharma
2627,500,Warehouse_B,2026-05-25,2026-05-30,12,9395.3,In Transit,FMCG
2628,307,Warehouse_C,2026-05-26,2026-06-03,29,1461.38,Cancelled,FMCG
2629,24,Warehouse_B,2026-05-22,2026-05-25,81,3398.21,Cancelled,Industrial
2630,282,Warehouse_C,2026-05-24,2026-05-28,58,5640.61,Delayed,Pharma
2631,166,Warehouse_E,2026-05-16,2026-05-28,98,6975.48,In Transit,Automotive
2632,269,Warehouse_C,2026-06-02,2026-06-10,77,4697.05,Delivered,Electronics
2633,357,Warehouse_E,2026-05-22,2026-05-23,83,383.27,Cancelled,Industrial
2634,325,Warehouse_C,2026-05-11,2026-05-27,55,496.98,In Transit,Pharma
2635,24,Warehouse_D,2026-05-26,2026-05-29,39,4330.11,In Transit,FMCG
2636,75,Warehouse_E,2026-05-06,2026-05-22,28,695.46,Cancelled,Pharma
2637,421,Warehouse_E,2026-05-19,2026-05-26,83,2570.92,Cancelled,Electronics
2638,442,Warehouse_C,2026-05-15,2026-05-21,34,9198.74,Delivered,Electronics
2639,424,Warehouse_C,2026-05-21,2026-05-26,63,4052.92,Delivered,Electronics
2640,317,Warehouse_E,2026-05-08,2026-05-12,73,8078.72,Delivered,Automotive
2641,330,Warehouse_C,2026-05-24,2026-05-31,1,4068.64,Delayed,Pharma
2642,186,Warehouse_E,2026-05-27,2026-05-30,47,3901.27,Cancelled,Automotive
2643,419,Warehouse_E,2026-05-12,2026-05-21,15,7047.1,Cancelled,Pharma
2644,354,Warehouse_C,2026-05-19,2026-05-31,96,2316.83,In Transit,FMCG
2645,171,Warehouse_E,2026-05-09,2026-05-14,38,6921.8,Cancelled,FMCG
2646,193,Warehouse_B,2026-06-02,2026-06-20,3,1381.23,Delayed,Industrial
2647,280,Warehouse_A,2026-05-21,2026-05-29,58,9724.38,Delivered,FMCG
2648,248,Warehouse_C,2026-05-20,2026-06-07,86,9606.75,Delayed,Electronics
2649,67,Warehouse_A,2026-06-04,2026-06-06,100,2321.53,Delivered,Automotive
2650,245,Warehouse_A,2026-05-21,2026-05-24,53,9793.7,Cancelled,Electronics
2651,72,Warehouse_A,2026-05-26,2026-06-12,50,8640.32,Delayed,Electronics
2652,386,Warehouse_B,2026-05-18,2026-06-07,26,4508.4,In Transit,Industrial
2653,206,Warehouse_C,2026-05-18,2026-05-25,5,2763.79,Delivered,Pharma
2654,86,Warehouse_A,2026-05-21,2026-05-26,57,7922.15,In Transit,FMCG
2655,144,Warehouse_D,2026-05-11,2026-05-26,62,9312.47,Delayed,Industrial
2656,144,Warehouse_D,2026-05-25,2026-06-03,95,4714.9,Delivered,Industrial
2657,63,Warehouse_E,2026-05-18,2026-06-05,90,1726.4,Cancelled,Pharma
2658,441,Warehouse_B,2026-06-03,2026-06-12,28,3589.8,Delivered,Electronics
2659,408,Warehouse_A,2026-05-23,2026-06-11,56,1650.55,Delivered,Automotive
2660,320,Warehouse_D,2026-05-16,2026-05-27,77,4454.14,Delivered,Automotive
2661,77,Warehouse_D,2026-05-23,2026-05-24,62,9777.63,Delivered,Electronics
2662,260,Warehouse_D,2026-05-17,2026-06-04,31,3860.91,Delivered,Automotive
2663,294,Warehouse_E,2026-05-28,2026-06-06,87,6042.15,In Transit,Automotive
2664,184,Warehouse_E,2026-06-02,2026-06-04,55,9310.51,Delayed,Pharma
2665,485,Warehouse_B,2026-05-08,2026-05-16,92,9965.34,Delayed,FMCG
2666,445,Warehouse_E,2026-05-15,2026-05-16,78,6956.39,Delivered,Automotive
2667,340,Warehouse_B,2026-05-15,2026-06-02,15,5052.8,Delayed,FMCG
2668,174,Warehouse_D,2026-05-16,2026-05-28,19,151.17,In Transit,Pharma
2669,237,Warehouse_B,2026-06-04,2026-06-11,28,7167.0,Delayed,FMCG
2670,22,Warehouse_B,2026-05-25,2026-06-01,6,4277.22,Delayed,FMCG
2671,455,Warehouse_D,2026-05-27,2026-06-02,94,831.01,Cancelled,FMCG
2672,483,Warehouse_B,2026-06-02,2026-06-12,32,9276.43,In Transit,Industrial
2673,65,Warehouse_B,2026-05-22,2026-06-08,32,1949.5,Delivered,Industrial
2674,53,Warehouse_B,2026-06-03,2026-06-13,45,3706.12,Delayed,Electronics
2675,184,Warehouse_A,2026-05-27,2026-06-01,67,184.84,Cancelled,Electronics
2676,140,Warehouse_D,2026-05-23,2026-05-28,87,1126.48,In Transit,Industrial
2677,181,Warehouse_D,2026-06-02,2026-06-22,56,3565.87,In Transit,FMCG
2678,50,Warehouse_B,2026-05-11,2026-05-12,73,6775.19,In Transit,Electronics
2679,305,Warehouse_A,2026-05-07,2026-05-23,59,6142.22,Cancelled,FMCG
2680,327,Warehouse_D,2026-05-20,2026-06-09,76,8862.06,Delivered,Automotive
2681,423,Warehouse_A,2026-05-20,2026-05-27,69,8422.26,In Transit,Electronics
2682,225,Warehouse_B,2026-05-13,2026-05-18,59,6270.37,Delivered,Electronics
2683,15,Warehouse_D,2026-05-09,2026-05-27,65,1544.54,Delivered,FMCG
2684,407,Warehouse_B,2026-05-10,2026-05-22,11,6948.35,Delivered,FMCG
2685,192,Warehouse_E,2026-05-09,2026-05-26,86,211.62,Cancelled,Pharma
2686,474,Warehouse_C,2026-05-29,2026-06-11,83,755.5,In Transit,Industrial
2687,131,Warehouse_B,2026-05-06,2026-05-11,41,1872.79,Cancelled,Industrial
2688,373,Warehouse_B,2026-05-17,2026-05-21,44,8654.8,Cancelled,Pharma
2689,264,Warehouse_D,2026-05-13,2026-05-27,5,7768.1,Cancelled,Industrial
2690,349,Warehouse_E,2026-05-22,2026-05-25,74,3444.25,Delayed,Electronics
2691,359,Warehouse_A,2026-05-19,2026-06-01,37,6175.81,Cancelled,Electronics
2692,437,Warehouse_D,2026-05-11,2026-05-18,6,6994.67,In Transit,Pharma
2693,276,Warehouse_C,2026-05-24,2026-06-06,10,4209.4,Delivered,Pharma
2694,354,Warehouse_E,2026-05-22,2026-05-27,87,7536.62,Delayed,Electronics
2695,154,Warehouse_D,2026-05-31,2026-06-04,19,1887.46,Delayed,Automotive
2696,49,Warehouse_D,2026-06-04,2026-06-10,24,6254.98,Cancelled,Automotive
2697,265,Warehouse_E,2026-06-01,2026-06-06,20,1454.96,Cancelled,Industrial
2698,392,Warehouse_E,2026-05-17,2026-06-01,79,8501.46,Cancelled,Electronics
2699,115,Warehouse_D,2026-05-22,2026-06-05,13,4977.46,Delivered,Pharma
2700,376,Warehouse_B,2026-05-07,2026-05-17,40,8701.72,Delivered,Electronics
2701,338,Warehouse_D,2026-05-26,2026-06-06,28,2788.96,Delivered,FMCG
2702,223,Warehouse_E,2026-05-28,2026-06-05,40,3884.33,In Transit,Industrial
2703,202,Warehouse_B,2026-05-25,2026-05-27,53,5611.71,Cancelled,FMCG
2704,271,Warehouse_B,2026-05-22,2026-06-03,86,9393.46,Cancelled,Electronics
2705,400,Warehouse_B,2026-05-23,2026-05-24,9,9281.47,In Transit,Industrial
2706,84,Warehouse_C,2026-05-22,2026-05-30,9,1389.94,Cancelled,Automotive
2707,452,Warehouse_E,2026-05-15,2026-05-17,99,4439.51,Delivered,Automotive
2708,324,Warehouse_E,2026-05-08,2026-05-14,41,9512.58,Cancelled,FMCG
2709,116,Warehouse_C,2026-05-07,2026-05-16,29,540.78,Delivered,Industrial
2710,493,Warehouse_B,2026-05-17,2026-05-25,33,2222.28,Delivered,Automotive
2711,124,Warehouse_A,2026-05-31,2026-06-10,23,186.59,In Transit,Pharma
2712,484,Warehouse_A,2026-05-24,2026-06-05,82,9570.77,Delayed,Industrial
2713,1,Warehouse_C,2026-05-08,2026-05-25,93,3855.63,Cancelled,Electronics
2714,233,Warehouse_D,2026-05-06,2026-05-15,20,9227.39,Cancelled,FMCG
2715,451,Warehouse_B,2026-05-27,2026-06-05,7,9832.12,Delayed,FMCG
2716,202,Warehouse_E,2026-05-16,2026-06-01,61,1991.41,Delayed,Electronics
2717,70,Warehouse_D,2026-05-22,2026-06-04,54,4768.56,Cancelled,Automotive
2718,235,Warehouse_C,2026-05-21,2026-06-01,31,2838.74,In Transit,FMCG
2719,46,Warehouse_E,2026-06-02,2026-06-10,93,7513.15,Delivered,Pharma
2720,216,Warehouse_E,2026-05-18,2026-05-21,11,3422.83,In Transit,Industrial
2721,172,Warehouse_D,2026-05-14,2026-06-02,27,7048.41,In Transit,Pharma
2722,199,Warehouse_D,2026-05-08,2026-05-20,37,265.51,In Transit,Pharma
2723,277,Warehouse_C,2026-05-16,2026-06-03,20,6639.08,Delayed,Electronics
2724,20,Warehouse_E,2026-05-24,2026-06-04,91,4189.4,In Transit,Automotive
2725,136,Warehouse_B,2026-05-06,2026-05-25,47,846.45,Delivered,Industrial
2726,86,Warehouse_B,2026-06-04,2026-06-13,93,4519.02,Delayed,Electronics
2727,499,Warehouse_C,2026-05-17,2026-05-23,73,7157.32,In Transit,Automotive
2728,271,Warehouse_A,2026-05-17,2026-05-21,79,3538.0,Cancelled,Industrial
2729,422,Warehouse_C,2026-05-23,2026-06-11,45,9827.13,In Transit,Industrial
2730,309,Warehouse_C,2026-05-30,2026-06-16,37,8911.6,Delayed,Electronics
2731,301,Warehouse_E,2026-05-16,2026-05-31,92,1929.11,Delayed,Industrial
2732,390,Warehouse_A,2026-05-27,2026-06-05,31,2327.34,Delivered,Automotive
2733,332,Warehouse_E,2026-05-08,2026-05-27,5,5791.22,Delivered,Industrial
2734,496,Warehouse_C,2026-05-18,2026-05-27,23,9697.27,Delivered,Electronics
2735,244,Warehouse_D,2026-05-08,2026-05-17,99,6922.89,In Transit,Industrial
2736,261,Warehouse_D,2026-05-10,2026-05-17,57,4596.7,In Transit,Automotive
2737,17,Warehouse_D,2026-05-16,2026-05-26,35,5221.5,Cancelled,Industrial
2738,88,Warehouse_E,2026-05-19,2026-05-21,32,2128.66,Delivered,Industrial
2739,475,Warehouse_E,2026-05-07,2026-05-19,12,2356.35,Delayed,Electronics
2740,112,Warehouse_D,2026-05-17,2026-05-27,4,4878.4,Cancelled,Industrial
2741,58,Warehouse_C,2026-05-20,2026-05-26,81,4228.48,Cancelled,Electronics
2742,31,Warehouse_C,2026-05-10,2026-05-24,68,8387.71,Delivered,Automotive
2743,311,Warehouse_D,2026-05-21,2026-06-01,50,3795.98,Cancelled,Pharma
2744,364,Warehouse_B,2026-05-11,2026-05-17,43,9897.74,Cancelled,Industrial
2745,149,Warehouse_A,2026-05-15,2026-05-30,94,5989.89,Delivered,Electronics
2746,393,Warehouse_B,2026-05-25,2026-06-14,6,3824.63,Cancelled,FMCG
2747,170,Warehouse_C,2026-05-27,2026-06-12,60,1316.99,Delayed,FMCG
2748,442,Warehouse_C,2026-05-26,2026-06-02,92,6683.66,Delivered,Pharma
2749,207,Warehouse_A,2026-05-12,2026-05-19,99,5542.64,Delivered,Automotive
2750,150,Warehouse_E,2026-05-30,2026-06-16,74,2683.65,Cancelled,Automotive
2751,236,Warehouse_A,2026-05-15,2026-05-27,56,6936.76,Delayed,FMCG
2752,297,Warehouse_D,2026-05-15,2026-06-01,96,8337.09,Delayed,Automotive
2753,286,Warehouse_E,2026-05-13,2026-05-15,32,983.83,Delivered,Pharma
2754,199,Warehouse_D,2026-06-02,2026-06-08,34,7884.13,Delivered,Pharma
2755,495,Warehouse_C,2026-05-09,2026-05-26,42,1748.48,Cancelled,Electronics
2756,432,Warehouse_E,2026-06-01,2026-06-04,48,7777.53,Delayed,FMCG
2757,179,Warehouse_E,2026-05-13,2026-05-31,50,3434.26,Delayed,Electronics
2758,316,Warehouse_E,2026-05-13,2026-05-20,27,5702.89,Cancelled,Industrial
2759,203,Warehouse_A,2026-05-11,2026-05-13,4,932.45,Delivered,Electronics
2760,58,Warehouse_C,2026-05-07,2026-05-12,65,280.24,Delayed,Industrial
2761,28,Warehouse_B,2026-05-14,2026-05-19,19,9748.9,In Transit,Automotive
2762,240,Warehouse_C,2026-05-11,2026-05-18,31,8464.45,In Transit,Industrial
2763,420,Warehouse_B,2026-05-20,2026-06-04,47,7219.53,Delayed,Industrial
2764,246,Warehouse_D,2026-05-13,2026-05-18,84,8905.33,Cancelled,Automotive
2765,249,Warehouse_C,2026-05-12,2026-05-21,55,4535.0,Cancelled,Pharma
2766,84,Warehouse_E,2026-05-22,2026-06-11,67,8090.3,Delivered,Automotive
2767,174,Warehouse_B,2026-05-31,2026-06-16,83,2333.85,In Transit,FMCG
2768,128,Warehouse_A,2026-06-01,2026-06-11,93,8525.11,Cancelled,Pharma
2769,410,Warehouse_D,2026-05-24,2026-05-31,80,2743.24,Delivered,FMCG
2770,9,Warehouse_A,2026-05-24,2026-05-28,49,2889.7,Delayed,FMCG
2771,363,Warehouse_D,2026-05-17,2026-06-06,59,1196.83,Delivered,Electronics
2772,220,Warehouse_B,2026-05-28,2026-06-13,91,2533.62,Cancelled,Electronics
2773,197,Warehouse_A,2026-05-21,2026-05-22,41,9586.32,Delivered,FMCG
2774,314,Warehouse_E,2026-06-01,2026-06-03,25,9637.18,Cancelled,Electronics
2775,140,Warehouse_C,2026-06-01,2026-06-16,72,5024.31,Delayed,Electronics
2776,278,Warehouse_B,2026-05-08,2026-05-13,89,7026.61,Delayed,Pharma
2777,37,Warehouse_D,2026-05-18,2026-05-24,77,2028.32,Delayed,Automotive
2778,244,Warehouse_D,2026-06-01,2026-06-21,29,5653.46,Delayed,Industrial
2779,426,Warehouse_E,2026-05-25,2026-06-12,34,6818.72,Cancelled,FMCG
2780,372,Warehouse_B,2026-05-31,2026-06-13,78,6747.66,In Transit,Pharma
2781,421,Warehouse_A,2026-05-10,2026-05-12,8,6514.66,Cancelled,FMCG
2782,165,Warehouse_A,2026-05-21,2026-05-29,24,2487.68,Cancelled,FMCG
2783,12,Warehouse_D,2026-05-25,2026-06-14,43,1154.55,Cancelled,FMCG
2784,395,Warehouse_E,2026-05-11,2026-05-31,19,6789.81,Delivered,FMCG
2785,327,Warehouse_B,2026-05-19,2026-05-30,81,3366.8,Delayed,FMCG
2786,196,Warehouse_B,2026-05-29,2026-06-07,61,2593.24,Delayed,Electronics
2787,440,Warehouse_B,2026-05-16,2026-05-18,35,9630.37,Delayed,Industrial
2788,350,Warehouse_B,2026-05-19,2026-06-07,100,4246.44,Cancelled,Pharma
2789,350,Warehouse_E,2026-05-15,2026-05-22,93,4695.5,Cancelled,Pharma
2790,438,Warehouse_C,2026-05-11,2026-05-24,72,8889.28,Delayed,Automotive
2791,467,Warehouse_E,2026-05-26,2026-06-08,34,3099.41,Cancelled,Electronics
2792,408,Warehouse_C,2026-05-12,2026-05-19,12,4707.44,Delayed,Electronics
2793,310,Warehouse_C,2026-05-08,2026-05-19,52,9102.0,In Transit,Pharma
2794,359,Warehouse_A,2026-06-01,2026-06-10,50,4641.1,Delayed,Electronics
2795,312,Warehouse_E,2026-05-10,2026-05-27,47,5801.36,Delayed,FMCG
2796,477,Warehouse_C,2026-05-25,2026-05-26,64,6350.59,Delayed,Industrial
2797,138,Warehouse_A,2026-05-26,2026-06-11,68,3899.63,Delayed,Industrial
2798,486,Warehouse_A,2026-06-03,2026-06-17,85,7436.03,Delivered,Industrial
2799,434,Warehouse_D,2026-06-02,2026-06-10,98,4601.61,In Transit,Pharma
2800,64,Warehouse_E,2026-05-17,2026-05-24,16,4375.74,Delayed,Electronics
2801,56,Warehouse_C,2026-05-20,2026-05-28,22,4185.36,Cancelled,Pharma
2802,165,Warehouse_C,2026-05-14,2026-05-25,97,7226.66,Cancelled,Industrial
2803,57,Warehouse_C,2026-05-14,2026-05-28,95,8216.44,Delivered,Electronics
2804,302,Warehouse_E,2026-05-22,2026-05-29,51,7452.36,Delivered,FMCG
2805,283,Warehouse_C,2026-05-23,2026-05-31,56,576.18,Delayed,Industrial
2806,8,Warehouse_E,2026-05-20,2026-05-29,92,854.46,Delivered,FMCG
2807,290,Warehouse_A,2026-05-12,2026-05-14,91,6021.52,Delivered,Pharma
2808,23,Warehouse_D,2026-05-31,2026-06-18,52,8996.61,In Transit,Pharma
2809,381,Warehouse_B,2026-05-13,2026-05-25,50,7048.79,In Transit,Pharma
2810,183,Warehouse_C,2026-05-09,2026-05-26,14,6834.73,Delayed,Electronics
2811,248,Warehouse_A,2026-05-22,2026-05-24,23,2343.37,Delayed,Automotive
2812,267,Warehouse_C,2026-05-18,2026-06-05,85,8881.96,Delayed,FMCG
2813,344,Warehouse_B,2026-05-12,2026-05-18,70,5941.43,In Transit,Automotive
2814,482,Warehouse_A,2026-05-12,2026-05-20,58,1746.5,Delivered,FMCG
2815,462,Warehouse_E,2026-05-17,2026-06-02,37,6984.76,Cancelled,Pharma
2816,292,Warehouse_D,2026-05-11,2026-05-24,57,8633.71,Delivered,Electronics
2817,269,Warehouse_D,2026-05-12,2026-05-18,59,9132.19,Delivered,Automotive
2818,432,Warehouse_B,2026-05-18,2026-05-24,43,1182.4,Cancelled,Pharma
2819,273,Warehouse_E,2026-05-08,2026-05-13,33,4397.73,In Transit,Automotive
2820,319,Warehouse_A,2026-05-12,2026-05-19,73,1156.83,Delivered,Automotive
2821,94,Warehouse_D,2026-06-04,2026-06-24,64,7468.06,Cancelled,Automotive
2822,195,Warehouse_B,2026-05-16,2026-05-18,8,9357.86,In Transit,FMCG
2823,73,Warehouse_E,2026-05-31,2026-06-16,37,6735.54,Delivered,Industrial
2824,492,Warehouse_D,2026-06-04,2026-06-07,47,9049.32,Delayed,Industrial
2825,29,Warehouse_C,2026-05-28,2026-06-06,42,6504.53,In Transit,Electronics
2826,31,Warehouse_A,2026-05-07,2026-05-25,79,5896.36,Delivered,Industrial
2827,320,Warehouse_E,2026-05-23,2026-06-02,73,7255.88,Delayed,FMCG
2828,253,Warehouse_C,2026-05-20,2026-06-04,70,3001.32,Delayed,Industrial
2829,51,Warehouse_C,2026-05-28,2026-06-11,31,6091.25,Delayed,FMCG
2830,271,Warehouse_B,2026-05-17,2026-05-23,78,9893.79,Delayed,Industrial
2831,5,Warehouse_C,2026-05-14,2026-05-22,93,2499.21,Cancelled,Automotive
2832,393,Warehouse_E,2026-05-28,2026-06-14,83,2063.24,Cancelled,FMCG
2833,111,Warehouse_A,2026-05-21,2026-05-22,11,210.91,In Transit,Pharma
2834,380,Warehouse_C,2026-05-11,2026-05-18,31,797.15,Delivered,Automotive
2835,347,Warehouse_D,2026-05-18,2026-06-07,36,9458.76,Cancelled,Industrial
2836,416,Warehouse_C,2026-05-07,2026-05-16,51,1520.88,Delayed,Automotive
2837,388,Warehouse_A,2026-05-12,2026-05-31,1,2375.27,In Transit,Industrial
2838,5,Warehouse_A,2026-05-15,2026-05-18,96,4814.03,Delayed,Pharma
2839,26,Warehouse_B,2026-05-09,2026-05-15,12,1072.7,Delayed,Electronics
2840,82,Warehouse_A,2026-05-27,2026-06-09,68,7634.11,In Transit,Automotive
2841,312,Warehouse_B,2026-05-09,2026-05-23,24,3315.66,Delivered,Pharma
2842,498,Warehouse_C,2026-05-17,2026-06-04,81,1292.03,Delivered,Automotive
2843,19,Warehouse_A,2026-05-25,2026-06-02,56,9696.32,Delayed,Electronics
2844,128,Warehouse_C,2026-06-02,2026-06-22,14,7695.99,Delivered,FMCG
2845,387,Warehouse_B,2026-05-13,2026-05-20,56,6840.05,Delayed,FMCG
2846,385,Warehouse_A,2026-05-29,2026-06-12,33,5665.07,In Transit,FMCG
2847,170,Warehouse_A,2026-06-04,2026-06-12,67,6561.53,Cancelled,Industrial
2848,389,Warehouse_B,2026-05-19,2026-05-22,82,5240.32,Delayed,Industrial
2849,104,Warehouse_D,2026-05-29,2026-06-05,34,7820.58,Cancelled,Industrial
2850,261,Warehouse_A,2026-05-26,2026-05-28,85,1858.68,Delivered,FMCG
2851,81,Warehouse_A,2026-05-25,2026-06-11,47,8886.14,In Transit,Pharma
2852,185,Warehouse_D,2026-05-22,2026-06-02,2,4547.65,Delivered,FMCG
2853,157,Warehouse_C,2026-05-13,2026-06-02,28,3325.52,Cancelled,Automotive
2854,34,Warehouse_B,2026-05-25,2026-06-04,77,2657.98,Delivered,Industrial
2855,62,Warehouse_D,2026-05-16,2026-05-19,57,3362.33,Delayed,Pharma
2856,201,Warehouse_D,2026-05-09,2026-05-20,26,2983.78,Delayed,Pharma
2857,76,Warehouse_B,2026-05-08,2026-05-11,71,6020.05,Delivered,FMCG
2858,351,Warehouse_B,2026-05-06,2026-05-24,69,8518.6,Delivered,Electronics
2859,139,Warehouse_E,2026-05-22,2026-06-03,72,8409.56,Delayed,FMCG
2860,445,Warehouse_A,2026-05-22,2026-05-30,39,824.19,Delivered,Industrial
2861,126,Warehouse_E,2026-05-14,2026-05-26,21,5953.47,Cancelled,Pharma
2862,301,Warehouse_A,2026-05-17,2026-06-02,82,7037.67,In Transit,Industrial
2863,402,Warehouse_A,2026-06-03,2026-06-20,22,2538.36,Delayed,Industrial
2864,125,Warehouse_E,2026-05-16,2026-05-17,20,603.38,Delivered,Electronics
2865,22,Warehouse_B,2026-05-30,2026-06-03,51,7184.26,Delivered,Pharma
2866,490,Warehouse_B,2026-06-03,2026-06-11,77,1584.7,Cancelled,Industrial
2867,475,Warehouse_D,2026-05-14,2026-06-03,74,8042.36,In Transit,Electronics
2868,448,Warehouse_E,2026-05-16,2026-05-26,98,9989.64,Cancelled,Electronics
2869,256,Warehouse_D,2026-05-16,2026-05-22,86,1868.7,Cancelled,Pharma
2870,37,Warehouse_A,2026-06-03,2026-06-06,27,2623.45,Cancelled,Electronics
2871,346,Warehouse_D,2026-05-16,2026-05-27,57,4625.67,In Transit,FMCG
2872,469,Warehouse_E,2026-05-10,2026-05-19,21,9296.56,Delivered,Industrial
2873,67,Warehouse_A,2026-05-15,2026-06-01,58,8381.0,Delivered,Electronics
2874,166,Warehouse_C,2026-05-17,2026-05-20,20,5637.44,Cancelled,FMCG
2875,498,Warehouse_E,2026-05-13,2026-05-26,9,3589.78,In Transit,Industrial
2876,165,Warehouse_A,2026-05-19,2026-06-01,4,672.88,Delayed,FMCG
2877,218,Warehouse_B,2026-06-03,2026-06-19,39,9850.5,Delayed,Electronics
2878,165,Warehouse_D,2026-05-07,2026-05-12,32,4516.68,In Transit,Automotive
2879,181,Warehouse_E,2026-06-04,2026-06-06,60,2792.49,In Transit,FMCG
2880,52,Warehouse_B,2026-05-09,2026-05-14,10,4355.97,Delivered,FMCG
2881,79,Warehouse_A,2026-05-19,2026-05-28,74,4674.87,Cancelled,Industrial
2882,260,Warehouse_C,2026-05-20,2026-06-08,19,2534.45,In Transit,Pharma
2883,272,Warehouse_E,2026-05-29,2026-06-04,53,2438.64,Delayed,Pharma
2884,223,Warehouse_C,2026-05-18,2026-05-20,19,1796.94,In Transit,Industrial
2885,203,Warehouse_E,2026-05-28,2026-06-03,26,9003.55,Delivered,FMCG
2886,209,Warehouse_A,2026-05-28,2026-05-29,65,7932.73,Cancelled,Pharma
2887,328,Warehouse_B,2026-06-01,2026-06-09,52,7972.63,Cancelled,Electronics
2888,247,Warehouse_B,2026-05-11,2026-05-12,35,5807.25,In Transit,Pharma
2889,52,Warehouse_B,2026-06-01,2026-06-03,12,3684.84,In Transit,Industrial
2890,394,Warehouse_D,2026-05-31,2026-06-10,26,4448.8,Delivered,FMCG
2891,90,Warehouse_A,2026-05-12,2026-05-17,12,6058.98,Delayed,Electronics
2892,21,Warehouse_E,2026-05-14,2026-05-25,20,5173.69,In Transit,FMCG
2893,80,Warehouse_E,2026-05-12,2026-05-24,13,6114.19,Cancelled,Automotive
2894,407,Warehouse_B,2026-05-17,2026-06-05,21,7027.43,In Transit,FMCG
2895,254,Warehouse_B,2026-05-29,2026-06-13,57,8964.11,Delayed,Pharma
2896,133,Warehouse_C,2026-05-07,2026-05-20,66,7009.48,Delayed,Automotive
2897,342,Warehouse_C,2026-05-16,2026-05-18,60,2468.87,Delayed,FMCG
2898,80,Warehouse_D,2026-06-01,2026-06-20,74,5324.96,Delayed,Electronics
2899,60,Warehouse_A,2026-05-26,2026-06-13,79,9702.42,Delivered,Pharma
2900,93,Warehouse_D,2026-05-29,2026-06-09,81,1954.41,Delayed,Electronics
2901,227,Warehouse_E,2026-05-16,2026-05-23,19,4271.46,In Transit,FMCG
2902,446,Warehouse_C,2026-05-28,2026-06-11,12,3574.83,Cancelled,Automotive
2903,58,Warehouse_A,2026-05-26,2026-06-02,56,566.24,Delayed,Pharma
2904,406,Warehouse_C,2026-05-23,2026-06-01,85,4301.0,Delayed,Electronics
2905,442,Warehouse_B,2026-05-16,2026-05-19,7,6766.03,In Transit,Industrial
2906,132,Warehouse_C,2026-05-30,2026-06-14,57,7507.1,Delayed,Pharma
2907,481,Warehouse_E,2026-05-11,2026-05-28,47,8053.2,Delayed,Industrial
2908,438,Warehouse_E,2026-05-14,2026-05-30,66,3447.81,Cancelled,Pharma
2909,194,Warehouse_C,2026-05-25,2026-05-28,71,6841.7,Cancelled,Electronics
2910,121,Warehouse_C,2026-06-03,2026-06-18,57,875.31,In Transit,Automotive
2911,493,Warehouse_E,2026-06-02,2026-06-19,90,2900.3,Cancelled,Electronics
2912,102,Warehouse_D,2026-05-23,2026-05-29,67,5668.7,Delayed,Industrial
2913,448,Warehouse_D,2026-05-21,2026-05-26,37,5025.65,In Transit,Automotive
2914,235,Warehouse_D,2026-05-29,2026-06-01,62,442.29,Cancelled,Automotive
2915,477,Warehouse_C,2026-05-20,2026-05-21,11,8436.86,Cancelled,Industrial
2916,468,Warehouse_D,2026-05-07,2026-05-22,13,4944.48,In Transit,Industrial
2917,422,Warehouse_E,2026-05-13,2026-06-01,73,7575.93,Delivered,Automotive
2918,296,Warehouse_B,2026-06-04,2026-06-15,32,2338.43,Delayed,Industrial
2919,96,Warehouse_D,2026-05-14,2026-05-22,59,8195.47,Delivered,Electronics
2920,406,Warehouse_A,2026-05-06,2026-05-21,63,7324.88,In Transit,Automotive
2921,419,Warehouse_A,2026-05-31,2026-06-13,28,2883.92,Delivered,Industrial
2922,45,Warehouse_C,2026-05-21,2026-06-05,65,3168.73,Delivered,FMCG
2923,225,Warehouse_B,2026-05-06,2026-05-15,61,7236.15,Cancelled,Automotive
2924,382,Warehouse_D,2026-05-20,2026-06-01,42,8431.21,Delayed,Industrial
2925,57,Warehouse_A,2026-05-24,2026-06-04,95,3931.05,Cancelled,Automotive
2926,334,Warehouse_A,2026-05-22,2026-06-11,55,7386.61,Cancelled,Industrial
2927,209,Warehouse_A,2026-05-15,2026-06-02,96,3065.58,Delivered,FMCG
2928,331,Warehouse_A,2026-06-03,2026-06-19,15,6173.07,In Transit,Pharma
2929,478,Warehouse_E,2026-05-20,2026-05-24,29,7739.5,Delayed,FMCG
2930,64,Warehouse_B,2026-06-04,2026-06-09,45,1755.79,Delivered,Automotive
2931,498,Warehouse_A,2026-05-10,2026-05-25,91,974.07,In Transit,Industrial
2932,303,Warehouse_D,2026-05-09,2026-05-17,3,1463.59,Delivered,FMCG
2933,341,Warehouse_C,2026-05-22,2026-06-11,57,3574.14,Delivered,Electronics
2934,472,Warehouse_B,2026-05-11,2026-05-27,32,9882.95,Delayed,Automotive
2935,72,Warehouse_A,2026-05-26,2026-06-02,94,3766.24,Cancelled,Electronics
2936,367,Warehouse_C,2026-05-17,2026-05-23,44,2485.24,Cancelled,Automotive
2937,313,Warehouse_E,2026-05-19,2026-05-23,33,3030.4,Delivered,FMCG
2938,296,Warehouse_E,2026-06-02,2026-06-14,86,2316.97,Delivered,FMCG
2939,148,Warehouse_D,2026-05-20,2026-06-08,7,9017.11,In Transit,Pharma
2940,276,Warehouse_B,2026-05-18,2026-06-07,85,3064.41,In Transit,Electronics
2941,459,Warehouse_C,2026-05-15,2026-05-28,49,7872.38,Delayed,Industrial
2942,460,Warehouse_C,2026-05-08,2026-05-24,68,8448.12,In Transit,Electronics
2943,94,Warehouse_C,2026-05-06,2026-05-19,69,5080.18,Delayed,Industrial
2944,461,Warehouse_D,2026-05-21,2026-06-06,49,4155.27,In Transit,Automotive
2945,251,Warehouse_B,2026-05-29,2026-06-17,33,5954.08,In Transit,FMCG
2946,48,Warehouse_D,2026-05-13,2026-05-14,31,5460.33,Delivered,Industrial
2947,467,Warehouse_D,2026-06-03,2026-06-12,88,8943.91,Delivered,Pharma
2948,163,Warehouse_A,2026-06-04,2026-06-10,53,3677.86,Cancelled,Electronics
2949,476,Warehouse_B,2026-05-14,2026-05-19,72,6608.71,Delayed,Automotive
2950,378,Warehouse_C,2026-05-21,2026-06-01,68,273.48,Delivered,Electronics
2951,220,Warehouse_C,2026-05-29,2026-06-01,87,4918.41,Delayed,Electronics
2952,96,Warehouse_C,2026-05-20,2026-06-09,60,8340.19,In Transit,Automotive
2953,164,Warehouse_B,2026-05-23,2026-05-30,50,5588.24,Cancelled,FMCG
2954,142,Warehouse_A,2026-05-22,2026-05-28,61,4518.88,Cancelled,Industrial
2955,487,Warehouse_A,2026-05-28,2026-06-04,13,8996.74,Delayed,Electronics
2956,46,Warehouse_E,2026-05-20,2026-06-03,32,8576.35,Cancelled,Industrial
2957,427,Warehouse_C,2026-05-23,2026-05-29,99,867.35,Cancelled,Electronics
2958,228,Warehouse_E,2026-06-02,2026-06-07,66,4565.81,Delivered,Electronics
2959,280,Warehouse_A,2026-06-03,2026-06-21,53,4315.42,Delayed,Automotive
2960,443,Warehouse_D,2026-05-07,2026-05-14,83,4921.24,Delayed,FMCG
2961,133,Warehouse_C,2026-05-12,2026-05-26,62,1414.29,In Transit,FMCG
2962,269,Warehouse_B,2026-05-26,2026-06-13,62,5559.27,Delayed,Automotive
2963,456,Warehouse_E,2026-05-17,2026-05-21,65,8162.95,Delivered,Industrial
2964,283,Warehouse_E,2026-05-28,2026-06-15,28,1591.53,Delivered,Industrial
2965,243,Warehouse_B,2026-05-26,2026-06-14,16,1300.7,Cancelled,Pharma
2966,396,Warehouse_B,2026-05-14,2026-05-25,59,1125.07,Delivered,Electronics
2967,61,Warehouse_D,2026-05-31,2026-06-12,77,3153.11,Cancelled,Pharma
2968,444,Warehouse_B,2026-05-11,2026-05-31,91,1875.75,Cancelled,FMCG
2969,404,Warehouse_D,2026-05-24,2026-05-30,36,7976.53,Delayed,Automotive
2970,370,Warehouse_C,2026-06-02,2026-06-06,54,5377.75,Delayed,Pharma
2971,88,Warehouse_B,2026-05-21,2026-06-03,53,2288.05,In Transit,FMCG
2972,491,Warehouse_E,2026-05-18,2026-05-20,10,6494.6,Cancelled,Pharma
2973,383,Warehouse_B,2026-05-18,2026-05-26,3,3097.81,Delayed,FMCG
2974,417,Warehouse_C,2026-05-25,2026-06-11,83,4114.53,Delayed,Industrial
2975,469,Warehouse_D,2026-05-12,2026-05-30,40,7955.77,In Transit,Pharma
2976,305,Warehouse_A,2026-05-27,2026-06-15,30,2723.4,Delivered,Industrial
2977,488,Warehouse_A,2026-05-16,2026-05-27,76,1191.22,Delayed,Automotive
2978,246,Warehouse_E,2026-05-10,2026-05-13,47,6013.51,In Transit,Electronics
2979,489,Warehouse_C,2026-05-21,2026-05-27,70,7732.44,Delivered,Electronics
2980,224,Warehouse_A,2026-05-16,2026-05-23,71,4283.89,In Transit,Pharma
2981,450,Warehouse_B,2026-05-08,2026-05-24,70,4888.43,In Transit,Electronics
2982,373,Warehouse_D,2026-05-30,2026-06-18,30,3972.46,Delivered,Industrial
2983,409,Warehouse_A,2026-05-31,2026-06-19,90,4268.28,In Transit,Automotive
2984,374,Warehouse_A,2026-05-12,2026-05-25,35,1012.51,In Transit,Industrial
2985,467,Warehouse_B,2026-05-13,2026-05-30,26,3471.66,Delivered,Industrial
2986,422,Warehouse_E,2026-06-02,2026-06-21,79,6294.16,In Transit,Automotive
2987,43,Warehouse_C,2026-05-10,2026-05-12,8,6969.39,Cancelled,Pharma
2988,172,Warehouse_B,2026-06-03,2026-06-09,5,8480.51,In Transit,Industrial
2989,460,Warehouse_A,2026-05-22,2026-06-09,81,4283.76,Cancelled,Pharma
2990,325,Warehouse_C,2026-05-16,2026-05-25,77,8087.48,In Transit,Electronics
2991,82,Warehouse_B,2026-05-13,2026-05-16,70,7702.12,In Transit,Electronics
2992,105,Warehouse_A,2026-05-29,2026-06-14,1,5044.36,Cancelled,Pharma
2993,370,Warehouse_A,2026-05-28,2026-06-12,4,8736.23,Delayed,FMCG
2994,156,Warehouse_C,2026-05-28,2026-06-09,48,5319.24,Delivered,Electronics
2995,137,Warehouse_D,2026-06-03,2026-06-05,77,4048.23,In Transit,Automotive
2996,402,Warehouse_A,2026-05-27,2026-06-10,31,9699.87,Delayed,Electronics
2997,481,Warehouse_C,2026-05-09,2026-05-23,87,7106.76,Cancelled,FMCG
2998,26,Warehouse_B,2026-05-10,2026-05-18,20,1975.25,Delivered,Industrial
2999,386,Warehouse_E,2026-05-10,2026-05-25,74,2651.8,Cancelled,Industrial
3000,179,Warehouse_A,2026-05-06,2026-05-19,48,3210.48,Delayed,Automotive
3001,416,Warehouse_D,2026-06-01,2026-06-04,22,4340.82,In Transit,Industrial
3002,430,Warehouse_E,2026-05-14,2026-05-29,26,1343.51,In Transit,Electronics
3003,40,Warehouse_E,2026-06-03,2026-06-22,27,9934.14,Delivered,FMCG
3004,341,Warehouse_A,2026-05-30,2026-06-13,91,5618.27,Delayed,Electronics
3005,176,Warehouse_C,2026-05-17,2026-05-24,44,5501.29,Delayed,Industrial
3006,63,Warehouse_B,2026-05-26,2026-06-10,24,1491.04,Cancelled,Industrial
3007,240,Warehouse_A,2026-05-09,2026-05-11,69,9591.32,Delayed,Pharma
3008,144,Warehouse_D,2026-05-24,2026-05-30,68,5610.77,Delivered,Automotive
3009,370,Warehouse_A,2026-05-26,2026-06-13,90,6032.23,Delayed,Pharma
3010,268,Warehouse_C,2026-05-28,2026-06-03,35,2531.09,In Transit,Electronics
3011,62,Warehouse_E,2026-05-24,2026-06-12,70,1851.66,In Transit,Industrial
3012,488,Warehouse_E,2026-05-28,2026-06-14,1,2545.29,In Transit,FMCG
3013,368,Warehouse_A,2026-05-19,2026-06-07,14,5745.25,In Transit,Electronics
3014,38,Warehouse_A,2026-05-17,2026-05-23,57,8138.9,In Transit,FMCG
3015,35,Warehouse_C,2026-05-17,2026-05-24,64,335.8,In Transit,Electronics
3016,160,Warehouse_C,2026-06-01,2026-06-13,60,142.21,Cancelled,FMCG
3017,124,Warehouse_B,2026-05-07,2026-05-27,84,8620.1,In Transit,Industrial
3018,247,Warehouse_B,2026-05-22,2026-05-25,21,8868.14,Delayed,Automotive
3019,414,Warehouse_C,2026-05-12,2026-05-29,95,8580.09,Delayed,Automotive
3020,447,Warehouse_B,2026-05-13,2026-05-15,48,5489.12,In Transit,Electronics
3021,156,Warehouse_B,2026-05-21,2026-05-22,5,2442.28,Delayed,Pharma
3022,245,Warehouse_B,2026-05-18,2026-05-24,6,9225.67,In Transit,Automotive
3023,240,Warehouse_C,2026-05-30,2026-06-11,7,2794.0,Delivered,FMCG
3024,174,Warehouse_E,2026-05-10,2026-05-21,22,6894.14,Delivered,Electronics
3025,78,Warehouse_B,2026-05-21,2026-06-03,63,6660.38,Cancelled,Industrial
3026,97,Warehouse_C,2026-05-11,2026-05-31,49,7092.32,Cancelled,FMCG
3027,317,Warehouse_C,2026-05-08,2026-05-24,6,8488.77,Delivered,FMCG
3028,340,Warehouse_A,2026-05-16,2026-06-03,99,9197.64,Delayed,Pharma
3029,144,Warehouse_A,2026-05-31,2026-06-14,16,5040.71,In Transit,Pharma
3030,293,Warehouse_D,2026-05-27,2026-05-29,68,9623.99,In Transit,Industrial
3031,73,Warehouse_D,2026-05-11,2026-05-17,4,572.4,Delivered,Automotive
3032,140,Warehouse_B,2026-05-19,2026-05-25,83,3416.88,Delivered,FMCG
3033,308,Warehouse_A,2026-05-16,2026-05-19,68,9554.9,Cancelled,Automotive
3034,165,Warehouse_B,2026-05-16,2026-05-17,75,800.9,Cancelled,Pharma
3035,433,Warehouse_C,2026-05-10,2026-05-19,41,4212.48,Cancelled,Electronics
3036,37,Warehouse_D,2026-05-28,2026-06-12,78,842.3,Delivered,Automotive
3037,98,Warehouse_E,2026-05-06,2026-05-14,78,9514.79,Cancelled,Pharma
3038,311,Warehouse_E,2026-05-26,2026-06-13,48,8863.83,Cancelled,FMCG
3039,305,Warehouse_D,2026-05-11,2026-05-15,21,6144.51,Cancelled,Pharma
3040,492,Warehouse_B,2026-05-20,2026-06-07,25,7595.33,In Transit,Industrial
3041,182,Warehouse_B,2026-05-06,2026-05-23,36,540.85,In Transit,Industrial
3042,352,Warehouse_D,2026-05-22,2026-05-24,82,4586.14,Cancelled,Electronics
3043,336,Warehouse_C,2026-06-02,2026-06-21,33,530.01,In Transit,FMCG
3044,124,Warehouse_B,2026-05-06,2026-05-08,83,1029.79,Delivered,FMCG
3045,500,Warehouse_C,2026-05-22,2026-06-10,56,9464.49,In Transit,Industrial
3046,383,Warehouse_A,2026-05-20,2026-05-29,1,6015.49,In Transit,FMCG
3047,89,Warehouse_B,2026-05-17,2026-06-02,14,7863.7,Cancelled,Automotive
3048,96,Warehouse_B,2026-05-25,2026-06-10,58,3740.34,Delayed,FMCG
3049,337,Warehouse_E,2026-06-01,2026-06-20,45,5805.05,Delayed,Pharma
3050,361,Warehouse_E,2026-05-06,2026-05-12,46,8826.86,Delivered,Automotive
3051,246,Warehouse_B,2026-05-18,2026-06-06,1,6692.03,Delayed,Industrial
3052,424,Warehouse_B,2026-05-24,2026-05-26,90,7324.83,Delayed,Electronics
3053,491,Warehouse_E,2026-05-26,2026-06-14,95,2712.74,In Transit,Industrial
3054,24,Warehouse_B,2026-05-28,2026-05-29,44,2790.19,Cancelled,FMCG
3055,291,Warehouse_E,2026-05-25,2026-06-11,71,9089.26,In Transit,Pharma
3056,107,Warehouse_C,2026-05-17,2026-05-24,24,2987.29,Delayed,Automotive
3057,9,Warehouse_E,2026-05-17,2026-05-18,94,680.27,In Transit,FMCG
3058,186,Warehouse_D,2026-05-23,2026-05-26,99,3742.36,In Transit,Electronics
3059,62,Warehouse_C,2026-05-13,2026-05-16,43,439.47,In Transit,Automotive
3060,276,Warehouse_A,2026-05-12,2026-05-22,10,5332.53,In Transit,Industrial
3061,241,Warehouse_C,2026-05-16,2026-05-19,97,322.33,Delayed,Industrial
3062,59,Warehouse_B,2026-05-13,2026-05-14,27,2909.67,Cancelled,Automotive
3063,279,Warehouse_A,2026-05-08,2026-05-20,33,1717.88,In Transit,FMCG
3064,36,Warehouse_A,2026-05-18,2026-05-31,34,4102.04,Delivered,Automotive
3065,283,Warehouse_A,2026-05-18,2026-05-31,66,5031.49,Cancelled,Electronics
3066,3,Warehouse_D,2026-05-09,2026-05-13,46,3944.56,Cancelled,Pharma
3067,488,Warehouse_A,2026-05-10,2026-05-27,60,3087.97,Delayed,FMCG
3068,107,Warehouse_B,2026-05-16,2026-05-24,28,480.85,Delayed,FMCG
3069,400,Warehouse_B,2026-05-31,2026-06-01,8,8461.38,Cancelled,FMCG
3070,282,Warehouse_C,2026-06-01,2026-06-17,45,1736.22,Delivered,Pharma
3071,469,Warehouse_C,2026-06-01,2026-06-18,1,9052.26,Delivered,FMCG
3072,293,Warehouse_B,2026-05-29,2026-06-02,84,9801.89,Delayed,Electronics
3073,55,Warehouse_B,2026-05-25,2026-06-04,65,3880.62,In Transit,Automotive
3074,9,Warehouse_B,2026-05-20,2026-05-24,41,1856.29,Delivered,FMCG
3075,411,Warehouse_B,2026-05-25,2026-06-09,27,2007.33,In Transit,FMCG
3076,360,Warehouse_D,2026-05-10,2026-05-11,64,4392.29,Delivered,Industrial
3077,296,Warehouse_A,2026-05-28,2026-06-15,29,8265.22,Cancelled,Electronics
3078,141,Warehouse_A,2026-06-04,2026-06-11,43,8314.53,Delivered,Automotive
3079,97,Warehouse_D,2026-05-21,2026-06-04,83,7809.36,In Transit,Electronics
3080,430,Warehouse_D,2026-05-21,2026-06-01,96,6503.49,Delivered,Industrial
3081,485,Warehouse_C,2026-06-03,2026-06-05,20,6662.32,Delayed,FMCG
3082,457,Warehouse_C,2026-05-11,2026-05-23,27,4871.18,Cancelled,Automotive
3083,31,Warehouse_E,2026-05-17,2026-05-25,39,5039.54,In Transit,Automotive
3084,400,Warehouse_A,2026-05-08,2026-05-16,33,4772.44,Delayed,Industrial
3085,363,Warehouse_D,2026-05-27,2026-05-29,85,3204.75,Delivered,Industrial
3086,107,Warehouse_E,2026-05-11,2026-05-25,67,6036.22,Delivered,FMCG
3087,7,Warehouse_C,2026-06-04,2026-06-05,62,5834.53,Delivered,Industrial
3088,313,Warehouse_A,2026-05-19,2026-06-01,48,550.21,Delayed,Electronics
3089,41,Warehouse_C,2026-05-17,2026-06-03,60,2125.5,Delayed,Industrial
3090,66,Warehouse_C,2026-05-16,2026-05-29,27,1187.43,Delayed,Electronics
3091,377,Warehouse_B,2026-05-15,2026-05-17,98,3926.5,Delayed,Industrial
3092,347,Warehouse_C,2026-05-06,2026-05-20,44,8049.82,Delayed,Electronics
3093,1,Warehouse_A,2026-05-16,2026-06-01,44,7520.19,Delayed,Industrial
3094,171,Warehouse_B,2026-05-25,2026-06-09,74,6166.88,Delivered,Pharma
3095,198,Warehouse_E,2026-06-01,2026-06-17,24,6684.3,Delayed,Automotive
3096,321,Warehouse_C,2026-06-03,2026-06-23,55,2666.47,Cancelled,Industrial
3097,495,Warehouse_D,2026-05-16,2026-05-18,53,8707.21,Delivered,Pharma
3098,391,Warehouse_E,2026-05-07,2026-05-16,64,5318.69,Delayed,Automotive
3099,423,Warehouse_A,2026-05-26,2026-06-11,73,5060.67,Cancelled,FMCG
3100,486,Warehouse_B,2026-05-31,2026-06-01,98,8497.59,Cancelled,Industrial
3101,454,Warehouse_C,2026-05-08,2026-05-15,10,3708.13,Delivered,Industrial
3102,126,Warehouse_E,2026-05-07,2026-05-12,35,1593.76,Delayed,FMCG
3103,428,Warehouse_C,2026-05-12,2026-06-01,69,8899.39,Cancelled,Pharma
3104,80,Warehouse_A,2026-05-10,2026-05-24,77,1480.82,Delayed,FMCG
3105,368,Warehouse_E,2026-06-04,2026-06-15,60,7256.77,Cancelled,Automotive
3106,375,Warehouse_B,2026-05-26,2026-05-27,12,3826.51,Cancelled,Industrial
3107,171,Warehouse_A,2026-05-30,2026-06-15,70,8316.4,Cancelled,FMCG
3108,49,Warehouse_C,2026-05-20,2026-06-04,23,9010.32,Delivered,Automotive
3109,473,Warehouse_B,2026-05-19,2026-06-08,33,2734.41,Delivered,Industrial
3110,478,Warehouse_D,2026-05-10,2026-05-25,24,7182.86,Delayed,Pharma
3111,22,Warehouse_D,2026-05-24,2026-05-26,47,5934.76,In Transit,Pharma
3112,355,Warehouse_E,2026-05-17,2026-05-25,70,8707.34,Delivered,FMCG
3113,184,Warehouse_E,2026-05-25,2026-06-11,100,9895.96,Delivered,FMCG
3114,127,Warehouse_C,2026-05-27,2026-06-02,29,1277.62,Delivered,Industrial
3115,242,Warehouse_A,2026-05-09,2026-05-27,41,8063.08,Delayed,Industrial
3116,135,Warehouse_E,2026-05-08,2026-05-10,47,8153.98,Delivered,Automotive
3117,62,Warehouse_D,2026-05-13,2026-05-23,94,7498.18,Delivered,Pharma
3118,361,Warehouse_D,2026-05-16,2026-06-02,8,1999.8,Delivered,Industrial
3119,491,Warehouse_D,2026-05-08,2026-05-16,12,6713.87,Delayed,FMCG
3120,289,Warehouse_A,2026-05-23,2026-05-28,23,8441.11,Delayed,FMCG
3121,279,Warehouse_A,2026-05-27,2026-06-03,34,3306.76,Cancelled,FMCG
3122,73,Warehouse_D,2026-05-11,2026-05-15,31,2508.25,Cancelled,Industrial
3123,27,Warehouse_C,2026-05-10,2026-05-19,13,6064.25,Delivered,Industrial
3124,254,Warehouse_B,2026-05-16,2026-05-19,54,5745.63,Cancelled,Pharma
3125,20,Warehouse_C,2026-05-07,2026-05-19,17,1448.05,Cancelled,FMCG
3126,170,Warehouse_A,2026-05-19,2026-05-21,51,4170.62,Delivered,Industrial
3127,139,Warehouse_C,2026-05-24,2026-06-04,15,9564.32,Delivered,Pharma
3128,75,Warehouse_A,2026-05-07,2026-05-13,57,8226.48,Delayed,Electronics
3129,20,Warehouse_E,2026-05-31,2026-06-10,91,6689.68,Delayed,Automotive
3130,310,Warehouse_A,2026-05-11,2026-05-15,83,5816.4,Delivered,Automotive
3131,277,Warehouse_A,2026-05-13,2026-05-24,80,3132.83,In Transit,Pharma
3132,46,Warehouse_B,2026-05-11,2026-05-13,75,7188.5,Cancelled,Pharma
3133,402,Warehouse_E,2026-05-08,2026-05-16,31,906.96,Cancelled,Industrial
3134,32,Warehouse_E,2026-05-22,2026-06-11,29,8092.75,Cancelled,FMCG
3135,279,Warehouse_D,2026-05-08,2026-05-22,5,7167.69,Delayed,FMCG
3136,128,Warehouse_D,2026-05-15,2026-05-30,31,3831.73,Delivered,Industrial
3137,380,Warehouse_C,2026-05-16,2026-05-23,66,9299.2,In Transit,Automotive
3138,402,Warehouse_C,2026-05-25,2026-05-31,57,5074.05,Cancelled,FMCG
3139,78,Warehouse_A,2026-05-30,2026-06-11,44,5313.48,Delayed,Pharma
3140,23,Warehouse_D,2026-06-04,2026-06-19,69,7034.02,In Transit,Electronics
3141,193,Warehouse_A,2026-05-08,2026-05-21,32,6045.76,Cancelled,FMCG
3142,390,Warehouse_E,2026-05-30,2026-06-17,10,464.16,Delayed,Industrial
3143,353,Warehouse_D,2026-05-12,2026-05-28,44,9253.9,Delivered,FMCG
3144,404,Warehouse_D,2026-05-29,2026-06-01,8,8379.86,Delivered,FMCG
3145,303,Warehouse_C,2026-05-14,2026-05-17,86,8683.63,Cancelled,FMCG
3146,293,Warehouse_B,2026-05-15,2026-05-26,78,1556.55,In Transit,Automotive
3147,497,Warehouse_A,2026-05-12,2026-05-28,87,480.18,Delayed,Electronics
3148,405,Warehouse_A,2026-05-12,2026-05-14,62,1265.73,Cancelled,Automotive
3149,43,Warehouse_D,2026-05-14,2026-05-15,68,2822.43,Delayed,Pharma
3150,100,Warehouse_E,2026-05-11,2026-05-12,30,911.58,Delivered,Electronics
3151,452,Warehouse_B,2026-05-26,2026-05-31,40,7523.8,Delayed,Industrial
3152,477,Warehouse_C,2026-05-31,2026-06-06,92,8680.45,Delivered,Pharma
3153,461,Warehouse_B,2026-05-24,2026-06-07,96,571.74,Cancelled,Industrial
3154,139,Warehouse_E,2026-05-18,2026-05-20,64,3882.12,Delivered,Industrial
3155,348,Warehouse_E,2026-05-16,2026-06-01,77,4860.78,Delayed,Pharma
3156,28,Warehouse_B,2026-05-28,2026-06-01,38,3178.28,Delivered,Industrial
3157,147,Warehouse_A,2026-06-03,2026-06-11,65,7491.42,Delayed,Automotive
3158,369,Warehouse_E,2026-05-31,2026-06-20,55,5384.35,Delayed,FMCG
3159,119,Warehouse_C,2026-05-06,2026-05-18,43,7052.61,Delayed,Automotive
3160,250,Warehouse_D,2026-05-13,2026-05-16,59,2308.97,Delivered,Industrial
3161,45,Warehouse_B,2026-05-24,2026-06-08,90,6191.94,Cancelled,FMCG
3162,337,Warehouse_A,2026-05-22,2026-05-30,18,8214.12,Delayed,FMCG
3163,333,Warehouse_D,2026-05-07,2026-05-26,3,4112.17,Cancelled,Automotive
3164,393,Warehouse_A,2026-05-23,2026-05-27,83,2039.09,In Transit,FMCG
3165,175,Warehouse_C,2026-05-09,2026-05-10,35,4736.23,Cancelled,FMCG
3166,89,Warehouse_C,2026-05-11,2026-05-22,86,7865.83,Cancelled,Automotive
3167,195,Warehouse_C,2026-05-18,2026-05-20,86,5133.11,Cancelled,Automotive
3168,167,Warehouse_D,2026-06-02,2026-06-05,80,4627.51,Delivered,FMCG
3169,301,Warehouse_C,2026-05-15,2026-05-21,80,9881.92,In Transit,Industrial
3170,472,Warehouse_D,2026-05-10,2026-05-23,15,2879.99,Delayed,Pharma
3171,337,Warehouse_D,2026-05-12,2026-05-29,25,6105.68,Delivered,Pharma
3172,46,Warehouse_B,2026-05-11,2026-05-18,10,2801.27,Cancelled,Industrial
3173,172,Warehouse_A,2026-05-13,2026-06-02,54,2254.36,Cancelled,Electronics
3174,225,Warehouse_B,2026-05-07,2026-05-09,8,1600.17,Cancelled,Automotive
3175,206,Warehouse_B,2026-05-14,2026-05-28,72,6859.93,In Transit,Industrial
3176,282,Warehouse_D,2026-05-28,2026-06-04,31,155.48,Delayed,FMCG
3177,94,Warehouse_D,2026-05-26,2026-06-10,43,4254.92,Delivered,Electronics
3178,38,Warehouse_E,2026-05-23,2026-06-08,39,5608.73,In Transit,FMCG
3179,110,Warehouse_A,2026-06-02,2026-06-11,42,8517.37,Cancelled,Electronics
3180,455,Warehouse_D,2026-06-01,2026-06-09,79,5823.76,Delayed,FMCG
3181,343,Warehouse_C,2026-05-19,2026-05-24,51,1101.73,Delayed,Automotive
3182,312,Warehouse_B,2026-05-15,2026-06-01,59,2318.03,In Transit,Automotive
3183,47,Warehouse_D,2026-05-14,2026-05-30,25,3883.07,Cancelled,FMCG
3184,333,Warehouse_C,2026-06-02,2026-06-13,68,9424.77,In Transit,FMCG
3185,214,Warehouse_D,2026-05-22,2026-06-03,11,2010.49,Delayed,Pharma
3186,397,Warehouse_D,2026-05-10,2026-05-15,97,8508.33,Cancelled,Pharma
3187,134,Warehouse_D,2026-05-31,2026-06-15,5,5035.81,Delivered,Electronics
3188,387,Warehouse_D,2026-05-17,2026-06-05,75,7303.13,In Transit,Electronics
3189,3,Warehouse_A,2026-05-10,2026-05-24,13,785.04,Cancelled,Pharma
3190,122,Warehouse_C,2026-05-31,2026-06-02,49,9207.68,Cancelled,Automotive
3191,333,Warehouse_E,2026-05-28,2026-05-30,35,7892.19,Delivered,Electronics
3192,118,Warehouse_C,2026-05-06,2026-05-23,25,2466.2,Delayed,Electronics
3193,13,Warehouse_D,2026-06-03,2026-06-12,78,912.7,Delayed,FMCG
3194,203,Warehouse_C,2026-05-25,2026-06-04,47,804.03,Delivered,Electronics
3195,441,Warehouse_B,2026-06-01,2026-06-04,5,1214.1,In Transit,Pharma
3196,7,Warehouse_B,2026-05-10,2026-05-14,90,735.23,Delayed,Pharma
3197,476,Warehouse_D,2026-05-29,2026-06-06,45,257.55,Delivered,FMCG
3198,242,Warehouse_C,2026-05-14,2026-05-30,74,4743.17,Delivered,Industrial
3199,192,Warehouse_B,2026-05-28,2026-06-16,68,1414.79,Cancelled,Industrial
3200,317,Warehouse_A,2026-06-01,2026-06-19,75,3732.92,In Transit,Pharma
3201,472,Warehouse_D,2026-06-02,2026-06-17,27,446.9,Delivered,Industrial
3202,492,Warehouse_A,2026-05-18,2026-05-25,93,9581.3,Delivered,Industrial
3203,479,Warehouse_A,2026-05-26,2026-06-08,29,7411.79,In Transit,Pharma
3204,389,Warehouse_A,2026-05-12,2026-05-31,44,2841.01,Cancelled,Automotive
3205,235,Warehouse_C,2026-05-09,2026-05-20,33,9513.77,Delayed,FMCG
3206,288,Warehouse_D,2026-05-17,2026-06-04,34,3295.76,Delivered,Electronics
3207,229,Warehouse_E,2026-05-15,2026-05-25,87,5984.16,Delivered,Electronics
3208,402,Warehouse_C,2026-05-18,2026-06-05,1,1599.09,In Transit,Industrial
3209,358,Warehouse_E,2026-05-20,2026-06-06,22,3833.25,In Transit,FMCG
3210,203,Warehouse_A,2026-05-12,2026-05-27,88,5185.31,In Transit,Automotive
3211,397,Warehouse_A,2026-05-30,2026-06-02,19,8740.9,Delivered,Pharma
3212,333,Warehouse_D,2026-05-23,2026-06-08,16,6090.08,In Transit,FMCG
3213,316,Warehouse_C,2026-05-11,2026-05-24,80,5807.87,Delayed,Industrial
3214,81,Warehouse_C,2026-05-29,2026-06-06,17,6029.74,Cancelled,Automotive
3215,242,Warehouse_C,2026-05-20,2026-06-01,79,832.07,In Transit,Electronics
3216,304,Warehouse_D,2026-05-30,2026-06-09,99,5369.2,In Transit,Pharma
3217,118,Warehouse_B,2026-05-06,2026-05-16,78,4116.83,Delayed,Pharma
3218,12,Warehouse_B,2026-05-16,2026-06-01,50,489.67,In Transit,Electronics
3219,33,Warehouse_E,2026-06-04,2026-06-06,62,5194.92,In Transit,Industrial
3220,329,Warehouse_E,2026-06-04,2026-06-12,27,7176.07,Delayed,Pharma
3221,500,Warehouse_C,2026-05-28,2026-05-30,65,5812.95,Delayed,Automotive
3222,361,Warehouse_E,2026-05-09,2026-05-17,55,1917.69,Delivered,FMCG
3223,181,Warehouse_C,2026-05-10,2026-05-26,70,1295.12,In Transit,Pharma
3224,306,Warehouse_B,2026-05-08,2026-05-12,86,7162.93,Delayed,Industrial
3225,477,Warehouse_C,2026-05-23,2026-05-27,85,4187.75,Cancelled,Electronics
3226,202,Warehouse_E,2026-05-25,2026-05-26,18,5439.67,Delayed,FMCG
3227,232,Warehouse_A,2026-05-13,2026-05-25,93,8355.51,Cancelled,Automotive
3228,407,Warehouse_A,2026-05-16,2026-05-30,7,6249.85,Delayed,Electronics
3229,280,Warehouse_D,2026-05-26,2026-05-29,39,7885.47,Cancelled,Pharma
3230,400,Warehouse_C,2026-05-28,2026-05-29,68,8907.61,Cancelled,Pharma
3231,435,Warehouse_D,2026-05-21,2026-06-08,72,6863.44,Delivered,Automotive
3232,408,Warehouse_B,2026-05-06,2026-05-15,94,7341.27,Cancelled,FMCG
3233,199,Warehouse_B,2026-06-03,2026-06-21,75,6182.17,Cancelled,Industrial
3234,318,Warehouse_C,2026-05-11,2026-05-22,70,9393.23,Delayed,Pharma
3235,474,Warehouse_A,2026-06-03,2026-06-08,11,5904.95,Delivered,Electronics
3236,406,Warehouse_D,2026-05-20,2026-06-01,14,1211.64,In Transit,Pharma
3237,145,Warehouse_D,2026-05-08,2026-05-15,55,7505.74,Delayed,FMCG
3238,469,Warehouse_E,2026-05-30,2026-06-18,6,3994.52,Delayed,FMCG
3239,499,Warehouse_D,2026-05-29,2026-06-02,7,3265.77,Delivered,Electronics
3240,333,Warehouse_D,2026-06-03,2026-06-20,77,5366.01,Delayed,Pharma
3241,405,Warehouse_A,2026-05-23,2026-05-25,44,710.84,Delivered,Industrial
3242,215,Warehouse_E,2026-06-03,2026-06-13,98,3259.96,Cancelled,Pharma
3243,34,Warehouse_D,2026-05-11,2026-05-27,97,7639.25,In Transit,Electronics
3244,323,Warehouse_A,2026-05-29,2026-06-16,56,8519.12,Cancelled,Industrial
3245,490,Warehouse_A,2026-06-04,2026-06-18,54,2397.4,Delayed,Pharma
3246,151,Warehouse_C,2026-05-21,2026-05-30,90,1713.32,Cancelled,Industrial
3247,149,Warehouse_E,2026-05-22,2026-06-02,73,9398.79,Delivered,Automotive
3248,316,Warehouse_A,2026-05-17,2026-05-26,86,9152.49,In Transit,Industrial
3249,357,Warehouse_E,2026-05-17,2026-06-02,87,3797.82,Delivered,Industrial
3250,376,Warehouse_C,2026-05-25,2026-06-05,87,9841.19,Delayed,Pharma
3251,289,Warehouse_B,2026-05-13,2026-05-27,44,4138.95,Delivered,FMCG
3252,146,Warehouse_E,2026-05-07,2026-05-18,62,2781.29,Delayed,Electronics
3253,50,Warehouse_E,2026-05-15,2026-05-20,36,9595.07,In Transit,Automotive
3254,184,Warehouse_C,2026-05-25,2026-06-13,40,890.12,Cancelled,Pharma
3255,295,Warehouse_A,2026-05-13,2026-06-01,55,9324.63,Delivered,Automotive
3256,47,Warehouse_C,2026-05-13,2026-05-21,54,3378.2,Delivered,Automotive
3257,361,Warehouse_E,2026-06-03,2026-06-16,5,9328.43,Cancelled,Pharma
3258,270,Warehouse_B,2026-05-31,2026-06-19,51,7148.47,Cancelled,FMCG
3259,497,Warehouse_A,2026-05-23,2026-05-30,21,9268.44,Cancelled,FMCG
3260,41,Warehouse_E,2026-05-09,2026-05-21,34,4807.34,Delayed,FMCG
3261,104,Warehouse_E,2026-05-11,2026-05-16,89,1110.2,Delayed,Pharma
3262,126,Warehouse_D,2026-06-04,2026-06-21,63,8867.06,In Transit,FMCG
3263,298,Warehouse_B,2026-05-09,2026-05-25,76,6277.67,Delayed,Electronics
3264,267,Warehouse_D,2026-05-07,2026-05-13,77,1638.3,Delivered,Pharma
3265,165,Warehouse_A,2026-05-18,2026-06-02,97,5285.54,In Transit,FMCG
3266,387,Warehouse_B,2026-06-02,2026-06-04,74,6943.67,Delivered,Pharma
3267,402,Warehouse_D,2026-05-31,2026-06-04,45,2910.08,Delayed,Pharma
3268,356,Warehouse_B,2026-05-14,2026-05-27,44,1507.36,In Transit,FMCG
3269,108,Warehouse_B,2026-05-13,2026-05-30,16,2263.82,Delivered,Pharma
3270,307,Warehouse_C,2026-05-27,2026-06-12,22,7557.99,Delayed,Pharma
3271,334,Warehouse_E,2026-05-13,2026-05-16,19,4734.83,In Transit,Industrial
3272,22,Warehouse_A,2026-05-12,2026-05-21,99,2231.61,Delayed,Industrial
3273,125,Warehouse_A,2026-05-18,2026-06-07,13,933.12,Delivered,Industrial
3274,179,Warehouse_D,2026-05-16,2026-05-20,78,6113.78,Cancelled,Pharma
3275,410,Warehouse_D,2026-05-28,2026-06-07,59,4879.08,In Transit,Automotive
3276,357,Warehouse_E,2026-05-25,2026-06-10,10,3731.52,Delayed,Industrial
3277,19,Warehouse_A,2026-05-12,2026-05-20,64,7660.48,In Transit,Automotive
3278,162,Warehouse_C,2026-05-29,2026-06-15,20,7549.38,Delayed,Pharma
3279,435,Warehouse_D,2026-05-24,2026-05-25,67,9461.56,Delivered,Industrial
3280,31,Warehouse_B,2026-05-15,2026-06-03,88,245.17,In Transit,Pharma
3281,55,Warehouse_A,2026-05-31,2026-06-19,72,8634.61,Cancelled,Automotive
3282,378,Warehouse_A,2026-05-11,2026-05-17,10,8454.84,Delayed,FMCG
3283,351,Warehouse_C,2026-05-20,2026-05-21,31,8570.84,Cancelled,Industrial
3284,377,Warehouse_C,2026-05-14,2026-05-26,53,8439.04,In Transit,Electronics
3285,460,Warehouse_D,2026-05-23,2026-05-29,54,5633.48,Delayed,Automotive
3286,451,Warehouse_A,2026-05-15,2026-05-18,12,5810.03,Delayed,Industrial
3287,329,Warehouse_C,2026-05-15,2026-05-16,64,1141.55,Delivered,Electronics
3288,314,Warehouse_E,2026-06-02,2026-06-16,87,5378.31,Delayed,Automotive
3289,167,Warehouse_E,2026-05-25,2026-05-26,100,2937.45,Delayed,FMCG
3290,310,Warehouse_E,2026-06-03,2026-06-06,28,9299.91,Delivered,Automotive
3291,288,Warehouse_A,2026-06-03,2026-06-12,58,9232.49,In Transit,FMCG
3292,494,Warehouse_E,2026-05-16,2026-05-17,25,6956.79,Cancelled,FMCG
3293,259,Warehouse_C,2026-05-22,2026-06-05,21,718.84,Delivered,Pharma
3294,354,Warehouse_D,2026-05-29,2026-06-18,49,4240.69,Cancelled,Industrial
3295,458,Warehouse_C,2026-05-16,2026-05-26,62,400.5,Delayed,Industrial
3296,10,Warehouse_D,2026-05-09,2026-05-23,97,5276.37,Delivered,Automotive
3297,145,Warehouse_B,2026-05-29,2026-06-12,5,157.46,Cancelled,Electronics
3298,205,Warehouse_B,2026-05-30,2026-05-31,21,5673.97,Delayed,FMCG
3299,367,Warehouse_A,2026-05-06,2026-05-09,79,8943.28,Delivered,Industrial
3300,331,Warehouse_D,2026-05-23,2026-05-27,9,4185.25,Delayed,Industrial
3301,315,Warehouse_D,2026-06-02,2026-06-04,41,3936.19,Cancelled,Electronics
3302,172,Warehouse_B,2026-05-30,2026-06-11,51,9788.22,In Transit,FMCG
3303,444,Warehouse_E,2026-05-18,2026-05-22,53,3307.32,Delivered,Electronics
3304,421,Warehouse_B,2026-05-13,2026-05-14,98,5716.39,Delivered,Industrial
3305,77,Warehouse_D,2026-05-23,2026-06-11,54,8968.34,Delayed,Pharma
3306,444,Warehouse_E,2026-05-20,2026-05-31,53,5770.43,In Transit,Pharma
3307,466,Warehouse_B,2026-05-15,2026-06-02,96,1590.11,In Transit,FMCG
3308,298,Warehouse_E,2026-05-23,2026-06-09,24,1255.66,Cancelled,Electronics
3309,452,Warehouse_A,2026-05-19,2026-05-21,52,5144.59,Cancelled,Pharma
3310,432,Warehouse_E,2026-05-24,2026-06-11,15,9641.98,Delivered,Automotive
3311,79,Warehouse_B,2026-05-09,2026-05-10,66,8279.85,Delivered,Automotive
3312,407,Warehouse_E,2026-05-26,2026-06-04,53,3767.58,Cancelled,FMCG
3313,357,Warehouse_B,2026-05-17,2026-06-04,17,1262.19,Delayed,Automotive
3314,136,Warehouse_C,2026-05-09,2026-05-23,48,9621.45,Delivered,FMCG
3315,18,Warehouse_B,2026-06-01,2026-06-16,41,6177.58,Delivered,Automotive
3316,79,Warehouse_B,2026-05-19,2026-05-24,90,1947.74,Cancelled,Pharma
3317,49,Warehouse_C,2026-05-28,2026-06-05,71,2012.94,In Transit,Pharma
3318,103,Warehouse_D,2026-05-09,2026-05-27,77,1539.9,Cancelled,Industrial
3319,46,Warehouse_D,2026-05-18,2026-06-02,9,191.39,Delivered,Electronics
3320,491,Warehouse_C,2026-05-31,2026-06-05,65,7907.08,In Transit,Pharma
3321,288,Warehouse_C,2026-05-14,2026-05-21,75,3897.3,Delayed,Pharma
3322,297,Warehouse_A,2026-05-17,2026-05-25,94,9043.41,Delayed,Pharma
3323,15,Warehouse_C,2026-05-14,2026-05-21,84,4398.4,Delivered,FMCG
3324,413,Warehouse_C,2026-05-21,2026-06-10,89,7575.88,Delayed,FMCG
3325,103,Warehouse_C,2026-06-04,2026-06-21,55,4361.81,Delayed,Automotive
3326,91,Warehouse_C,2026-05-17,2026-05-25,25,6111.16,Delivered,Electronics
3327,437,Warehouse_E,2026-05-07,2026-05-20,93,6033.08,Cancelled,Industrial
3328,18,Warehouse_B,2026-05-31,2026-06-20,32,721.28,Delivered,Pharma
3329,80,Warehouse_E,2026-05-11,2026-05-22,63,7266.0,In Transit,Automotive
3330,425,Warehouse_D,2026-05-31,2026-06-18,15,1429.73,Delayed,Electronics
3331,106,Warehouse_D,2026-05-24,2026-06-12,76,3461.91,Delivered,Pharma
3332,492,Warehouse_A,2026-05-24,2026-05-25,49,6589.66,Delivered,Electronics
3333,382,Warehouse_B,2026-05-22,2026-06-02,68,3804.07,In Transit,Electronics
3334,94,Warehouse_C,2026-05-18,2026-05-26,16,2516.96,Delayed,Industrial
3335,401,Warehouse_E,2026-05-20,2026-06-04,94,4751.74,Delivered,Industrial
3336,8,Warehouse_D,2026-05-22,2026-05-30,69,4444.29,Delayed,Automotive
3337,39,Warehouse_D,2026-05-06,2026-05-11,47,1678.8,Delivered,Pharma
3338,242,Warehouse_C,2026-05-26,2026-06-13,21,8552.86,Delayed,Pharma
3339,206,Warehouse_D,2026-05-08,2026-05-09,66,5643.81,Cancelled,Electronics
3340,149,Warehouse_C,2026-05-17,2026-05-26,11,5404.47,Cancelled,FMCG
3341,63,Warehouse_D,2026-05-29,2026-06-05,16,572.59,Delayed,Automotive
3342,322,Warehouse_D,2026-05-27,2026-06-07,45,3041.19,Cancelled,FMCG
3343,396,Warehouse_B,2026-06-04,2026-06-12,71,7539.8,In Transit,Industrial
3344,408,Warehouse_D,2026-05-30,2026-06-15,26,9644.05,In Transit,Pharma
3345,356,Warehouse_B,2026-06-03,2026-06-12,80,7852.38,Delayed,Pharma
3346,23,Warehouse_D,2026-05-10,2026-05-25,8,4301.06,In Transit,Electronics
3347,86,Warehouse_B,2026-05-17,2026-05-22,95,4498.13,In Transit,Pharma
3348,313,Warehouse_E,2026-05-30,2026-06-12,5,6431.68,Delivered,Industrial
3349,324,Warehouse_A,2026-05-15,2026-05-24,56,1497.19,Cancelled,Industrial
3350,151,Warehouse_D,2026-05-21,2026-06-05,40,2544.91,Delayed,Automotive
3351,471,Warehouse_A,2026-05-18,2026-06-03,5,6963.97,Delayed,Industrial
3352,328,Warehouse_B,2026-06-01,2026-06-06,44,3585.34,Delivered,Automotive
3353,162,Warehouse_B,2026-05-29,2026-06-09,38,7577.03,Cancelled,Industrial
3354,256,Warehouse_C,2026-05-22,2026-05-31,50,730.02,Delivered,Industrial
3355,305,Warehouse_B,2026-05-17,2026-05-24,13,601.71,In Transit,Pharma
3356,470,Warehouse_B,2026-05-23,2026-05-28,17,5401.74,In Transit,FMCG
3357,113,Warehouse_E,2026-05-26,2026-06-13,29,3657.89,Cancelled,Electronics
3358,178,Warehouse_D,2026-05-13,2026-05-17,43,5594.37,In Transit,Pharma
3359,489,Warehouse_D,2026-05-16,2026-05-26,28,1365.41,Cancelled,Electronics
3360,459,Warehouse_B,2026-05-14,2026-05-25,49,5672.48,Cancelled,FMCG
3361,471,Warehouse_A,2026-05-21,2026-06-10,83,7867.06,In Transit,Industrial
3362,254,Warehouse_B,2026-06-02,2026-06-03,92,621.82,Delayed,Automotive
3363,91,Warehouse_C,2026-06-03,2026-06-04,20,2339.33,In Transit,Pharma
3364,10,Warehouse_A,2026-06-02,2026-06-12,70,1507.48,In Transit,Electronics
3365,460,Warehouse_D,2026-05-27,2026-06-04,68,1144.45,Delivered,Pharma
3366,134,Warehouse_A,2026-05-13,2026-05-27,94,3250.95,Delayed,Industrial
3367,137,Warehouse_B,2026-05-08,2026-05-20,83,5416.09,Cancelled,FMCG
3368,145,Warehouse_A,2026-05-20,2026-06-03,52,1532.43,Delivered,Pharma
3369,480,Warehouse_B,2026-05-21,2026-06-04,18,5532.62,Delayed,Pharma
3370,102,Warehouse_D,2026-05-25,2026-06-13,2,199.58,Delivered,Pharma
3371,289,Warehouse_B,2026-05-29,2026-06-02,6,3306.89,Delayed,Industrial
3372,337,Warehouse_B,2026-06-04,2026-06-13,29,781.77,Delivered,Automotive
3373,80,Warehouse_E,2026-05-20,2026-05-30,25,4814.94,Delivered,Electronics
3374,337,Warehouse_E,2026-05-07,2026-05-14,96,6113.14,Delivered,Industrial
3375,114,Warehouse_D,2026-05-16,2026-05-29,2,5909.31,Cancelled,Industrial
3376,14,Warehouse_E,2026-05-28,2026-06-08,62,5253.44,Cancelled,Electronics
3377,29,Warehouse_C,2026-05-27,2026-06-14,39,616.05,Cancelled,Industrial
3378,237,Warehouse_A,2026-05-30,2026-06-14,95,7341.94,Delivered,Electronics
3379,266,Warehouse_C,2026-05-18,2026-05-24,92,7698.9,Cancelled,FMCG
3380,19,Warehouse_E,2026-05-06,2026-05-22,32,7369.45,Delivered,Electronics
3381,69,Warehouse_C,2026-05-19,2026-06-08,9,9617.23,Cancelled,Pharma
3382,134,Warehouse_C,2026-05-21,2026-06-01,54,8262.33,Delayed,Automotive
3383,495,Warehouse_D,2026-06-01,2026-06-11,72,3235.84,In Transit,Pharma
3384,195,Warehouse_B,2026-05-09,2026-05-15,97,9740.67,Delayed,Automotive
3385,138,Warehouse_B,2026-05-10,2026-05-24,22,1283.75,In Transit,Automotive
3386,312,Warehouse_C,2026-05-10,2026-05-24,4,5017.45,In Transit,Pharma
3387,401,Warehouse_E,2026-05-06,2026-05-25,77,1137.53,In Transit,Automotive
3388,255,Warehouse_D,2026-06-02,2026-06-05,63,1185.49,Delayed,Industrial
3389,351,Warehouse_A,2026-05-21,2026-05-23,24,2268.35,Cancelled,Automotive
3390,497,Warehouse_E,2026-05-29,2026-05-31,38,2934.57,Delivered,FMCG
3391,85,Warehouse_A,2026-05-20,2026-05-28,60,3195.04,Delayed,FMCG
3392,259,Warehouse_B,2026-05-31,2026-06-19,30,7538.53,Cancelled,Electronics
3393,151,Warehouse_D,2026-06-02,2026-06-15,19,7587.69,In Transit,FMCG
3394,439,Warehouse_A,2026-06-03,2026-06-08,12,5974.36,In Transit,Electronics
3395,49,Warehouse_A,2026-05-08,2026-05-11,99,6820.18,In Transit,FMCG
3396,438,Warehouse_A,2026-05-08,2026-05-28,91,3638.21,Delayed,FMCG
3397,174,Warehouse_A,2026-06-01,2026-06-16,82,1295.69,Delayed,Automotive
3398,428,Warehouse_D,2026-05-15,2026-05-24,4,8917.46,Delivered,Pharma
3399,359,Warehouse_E,2026-05-18,2026-05-27,12,5868.45,In Transit,Industrial
3400,271,Warehouse_A,2026-06-03,2026-06-06,33,7792.05,In Transit,Industrial
3401,382,Warehouse_A,2026-05-06,2026-05-12,84,6149.77,Delayed,Industrial
3402,235,Warehouse_A,2026-05-24,2026-06-07,70,340.75,Cancelled,FMCG
3403,183,Warehouse_E,2026-05-28,2026-06-15,15,506.82,Delivered,Industrial
3404,76,Warehouse_A,2026-05-15,2026-05-30,46,6111.76,Delivered,Pharma
3405,292,Warehouse_B,2026-06-03,2026-06-09,22,4854.82,In Transit,Pharma
3406,431,Warehouse_E,2026-05-16,2026-06-03,45,1519.19,Delayed,Electronics
3407,366,Warehouse_E,2026-05-13,2026-05-21,8,6468.92,Cancelled,Industrial
3408,275,Warehouse_C,2026-05-15,2026-05-27,62,3074.87,Cancelled,Automotive
3409,255,Warehouse_C,2026-05-22,2026-06-02,15,9501.63,Delivered,Pharma
3410,394,Warehouse_E,2026-06-03,2026-06-10,47,6175.74,Delayed,Automotive
3411,428,Warehouse_D,2026-05-31,2026-06-11,34,5273.99,In Transit,FMCG
3412,172,Warehouse_A,2026-05-29,2026-06-07,21,1306.38,Cancelled,Automotive
3413,487,Warehouse_D,2026-06-01,2026-06-15,42,6986.79,In Transit,Automotive
3414,192,Warehouse_A,2026-05-30,2026-06-11,6,1173.96,Cancelled,Pharma
3415,110,Warehouse_C,2026-06-02,2026-06-14,22,4362.4,In Transit,FMCG
3416,345,Warehouse_C,2026-05-06,2026-05-25,88,600.63,In Transit,Automotive
3417,215,Warehouse_D,2026-05-24,2026-06-10,79,8406.84,Delivered,Automotive
3418,181,Warehouse_B,2026-05-12,2026-05-13,73,2015.18,Delivered,Automotive
3419,41,Warehouse_E,2026-05-22,2026-05-23,68,7655.01,Delayed,Industrial
3420,494,Warehouse_B,2026-05-06,2026-05-26,23,5192.54,Delayed,FMCG
3421,373,Warehouse_C,2026-05-12,2026-05-22,96,7589.84,Delivered,Industrial
3422,475,Warehouse_B,2026-05-14,2026-05-18,82,396.54,In Transit,Industrial
3423,42,Warehouse_C,2026-05-12,2026-05-27,83,8834.04,Delivered,Pharma
3424,124,Warehouse_A,2026-05-17,2026-05-20,24,2269.19,Delayed,Electronics
3425,91,Warehouse_C,2026-05-26,2026-05-30,97,7295.56,Delayed,Pharma
3426,497,Warehouse_C,2026-05-27,2026-06-06,94,5960.53,Cancelled,Industrial
3427,72,Warehouse_B,2026-05-22,2026-06-05,65,3294.13,Delivered,Electronics
3428,62,Warehouse_E,2026-05-16,2026-05-29,14,7250.34,Cancelled,FMCG
3429,77,Warehouse_B,2026-05-21,2026-06-02,54,2975.89,Cancelled,Industrial
3430,21,Warehouse_D,2026-05-27,2026-06-04,9,5584.7,Delivered,Automotive
3431,260,Warehouse_A,2026-06-02,2026-06-19,42,1995.94,Cancelled,Industrial
3432,67,Warehouse_E,2026-05-29,2026-06-03,64,6209.24,Delayed,Electronics
3433,26,Warehouse_D,2026-05-25,2026-06-13,6,7636.44,Cancelled,Industrial
3434,467,Warehouse_B,2026-05-23,2026-05-27,22,8927.17,Cancelled,Electronics
3435,286,Warehouse_D,2026-05-23,2026-05-24,59,1639.94,Delivered,Automotive
3436,112,Warehouse_B,2026-05-18,2026-05-23,79,3064.1,Cancelled,Industrial
3437,321,Warehouse_E,2026-06-02,2026-06-07,55,1782.36,Delayed,Pharma
3438,165,Warehouse_A,2026-05-15,2026-06-04,15,2270.42,In Transit,Automotive
3439,235,Warehouse_C,2026-05-27,2026-05-31,89,9453.9,Delayed,Electronics
3440,239,Warehouse_E,2026-05-21,2026-06-02,5,3908.66,Delayed,FMCG
3441,1,Warehouse_C,2026-05-27,2026-05-29,65,5545.13,In Transit,Electronics
3442,183,Warehouse_E,2026-06-04,2026-06-16,68,2034.5,Cancelled,Electronics
3443,197,Warehouse_C,2026-05-06,2026-05-08,71,1498.54,Delivered,Pharma
3444,429,Warehouse_D,2026-05-23,2026-05-27,36,2683.17,Cancelled,Automotive
3445,235,Warehouse_A,2026-05-07,2026-05-23,52,4103.21,In Transit,Electronics
3446,373,Warehouse_B,2026-05-17,2026-05-19,3,4260.71,Delivered,Electronics
3447,160,Warehouse_B,2026-05-30,2026-06-17,13,9311.78,Cancelled,Electronics
3448,113,Warehouse_C,2026-05-17,2026-05-24,23,4857.72,In Transit,FMCG
3449,242,Warehouse_B,2026-05-16,2026-05-26,90,177.85,Delivered,FMCG
3450,284,Warehouse_C,2026-05-06,2026-05-20,19,2348.47,In Transit,Automotive
3451,55,Warehouse_A,2026-05-06,2026-05-10,17,3171.32,Delivered,Pharma
3452,434,Warehouse_B,2026-05-30,2026-06-06,43,8215.88,Delayed,Industrial
3453,53,Warehouse_D,2026-06-04,2026-06-13,36,1600.55,Cancelled,FMCG
3454,434,Warehouse_B,2026-06-04,2026-06-06,62,2818.06,Delivered,Industrial
3455,15,Warehouse_B,2026-05-23,2026-05-29,48,1546.07,In Transit,Automotive
3456,207,Warehouse_B,2026-05-27,2026-06-03,44,6527.62,Cancelled,FMCG
3457,494,Warehouse_B,2026-06-03,2026-06-07,90,3008.12,Delivered,Electronics
3458,246,Warehouse_C,2026-06-04,2026-06-17,56,6865.52,Cancelled,Industrial
3459,243,Warehouse_C,2026-05-10,2026-05-22,14,7576.47,In Transit,Automotive
3460,302,Warehouse_E,2026-05-14,2026-06-02,62,2181.63,Delayed,Pharma
3461,184,Warehouse_D,2026-05-08,2026-05-14,83,4295.21,In Transit,Automotive
3462,423,Warehouse_A,2026-06-01,2026-06-20,33,2215.05,Delivered,Electronics
3463,147,Warehouse_E,2026-05-21,2026-06-07,9,6612.21,Cancelled,Industrial
3464,171,Warehouse_A,2026-05-20,2026-05-25,18,6686.37,Delayed,Pharma
3465,217,Warehouse_E,2026-05-29,2026-06-12,54,240.87,Delayed,Automotive
3466,173,Warehouse_A,2026-05-29,2026-05-30,19,9823.79,Delivered,Pharma
3467,72,Warehouse_B,2026-05-30,2026-06-11,92,2828.89,Delayed,Automotive
3468,384,Warehouse_A,2026-05-17,2026-05-20,81,6462.06,In Transit,Industrial
3469,451,Warehouse_D,2026-05-19,2026-05-20,56,5574.97,Delayed,Automotive
3470,126,Warehouse_C,2026-05-07,2026-05-11,64,4497.9,Delayed,Pharma
3471,225,Warehouse_C,2026-05-14,2026-05-25,43,8514.79,Delayed,Industrial
3472,228,Warehouse_C,2026-05-22,2026-06-11,85,4092.42,Cancelled,Industrial
3473,130,Warehouse_E,2026-05-24,2026-05-29,59,6148.09,Delayed,Pharma
3474,6,Warehouse_E,2026-05-30,2026-06-19,14,4646.16,Delayed,Industrial
3475,127,Warehouse_C,2026-05-27,2026-05-29,73,8072.21,Delayed,Electronics
3476,351,Warehouse_A,2026-05-20,2026-05-21,73,8395.29,Delayed,Industrial
3477,328,Warehouse_D,2026-05-17,2026-06-02,60,987.46,In Transit,Electronics
3478,477,Warehouse_D,2026-05-22,2026-06-04,38,5753.15,Delayed,Automotive
3479,319,Warehouse_B,2026-05-30,2026-06-09,66,4546.9,Cancelled,FMCG
3480,247,Warehouse_E,2026-05-26,2026-06-03,35,3917.29,Delivered,Industrial
3481,208,Warehouse_A,2026-05-28,2026-06-15,46,292.43,Delivered,FMCG
3482,269,Warehouse_C,2026-05-09,2026-05-11,17,547.64,Cancelled,FMCG
3483,96,Warehouse_A,2026-05-21,2026-05-31,64,6583.17,Delivered,Automotive
3484,218,Warehouse_B,2026-05-26,2026-06-08,38,6425.06,Delayed,Pharma
3485,387,Warehouse_C,2026-06-01,2026-06-21,20,2120.35,Delivered,FMCG
3486,289,Warehouse_E,2026-05-28,2026-06-13,32,2512.73,Delivered,Automotive
3487,61,Warehouse_C,2026-05-30,2026-06-02,11,9677.07,Delivered,Automotive
3488,163,Warehouse_D,2026-05-19,2026-06-07,30,2923.43,Delivered,Pharma
3489,41,Warehouse_A,2026-05-21,2026-05-23,92,9916.9,Delivered,Industrial
3490,460,Warehouse_C,2026-05-19,2026-06-06,95,6851.04,Cancelled,Pharma
3491,34,Warehouse_E,2026-05-31,2026-06-14,78,506.49,Delivered,Electronics
3492,224,Warehouse_C,2026-05-06,2026-05-24,17,2620.43,Delivered,Electronics
3493,319,Warehouse_A,2026-05-21,2026-06-04,97,7413.95,Delivered,Automotive
3494,177,Warehouse_B,2026-05-07,2026-05-27,62,5493.14,Cancelled,Automotive
3495,160,Warehouse_B,2026-05-25,2026-06-09,24,9510.64,In Transit,Automotive
3496,429,Warehouse_B,2026-05-22,2026-05-27,55,8806.81,Delivered,Pharma
3497,369,Warehouse_E,2026-05-13,2026-05-24,37,4807.8,In Transit,Industrial
3498,301,Warehouse_C,2026-05-17,2026-05-19,98,9718.43,Delivered,Electronics
3499,206,Warehouse_C,2026-05-22,2026-05-23,66,5411.63,Delayed,Automotive
3500,46,Warehouse_D,2026-05-21,2026-05-29,9,1543.21,In Transit,Pharma
3501,80,Warehouse_B,2026-05-12,2026-05-22,54,6614.9,Delayed,Electronics
3502,88,Warehouse_D,2026-05-31,2026-06-13,61,8977.29,Delayed,Automotive
3503,313,Warehouse_A,2026-05-30,2026-06-11,7,6622.18,Cancelled,FMCG
3504,9,Warehouse_C,2026-05-22,2026-05-24,31,3828.56,Cancelled,Pharma
3505,34,Warehouse_D,2026-05-30,2026-06-16,23,2120.89,Delayed,Electronics
3506,24,Warehouse_C,2026-05-20,2026-05-31,57,4734.26,In Transit,Automotive
3507,6,Warehouse_D,2026-05-06,2026-05-15,2,3574.53,Delayed,Pharma
3508,11,Warehouse_A,2026-05-15,2026-05-28,9,5777.47,Delivered,Automotive
3509,431,Warehouse_C,2026-06-02,2026-06-17,51,3453.14,Delivered,Automotive
3510,44,Warehouse_C,2026-05-19,2026-05-27,97,9665.03,In Transit,FMCG
3511,445,Warehouse_A,2026-05-09,2026-05-15,8,5389.53,In Transit,Automotive
3512,352,Warehouse_D,2026-05-31,2026-06-06,27,743.95,In Transit,Pharma
3513,7,Warehouse_D,2026-05-18,2026-05-26,83,3581.0,Delivered,FMCG
3514,78,Warehouse_B,2026-05-10,2026-05-16,61,8572.95,Cancelled,Pharma
3515,283,Warehouse_A,2026-05-27,2026-05-30,64,8465.4,Delivered,Pharma
3516,33,Warehouse_B,2026-05-09,2026-05-11,43,9100.44,Cancelled,Electronics
3517,298,Warehouse_E,2026-06-01,2026-06-10,47,8109.73,Cancelled,Industrial
3518,137,Warehouse_B,2026-05-27,2026-05-31,6,6325.52,Delayed,Automotive
3519,138,Warehouse_C,2026-05-21,2026-05-26,94,6937.34,Delayed,Electronics
3520,149,Warehouse_B,2026-05-14,2026-05-16,78,2804.84,In Transit,Electronics
3521,73,Warehouse_C,2026-05-31,2026-06-19,72,2596.18,Delayed,Automotive
3522,475,Warehouse_B,2026-05-25,2026-06-06,4,3350.3,In Transit,Electronics
3523,379,Warehouse_A,2026-05-08,2026-05-25,37,4414.12,Delivered,FMCG
3524,119,Warehouse_D,2026-06-03,2026-06-19,77,1745.75,Delayed,Industrial
3525,291,Warehouse_C,2026-05-06,2026-05-25,69,4061.51,In Transit,Automotive
3526,85,Warehouse_D,2026-05-25,2026-06-07,15,3145.91,Delayed,Pharma
3527,339,Warehouse_B,2026-05-21,2026-06-10,56,1384.78,Delayed,Pharma
3528,178,Warehouse_E,2026-05-22,2026-06-06,92,2952.54,Delivered,Industrial
3529,499,Warehouse_D,2026-05-12,2026-05-17,94,4216.21,In Transit,Automotive
3530,414,Warehouse_C,2026-05-27,2026-05-31,92,3248.62,Delayed,FMCG
3531,356,Warehouse_A,2026-05-26,2026-06-13,75,6774.33,Delayed,Industrial
3532,317,Warehouse_C,2026-05-30,2026-06-13,88,9028.62,Delayed,FMCG
3533,499,Warehouse_B,2026-05-11,2026-05-16,22,6323.36,Delayed,FMCG
3534,356,Warehouse_B,2026-05-13,2026-06-01,2,3084.33,In Transit,Automotive
3535,32,Warehouse_C,2026-05-25,2026-06-09,33,8263.78,Delivered,FMCG
3536,358,Warehouse_E,2026-05-07,2026-05-17,60,3365.87,Delayed,FMCG
3537,132,Warehouse_D,2026-05-10,2026-05-28,12,1723.49,Delivered,Pharma
3538,16,Warehouse_A,2026-05-20,2026-05-27,34,8974.68,Delayed,Automotive
3539,368,Warehouse_B,2026-05-31,2026-06-10,66,733.07,Delayed,FMCG
3540,196,Warehouse_D,2026-05-27,2026-06-12,22,3228.1,In Transit,Pharma
3541,344,Warehouse_A,2026-05-09,2026-05-18,6,9272.86,Delivered,Electronics
3542,355,Warehouse_D,2026-05-17,2026-05-21,41,5481.99,Delayed,Automotive
3543,480,Warehouse_B,2026-06-03,2026-06-20,12,6770.95,Cancelled,Electronics
3544,265,Warehouse_B,2026-05-23,2026-05-28,57,9347.56,Delayed,Automotive
3545,28,Warehouse_A,2026-05-23,2026-06-04,96,9689.14,Cancelled,FMCG
3546,6,Warehouse_C,2026-05-09,2026-05-22,6,1095.6,Delivered,Electronics
3547,164,Warehouse_D,2026-05-17,2026-05-30,43,3652.42,Delivered,Automotive
3548,452,Warehouse_A,2026-05-20,2026-05-30,89,1322.9,Cancelled,Electronics
3549,362,Warehouse_D,2026-05-08,2026-05-11,15,848.54,Delivered,Electronics
3550,471,Warehouse_E,2026-05-20,2026-05-24,48,2381.71,Delayed,Electronics
3551,458,Warehouse_E,2026-05-28,2026-06-03,81,3066.34,Delayed,FMCG
3552,42,Warehouse_D,2026-05-23,2026-06-07,57,5057.17,In Transit,Automotive
3553,381,Warehouse_D,2026-06-02,2026-06-15,89,2750.43,Delivered,Industrial
3554,72,Warehouse_E,2026-05-19,2026-05-24,32,5048.34,In Transit,Pharma
3555,182,Warehouse_B,2026-05-21,2026-05-23,97,7214.72,In Transit,Automotive
3556,48,Warehouse_B,2026-05-27,2026-05-30,23,2027.5,Delayed,Electronics
3557,9,Warehouse_A,2026-05-19,2026-06-05,66,7260.55,In Transit,Automotive
3558,285,Warehouse_D,2026-05-07,2026-05-23,25,6827.34,Delivered,Electronics
3559,61,Warehouse_E,2026-05-15,2026-05-17,12,8393.07,Cancelled,Industrial
3560,155,Warehouse_C,2026-06-03,2026-06-11,69,2406.6,In Transit,Automotive
3561,80,Warehouse_E,2026-05-18,2026-05-19,55,6564.5,Delivered,Electronics
3562,310,Warehouse_B,2026-05-28,2026-06-14,54,6716.24,In Transit,Automotive
3563,135,Warehouse_B,2026-05-10,2026-05-23,50,9016.91,Delayed,FMCG
3564,46,Warehouse_D,2026-05-09,2026-05-16,14,9566.59,Delivered,Industrial
3565,368,Warehouse_A,2026-05-27,2026-06-02,20,5548.13,Delayed,Automotive
3566,342,Warehouse_D,2026-05-16,2026-05-23,40,1798.79,Cancelled,Electronics
3567,95,Warehouse_C,2026-05-26,2026-05-31,86,3391.46,In Transit,Automotive
3568,360,Warehouse_E,2026-05-11,2026-05-24,59,7300.79,In Transit,Industrial
3569,265,Warehouse_D,2026-05-12,2026-05-27,40,8524.19,Cancelled,Pharma
3570,121,Warehouse_A,2026-05-20,2026-05-22,71,4655.96,Delivered,Pharma
3571,45,Warehouse_B,2026-05-23,2026-06-11,46,8560.38,Cancelled,Pharma
3572,307,Warehouse_E,2026-05-17,2026-05-21,10,458.61,Cancelled,Automotive
3573,261,Warehouse_B,2026-06-02,2026-06-05,70,752.65,Cancelled,FMCG
3574,326,Warehouse_D,2026-05-29,2026-06-12,19,5708.7,In Transit,Industrial
3575,474,Warehouse_E,2026-05-17,2026-05-28,71,7608.03,Delivered,Pharma
3576,382,Warehouse_D,2026-05-15,2026-05-18,38,8148.16,Delivered,Electronics
3577,129,Warehouse_C,2026-05-08,2026-05-13,6,9104.72,Delivered,Industrial
3578,306,Warehouse_A,2026-05-16,2026-05-21,8,8792.42,In Transit,Pharma
3579,44,Warehouse_D,2026-06-01,2026-06-08,69,1392.34,In Transit,Industrial
3580,417,Warehouse_E,2026-05-25,2026-06-12,83,4417.93,Delayed,Automotive
3581,411,Warehouse_E,2026-05-20,2026-05-21,58,4585.31,Cancelled,Industrial
3582,16,Warehouse_E,2026-05-11,2026-05-15,36,432.61,Cancelled,Automotive
3583,19,Warehouse_C,2026-05-17,2026-06-04,35,7527.11,In Transit,FMCG
3584,128,Warehouse_B,2026-05-12,2026-05-19,64,9682.42,Delayed,Automotive
3585,235,Warehouse_A,2026-05-23,2026-05-28,72,7302.55,Cancelled,Pharma
3586,276,Warehouse_A,2026-05-11,2026-05-30,9,7538.34,Delayed,Automotive
3587,153,Warehouse_C,2026-05-16,2026-05-21,47,8997.24,Delayed,Electronics
3588,233,Warehouse_D,2026-05-16,2026-06-01,94,2221.15,Delivered,FMCG
3589,432,Warehouse_C,2026-05-09,2026-05-28,63,2797.07,Delayed,FMCG
3590,442,Warehouse_D,2026-05-08,2026-05-28,34,6671.31,Delivered,Pharma
3591,137,Warehouse_D,2026-06-03,2026-06-11,25,4053.28,Delayed,Pharma
3592,65,Warehouse_C,2026-06-04,2026-06-12,34,1532.91,In Transit,Industrial
3593,135,Warehouse_C,2026-05-08,2026-05-23,70,8872.61,Delayed,Automotive
3594,240,Warehouse_B,2026-05-27,2026-06-02,67,7738.76,Cancelled,Electronics
3595,209,Warehouse_E,2026-05-11,2026-05-21,35,3826.36,Cancelled,Industrial
3596,234,Warehouse_A,2026-05-12,2026-05-13,26,2825.53,Cancelled,Automotive
3597,133,Warehouse_C,2026-05-17,2026-05-24,39,256.95,Cancelled,Pharma
3598,346,Warehouse_D,2026-05-09,2026-05-28,48,6156.21,In Transit,Automotive
3599,459,Warehouse_D,2026-06-03,2026-06-16,29,1793.88,Delivered,Automotive
3600,220,Warehouse_D,2026-06-02,2026-06-06,59,6428.9,Cancelled,Electronics
3601,234,Warehouse_E,2026-05-13,2026-05-24,30,4130.58,Cancelled,FMCG
3602,324,Warehouse_E,2026-05-31,2026-06-10,87,5521.16,Delayed,Industrial
3603,421,Warehouse_D,2026-06-04,2026-06-11,1,8971.31,Delayed,Electronics
3604,343,Warehouse_A,2026-05-22,2026-06-05,37,5635.76,Delivered,Electronics
3605,41,Warehouse_C,2026-05-30,2026-06-02,25,6227.31,Delayed,FMCG
3606,148,Warehouse_E,2026-05-19,2026-05-27,54,8250.53,Cancelled,Electronics
3607,224,Warehouse_E,2026-05-16,2026-05-21,19,1522.09,Cancelled,Electronics
3608,164,Warehouse_B,2026-05-15,2026-05-19,18,1015.28,Cancelled,Industrial
3609,66,Warehouse_D,2026-06-02,2026-06-05,99,9046.28,Delayed,Electronics
3610,140,Warehouse_B,2026-05-16,2026-05-25,91,8484.38,Cancelled,Electronics
3611,355,Warehouse_C,2026-05-16,2026-06-04,57,8133.67,In Transit,Pharma
3612,433,Warehouse_C,2026-05-11,2026-05-20,74,9222.04,Delayed,Electronics
3613,205,Warehouse_C,2026-05-23,2026-06-03,80,4112.35,Delayed,Pharma
3614,130,Warehouse_B,2026-05-23,2026-06-09,41,731.42,Delivered,Pharma
3615,277,Warehouse_A,2026-05-27,2026-06-03,56,2191.0,Delayed,Automotive
3616,330,Warehouse_B,2026-05-27,2026-06-09,22,7134.36,Delayed,Industrial
3617,18,Warehouse_E,2026-06-02,2026-06-03,21,4429.39,Delivered,Electronics
3618,401,Warehouse_D,2026-05-11,2026-05-21,56,1053.82,Cancelled,Electronics
3619,124,Warehouse_E,2026-05-08,2026-05-17,37,1199.96,Delivered,Electronics
3620,179,Warehouse_C,2026-05-14,2026-05-25,15,3890.88,Cancelled,Automotive
3621,407,Warehouse_A,2026-05-30,2026-06-11,9,493.68,In Transit,Pharma
3622,85,Warehouse_A,2026-05-20,2026-06-02,17,2886.98,Cancelled,Industrial
3623,11,Warehouse_D,2026-05-13,2026-05-30,4,3597.29,In Transit,Industrial
3624,448,Warehouse_E,2026-05-28,2026-05-31,39,3713.9,Delivered,Industrial
3625,66,Warehouse_E,2026-05-15,2026-05-16,61,2321.42,Delayed,Industrial
3626,390,Warehouse_D,2026-05-31,2026-06-10,42,7326.22,Cancelled,Electronics
3627,269,Warehouse_B,2026-05-10,2026-05-28,82,9475.68,Delivered,FMCG
3628,283,Warehouse_E,2026-06-03,2026-06-20,64,8108.43,Delivered,Industrial
3629,459,Warehouse_E,2026-05-20,2026-06-07,30,2327.37,In Transit,Pharma
3630,165,Warehouse_D,2026-05-28,2026-05-31,84,4072.58,Cancelled,Pharma
3631,316,Warehouse_D,2026-06-03,2026-06-15,81,4876.43,In Transit,Electronics
3632,412,Warehouse_B,2026-05-21,2026-05-22,13,4990.25,Delayed,Pharma
3633,164,Warehouse_D,2026-05-23,2026-06-08,96,4288.01,In Transit,Industrial
3634,250,Warehouse_E,2026-06-04,2026-06-10,48,7436.5,Delivered,Industrial
3635,357,Warehouse_E,2026-05-10,2026-05-17,18,6523.79,Cancelled,Industrial
3636,382,Warehouse_C,2026-06-03,2026-06-21,17,8765.97,Cancelled,Electronics
3637,197,Warehouse_B,2026-06-04,2026-06-13,53,4687.42,Delayed,FMCG
3638,493,Warehouse_A,2026-06-04,2026-06-08,54,1947.24,Delivered,Electronics
3639,319,Warehouse_C,2026-06-03,2026-06-19,76,4358.2,Cancelled,Pharma
3640,111,Warehouse_C,2026-05-24,2026-05-26,56,3944.79,Delayed,Industrial
3641,314,Warehouse_C,2026-05-09,2026-05-12,21,786.09,Delivered,Automotive
3642,39,Warehouse_E,2026-05-10,2026-05-13,64,7933.66,Delivered,Electronics
3643,192,Warehouse_A,2026-05-09,2026-05-27,83,2839.23,Delivered,Electronics
3644,406,Warehouse_D,2026-05-30,2026-06-15,71,577.03,In Transit,FMCG
3645,470,Warehouse_E,2026-05-20,2026-06-04,75,2736.43,Delayed,Industrial
3646,372,Warehouse_E,2026-05-23,2026-06-12,49,2499.99,Cancelled,Electronics
3647,139,Warehouse_A,2026-05-29,2026-06-12,8,4828.45,In Transit,FMCG
3648,393,Warehouse_D,2026-05-22,2026-06-11,7,7590.13,Delivered,Pharma
3649,445,Warehouse_A,2026-05-17,2026-06-04,72,598.54,Delivered,Industrial
3650,59,Warehouse_E,2026-05-12,2026-05-14,72,7118.84,Delivered,FMCG
3651,283,Warehouse_C,2026-05-20,2026-05-24,99,161.05,Delayed,Automotive
3652,34,Warehouse_D,2026-05-21,2026-06-08,1,9122.93,Delivered,Pharma
3653,448,Warehouse_B,2026-05-07,2026-05-18,34,8474.64,Cancelled,Industrial
3654,190,Warehouse_A,2026-05-13,2026-05-16,70,3898.35,In Transit,FMCG
3655,183,Warehouse_E,2026-06-04,2026-06-10,12,1545.26,Cancelled,Pharma
3656,409,Warehouse_A,2026-05-20,2026-06-02,74,1340.57,Delayed,Electronics
3657,121,Warehouse_B,2026-05-25,2026-06-02,24,6092.97,In Transit,Industrial
3658,75,Warehouse_C,2026-05-14,2026-05-21,38,392.61,Delayed,Pharma
3659,260,Warehouse_D,2026-06-02,2026-06-07,84,3449.53,Delivered,Electronics
3660,439,Warehouse_D,2026-05-09,2026-05-19,27,8977.87,Delayed,Pharma
3661,439,Warehouse_A,2026-05-09,2026-05-21,18,5291.16,Cancelled,Pharma
3662,406,Warehouse_A,2026-05-09,2026-05-28,67,999.7,Cancelled,Electronics
3663,389,Warehouse_B,2026-05-24,2026-06-02,74,8284.14,Delayed,FMCG
3664,484,Warehouse_B,2026-05-26,2026-06-09,47,3574.47,Delivered,Pharma
3665,323,Warehouse_A,2026-05-13,2026-05-14,56,2342.95,Delayed,FMCG
3666,481,Warehouse_D,2026-05-07,2026-05-21,45,7375.39,Cancelled,FMCG
3667,422,Warehouse_A,2026-05-06,2026-05-21,81,146.85,Delivered,Automotive
3668,328,Warehouse_C,2026-05-18,2026-06-02,39,8850.06,Cancelled,Industrial
3669,4,Warehouse_B,2026-06-04,2026-06-18,87,2356.57,Delayed,Pharma
3670,384,Warehouse_E,2026-05-08,2026-05-21,39,7234.24,Delayed,Industrial
3671,414,Warehouse_E,2026-05-30,2026-06-14,93,9850.57,Cancelled,Pharma
3672,486,Warehouse_A,2026-05-07,2026-05-21,53,7896.09,Cancelled,Industrial
3673,66,Warehouse_C,2026-05-25,2026-05-29,99,9811.41,In Transit,Industrial
3674,120,Warehouse_D,2026-05-12,2026-05-30,39,4222.4,Delayed,Automotive
3675,202,Warehouse_C,2026-05-18,2026-05-29,44,2699.46,In Transit,Industrial
3676,194,Warehouse_C,2026-05-24,2026-06-03,20,7280.72,In Transit,Pharma
3677,72,Warehouse_B,2026-05-14,2026-05-25,76,790.21,Delivered,Pharma
3678,110,Warehouse_A,2026-05-11,2026-05-29,88,7796.26,In Transit,FMCG
3679,257,Warehouse_A,2026-05-16,2026-06-05,100,3537.16,Delivered,Industrial
3680,492,Warehouse_E,2026-05-18,2026-05-24,46,7900.38,Delayed,Automotive
3681,425,Warehouse_D,2026-05-11,2026-05-19,55,7624.1,Delivered,Industrial
3682,489,Warehouse_B,2026-06-03,2026-06-22,99,6574.29,Delayed,FMCG
3683,478,Warehouse_D,2026-05-20,2026-05-22,91,9541.49,In Transit,Pharma
3684,329,Warehouse_E,2026-05-19,2026-05-24,65,7347.26,Delivered,Automotive
3685,257,Warehouse_E,2026-05-30,2026-06-02,37,4344.33,Delayed,Automotive
3686,500,Warehouse_E,2026-05-14,2026-05-15,80,8486.17,Delivered,FMCG
3687,79,Warehouse_C,2026-05-20,2026-05-31,79,8058.29,Delayed,Automotive
3688,279,Warehouse_E,2026-05-17,2026-05-23,64,1369.41,Delayed,Pharma
3689,65,Warehouse_B,2026-05-26,2026-06-04,37,3782.08,In Transit,Electronics
3690,134,Warehouse_C,2026-06-04,2026-06-22,20,9563.56,Delayed,FMCG
3691,119,Warehouse_E,2026-05-22,2026-06-05,21,8554.5,Delivered,Electronics
3692,450,Warehouse_B,2026-05-20,2026-06-03,70,3916.61,Delayed,Industrial
3693,246,Warehouse_C,2026-05-17,2026-06-02,14,9441.82,Delayed,Industrial
3694,52,Warehouse_E,2026-05-24,2026-05-27,45,5866.47,Delayed,Pharma
3695,330,Warehouse_D,2026-05-25,2026-06-06,87,8856.48,Cancelled,FMCG
3696,331,Warehouse_A,2026-06-03,2026-06-11,34,3982.53,In Transit,FMCG
3697,362,Warehouse_D,2026-05-10,2026-05-22,83,6264.63,Delayed,Electronics
3698,79,Warehouse_C,2026-05-09,2026-05-25,40,859.79,Delayed,Automotive
3699,348,Warehouse_C,2026-05-12,2026-05-21,31,3477.06,Cancelled,Automotive
3700,461,Warehouse_A,2026-05-11,2026-05-31,72,8784.94,Delayed,Industrial
3701,337,Warehouse_E,2026-05-08,2026-05-23,84,6248.3,In Transit,FMCG
3702,381,Warehouse_C,2026-06-01,2026-06-21,37,6173.04,Cancelled,Industrial
3703,152,Warehouse_C,2026-06-02,2026-06-13,54,5271.11,In Transit,Industrial
3704,481,Warehouse_E,2026-05-07,2026-05-11,44,1767.88,Delayed,Electronics
3705,384,Warehouse_D,2026-05-11,2026-05-31,56,6276.54,In Transit,Automotive
3706,178,Warehouse_E,2026-05-17,2026-05-25,45,2933.33,Cancelled,Industrial
3707,56,Warehouse_E,2026-06-04,2026-06-16,60,2768.86,Delivered,Pharma
3708,165,Warehouse_C,2026-05-08,2026-05-14,67,2956.29,Cancelled,Electronics
3709,380,Warehouse_A,2026-06-04,2026-06-14,85,4103.84,Cancelled,Industrial
3710,345,Warehouse_D,2026-06-01,2026-06-04,18,3319.06,In Transit,Pharma
3711,356,Warehouse_B,2026-05-19,2026-06-06,74,2711.8,In Transit,Electronics
3712,428,Warehouse_C,2026-05-10,2026-05-14,2,334.61,In Transit,Industrial
3713,203,Warehouse_A,2026-05-25,2026-06-13,26,6428.35,Delayed,Automotive
3714,357,Warehouse_C,2026-05-18,2026-06-06,46,8764.32,In Transit,Pharma
3715,329,Warehouse_A,2026-05-10,2026-05-11,13,761.73,Delivered,Industrial
3716,109,Warehouse_A,2026-05-22,2026-05-28,95,9967.72,Delivered,Pharma
3717,403,Warehouse_C,2026-05-06,2026-05-23,58,2912.07,Delivered,Pharma
3718,414,Warehouse_C,2026-05-14,2026-05-23,83,7675.67,Delayed,Industrial
3719,200,Warehouse_B,2026-05-22,2026-06-07,50,1048.22,In Transit,Automotive
3720,298,Warehouse_A,2026-05-29,2026-06-07,5,7367.56,Cancelled,FMCG
3721,279,Warehouse_B,2026-05-28,2026-06-04,98,9874.9,Cancelled,Industrial
3722,209,Warehouse_A,2026-06-04,2026-06-06,45,7359.3,Delivered,Pharma
3723,146,Warehouse_C,2026-05-22,2026-06-06,52,4047.0,Delayed,Automotive
3724,398,Warehouse_D,2026-05-11,2026-05-18,100,9644.95,Delayed,Industrial
3725,491,Warehouse_C,2026-05-23,2026-06-11,29,2057.14,Delivered,Industrial
3726,120,Warehouse_B,2026-05-11,2026-05-27,60,9358.18,Delivered,Electronics
3727,65,Warehouse_D,2026-05-21,2026-05-26,12,2493.49,Delayed,Automotive
3728,434,Warehouse_E,2026-05-15,2026-05-23,8,258.18,Cancelled,FMCG
3729,211,Warehouse_E,2026-05-06,2026-05-08,44,4055.1,Delivered,Automotive
3730,205,Warehouse_E,2026-05-07,2026-05-21,1,2779.38,In Transit,Industrial
3731,211,Warehouse_E,2026-05-16,2026-05-26,19,9702.77,Delayed,Pharma
3732,92,Warehouse_E,2026-05-20,2026-05-27,17,9624.58,In Transit,FMCG
3733,457,Warehouse_A,2026-05-30,2026-05-31,13,8417.93,Delivered,Electronics
3734,327,Warehouse_B,2026-05-15,2026-05-16,48,6639.17,Cancelled,Industrial
3735,1,Warehouse_D,2026-05-27,2026-06-13,94,8774.5,In Transit,Electronics
3736,109,Warehouse_B,2026-05-13,2026-06-02,50,3627.09,In Transit,Automotive
3737,23,Warehouse_C,2026-06-02,2026-06-08,70,2155.39,Delivered,Automotive
3738,10,Warehouse_B,2026-05-18,2026-05-30,28,9973.62,In Transit,FMCG
3739,403,Warehouse_A,2026-05-14,2026-05-15,57,1456.33,Delayed,Industrial
3740,408,Warehouse_C,2026-05-13,2026-05-27,41,6549.94,In Transit,Automotive
3741,67,Warehouse_D,2026-05-26,2026-05-28,75,875.11,In Transit,FMCG
3742,107,Warehouse_D,2026-06-01,2026-06-02,92,8624.53,Delivered,Industrial
3743,477,Warehouse_E,2026-05-15,2026-06-03,50,5230.62,Delayed,Industrial
3744,277,Warehouse_B,2026-05-14,2026-06-02,33,3926.07,Cancelled,Industrial
3745,103,Warehouse_B,2026-05-08,2026-05-24,48,259.3,Delayed,Electronics
3746,391,Warehouse_C,2026-05-28,2026-05-31,100,7338.9,Delivered,FMCG
3747,391,Warehouse_C,2026-05-10,2026-05-29,95,752.58,In Transit,Pharma
3748,189,Warehouse_E,2026-05-29,2026-06-06,77,9820.88,Cancelled,FMCG
3749,183,Warehouse_B,2026-05-12,2026-05-18,12,3780.73,Cancelled,Electronics
3750,471,Warehouse_D,2026-05-16,2026-06-04,89,9451.36,Delivered,Automotive
3751,10,Warehouse_C,2026-05-06,2026-05-14,19,6854.66,Delivered,Pharma
3752,214,Warehouse_B,2026-05-10,2026-05-19,22,8678.78,Cancelled,Automotive
3753,66,Warehouse_B,2026-05-29,2026-06-08,55,5001.57,Delivered,Industrial
3754,473,Warehouse_D,2026-05-29,2026-05-31,46,7170.66,Delayed,Electronics
3755,216,Warehouse_E,2026-05-20,2026-06-04,13,9617.66,Delayed,FMCG
3756,99,Warehouse_D,2026-05-18,2026-06-04,42,227.49,Delayed,Electronics
3757,204,Warehouse_E,2026-05-31,2026-06-08,85,3929.32,Delayed,Electronics
3758,253,Warehouse_B,2026-05-12,2026-05-18,40,541.68,Cancelled,Electronics
3759,289,Warehouse_D,2026-06-01,2026-06-18,60,7833.95,Delayed,FMCG
3760,273,Warehouse_E,2026-05-16,2026-05-25,89,9524.07,In Transit,Electronics
3761,221,Warehouse_B,2026-05-11,2026-05-25,16,6080.51,Delayed,Automotive
3762,122,Warehouse_A,2026-06-03,2026-06-16,34,9566.44,In Transit,Electronics
3763,7,Warehouse_C,2026-05-14,2026-05-22,67,7549.75,In Transit,Pharma
3764,467,Warehouse_D,2026-05-15,2026-05-28,92,9402.11,Delayed,FMCG
3765,49,Warehouse_C,2026-06-03,2026-06-19,9,1029.98,Delayed,Electronics
3766,227,Warehouse_A,2026-05-22,2026-06-01,82,5930.98,In Transit,Pharma
3767,287,Warehouse_C,2026-05-22,2026-06-03,99,1762.57,In Transit,FMCG
3768,396,Warehouse_B,2026-05-26,2026-06-03,36,4724.84,In Transit,Automotive
3769,411,Warehouse_D,2026-05-22,2026-05-23,50,1123.74,Delayed,Automotive
3770,345,Warehouse_E,2026-05-28,2026-06-17,33,2386.67,Cancelled,Automotive
3771,148,Warehouse_C,2026-05-24,2026-06-02,74,1815.44,Cancelled,Electronics
3772,274,Warehouse_D,2026-05-20,2026-05-23,100,1057.36,Delivered,Industrial
3773,19,Warehouse_E,2026-05-21,2026-05-30,44,9348.04,Cancelled,Industrial
3774,79,Warehouse_B,2026-05-07,2026-05-27,64,3944.88,Delivered,Pharma
3775,306,Warehouse_A,2026-05-30,2026-06-16,29,1889.9,Cancelled,Industrial
3776,342,Warehouse_B,2026-05-24,2026-06-01,21,4752.48,Delayed,Pharma
3777,302,Warehouse_A,2026-05-29,2026-06-18,19,5927.12,In Transit,Industrial
3778,83,Warehouse_E,2026-05-20,2026-06-06,11,6298.23,Delayed,Electronics
3779,302,Warehouse_C,2026-05-06,2026-05-12,92,8473.21,Delayed,Electronics
3780,195,Warehouse_D,2026-06-04,2026-06-09,32,8364.41,Delayed,FMCG
3781,231,Warehouse_C,2026-05-18,2026-05-19,43,316.28,In Transit,Electronics
3782,445,Warehouse_C,2026-05-22,2026-05-29,57,8473.42,In Transit,FMCG
3783,196,Warehouse_B,2026-05-08,2026-05-13,87,3355.76,Cancelled,Electronics
3784,396,Warehouse_D,2026-06-02,2026-06-11,53,8446.99,Delayed,Automotive
3785,352,Warehouse_D,2026-05-06,2026-05-21,21,4421.64,Delivered,Electronics
3786,239,Warehouse_B,2026-05-09,2026-05-22,82,5737.92,Delivered,Electronics
3787,136,Warehouse_B,2026-05-23,2026-06-08,67,4702.87,In Transit,Automotive
3788,356,Warehouse_E,2026-05-30,2026-06-18,29,4755.75,Cancelled,Automotive
3789,472,Warehouse_D,2026-05-20,2026-05-24,3,8304.29,In Transit,Pharma
3790,118,Warehouse_C,2026-05-11,2026-05-17,5,4205.6,Cancelled,Industrial
3791,295,Warehouse_D,2026-05-16,2026-06-03,19,5421.46,Delivered,Pharma
3792,158,Warehouse_B,2026-05-19,2026-05-22,57,7014.95,Delivered,Electronics
3793,476,Warehouse_E,2026-05-29,2026-06-15,81,3470.98,Cancelled,Industrial
3794,57,Warehouse_A,2026-05-08,2026-05-10,67,9779.82,Delayed,FMCG
3795,363,Warehouse_E,2026-05-12,2026-05-15,95,9184.78,Delivered,Pharma
3796,122,Warehouse_A,2026-05-11,2026-05-20,94,3601.91,Delivered,Industrial
3797,473,Warehouse_D,2026-05-23,2026-05-24,64,4616.46,Cancelled,Pharma
3798,67,Warehouse_A,2026-05-08,2026-05-09,10,9056.43,Delivered,Pharma
3799,398,Warehouse_E,2026-05-24,2026-06-04,43,8660.07,In Transit,Automotive
3800,58,Warehouse_E,2026-05-25,2026-06-09,89,6649.48,Cancelled,Automotive
3801,497,Warehouse_E,2026-05-13,2026-05-28,47,3493.64,Delayed,Electronics
3802,114,Warehouse_B,2026-05-12,2026-05-14,32,6155.43,In Transit,Automotive
3803,3,Warehouse_D,2026-06-01,2026-06-11,62,4729.76,In Transit,Industrial
3804,330,Warehouse_A,2026-05-20,2026-06-02,15,8996.34,Cancelled,FMCG
3805,46,Warehouse_B,2026-05-20,2026-06-09,68,1169.52,In Transit,Electronics
3806,370,Warehouse_E,2026-06-02,2026-06-21,87,3329.34,Cancelled,Pharma
3807,99,Warehouse_C,2026-05-31,2026-06-10,99,8242.2,In Transit,Electronics
3808,475,Warehouse_D,2026-05-09,2026-05-11,94,879.27,Delivered,Industrial
3809,219,Warehouse_E,2026-05-09,2026-05-27,22,6704.62,In Transit,Pharma
3810,124,Warehouse_A,2026-05-25,2026-06-05,33,8311.05,In Transit,Electronics
3811,6,Warehouse_A,2026-05-17,2026-05-25,9,684.25,Delivered,Electronics
3812,160,Warehouse_E,2026-06-04,2026-06-09,15,2295.83,Delayed,Pharma
3813,135,Warehouse_D,2026-05-18,2026-05-27,14,3775.0,Delivered,Pharma
3814,488,Warehouse_E,2026-05-06,2026-05-22,33,734.02,In Transit,Automotive
3815,320,Warehouse_D,2026-05-12,2026-05-21,10,3893.11,Delivered,Pharma
3816,498,Warehouse_A,2026-05-20,2026-06-01,99,9545.91,Cancelled,Industrial
3817,190,Warehouse_A,2026-06-02,2026-06-05,92,3509.78,In Transit,Industrial
3818,18,Warehouse_D,2026-05-27,2026-06-01,68,886.25,Delivered,Pharma
3819,323,Warehouse_D,2026-05-15,2026-05-28,2,2699.53,Delayed,Industrial
3820,118,Warehouse_D,2026-05-11,2026-05-14,24,1502.73,Delivered,FMCG
3821,496,Warehouse_B,2026-05-11,2026-05-14,36,1225.35,Delayed,Electronics
3822,323,Warehouse_D,2026-05-29,2026-06-18,72,844.31,Delayed,Automotive
3823,406,Warehouse_E,2026-05-11,2026-05-25,23,2437.76,Delayed,Pharma
3824,115,Warehouse_D,2026-05-12,2026-05-25,50,579.99,In Transit,Automotive
3825,370,Warehouse_D,2026-05-15,2026-05-26,33,4206.92,Cancelled,Pharma
3826,155,Warehouse_C,2026-05-26,2026-06-12,92,2223.38,Delayed,FMCG
3827,454,Warehouse_E,2026-05-16,2026-06-05,88,8093.18,Delivered,FMCG
3828,66,Warehouse_C,2026-05-18,2026-06-03,14,803.62,In Transit,Automotive
3829,390,Warehouse_C,2026-05-27,2026-06-08,20,4523.95,Delayed,Pharma
3830,98,Warehouse_E,2026-05-17,2026-06-01,10,4577.24,Delivered,Electronics
3831,157,Warehouse_B,2026-05-07,2026-05-22,78,281.2,Delayed,Automotive
3832,116,Warehouse_E,2026-05-23,2026-06-09,7,5186.78,Cancelled,Pharma
3833,471,Warehouse_B,2026-05-21,2026-05-30,67,2078.3,Cancelled,Electronics
3834,304,Warehouse_D,2026-06-01,2026-06-17,70,3078.97,In Transit,Pharma
3835,347,Warehouse_B,2026-06-01,2026-06-19,38,9723.15,Cancelled,Electronics
3836,56,Warehouse_C,2026-05-10,2026-05-16,56,1196.02,Delayed,FMCG
3837,340,Warehouse_B,2026-05-24,2026-06-05,51,7055.57,Delivered,Industrial
3838,418,Warehouse_D,2026-05-19,2026-05-26,72,9092.19,In Transit,Pharma
3839,264,Warehouse_B,2026-05-27,2026-06-14,60,6587.43,In Transit,Electronics
3840,437,Warehouse_A,2026-05-27,2026-05-30,100,9124.62,Cancelled,Automotive
3841,1,Warehouse_B,2026-05-20,2026-05-24,95,574.73,Delivered,FMCG
3842,399,Warehouse_E,2026-05-16,2026-06-02,70,8878.5,Cancelled,Industrial
3843,222,Warehouse_A,2026-05-10,2026-05-11,87,4051.87,Delivered,Electronics
3844,161,Warehouse_A,2026-05-26,2026-05-30,20,942.56,In Transit,Industrial
3845,115,Warehouse_E,2026-05-21,2026-06-02,21,2036.43,In Transit,Pharma
3846,246,Warehouse_C,2026-05-27,2026-05-29,54,7550.83,Cancelled,Automotive
3847,323,Warehouse_D,2026-06-01,2026-06-10,75,5360.24,Delayed,Automotive
3848,155,Warehouse_B,2026-05-15,2026-05-30,67,4405.75,In Transit,FMCG
3849,127,Warehouse_C,2026-05-15,2026-06-01,89,6933.0,Delivered,Automotive
3850,427,Warehouse_A,2026-06-01,2026-06-20,4,3873.5,In Transit,Automotive
3851,32,Warehouse_D,2026-06-03,2026-06-20,67,8285.83,Cancelled,Pharma
3852,272,Warehouse_C,2026-05-31,2026-06-17,2,3809.72,Delivered,Industrial
3853,403,Warehouse_A,2026-06-01,2026-06-09,18,6673.59,Delayed,FMCG
3854,489,Warehouse_C,2026-05-31,2026-06-20,38,4282.57,Delayed,Industrial
3855,103,Warehouse_D,2026-05-24,2026-06-11,23,1800.59,Cancelled,Automotive
3856,67,Warehouse_C,2026-05-10,2026-05-27,66,2253.93,Delivered,Industrial
3857,125,Warehouse_D,2026-05-23,2026-06-07,76,1059.44,In Transit,FMCG
3858,417,Warehouse_D,2026-06-04,2026-06-13,73,7406.36,Cancelled,Electronics
3859,294,Warehouse_E,2026-05-10,2026-05-24,19,1018.69,Delayed,Automotive
3860,129,Warehouse_A,2026-05-28,2026-06-04,92,3670.69,Cancelled,FMCG
3861,344,Warehouse_C,2026-05-15,2026-06-03,71,5373.22,Cancelled,Automotive
3862,92,Warehouse_C,2026-05-30,2026-06-05,94,168.02,In Transit,Electronics
3863,341,Warehouse_A,2026-05-29,2026-06-16,86,8734.39,Cancelled,Industrial
3864,109,Warehouse_D,2026-06-03,2026-06-12,53,9244.54,Delayed,Automotive
3865,427,Warehouse_E,2026-05-21,2026-05-30,88,8010.96,Delayed,Electronics
3866,13,Warehouse_B,2026-05-17,2026-05-31,69,5152.51,In Transit,FMCG
3867,300,Warehouse_A,2026-06-04,2026-06-13,67,7160.26,Delayed,Electronics
3868,28,Warehouse_D,2026-05-12,2026-05-22,94,434.01,In Transit,Pharma
3869,39,Warehouse_B,2026-05-13,2026-05-18,54,8088.19,Cancelled,FMCG
3870,174,Warehouse_C,2026-05-28,2026-06-17,39,7735.69,Delayed,Electronics
3871,330,Warehouse_C,2026-05-26,2026-05-27,90,6167.29,In Transit,Electronics
3872,472,Warehouse_E,2026-05-21,2026-05-31,32,3842.99,Delayed,FMCG
3873,164,Warehouse_A,2026-05-19,2026-06-02,5,6548.23,In Transit,Pharma
3874,232,Warehouse_A,2026-05-23,2026-05-27,5,4007.22,Delayed,Pharma
3875,271,Warehouse_C,2026-05-09,2026-05-16,22,6708.9,Delivered,FMCG
3876,44,Warehouse_D,2026-05-13,2026-05-28,29,7120.71,In Transit,Electronics
3877,59,Warehouse_D,2026-05-22,2026-05-27,37,5030.06,Delivered,Industrial
3878,476,Warehouse_B,2026-05-06,2026-05-24,83,714.38,Delayed,Electronics
3879,90,Warehouse_D,2026-05-28,2026-06-13,90,9128.79,Delayed,Automotive
3880,352,Warehouse_D,2026-05-28,2026-06-04,19,8326.55,Delivered,FMCG
3881,297,Warehouse_E,2026-05-16,2026-05-21,36,9180.96,In Transit,Pharma
3882,339,Warehouse_A,2026-06-02,2026-06-05,34,5010.22,Delivered,Automotive
3883,74,Warehouse_A,2026-05-29,2026-06-01,99,8620.59,In Transit,FMCG
3884,74,Warehouse_B,2026-05-23,2026-06-01,99,7619.86,Delivered,Electronics
3885,369,Warehouse_A,2026-05-12,2026-05-16,89,9664.04,Delayed,Industrial
3886,357,Warehouse_E,2026-05-31,2026-06-15,72,1973.62,Cancelled,Automotive
3887,498,Warehouse_A,2026-06-04,2026-06-14,37,7388.68,In Transit,FMCG
3888,17,Warehouse_E,2026-05-18,2026-05-28,7,2029.74,Delivered,FMCG
3889,356,Warehouse_C,2026-05-31,2026-06-01,3,3665.07,Cancelled,Industrial
3890,459,Warehouse_D,2026-05-22,2026-06-11,72,2836.51,Delivered,Industrial
3891,294,Warehouse_B,2026-06-04,2026-06-14,34,3196.68,Cancelled,FMCG
3892,148,Warehouse_A,2026-05-27,2026-06-13,13,8903.08,Delivered,Industrial
3893,447,Warehouse_A,2026-05-28,2026-06-02,96,6489.92,Cancelled,Pharma
3894,366,Warehouse_D,2026-05-13,2026-05-20,85,270.69,Delayed,Automotive
3895,7,Warehouse_A,2026-05-19,2026-05-21,75,8320.66,Delayed,Pharma
3896,297,Warehouse_A,2026-05-06,2026-05-14,42,7939.48,Delivered,Electronics
3897,497,Warehouse_E,2026-05-08,2026-05-25,87,1285.96,In Transit,Pharma
3898,296,Warehouse_E,2026-05-29,2026-06-13,91,8392.18,Cancelled,Electronics
3899,113,Warehouse_B,2026-05-11,2026-05-12,51,4507.47,Cancelled,Automotive
3900,470,Warehouse_A,2026-05-19,2026-05-29,30,5004.31,Cancelled,Industrial
3901,482,Warehouse_D,2026-05-23,2026-06-04,81,5285.06,Delayed,Automotive
3902,44,Warehouse_D,2026-05-27,2026-05-31,55,4930.76,In Transit,Electronics
3903,382,Warehouse_C,2026-05-07,2026-05-16,40,3507.43,Delivered,Pharma
3904,321,Warehouse_B,2026-05-08,2026-05-17,90,8457.36,Delivered,Automotive
3905,376,Warehouse_C,2026-05-22,2026-06-01,46,4224.34,Delayed,Pharma
3906,77,Warehouse_B,2026-06-01,2026-06-08,70,3039.77,In Transit,Industrial
3907,480,Warehouse_E,2026-05-11,2026-05-14,4,1903.05,In Transit,Pharma
3908,331,Warehouse_E,2026-05-25,2026-06-04,14,3892.41,Delivered,FMCG
3909,127,Warehouse_C,2026-05-08,2026-05-26,44,4354.0,Cancelled,Electronics
3910,230,Warehouse_B,2026-05-22,2026-05-24,70,8784.27,Delayed,Industrial
3911,89,Warehouse_D,2026-05-16,2026-06-02,18,3619.0,Delivered,Industrial
3912,365,Warehouse_E,2026-05-28,2026-06-10,32,5499.85,Cancelled,Automotive
3913,165,Warehouse_E,2026-05-12,2026-05-30,15,8740.92,Delayed,Industrial
3914,431,Warehouse_B,2026-05-11,2026-05-18,29,1003.27,Cancelled,Electronics
3915,83,Warehouse_A,2026-05-28,2026-06-08,57,856.55,Delivered,Electronics
3916,183,Warehouse_D,2026-05-31,2026-06-12,14,4421.35,Cancelled,Automotive
3917,453,Warehouse_B,2026-05-20,2026-05-25,61,5723.67,Cancelled,Electronics
3918,207,Warehouse_A,2026-05-17,2026-05-27,62,149.66,In Transit,Pharma
3919,383,Warehouse_B,2026-05-11,2026-05-28,71,6764.01,In Transit,Industrial
3920,341,Warehouse_B,2026-05-22,2026-06-06,44,3973.57,Cancelled,Pharma
3921,148,Warehouse_C,2026-06-01,2026-06-09,72,2530.86,Delayed,FMCG
3922,10,Warehouse_A,2026-05-06,2026-05-09,72,3014.83,Delivered,Automotive
3923,182,Warehouse_A,2026-05-28,2026-06-14,46,9854.25,Cancelled,Industrial
3924,291,Warehouse_D,2026-05-20,2026-05-23,79,2115.77,Cancelled,Industrial
3925,357,Warehouse_E,2026-05-19,2026-05-29,89,2222.91,In Transit,FMCG
3926,272,Warehouse_A,2026-05-09,2026-05-14,48,5990.5,Cancelled,Pharma
3927,321,Warehouse_D,2026-05-24,2026-06-04,87,1413.28,Cancelled,Pharma
3928,324,Warehouse_C,2026-05-22,2026-06-06,23,6321.96,Delivered,Automotive
3929,481,Warehouse_E,2026-05-31,2026-06-03,77,1058.16,Delayed,Pharma
3930,175,Warehouse_A,2026-05-24,2026-05-26,13,6495.26,Cancelled,Pharma
3931,57,Warehouse_E,2026-05-20,2026-06-09,26,5374.79,Cancelled,Automotive
3932,219,Warehouse_B,2026-05-21,2026-05-31,98,492.6,Cancelled,Industrial
3933,17,Warehouse_C,2026-05-22,2026-06-06,4,3777.77,Delivered,Industrial
3934,63,Warehouse_A,2026-05-21,2026-05-30,26,999.75,Delayed,Industrial
3935,387,Warehouse_A,2026-06-04,2026-06-14,84,2832.22,Cancelled,Electronics
3936,498,Warehouse_A,2026-05-23,2026-05-29,11,9410.84,Delivered,Automotive
3937,297,Warehouse_D,2026-05-17,2026-06-03,8,7145.9,Cancelled,Automotive
3938,434,Warehouse_E,2026-05-10,2026-05-22,78,2609.69,Cancelled,FMCG
3939,208,Warehouse_B,2026-05-06,2026-05-14,32,2705.75,Cancelled,Pharma
3940,450,Warehouse_A,2026-05-12,2026-05-14,16,1222.61,Cancelled,Pharma
3941,278,Warehouse_B,2026-06-04,2026-06-11,80,7030.63,In Transit,Electronics
3942,92,Warehouse_B,2026-05-26,2026-05-29,30,4501.43,Delayed,FMCG
3943,281,Warehouse_B,2026-05-24,2026-05-31,17,4420.25,In Transit,Automotive
3944,359,Warehouse_B,2026-05-17,2026-06-01,31,9577.89,Delivered,Industrial
3945,446,Warehouse_B,2026-05-11,2026-05-27,71,8794.86,Cancelled,Industrial
3946,465,Warehouse_D,2026-05-17,2026-05-25,59,9188.68,Cancelled,FMCG
3947,267,Warehouse_E,2026-05-20,2026-06-06,28,638.97,Delivered,Electronics
3948,230,Warehouse_D,2026-05-26,2026-06-05,98,1959.45,Delivered,FMCG
3949,370,Warehouse_B,2026-06-03,2026-06-12,7,9443.01,Delivered,Industrial
3950,317,Warehouse_A,2026-05-06,2026-05-19,59,2159.37,Delivered,Pharma
3951,470,Warehouse_B,2026-05-28,2026-05-31,91,7208.85,Delivered,Pharma
3952,40,Warehouse_D,2026-05-15,2026-05-21,68,925.07,Delayed,Industrial
3953,429,Warehouse_D,2026-05-30,2026-06-09,99,3162.37,Delayed,Pharma
3954,350,Warehouse_E,2026-05-27,2026-05-29,75,4637.72,Delayed,Electronics
3955,158,Warehouse_D,2026-05-17,2026-05-21,15,997.9,Cancelled,FMCG
3956,300,Warehouse_C,2026-05-21,2026-05-23,15,9661.08,In Transit,FMCG
3957,264,Warehouse_A,2026-05-30,2026-06-12,63,4888.41,Delivered,Industrial
3958,173,Warehouse_B,2026-06-03,2026-06-15,88,1716.72,In Transit,Industrial
3959,491,Warehouse_B,2026-05-18,2026-05-24,60,424.15,Delivered,Automotive
3960,441,Warehouse_B,2026-05-15,2026-05-24,37,2005.56,Cancelled,Electronics
3961,14,Warehouse_D,2026-05-14,2026-05-26,21,6393.45,In Transit,Industrial
3962,79,Warehouse_B,2026-05-28,2026-06-07,45,9289.95,Delivered,FMCG
3963,356,Warehouse_A,2026-05-24,2026-06-04,78,819.71,Delivered,Industrial
3964,481,Warehouse_C,2026-05-23,2026-06-03,56,5975.42,Cancelled,FMCG
3965,480,Warehouse_B,2026-05-26,2026-06-06,74,5613.66,In Transit,FMCG
3966,485,Warehouse_D,2026-06-03,2026-06-19,63,8437.11,Cancelled,FMCG
3967,42,Warehouse_B,2026-05-09,2026-05-10,2,7064.59,In Transit,FMCG
3968,223,Warehouse_C,2026-05-14,2026-05-30,64,1432.7,Cancelled,Pharma
3969,455,Warehouse_E,2026-06-04,2026-06-10,27,8268.61,Delivered,Automotive
3970,364,Warehouse_C,2026-05-15,2026-05-26,60,581.83,Cancelled,FMCG
3971,442,Warehouse_E,2026-05-27,2026-06-05,59,1908.32,Delivered,Electronics
3972,79,Warehouse_B,2026-05-27,2026-06-14,70,5775.84,In Transit,Pharma
3973,476,Warehouse_B,2026-05-14,2026-05-17,56,5613.78,Delivered,Automotive
3974,79,Warehouse_E,2026-05-06,2026-05-09,28,1867.46,Cancelled,Electronics
3975,8,Warehouse_B,2026-05-12,2026-05-24,95,6905.64,Delivered,Pharma
3976,441,Warehouse_D,2026-05-17,2026-05-29,70,6158.88,In Transit,Electronics
3977,324,Warehouse_E,2026-06-01,2026-06-21,71,3942.51,Delivered,Pharma
3978,240,Warehouse_A,2026-05-29,2026-05-30,4,3214.63,In Transit,FMCG
3979,96,Warehouse_C,2026-05-30,2026-06-13,76,566.92,In Transit,Automotive
3980,169,Warehouse_C,2026-05-08,2026-05-15,31,4303.08,Delayed,Electronics
3981,466,Warehouse_E,2026-05-26,2026-05-30,77,8234.09,Delayed,FMCG
3982,487,Warehouse_D,2026-05-24,2026-05-28,49,7721.25,Delayed,Automotive
3983,137,Warehouse_D,2026-05-06,2026-05-18,6,1002.01,Cancelled,Electronics
3984,245,Warehouse_E,2026-05-26,2026-06-11,66,4690.51,Cancelled,Pharma
3985,165,Warehouse_E,2026-05-13,2026-05-18,52,4327.06,Delivered,FMCG
3986,300,Warehouse_C,2026-05-13,2026-05-14,17,2991.69,Delivered,FMCG
3987,315,Warehouse_B,2026-05-30,2026-06-01,5,8095.09,Cancelled,Pharma
3988,261,Warehouse_A,2026-05-24,2026-05-25,79,2313.03,In Transit,FMCG
3989,282,Warehouse_D,2026-05-20,2026-05-21,78,4062.79,Delivered,Automotive
3990,429,Warehouse_C,2026-05-11,2026-05-12,51,4025.34,In Transit,Electronics
3991,402,Warehouse_C,2026-05-20,2026-05-21,64,2429.56,In Transit,Pharma
3992,251,Warehouse_B,2026-05-15,2026-06-03,43,3477.87,In Transit,Pharma
3993,210,Warehouse_D,2026-05-07,2026-05-09,99,2121.87,Cancelled,Electronics
3994,278,Warehouse_C,2026-05-12,2026-06-01,25,1052.88,In Transit,Pharma
3995,122,Warehouse_B,2026-05-06,2026-05-25,32,2099.36,Cancelled,Industrial
3996,201,Warehouse_A,2026-05-30,2026-06-07,99,9396.79,Delivered,FMCG
3997,341,Warehouse_D,2026-05-25,2026-06-10,30,6151.11,Delayed,Automotive
3998,399,Warehouse_A,2026-05-11,2026-05-13,11,8885.92,Delayed,Electronics
3999,427,Warehouse_C,2026-05-11,2026-05-26,84,9959.76,Delivered,Pharma
4000,288,Warehouse_E,2026-06-03,2026-06-14,71,8624.16,Cancelled,FMCG
4001,295,Warehouse_C,2026-05-13,2026-05-27,28,9255.46,Delayed,Pharma
4002,437,Warehouse_D,2026-05-14,2026-05-24,20,3149.43,Delayed,FMCG
4003,51,Warehouse_D,2026-05-06,2026-05-08,57,9648.58,Cancelled,Pharma
4004,340,Warehouse_D,2026-05-14,2026-05-30,97,9091.64,Delayed,Automotive
4005,124,Warehouse_D,2026-05-18,2026-05-25,39,2537.21,In Transit,Electronics
4006,209,Warehouse_E,2026-06-04,2026-06-12,45,4877.94,Delivered,Automotive
4007,234,Warehouse_C,2026-05-09,2026-05-21,52,6504.78,In Transit,Automotive
4008,468,Warehouse_B,2026-05-22,2026-06-04,18,3499.43,Cancelled,Industrial
4009,316,Warehouse_E,2026-05-25,2026-06-07,92,2533.02,Cancelled,FMCG
4010,466,Warehouse_D,2026-05-19,2026-05-24,9,4309.34,In Transit,Pharma
4011,193,Warehouse_E,2026-05-13,2026-05-28,14,8904.7,Delayed,Automotive
4012,27,Warehouse_E,2026-05-09,2026-05-12,55,7953.55,In Transit,FMCG
4013,218,Warehouse_A,2026-05-15,2026-05-19,15,3103.99,Delayed,Electronics
4014,40,Warehouse_C,2026-05-11,2026-05-16,96,7407.85,Cancelled,Electronics
4015,325,Warehouse_E,2026-05-19,2026-05-31,29,8498.42,Delivered,Industrial
4016,344,Warehouse_C,2026-05-17,2026-05-27,16,2626.06,Delayed,Pharma
4017,293,Warehouse_E,2026-06-04,2026-06-21,30,7608.68,In Transit,Industrial
4018,258,Warehouse_C,2026-05-16,2026-05-21,97,1798.87,Delivered,Pharma
4019,459,Warehouse_A,2026-05-31,2026-06-18,38,6736.43,Cancelled,Automotive
4020,133,Warehouse_E,2026-06-01,2026-06-07,71,1588.0,Delayed,Industrial
4021,146,Warehouse_A,2026-06-04,2026-06-06,71,7305.34,Delayed,FMCG
4022,251,Warehouse_A,2026-05-25,2026-06-11,88,5131.17,Cancelled,Industrial
4023,43,Warehouse_A,2026-05-18,2026-05-25,62,2316.11,Delivered,Automotive
4024,242,Warehouse_A,2026-05-25,2026-06-01,32,7174.34,Delivered,Industrial
4025,310,Warehouse_B,2026-05-30,2026-06-17,55,6448.56,Cancelled,Electronics
4026,96,Warehouse_E,2026-05-15,2026-05-19,96,7850.93,Delayed,Electronics
4027,129,Warehouse_A,2026-05-17,2026-05-20,29,4691.7,In Transit,Industrial
4028,363,Warehouse_B,2026-05-29,2026-06-03,53,2028.97,Delivered,Electronics
4029,318,Warehouse_D,2026-05-24,2026-05-30,69,7278.09,In Transit,Pharma
4030,5,Warehouse_E,2026-06-01,2026-06-04,14,9981.43,Delivered,Electronics
4031,257,Warehouse_D,2026-05-21,2026-06-08,46,1975.97,In Transit,Pharma
4032,316,Warehouse_A,2026-05-18,2026-06-04,91,9002.48,Cancelled,Pharma
4033,426,Warehouse_B,2026-05-15,2026-05-28,70,5851.63,Delivered,Electronics
4034,404,Warehouse_B,2026-05-29,2026-06-02,65,7804.77,In Transit,Electronics
4035,198,Warehouse_C,2026-05-31,2026-06-18,81,1341.26,In Transit,FMCG
4036,366,Warehouse_A,2026-05-26,2026-06-01,87,351.25,Delivered,Automotive
4037,226,Warehouse_C,2026-05-11,2026-05-31,78,2294.47,Delivered,Pharma
4038,56,Warehouse_A,2026-05-10,2026-05-23,21,308.55,In Transit,FMCG
4039,186,Warehouse_D,2026-05-11,2026-05-21,22,1470.77,Delivered,Electronics
4040,199,Warehouse_B,2026-06-01,2026-06-12,85,1447.7,Delayed,Automotive
4041,140,Warehouse_E,2026-05-30,2026-06-03,23,9327.59,Delayed,Pharma
4042,92,Warehouse_B,2026-05-07,2026-05-14,27,7433.82,Delivered,Electronics
4043,51,Warehouse_E,2026-05-16,2026-05-21,34,6407.81,Cancelled,Pharma
4044,300,Warehouse_E,2026-05-16,2026-05-19,51,5325.92,In Transit,FMCG
4045,315,Warehouse_E,2026-05-19,2026-06-06,12,6371.75,Cancelled,Industrial
4046,238,Warehouse_A,2026-05-10,2026-05-20,79,3218.61,In Transit,Automotive
4047,38,Warehouse_E,2026-06-03,2026-06-09,50,4601.52,Delivered,FMCG
4048,347,Warehouse_B,2026-05-29,2026-06-08,12,2900.28,Delivered,Pharma
4049,156,Warehouse_A,2026-05-20,2026-06-09,44,6129.82,Delayed,Automotive
4050,239,Warehouse_C,2026-05-14,2026-05-19,13,6332.68,Delivered,Industrial
4051,157,Warehouse_D,2026-05-12,2026-05-25,33,8734.19,Cancelled,FMCG
4052,108,Warehouse_C,2026-05-24,2026-06-06,60,2989.44,Delayed,FMCG
4053,380,Warehouse_A,2026-05-17,2026-05-22,75,273.15,Delayed,Pharma
4054,448,Warehouse_D,2026-05-25,2026-05-26,27,5290.61,In Transit,Industrial
4055,135,Warehouse_B,2026-05-23,2026-06-01,37,6845.44,Delivered,Electronics
4056,176,Warehouse_D,2026-05-25,2026-06-02,76,4188.5,In Transit,FMCG
4057,362,Warehouse_C,2026-05-12,2026-05-24,31,9455.76,In Transit,Electronics
4058,24,Warehouse_A,2026-05-11,2026-05-30,18,2654.79,Delivered,Industrial
4059,428,Warehouse_C,2026-06-04,2026-06-13,69,3537.94,In Transit,Industrial
4060,353,Warehouse_C,2026-05-22,2026-05-26,68,9169.98,Delivered,Pharma
4061,401,Warehouse_A,2026-05-20,2026-05-28,93,1565.17,Delivered,FMCG
4062,241,Warehouse_D,2026-06-04,2026-06-17,94,8830.44,In Transit,Automotive
4063,392,Warehouse_D,2026-06-04,2026-06-19,8,9403.05,Cancelled,Automotive
4064,100,Warehouse_D,2026-05-20,2026-05-27,57,3131.39,Delivered,Industrial
4065,150,Warehouse_E,2026-05-20,2026-05-22,54,4425.45,Delivered,Pharma
4066,95,Warehouse_C,2026-06-03,2026-06-18,6,4823.92,Delivered,Industrial
4067,291,Warehouse_B,2026-06-04,2026-06-16,38,2675.02,Delivered,Industrial
4068,316,Warehouse_A,2026-05-15,2026-05-18,93,9883.76,Delivered,FMCG
4069,389,Warehouse_E,2026-05-10,2026-05-23,98,9562.9,Delayed,FMCG
4070,370,Warehouse_D,2026-05-16,2026-06-03,37,7515.67,Cancelled,Electronics
4071,311,Warehouse_C,2026-05-18,2026-06-02,10,2269.07,Cancelled,Pharma
4072,140,Warehouse_B,2026-05-19,2026-06-06,98,9731.22,Delivered,Electronics
4073,329,Warehouse_C,2026-05-26,2026-05-28,47,9272.54,In Transit,FMCG
4074,425,Warehouse_A,2026-05-07,2026-05-17,7,4707.38,Cancelled,Industrial
4075,191,Warehouse_C,2026-05-15,2026-05-24,39,4486.25,Delayed,Pharma
4076,438,Warehouse_A,2026-05-18,2026-05-31,76,5452.18,Delivered,Automotive
4077,29,Warehouse_C,2026-05-18,2026-05-22,32,4529.56,Delivered,Industrial
4078,348,Warehouse_D,2026-05-16,2026-05-23,79,282.67,Delayed,FMCG
4079,266,Warehouse_D,2026-06-02,2026-06-22,41,1645.91,Delivered,FMCG
4080,446,Warehouse_A,2026-05-14,2026-06-01,94,9857.39,Delivered,Automotive
4081,436,Warehouse_D,2026-05-30,2026-06-14,33,6740.91,Cancelled,Industrial
4082,22,Warehouse_C,2026-05-15,2026-05-25,7,528.22,Cancelled,Industrial
4083,220,Warehouse_A,2026-05-14,2026-05-19,49,7232.02,Delayed,Automotive
4084,249,Warehouse_C,2026-05-31,2026-06-07,31,5972.94,Cancelled,Pharma
4085,240,Warehouse_E,2026-06-01,2026-06-17,33,6819.96,In Transit,Electronics
4086,86,Warehouse_D,2026-05-09,2026-05-11,28,1252.97,Cancelled,Pharma
4087,24,Warehouse_A,2026-05-29,2026-05-30,20,682.52,Cancelled,Electronics
4088,183,Warehouse_D,2026-05-31,2026-06-16,34,7608.48,In Transit,Pharma
4089,495,Warehouse_A,2026-05-10,2026-05-15,72,5632.59,Cancelled,Automotive
4090,122,Warehouse_E,2026-05-08,2026-05-19,40,9194.93,Delayed,Automotive
4091,229,Warehouse_D,2026-05-06,2026-05-13,87,168.3,Delivered,Electronics
4092,211,Warehouse_E,2026-05-17,2026-06-01,78,1479.74,In Transit,FMCG
4093,52,Warehouse_E,2026-05-11,2026-05-16,48,1326.41,In Transit,Pharma
4094,467,Warehouse_B,2026-05-21,2026-05-29,2,8790.44,Delayed,Industrial
4095,146,Warehouse_B,2026-05-31,2026-06-04,24,7278.36,Delivered,Electronics
4096,366,Warehouse_B,2026-05-24,2026-06-13,83,3089.92,Delivered,FMCG
4097,163,Warehouse_A,2026-05-16,2026-05-23,35,5639.1,Cancelled,Pharma
4098,470,Warehouse_C,2026-05-10,2026-05-28,28,4324.27,Delivered,Pharma
4099,188,Warehouse_C,2026-05-18,2026-05-27,30,9732.26,Cancelled,Electronics
4100,199,Warehouse_C,2026-05-19,2026-05-23,14,7464.7,Cancelled,Pharma
4101,169,Warehouse_B,2026-06-04,2026-06-20,92,376.64,In Transit,Industrial
4102,195,Warehouse_C,2026-05-07,2026-05-08,96,3718.68,Delayed,FMCG
4103,239,Warehouse_E,2026-05-18,2026-06-01,78,914.58,Cancelled,FMCG
4104,38,Warehouse_B,2026-05-31,2026-06-07,92,1462.57,Delivered,Automotive
4105,384,Warehouse_E,2026-06-03,2026-06-22,22,5313.19,In Transit,FMCG
4106,103,Warehouse_D,2026-05-27,2026-05-29,59,1303.19,Cancelled,Pharma
4107,91,Warehouse_C,2026-05-20,2026-05-24,54,4077.22,Delivered,Industrial
4108,497,Warehouse_A,2026-05-19,2026-06-04,50,6874.66,Delivered,Automotive
4109,483,Warehouse_B,2026-05-16,2026-05-17,40,6588.52,Cancelled,FMCG
4110,398,Warehouse_D,2026-05-27,2026-06-08,4,4370.33,Delivered,FMCG
4111,460,Warehouse_C,2026-05-08,2026-05-10,50,5701.73,Delayed,Industrial
4112,43,Warehouse_B,2026-06-04,2026-06-19,38,7660.78,In Transit,Electronics
4113,371,Warehouse_B,2026-05-08,2026-05-17,95,7572.94,Delivered,FMCG
4114,500,Warehouse_E,2026-05-24,2026-06-10,2,5064.85,Delivered,Industrial
4115,95,Warehouse_B,2026-05-10,2026-05-21,60,1177.87,In Transit,Industrial
4116,43,Warehouse_D,2026-06-04,2026-06-11,79,2034.84,Delivered,Industrial
4117,463,Warehouse_A,2026-05-30,2026-06-09,2,772.17,In Transit,Automotive
4118,165,Warehouse_A,2026-05-08,2026-05-22,19,8820.26,In Transit,Industrial
4119,58,Warehouse_B,2026-06-04,2026-06-21,89,1091.79,Delivered,Pharma
4120,83,Warehouse_D,2026-05-18,2026-05-30,10,1119.13,Cancelled,Automotive
4121,293,Warehouse_A,2026-05-15,2026-06-04,23,5597.76,Delivered,Industrial
4122,316,Warehouse_A,2026-05-15,2026-05-27,26,5532.52,In Transit,Automotive
4123,219,Warehouse_C,2026-06-03,2026-06-21,89,5338.24,Delayed,Automotive
4124,402,Warehouse_A,2026-05-13,2026-05-29,22,8841.78,Delivered,Pharma
4125,160,Warehouse_C,2026-05-08,2026-05-09,77,8851.21,In Transit,Automotive
4126,491,Warehouse_B,2026-05-19,2026-06-04,12,9243.53,Cancelled,Electronics
4127,237,Warehouse_A,2026-06-04,2026-06-08,64,8363.89,In Transit,Electronics
4128,425,Warehouse_E,2026-05-10,2026-05-12,61,7703.19,In Transit,Electronics
4129,155,Warehouse_B,2026-05-22,2026-06-09,85,9432.58,Delivered,Pharma
4130,37,Warehouse_B,2026-05-19,2026-05-26,37,6267.79,Delayed,Industrial
4131,332,Warehouse_B,2026-05-16,2026-05-28,92,1556.01,Cancelled,Electronics
4132,111,Warehouse_A,2026-05-14,2026-05-30,39,482.23,Delivered,Automotive
4133,308,Warehouse_D,2026-05-12,2026-05-14,30,2972.31,In Transit,Pharma
4134,191,Warehouse_D,2026-05-25,2026-05-29,10,201.07,Cancelled,Pharma
4135,301,Warehouse_D,2026-05-21,2026-05-30,93,6181.62,Cancelled,Automotive
4136,128,Warehouse_A,2026-05-29,2026-06-18,47,689.19,Cancelled,Industrial
4137,482,Warehouse_E,2026-06-02,2026-06-17,63,5215.33,Cancelled,Electronics
4138,179,Warehouse_C,2026-05-12,2026-06-01,71,6515.98,Cancelled,Automotive
4139,391,Warehouse_E,2026-05-18,2026-06-06,32,496.15,In Transit,FMCG
4140,380,Warehouse_D,2026-05-13,2026-05-31,27,3952.08,In Transit,Automotive
4141,426,Warehouse_E,2026-05-06,2026-05-24,63,4474.44,In Transit,Electronics
4142,387,Warehouse_D,2026-05-21,2026-06-04,78,3201.59,Cancelled,Pharma
4143,482,Warehouse_E,2026-05-20,2026-05-28,57,5326.74,Delivered,Pharma
4144,386,Warehouse_D,2026-05-26,2026-06-06,93,5089.11,Delayed,Industrial
4145,416,Warehouse_C,2026-05-06,2026-05-25,97,9762.63,Delivered,Electronics
4146,200,Warehouse_A,2026-05-12,2026-05-21,96,8896.92,Cancelled,Pharma
4147,378,Warehouse_A,2026-05-11,2026-05-30,10,8006.21,Delayed,Automotive
4148,449,Warehouse_E,2026-05-07,2026-05-09,10,9345.32,Delivered,Automotive
4149,79,Warehouse_B,2026-06-04,2026-06-24,33,3092.26,Cancelled,Automotive
4150,285,Warehouse_A,2026-06-02,2026-06-09,46,1678.68,Delivered,FMCG
4151,456,Warehouse_C,2026-05-24,2026-06-06,45,6372.71,Delayed,Pharma
4152,471,Warehouse_A,2026-05-08,2026-05-10,61,4268.47,In Transit,Industrial
4153,255,Warehouse_A,2026-05-23,2026-06-08,95,6532.61,In Transit,Automotive
4154,95,Warehouse_E,2026-05-31,2026-06-09,87,2719.18,Delayed,Pharma
4155,300,Warehouse_D,2026-05-26,2026-06-04,12,5232.83,Delayed,Automotive
4156,114,Warehouse_D,2026-05-23,2026-06-11,69,7080.15,Cancelled,Pharma
4157,207,Warehouse_E,2026-06-01,2026-06-16,63,2132.82,Delivered,Electronics
4158,492,Warehouse_E,2026-05-14,2026-05-16,93,2225.14,Delivered,Electronics
4159,119,Warehouse_E,2026-05-16,2026-05-30,69,4180.63,Delivered,Industrial
4160,88,Warehouse_A,2026-05-17,2026-05-21,82,4348.43,Delivered,Industrial
4161,51,Warehouse_E,2026-05-16,2026-05-25,98,7791.17,In Transit,Industrial
4162,333,Warehouse_C,2026-05-13,2026-05-31,83,8119.22,In Transit,Electronics
4163,262,Warehouse_B,2026-05-28,2026-06-13,2,5156.06,Cancelled,Pharma
4164,217,Warehouse_C,2026-05-19,2026-05-31,32,6794.89,In Transit,Electronics
4165,173,Warehouse_D,2026-05-13,2026-05-29,38,9622.58,Delayed,FMCG
4166,248,Warehouse_E,2026-05-16,2026-05-22,42,1352.39,Cancelled,Industrial
4167,180,Warehouse_D,2026-05-09,2026-05-17,60,6332.31,Delivered,Industrial
4168,214,Warehouse_D,2026-06-01,2026-06-12,30,7128.83,In Transit,Electronics
4169,117,Warehouse_E,2026-05-25,2026-05-31,56,5752.93,In Transit,FMCG
4170,73,Warehouse_B,2026-06-01,2026-06-17,38,4108.55,Delayed,Automotive
4171,383,Warehouse_D,2026-05-17,2026-06-06,62,363.55,In Transit,FMCG
4172,164,Warehouse_E,2026-05-15,2026-05-31,13,3496.03,In Transit,Industrial
4173,405,Warehouse_D,2026-06-01,2026-06-20,48,1680.31,In Transit,Automotive
4174,496,Warehouse_D,2026-05-13,2026-05-17,55,8934.64,In Transit,Electronics
4175,465,Warehouse_D,2026-06-01,2026-06-08,17,3110.72,Cancelled,Industrial
4176,61,Warehouse_B,2026-06-03,2026-06-10,57,3160.47,In Transit,Industrial
4177,169,Warehouse_D,2026-06-02,2026-06-14,38,6748.07,In Transit,Industrial
4178,2,Warehouse_D,2026-05-23,2026-06-04,1,8305.79,Cancelled,FMCG
4179,246,Warehouse_A,2026-05-16,2026-05-23,39,8574.7,Delayed,Pharma
4180,45,Warehouse_C,2026-05-19,2026-05-28,83,3864.26,Delivered,Electronics
4181,55,Warehouse_E,2026-05-28,2026-06-04,75,7986.17,Cancelled,FMCG
4182,135,Warehouse_E,2026-05-25,2026-05-31,64,8597.58,Delayed,Industrial
4183,405,Warehouse_B,2026-05-18,2026-06-03,75,1422.99,Cancelled,Electronics
4184,305,Warehouse_B,2026-05-27,2026-06-16,77,1841.15,Delayed,FMCG
4185,461,Warehouse_C,2026-05-23,2026-05-30,1,1907.02,Delayed,Industrial
4186,8,Warehouse_E,2026-05-24,2026-06-07,52,1216.7,Cancelled,Electronics
4187,160,Warehouse_E,2026-05-12,2026-05-20,84,8167.13,In Transit,FMCG
4188,477,Warehouse_B,2026-05-23,2026-06-10,85,8895.37,Cancelled,Electronics
4189,409,Warehouse_A,2026-05-09,2026-05-19,37,2201.12,Delivered,FMCG
4190,320,Warehouse_B,2026-06-02,2026-06-22,7,4700.63,Cancelled,Pharma
4191,356,Warehouse_A,2026-05-13,2026-05-24,20,6235.47,Cancelled,Pharma
4192,439,Warehouse_C,2026-05-23,2026-06-04,74,571.73,In Transit,Industrial
4193,295,Warehouse_C,2026-05-13,2026-05-24,5,1008.69,In Transit,FMCG
4194,158,Warehouse_C,2026-05-15,2026-05-28,23,8687.05,Cancelled,Automotive
4195,242,Warehouse_E,2026-05-25,2026-06-08,7,5294.3,Delivered,Industrial
4196,81,Warehouse_E,2026-05-16,2026-05-22,24,4898.03,Delayed,Automotive
4197,466,Warehouse_D,2026-05-07,2026-05-24,95,6751.77,Delayed,FMCG
4198,29,Warehouse_D,2026-05-20,2026-06-01,14,6675.14,Delivered,Automotive
4199,277,Warehouse_C,2026-05-12,2026-05-14,78,9533.72,Delayed,Industrial
4200,391,Warehouse_D,2026-05-31,2026-06-07,2,9308.85,Delayed,Industrial
4201,414,Warehouse_A,2026-05-06,2026-05-08,13,721.14,Delayed,FMCG
4202,109,Warehouse_C,2026-05-26,2026-05-28,38,530.31,Cancelled,FMCG
4203,157,Warehouse_B,2026-05-26,2026-05-30,48,1071.94,Delivered,Automotive
4204,49,Warehouse_E,2026-05-21,2026-05-30,14,3825.09,In Transit,Industrial
4205,298,Warehouse_A,2026-05-23,2026-06-07,13,3057.14,In Transit,Electronics
4206,161,Warehouse_B,2026-05-11,2026-05-31,50,3210.92,Delayed,Pharma
4207,230,Warehouse_A,2026-05-12,2026-05-29,33,189.23,In Transit,FMCG
4208,312,Warehouse_B,2026-05-20,2026-06-08,7,5813.14,In Transit,Automotive
4209,423,Warehouse_B,2026-05-07,2026-05-21,39,2406.0,Delivered,Industrial
4210,151,Warehouse_D,2026-05-22,2026-06-05,51,3201.48,Cancelled,Industrial
4211,246,Warehouse_D,2026-05-16,2026-05-27,69,1773.37,Delayed,Automotive
4212,230,Warehouse_D,2026-05-16,2026-05-31,34,5339.41,In Transit,FMCG
4213,450,Warehouse_D,2026-05-22,2026-06-04,84,9092.91,Delivered,FMCG
4214,175,Warehouse_B,2026-05-31,2026-06-13,65,3989.05,Delivered,Pharma
4215,267,Warehouse_D,2026-05-11,2026-05-23,20,1724.35,Delivered,Automotive
4216,479,Warehouse_C,2026-05-24,2026-06-05,74,6703.71,Cancelled,Pharma
4217,461,Warehouse_E,2026-05-17,2026-05-21,16,1875.88,In Transit,FMCG
4218,31,Warehouse_D,2026-05-14,2026-05-29,83,7366.32,In Transit,Automotive
4219,344,Warehouse_A,2026-05-16,2026-05-28,84,8585.4,Delivered,Electronics
4220,239,Warehouse_B,2026-06-03,2026-06-11,29,5767.98,In Transit,FMCG
4221,304,Warehouse_D,2026-05-29,2026-06-13,3,2963.74,Delayed,Electronics
4222,344,Warehouse_E,2026-05-09,2026-05-27,22,7241.02,Delayed,Electronics
4223,102,Warehouse_E,2026-05-29,2026-06-15,32,8898.73,Delayed,Automotive
4224,3,Warehouse_C,2026-05-06,2026-05-12,65,1126.41,Cancelled,Industrial
4225,249,Warehouse_A,2026-05-23,2026-06-09,12,9592.27,Cancelled,Industrial
4226,169,Warehouse_D,2026-05-22,2026-06-10,2,8785.98,Delayed,Pharma
4227,162,Warehouse_D,2026-05-19,2026-06-05,38,920.39,In Transit,Automotive
4228,100,Warehouse_E,2026-05-20,2026-06-04,40,5327.67,Cancelled,Pharma
4229,78,Warehouse_A,2026-06-03,2026-06-05,63,4574.86,In Transit,Pharma
4230,123,Warehouse_E,2026-05-12,2026-05-31,96,7863.52,Cancelled,Pharma
4231,213,Warehouse_A,2026-06-01,2026-06-15,15,4870.37,Cancelled,Automotive
4232,270,Warehouse_B,2026-05-07,2026-05-08,5,3419.81,Delivered,Pharma
4233,90,Warehouse_D,2026-05-11,2026-05-25,63,763.67,Cancelled,Electronics
4234,77,Warehouse_C,2026-05-16,2026-05-19,69,2985.99,In Transit,FMCG
4235,391,Warehouse_A,2026-06-01,2026-06-07,24,9786.86,Delivered,Industrial
4236,430,Warehouse_B,2026-05-27,2026-06-03,14,813.08,In Transit,FMCG
4237,298,Warehouse_B,2026-06-02,2026-06-18,89,2449.42,In Transit,Automotive
4238,449,Warehouse_B,2026-05-14,2026-05-20,24,5159.82,Delivered,Automotive
4239,21,Warehouse_B,2026-06-03,2026-06-21,66,1761.26,Delayed,Electronics
4240,303,Warehouse_E,2026-05-27,2026-06-12,86,7079.74,Delayed,Automotive
4241,136,Warehouse_C,2026-06-01,2026-06-05,38,1163.21,Delivered,FMCG
4242,33,Warehouse_A,2026-06-04,2026-06-05,59,2075.75,Delayed,Pharma
4243,373,Warehouse_C,2026-06-01,2026-06-10,34,7509.92,In Transit,Automotive
4244,183,Warehouse_A,2026-05-13,2026-05-16,58,4433.89,In Transit,Electronics
4245,207,Warehouse_D,2026-06-01,2026-06-14,89,9794.2,Delivered,Electronics
4246,164,Warehouse_C,2026-06-04,2026-06-12,5,1037.24,Delivered,Electronics
4247,376,Warehouse_A,2026-05-31,2026-06-20,48,4744.26,Delayed,Automotive
4248,167,Warehouse_E,2026-05-06,2026-05-15,43,9690.76,Delivered,Automotive
4249,466,Warehouse_D,2026-05-30,2026-06-06,56,1759.63,Delivered,Pharma
4250,283,Warehouse_C,2026-05-27,2026-06-10,100,3292.29,In Transit,Automotive
4251,299,Warehouse_B,2026-05-13,2026-06-02,53,8727.2,Cancelled,Automotive
4252,100,Warehouse_E,2026-05-19,2026-06-07,29,9216.13,In Transit,FMCG
4253,81,Warehouse_B,2026-05-30,2026-06-04,15,5759.53,Cancelled,Pharma
4254,309,Warehouse_D,2026-05-07,2026-05-20,72,6483.14,In Transit,Pharma
4255,487,Warehouse_A,2026-05-24,2026-05-28,100,9832.34,Delayed,Electronics
4256,101,Warehouse_C,2026-05-27,2026-06-09,77,1971.81,Cancelled,Pharma
4257,241,Warehouse_B,2026-05-08,2026-05-11,84,2607.6,Delivered,Industrial
4258,261,Warehouse_B,2026-05-09,2026-05-27,44,7657.2,Delivered,Pharma
4259,400,Warehouse_D,2026-06-03,2026-06-18,18,4271.86,Delayed,FMCG
4260,446,Warehouse_E,2026-05-27,2026-06-12,72,5568.35,Cancelled,Industrial
4261,451,Warehouse_C,2026-06-02,2026-06-05,23,5967.92,In Transit,Industrial
4262,455,Warehouse_C,2026-05-13,2026-05-25,86,6662.32,Cancelled,FMCG
4263,466,Warehouse_C,2026-05-18,2026-06-03,17,3904.61,In Transit,FMCG
4264,30,Warehouse_A,2026-05-26,2026-06-15,61,7890.99,In Transit,Automotive
4265,140,Warehouse_B,2026-05-27,2026-06-09,26,8341.44,In Transit,Industrial
4266,315,Warehouse_B,2026-05-11,2026-05-21,38,2509.73,Delivered,FMCG
4267,499,Warehouse_C,2026-06-01,2026-06-10,60,3421.61,Delivered,Industrial
4268,277,Warehouse_C,2026-06-03,2026-06-17,80,3080.68,In Transit,Pharma
4269,257,Warehouse_D,2026-05-17,2026-05-19,34,5530.34,Delayed,Electronics
4270,83,Warehouse_C,2026-05-26,2026-06-02,47,6792.82,Delayed,Pharma
4271,348,Warehouse_D,2026-05-07,2026-05-09,46,1478.95,Delayed,Electronics
4272,149,Warehouse_D,2026-05-08,2026-05-18,82,5314.98,In Transit,Automotive
4273,188,Warehouse_D,2026-05-28,2026-05-31,59,963.13,Delayed,Pharma
4274,397,Warehouse_E,2026-05-22,2026-06-07,59,858.42,Delivered,FMCG
4275,436,Warehouse_B,2026-05-20,2026-05-27,34,9267.33,Delayed,FMCG
4276,221,Warehouse_E,2026-05-24,2026-06-03,66,6917.48,Delayed,Industrial
4277,398,Warehouse_C,2026-05-11,2026-05-23,91,7643.91,In Transit,FMCG
4278,455,Warehouse_C,2026-05-10,2026-05-18,46,1246.43,Cancelled,Industrial
4279,133,Warehouse_E,2026-05-13,2026-06-02,53,9920.46,Cancelled,Industrial
4280,151,Warehouse_A,2026-05-18,2026-06-07,5,277.25,Cancelled,Automotive
4281,38,Warehouse_A,2026-05-25,2026-06-13,22,2924.65,In Transit,Industrial
4282,390,Warehouse_A,2026-05-10,2026-05-21,83,1732.22,In Transit,Automotive
4283,378,Warehouse_D,2026-05-13,2026-05-31,74,1862.8,In Transit,Automotive
4284,121,Warehouse_A,2026-05-25,2026-06-14,3,6079.33,Delivered,Electronics
4285,266,Warehouse_B,2026-05-08,2026-05-13,74,7486.61,Cancelled,Automotive
4286,387,Warehouse_C,2026-05-11,2026-05-15,39,8271.92,In Transit,FMCG
4287,372,Warehouse_D,2026-05-24,2026-06-10,6,3192.42,Delayed,Industrial
4288,358,Warehouse_E,2026-05-18,2026-05-26,10,4061.19,Delivered,Electronics
4289,337,Warehouse_B,2026-05-31,2026-06-10,31,4028.08,Cancelled,Automotive
4290,3,Warehouse_B,2026-05-10,2026-05-14,10,6380.77,Cancelled,FMCG
4291,30,Warehouse_B,2026-05-13,2026-05-18,34,4896.8,Delayed,Electronics
4292,427,Warehouse_E,2026-05-22,2026-06-07,11,5938.11,Delivered,Electronics
4293,338,Warehouse_B,2026-05-24,2026-06-05,21,4751.78,Delivered,Pharma
4294,186,Warehouse_C,2026-05-16,2026-06-05,4,8520.04,Cancelled,Industrial
4295,239,Warehouse_A,2026-05-25,2026-06-11,96,9417.63,Delivered,Automotive
4296,246,Warehouse_B,2026-05-24,2026-05-25,28,756.53,Cancelled,Electronics
4297,148,Warehouse_B,2026-05-08,2026-05-17,40,5420.49,In Transit,Pharma
4298,287,Warehouse_B,2026-05-13,2026-05-20,80,5859.02,Cancelled,Electronics
4299,250,Warehouse_D,2026-05-27,2026-06-09,38,2190.09,Delayed,Automotive
4300,429,Warehouse_B,2026-05-18,2026-05-29,86,9666.43,Cancelled,Industrial
4301,357,Warehouse_A,2026-06-02,2026-06-15,70,6714.54,Delivered,Industrial
4302,45,Warehouse_A,2026-05-18,2026-05-31,20,8957.02,In Transit,Automotive
4303,278,Warehouse_C,2026-05-20,2026-05-21,81,4592.34,In Transit,Automotive
4304,402,Warehouse_B,2026-05-19,2026-05-23,71,1049.08,Delayed,Industrial
4305,292,Warehouse_C,2026-05-22,2026-05-28,66,1216.73,Cancelled,Pharma
4306,382,Warehouse_D,2026-06-03,2026-06-17,74,4679.87,In Transit,FMCG
4307,263,Warehouse_A,2026-05-12,2026-05-16,39,3996.37,Delivered,Automotive
4308,326,Warehouse_C,2026-05-12,2026-05-21,69,2642.44,Delayed,FMCG
4309,420,Warehouse_B,2026-05-06,2026-05-21,4,945.16,Delayed,Electronics
4310,303,Warehouse_E,2026-05-27,2026-06-07,27,5561.74,Delayed,Pharma
4311,499,Warehouse_C,2026-05-30,2026-06-06,12,9270.08,Delivered,FMCG
4312,25,Warehouse_D,2026-05-23,2026-06-05,61,2133.46,Delivered,FMCG
4313,326,Warehouse_C,2026-05-07,2026-05-19,31,2454.32,Delivered,Automotive
4314,362,Warehouse_B,2026-05-09,2026-05-19,60,1425.35,Delayed,FMCG
4315,160,Warehouse_B,2026-05-06,2026-05-26,21,5159.04,Delivered,Industrial
4316,167,Warehouse_B,2026-05-21,2026-06-02,49,2273.73,Delivered,Automotive
4317,310,Warehouse_C,2026-05-19,2026-05-27,73,5553.65,Delayed,FMCG
4318,43,Warehouse_C,2026-05-18,2026-05-22,81,6333.79,Delayed,FMCG
4319,185,Warehouse_D,2026-06-04,2026-06-22,37,1577.6,Delivered,Automotive
4320,243,Warehouse_E,2026-05-14,2026-05-25,64,7251.6,Cancelled,Automotive
4321,131,Warehouse_E,2026-05-14,2026-05-30,39,4602.03,Delivered,Industrial
4322,406,Warehouse_D,2026-05-19,2026-05-25,77,4085.25,Cancelled,Electronics
4323,500,Warehouse_D,2026-05-19,2026-05-31,64,1403.02,Delivered,Electronics
4324,265,Warehouse_C,2026-06-03,2026-06-17,68,436.03,Delivered,FMCG
4325,48,Warehouse_D,2026-05-06,2026-05-16,80,9473.6,Delivered,Pharma
4326,146,Warehouse_C,2026-05-27,2026-06-01,86,653.57,Delayed,Electronics
4327,311,Warehouse_D,2026-05-07,2026-05-24,11,3612.46,Cancelled,Industrial
4328,481,Warehouse_D,2026-05-22,2026-06-11,23,2624.0,Delivered,Industrial
4329,78,Warehouse_D,2026-05-14,2026-06-02,35,3170.29,Cancelled,Automotive
4330,234,Warehouse_A,2026-05-28,2026-05-30,8,7931.07,Delivered,Automotive
4331,51,Warehouse_E,2026-05-10,2026-05-28,91,6852.76,Delivered,Industrial
4332,320,Warehouse_C,2026-05-16,2026-06-01,62,8915.76,In Transit,Pharma
4333,51,Warehouse_B,2026-06-04,2026-06-22,34,8520.07,In Transit,FMCG
4334,352,Warehouse_D,2026-05-07,2026-05-17,74,5327.74,Delivered,Automotive
4335,414,Warehouse_A,2026-05-27,2026-06-03,50,7868.24,Delivered,Electronics
4336,21,Warehouse_E,2026-05-25,2026-05-26,5,6188.6,In Transit,Automotive
4337,162,Warehouse_E,2026-06-03,2026-06-14,56,9742.04,Delivered,Pharma
4338,138,Warehouse_C,2026-05-16,2026-05-25,20,2726.63,Delayed,Electronics
4339,233,Warehouse_E,2026-05-06,2026-05-21,29,1046.06,Cancelled,Automotive
4340,73,Warehouse_D,2026-05-31,2026-06-01,83,2954.72,Cancelled,Industrial
4341,330,Warehouse_E,2026-06-04,2026-06-05,100,2339.25,Cancelled,Industrial
4342,145,Warehouse_E,2026-05-10,2026-05-27,66,5417.67,Delayed,Automotive
4343,367,Warehouse_C,2026-05-10,2026-05-13,90,9930.84,Delayed,FMCG
4344,291,Warehouse_B,2026-06-02,2026-06-11,31,4276.11,Delivered,FMCG
4345,236,Warehouse_A,2026-05-30,2026-06-14,55,3135.07,Delayed,FMCG
4346,177,Warehouse_D,2026-05-31,2026-06-13,95,649.81,Delivered,Pharma
4347,167,Warehouse_C,2026-05-21,2026-06-09,74,2635.94,Delivered,Pharma
4348,411,Warehouse_D,2026-05-09,2026-05-16,40,3203.87,Delayed,Electronics
4349,480,Warehouse_C,2026-05-21,2026-05-25,47,4090.76,Cancelled,FMCG
4350,84,Warehouse_C,2026-05-13,2026-05-23,25,9559.63,Delayed,Pharma
4351,10,Warehouse_D,2026-05-19,2026-05-23,28,1964.05,Delivered,Electronics
4352,99,Warehouse_D,2026-05-31,2026-06-01,32,5620.22,Delayed,Industrial
4353,172,Warehouse_B,2026-05-21,2026-06-02,65,5273.07,Delayed,Pharma
4354,16,Warehouse_D,2026-05-26,2026-06-15,18,3965.57,Delivered,FMCG
4355,324,Warehouse_C,2026-05-16,2026-06-05,85,8795.32,Delivered,Industrial
4356,359,Warehouse_C,2026-05-18,2026-05-20,59,1896.18,Delayed,Electronics
4357,265,Warehouse_E,2026-05-30,2026-06-06,4,3567.15,In Transit,Industrial
4358,323,Warehouse_E,2026-05-26,2026-06-03,47,2044.53,Cancelled,Industrial
4359,275,Warehouse_E,2026-05-27,2026-06-08,59,8717.74,Cancelled,FMCG
4360,435,Warehouse_C,2026-05-08,2026-05-23,87,692.73,Delivered,Pharma
4361,222,Warehouse_D,2026-05-24,2026-06-08,14,2460.72,In Transit,Electronics
4362,149,Warehouse_B,2026-05-24,2026-06-12,3,128.21,Delayed,Electronics
4363,39,Warehouse_A,2026-05-12,2026-05-28,55,9504.1,Cancelled,Electronics
4364,433,Warehouse_E,2026-05-29,2026-06-12,26,2232.77,Delayed,FMCG
4365,14,Warehouse_D,2026-05-26,2026-06-03,93,8575.79,Cancelled,FMCG
4366,295,Warehouse_A,2026-05-20,2026-05-21,5,1369.11,Delivered,Electronics
4367,149,Warehouse_C,2026-05-26,2026-06-14,5,681.06,Delivered,Electronics
4368,429,Warehouse_B,2026-05-24,2026-05-25,10,9458.15,Cancelled,Industrial
4369,367,Warehouse_A,2026-06-01,2026-06-20,73,3081.45,Delivered,FMCG
4370,390,Warehouse_A,2026-05-08,2026-05-22,39,9329.14,Delivered,FMCG
4371,429,Warehouse_D,2026-05-10,2026-05-24,69,9788.11,Cancelled,Electronics
4372,332,Warehouse_A,2026-05-12,2026-05-24,42,7916.85,Delayed,Industrial
4373,254,Warehouse_D,2026-06-01,2026-06-19,5,645.18,Delivered,Automotive
4374,126,Warehouse_E,2026-05-16,2026-05-21,41,5467.57,Cancelled,Pharma
4375,60,Warehouse_B,2026-05-10,2026-05-28,100,6054.75,Delivered,Electronics
4376,267,Warehouse_D,2026-05-16,2026-05-26,42,9272.03,In Transit,Automotive
4377,208,Warehouse_E,2026-05-29,2026-06-15,34,4278.76,In Transit,Pharma
4378,183,Warehouse_A,2026-05-21,2026-06-07,51,9829.12,In Transit,Electronics
4379,190,Warehouse_A,2026-05-10,2026-05-30,31,4346.39,Delayed,Industrial
4380,240,Warehouse_B,2026-05-21,2026-06-09,46,5164.02,Cancelled,FMCG
4381,331,Warehouse_B,2026-05-16,2026-06-03,27,7020.55,In Transit,Pharma
4382,44,Warehouse_D,2026-05-26,2026-06-12,75,7806.74,Cancelled,Pharma
4383,468,Warehouse_B,2026-06-04,2026-06-21,62,805.38,In Transit,Pharma
4384,116,Warehouse_E,2026-05-26,2026-06-11,47,7256.37,In Transit,Electronics
4385,117,Warehouse_B,2026-05-18,2026-05-19,76,3978.99,Delayed,Pharma
4386,316,Warehouse_A,2026-05-08,2026-05-27,24,8477.19,Cancelled,Pharma
4387,468,Warehouse_A,2026-06-02,2026-06-22,58,9359.46,Delayed,FMCG
4388,158,Warehouse_B,2026-06-02,2026-06-09,48,8079.68,Delivered,Industrial
4389,386,Warehouse_C,2026-05-30,2026-06-06,4,956.77,Cancelled,FMCG
4390,1,Warehouse_E,2026-05-23,2026-05-27,21,756.32,Cancelled,Industrial
4391,374,Warehouse_D,2026-05-06,2026-05-18,68,7149.75,In Transit,Industrial
4392,499,Warehouse_A,2026-05-24,2026-06-12,17,2688.4,Delayed,Automotive
4393,345,Warehouse_E,2026-05-08,2026-05-12,87,1352.48,Delayed,Automotive
4394,6,Warehouse_B,2026-05-24,2026-06-13,32,6474.38,Cancelled,Pharma
4395,451,Warehouse_E,2026-05-27,2026-06-02,97,8829.47,Delayed,Industrial
4396,317,Warehouse_E,2026-05-08,2026-05-09,97,8821.36,In Transit,Industrial
4397,338,Warehouse_B,2026-06-04,2026-06-18,91,4875.84,Delivered,Electronics
4398,274,Warehouse_A,2026-05-16,2026-05-18,3,3605.43,Delivered,Automotive
4399,404,Warehouse_C,2026-06-04,2026-06-20,12,8997.95,Delayed,Automotive
4400,78,Warehouse_A,2026-05-28,2026-06-11,18,1811.84,Delayed,FMCG
4401,33,Warehouse_E,2026-05-09,2026-05-25,75,8479.0,Delivered,FMCG
4402,242,Warehouse_E,2026-05-28,2026-06-13,84,2958.29,In Transit,Electronics
4403,300,Warehouse_E,2026-05-25,2026-05-29,15,2293.03,In Transit,Pharma
4404,386,Warehouse_C,2026-05-21,2026-05-23,82,1905.61,Cancelled,Electronics
4405,252,Warehouse_C,2026-05-30,2026-06-07,29,715.91,In Transit,FMCG
4406,295,Warehouse_D,2026-05-24,2026-05-31,65,7065.16,In Transit,Industrial
4407,253,Warehouse_D,2026-05-06,2026-05-10,64,3739.25,Delayed,Pharma
4408,466,Warehouse_E,2026-05-31,2026-06-17,2,1632.39,In Transit,Pharma
4409,19,Warehouse_B,2026-05-12,2026-05-22,26,5404.09,Cancelled,FMCG
4410,461,Warehouse_D,2026-05-23,2026-05-25,31,3379.74,Delayed,Industrial
4411,375,Warehouse_B,2026-05-08,2026-05-26,67,6807.17,Cancelled,Pharma
4412,208,Warehouse_D,2026-05-08,2026-05-14,25,1592.91,Cancelled,FMCG
4413,180,Warehouse_A,2026-05-25,2026-05-27,78,7828.97,Delayed,Automotive
4414,382,Warehouse_A,2026-05-07,2026-05-20,49,6652.48,In Transit,Electronics
4415,405,Warehouse_C,2026-05-09,2026-05-22,30,7038.73,Delivered,Industrial
4416,432,Warehouse_D,2026-05-25,2026-05-31,41,7270.68,Delivered,FMCG
4417,116,Warehouse_C,2026-05-30,2026-06-17,67,6218.17,Delivered,Pharma
4418,314,Warehouse_C,2026-05-29,2026-06-18,40,4752.5,Delayed,Pharma
4419,422,Warehouse_D,2026-05-14,2026-05-26,19,5966.8,Cancelled,FMCG
4420,195,Warehouse_E,2026-05-29,2026-06-14,49,3872.76,Delayed,Industrial
4421,235,Warehouse_A,2026-06-01,2026-06-03,20,5389.84,Cancelled,Electronics
4422,14,Warehouse_D,2026-05-23,2026-06-12,57,449.26,Delivered,Automotive
4423,298,Warehouse_E,2026-05-30,2026-06-06,48,6288.67,Delayed,Electronics
4424,128,Warehouse_D,2026-05-17,2026-05-19,56,6697.21,Delivered,Industrial
4425,133,Warehouse_C,2026-05-15,2026-05-22,61,4818.55,Cancelled,Electronics
4426,335,Warehouse_A,2026-05-07,2026-05-11,32,7756.61,In Transit,Industrial
4427,297,Warehouse_B,2026-05-30,2026-06-07,61,9166.51,Cancelled,Electronics
4428,131,Warehouse_C,2026-05-18,2026-06-06,37,6128.11,Delivered,Pharma
4429,254,Warehouse_B,2026-05-29,2026-06-07,31,4285.0,Delivered,Automotive
4430,243,Warehouse_C,2026-05-16,2026-05-27,37,2849.01,Cancelled,Industrial
4431,232,Warehouse_A,2026-05-13,2026-06-01,11,1953.45,In Transit,FMCG
4432,99,Warehouse_A,2026-05-21,2026-06-01,84,4205.81,Cancelled,Pharma
4433,208,Warehouse_C,2026-05-21,2026-06-07,88,9723.03,Delivered,Pharma
4434,15,Warehouse_D,2026-05-13,2026-05-22,32,8935.19,Cancelled,Industrial
4435,199,Warehouse_B,2026-05-07,2026-05-21,18,3324.85,Cancelled,Industrial
4436,454,Warehouse_A,2026-05-13,2026-05-24,25,5697.91,In Transit,Electronics
4437,235,Warehouse_D,2026-05-30,2026-06-13,94,8099.86,Cancelled,Automotive
4438,483,Warehouse_B,2026-05-22,2026-05-31,22,6822.02,Delivered,Pharma
4439,276,Warehouse_B,2026-05-22,2026-05-28,82,2371.55,In Transit,Electronics
4440,79,Warehouse_E,2026-05-12,2026-05-19,39,9399.59,Delayed,Automotive
4441,156,Warehouse_D,2026-05-30,2026-06-12,9,3961.77,Delayed,FMCG
4442,108,Warehouse_D,2026-05-11,2026-05-16,42,7326.29,Delayed,Pharma
4443,76,Warehouse_C,2026-05-28,2026-06-02,14,2797.62,Delayed,Industrial
4444,110,Warehouse_E,2026-05-06,2026-05-12,77,5123.86,Delayed,Pharma
4445,310,Warehouse_E,2026-05-16,2026-05-19,32,5502.44,Cancelled,Automotive
4446,249,Warehouse_B,2026-05-23,2026-05-26,90,4563.7,Delivered,Industrial
4447,296,Warehouse_A,2026-06-04,2026-06-14,28,2359.86,Delivered,Electronics
4448,275,Warehouse_A,2026-06-01,2026-06-02,100,408.86,Delivered,Automotive
4449,480,Warehouse_C,2026-05-25,2026-06-13,28,1561.47,In Transit,Electronics
4450,192,Warehouse_A,2026-05-13,2026-05-27,63,9215.88,Delivered,Electronics
4451,141,Warehouse_E,2026-05-25,2026-06-09,79,4512.26,In Transit,Pharma
4452,453,Warehouse_B,2026-05-30,2026-06-17,38,9018.45,Delayed,Automotive
4453,113,Warehouse_E,2026-05-21,2026-05-24,53,4337.62,In Transit,FMCG
4454,427,Warehouse_A,2026-05-08,2026-05-27,44,9024.19,Cancelled,Pharma
4455,180,Warehouse_C,2026-05-11,2026-05-25,18,3061.83,In Transit,Automotive
4456,80,Warehouse_D,2026-05-25,2026-06-14,6,9679.24,Delivered,Automotive
4457,106,Warehouse_E,2026-05-21,2026-06-03,31,4014.65,Delivered,Industrial
4458,46,Warehouse_B,2026-05-19,2026-05-30,82,7171.92,In Transit,Electronics
4459,283,Warehouse_C,2026-05-24,2026-05-28,3,9901.24,Cancelled,Industrial
4460,403,Warehouse_B,2026-05-08,2026-05-15,21,1304.71,In Transit,Industrial
4461,336,Warehouse_D,2026-06-04,2026-06-23,78,5970.88,Delivered,Industrial
4462,353,Warehouse_C,2026-05-20,2026-06-02,99,4262.18,Delayed,Industrial
4463,490,Warehouse_B,2026-06-02,2026-06-19,78,6905.71,Delivered,Electronics
4464,101,Warehouse_C,2026-06-03,2026-06-21,22,3560.87,In Transit,Pharma
4465,429,Warehouse_A,2026-05-16,2026-05-30,44,4759.67,Delivered,Industrial
4466,111,Warehouse_C,2026-05-12,2026-05-25,50,4961.39,Delivered,Automotive
4467,306,Warehouse_C,2026-05-17,2026-06-01,37,9629.84,Cancelled,Automotive
4468,30,Warehouse_E,2026-05-30,2026-06-12,67,8208.57,Cancelled,Electronics
4469,494,Warehouse_C,2026-06-04,2026-06-06,66,9606.5,Cancelled,Industrial
4470,189,Warehouse_E,2026-05-25,2026-06-03,23,9968.46,Delayed,Pharma
4471,349,Warehouse_E,2026-06-04,2026-06-09,85,1895.31,Delayed,Automotive
4472,40,Warehouse_E,2026-05-24,2026-05-28,100,4695.68,Delayed,Automotive
4473,166,Warehouse_B,2026-05-22,2026-05-27,9,7130.71,Delivered,Pharma
4474,108,Warehouse_B,2026-05-22,2026-05-26,73,2349.48,In Transit,FMCG
4475,468,Warehouse_B,2026-05-15,2026-05-30,30,7951.96,Delayed,Automotive
4476,226,Warehouse_B,2026-05-28,2026-06-10,36,3406.98,Delivered,Industrial
4477,301,Warehouse_A,2026-05-31,2026-06-12,70,5232.73,In Transit,FMCG
4478,154,Warehouse_B,2026-05-25,2026-06-03,9,1087.48,Delayed,Pharma
4479,100,Warehouse_C,2026-06-01,2026-06-10,92,5235.06,Delayed,Pharma
4480,172,Warehouse_D,2026-05-31,2026-06-08,29,6259.94,Delayed,FMCG
4481,425,Warehouse_B,2026-05-19,2026-05-25,85,7626.37,Delayed,FMCG
4482,151,Warehouse_D,2026-05-09,2026-05-24,84,1673.77,In Transit,Industrial
4483,125,Warehouse_B,2026-05-08,2026-05-22,52,2116.3,Delayed,FMCG
4484,286,Warehouse_D,2026-05-14,2026-05-23,5,1798.2,In Transit,Electronics
4485,41,Warehouse_E,2026-05-08,2026-05-09,53,1672.48,Cancelled,FMCG
4486,48,Warehouse_A,2026-05-26,2026-05-31,98,5865.0,Cancelled,Automotive
4487,424,Warehouse_C,2026-05-06,2026-05-20,10,3295.98,Cancelled,Electronics
4488,162,Warehouse_E,2026-05-14,2026-05-27,68,9764.92,Cancelled,FMCG
4489,113,Warehouse_A,2026-05-24,2026-05-29,25,7910.47,Delivered,FMCG
4490,3,Warehouse_C,2026-05-27,2026-06-11,12,9811.57,In Transit,Industrial
4491,207,Warehouse_D,2026-06-03,2026-06-07,57,7734.1,Delayed,Electronics
4492,217,Warehouse_A,2026-05-12,2026-05-19,68,3563.57,Delivered,Electronics
4493,498,Warehouse_D,2026-05-16,2026-05-29,85,6967.81,Delivered,Pharma
4494,363,Warehouse_A,2026-05-09,2026-05-11,61,1507.0,Delivered,Automotive
4495,416,Warehouse_C,2026-05-14,2026-05-25,92,4028.36,Delayed,Pharma
4496,345,Warehouse_D,2026-05-09,2026-05-28,31,9296.6,Delivered,Industrial
4497,169,Warehouse_B,2026-05-10,2026-05-21,24,5714.7,Delayed,Electronics
4498,388,Warehouse_D,2026-05-29,2026-06-07,48,4761.01,Delivered,FMCG
4499,101,Warehouse_E,2026-05-12,2026-05-27,71,5321.27,Cancelled,Electronics
4500,8,Warehouse_D,2026-06-04,2026-06-24,82,7652.3,Delayed,FMCG
4501,153,Warehouse_B,2026-05-14,2026-05-21,30,6041.76,In Transit,Automotive
4502,451,Warehouse_E,2026-05-18,2026-05-20,10,2478.2,Delivered,Electronics
4503,184,Warehouse_D,2026-05-21,2026-06-01,39,9830.9,Cancelled,Electronics
4504,376,Warehouse_D,2026-05-11,2026-05-29,56,8775.35,Delayed,FMCG
4505,39,Warehouse_C,2026-06-03,2026-06-17,71,8471.84,Delayed,Pharma
4506,46,Warehouse_C,2026-05-29,2026-06-08,50,3357.8,Cancelled,Industrial
4507,332,Warehouse_B,2026-05-07,2026-05-25,56,5081.1,In Transit,Pharma
4508,169,Warehouse_E,2026-05-30,2026-06-01,77,7132.3,In Transit,Industrial
4509,333,Warehouse_A,2026-06-03,2026-06-21,50,1733.8,Delayed,Automotive
4510,449,Warehouse_B,2026-05-09,2026-05-14,6,5089.06,Cancelled,Pharma
4511,97,Warehouse_C,2026-05-28,2026-05-31,32,8254.48,Cancelled,Automotive
4512,455,Warehouse_C,2026-05-28,2026-06-04,1,6206.01,Delivered,Pharma
4513,8,Warehouse_C,2026-05-16,2026-06-04,30,2892.93,Delayed,Pharma
4514,490,Warehouse_B,2026-05-23,2026-06-09,81,5956.48,Cancelled,Automotive
4515,446,Warehouse_E,2026-05-14,2026-05-28,27,2033.93,Delivered,Industrial
4516,303,Warehouse_C,2026-05-14,2026-05-27,49,7594.05,In Transit,Automotive
4517,432,Warehouse_E,2026-05-25,2026-05-28,51,7095.2,Delivered,FMCG
4518,399,Warehouse_E,2026-05-19,2026-06-01,49,1252.39,Delayed,Electronics
4519,73,Warehouse_C,2026-05-11,2026-05-19,77,1261.32,Delayed,Industrial
4520,328,Warehouse_E,2026-05-16,2026-05-26,65,6546.18,In Transit,Electronics
4521,480,Warehouse_C,2026-05-14,2026-06-02,18,7296.94,In Transit,Electronics
4522,129,Warehouse_D,2026-05-15,2026-05-22,98,8261.68,Delivered,Industrial
4523,20,Warehouse_B,2026-05-16,2026-05-22,51,8403.09,In Transit,Automotive
4524,54,Warehouse_E,2026-05-30,2026-06-01,55,3475.48,Cancelled,Industrial
4525,13,Warehouse_C,2026-06-03,2026-06-20,4,8976.06,Cancelled,Automotive
4526,45,Warehouse_A,2026-05-08,2026-05-27,44,6456.56,In Transit,Electronics
4527,163,Warehouse_B,2026-06-02,2026-06-15,100,6470.49,Delivered,Electronics
4528,416,Warehouse_B,2026-05-15,2026-05-31,25,6403.18,Delayed,FMCG
4529,31,Warehouse_E,2026-06-01,2026-06-17,50,2649.04,In Transit,Industrial
4530,462,Warehouse_A,2026-05-16,2026-06-02,84,9684.98,In Transit,Industrial
4531,185,Warehouse_C,2026-05-06,2026-05-11,17,3656.99,Delayed,Electronics
4532,68,Warehouse_C,2026-06-04,2026-06-19,85,3547.55,Cancelled,Automotive
4533,452,Warehouse_E,2026-05-26,2026-06-09,17,9315.37,In Transit,Automotive
4534,91,Warehouse_C,2026-05-17,2026-06-06,60,2071.2,Delayed,Industrial
4535,463,Warehouse_D,2026-05-28,2026-05-29,28,9547.31,Cancelled,Electronics
4536,205,Warehouse_E,2026-05-26,2026-06-15,75,3244.27,In Transit,Industrial
4537,481,Warehouse_B,2026-05-20,2026-06-02,20,5097.16,Delivered,Industrial
4538,226,Warehouse_C,2026-05-08,2026-05-12,63,4745.81,Cancelled,FMCG
4539,42,Warehouse_A,2026-05-19,2026-06-01,25,6314.68,Delayed,Electronics
4540,276,Warehouse_D,2026-06-04,2026-06-23,53,9389.81,In Transit,FMCG
4541,283,Warehouse_D,2026-05-15,2026-05-30,54,2456.67,Delivered,Electronics
4542,36,Warehouse_C,2026-05-10,2026-05-21,64,5308.08,In Transit,Electronics
4543,157,Warehouse_B,2026-05-28,2026-05-31,45,2577.99,In Transit,Electronics
4544,135,Warehouse_C,2026-05-26,2026-06-06,8,5948.4,In Transit,FMCG
4545,38,Warehouse_D,2026-05-09,2026-05-10,89,5659.75,Cancelled,Industrial
4546,28,Warehouse_B,2026-05-08,2026-05-15,74,2966.5,In Transit,Electronics
4547,206,Warehouse_B,2026-05-08,2026-05-25,40,8480.24,In Transit,Automotive
4548,35,Warehouse_E,2026-05-14,2026-05-28,75,6019.94,Cancelled,Industrial
4549,294,Warehouse_C,2026-05-19,2026-06-03,86,204.3,Delivered,Electronics
4550,18,Warehouse_B,2026-05-27,2026-06-05,61,158.86,In Transit,FMCG
4551,421,Warehouse_B,2026-05-24,2026-06-06,93,2055.11,Cancelled,FMCG
4552,210,Warehouse_D,2026-05-09,2026-05-14,12,3273.23,Delayed,Pharma
4553,412,Warehouse_A,2026-05-15,2026-05-22,43,4144.19,Delayed,Automotive
4554,179,Warehouse_A,2026-05-07,2026-05-25,69,2991.16,Delayed,Electronics
4555,255,Warehouse_E,2026-05-17,2026-05-27,12,8561.64,Cancelled,FMCG
4556,308,Warehouse_C,2026-05-17,2026-05-22,99,8336.28,In Transit,Automotive
4557,45,Warehouse_C,2026-05-29,2026-06-04,26,6690.1,Delivered,Pharma
4558,417,Warehouse_A,2026-05-21,2026-05-30,77,4678.15,In Transit,Electronics
4559,177,Warehouse_E,2026-05-22,2026-05-27,65,1471.69,Delayed,Pharma
4560,412,Warehouse_E,2026-05-17,2026-06-05,76,7744.11,Delayed,Pharma
4561,343,Warehouse_C,2026-05-11,2026-05-26,77,560.87,In Transit,Pharma
4562,447,Warehouse_A,2026-05-16,2026-05-29,61,6129.12,Cancelled,Pharma
4563,332,Warehouse_B,2026-05-24,2026-06-09,53,2695.45,Delayed,Automotive
4564,266,Warehouse_A,2026-05-12,2026-05-13,44,3591.15,Delayed,Pharma
4565,83,Warehouse_E,2026-05-25,2026-05-29,91,6019.15,Cancelled,Electronics
4566,99,Warehouse_E,2026-05-31,2026-06-10,73,1118.88,Delayed,Automotive
4567,283,Warehouse_A,2026-06-04,2026-06-12,80,7467.62,Delivered,Automotive
4568,285,Warehouse_A,2026-05-28,2026-06-01,72,5428.8,Delayed,Automotive
4569,494,Warehouse_E,2026-05-07,2026-05-08,93,6343.48,Delivered,Industrial
4570,197,Warehouse_E,2026-05-11,2026-05-12,14,1677.56,Delivered,Automotive
4571,486,Warehouse_B,2026-05-30,2026-06-13,99,3498.7,In Transit,Pharma
4572,330,Warehouse_B,2026-05-08,2026-05-12,71,6345.9,Delayed,Electronics
4573,431,Warehouse_D,2026-05-17,2026-05-28,35,3690.57,In Transit,Pharma
4574,171,Warehouse_B,2026-05-29,2026-06-15,57,9518.83,Delayed,Industrial
4575,331,Warehouse_D,2026-05-11,2026-05-16,81,9815.02,Cancelled,Electronics
4576,3,Warehouse_C,2026-05-12,2026-05-29,54,8993.72,Cancelled,FMCG
4577,54,Warehouse_E,2026-05-08,2026-05-27,79,9215.24,In Transit,Pharma
4578,196,Warehouse_A,2026-05-11,2026-05-16,34,4355.71,Delivered,Pharma
4579,39,Warehouse_A,2026-05-22,2026-06-05,47,4222.55,In Transit,Automotive
4580,274,Warehouse_A,2026-05-14,2026-05-23,52,119.54,Cancelled,FMCG
4581,89,Warehouse_C,2026-05-10,2026-05-26,53,3957.31,In Transit,Industrial
4582,317,Warehouse_D,2026-05-16,2026-06-01,73,1886.6,Cancelled,Electronics
4583,108,Warehouse_B,2026-05-07,2026-05-14,31,5222.86,In Transit,Industrial
4584,119,Warehouse_C,2026-06-04,2026-06-11,18,8822.43,In Transit,Automotive
4585,473,Warehouse_C,2026-05-30,2026-06-07,40,4985.77,Delivered,Pharma
4586,134,Warehouse_C,2026-05-23,2026-05-31,38,5907.27,Delayed,FMCG
4587,424,Warehouse_D,2026-06-03,2026-06-19,20,7184.76,Delayed,Automotive
4588,300,Warehouse_E,2026-05-31,2026-06-14,92,3397.31,In Transit,Automotive
4589,383,Warehouse_C,2026-05-16,2026-05-31,50,381.43,Delayed,Pharma
4590,247,Warehouse_E,2026-05-31,2026-06-18,55,635.29,Delayed,Pharma
4591,273,Warehouse_B,2026-06-01,2026-06-06,19,4155.34,Cancelled,Electronics
4592,124,Warehouse_B,2026-05-25,2026-06-06,39,2431.49,Delayed,Electronics
4593,55,Warehouse_D,2026-05-26,2026-05-29,40,2598.36,Delayed,FMCG
4594,204,Warehouse_A,2026-05-15,2026-05-31,92,5736.37,Cancelled,Pharma
4595,281,Warehouse_C,2026-06-03,2026-06-20,25,1518.64,Cancelled,Electronics
4596,413,Warehouse_B,2026-05-16,2026-05-27,30,3419.84,Delivered,Industrial
4597,487,Warehouse_D,2026-05-24,2026-06-06,89,3581.45,Cancelled,Automotive
4598,485,Warehouse_A,2026-05-08,2026-05-27,28,3202.96,In Transit,Automotive
4599,383,Warehouse_A,2026-05-27,2026-06-08,77,1113.01,Delivered,Pharma
4600,456,Warehouse_D,2026-05-13,2026-05-31,85,1747.55,In Transit,Pharma
4601,427,Warehouse_E,2026-05-19,2026-05-20,65,6080.46,Delivered,Industrial
4602,39,Warehouse_C,2026-05-11,2026-05-22,86,1361.51,Delayed,Automotive
4603,485,Warehouse_D,2026-05-15,2026-05-18,6,1206.13,Delivered,FMCG
4604,465,Warehouse_B,2026-05-24,2026-05-29,17,5993.97,Delivered,Electronics
4605,240,Warehouse_B,2026-05-24,2026-06-07,100,5647.44,Delivered,Automotive
4606,31,Warehouse_B,2026-05-08,2026-05-09,93,2410.04,Cancelled,Pharma
4607,136,Warehouse_C,2026-05-15,2026-05-24,21,8542.57,In Transit,FMCG
4608,388,Warehouse_A,2026-05-15,2026-06-02,65,171.92,Cancelled,Automotive
4609,329,Warehouse_D,2026-05-15,2026-05-20,10,5126.39,In Transit,Automotive
4610,396,Warehouse_E,2026-05-31,2026-06-07,72,6934.05,Cancelled,Electronics
4611,288,Warehouse_A,2026-05-19,2026-05-29,9,6546.25,Delayed,FMCG
4612,357,Warehouse_A,2026-05-28,2026-06-08,89,4402.51,In Transit,Automotive
4613,285,Warehouse_C,2026-05-17,2026-05-20,35,7100.79,Cancelled,Industrial
4614,22,Warehouse_A,2026-05-17,2026-06-04,35,8352.91,Cancelled,Electronics
4615,262,Warehouse_B,2026-05-24,2026-06-03,55,8243.52,Delivered,FMCG
4616,453,Warehouse_D,2026-05-18,2026-05-28,53,5121.12,In Transit,Electronics
4617,333,Warehouse_B,2026-05-11,2026-05-24,5,4313.05,Cancelled,Automotive
4618,307,Warehouse_E,2026-05-30,2026-06-07,95,5886.91,In Transit,Pharma
4619,289,Warehouse_A,2026-05-30,2026-06-03,32,3836.42,Delivered,FMCG
4620,397,Warehouse_C,2026-05-14,2026-06-02,58,2223.37,In Transit,FMCG
4621,345,Warehouse_B,2026-05-13,2026-05-19,4,2671.05,Cancelled,Industrial
4622,380,Warehouse_D,2026-05-19,2026-06-06,94,6515.21,Delivered,Pharma
4623,420,Warehouse_C,2026-05-30,2026-06-10,68,5571.55,Delivered,Electronics
4624,81,Warehouse_B,2026-05-26,2026-06-13,38,4303.78,Cancelled,Pharma
4625,297,Warehouse_D,2026-05-16,2026-06-05,78,545.24,In Transit,FMCG
4626,475,Warehouse_A,2026-05-09,2026-05-14,61,1236.96,In Transit,Pharma
4627,290,Warehouse_A,2026-06-04,2026-06-14,73,6529.65,Delayed,Automotive
4628,234,Warehouse_C,2026-05-15,2026-05-25,93,4721.79,In Transit,Industrial
4629,162,Warehouse_B,2026-05-18,2026-05-31,59,7041.49,Delayed,Industrial
4630,19,Warehouse_D,2026-05-31,2026-06-11,92,4580.52,Delayed,Electronics
4631,234,Warehouse_C,2026-05-31,2026-06-19,66,5365.49,Delayed,Industrial
4632,121,Warehouse_A,2026-05-07,2026-05-11,74,2927.7,In Transit,Electronics
4633,288,Warehouse_B,2026-05-08,2026-05-09,41,4484.85,Delayed,Pharma
4634,106,Warehouse_D,2026-05-18,2026-05-23,71,9113.44,Delayed,Electronics
4635,344,Warehouse_D,2026-05-11,2026-05-25,22,8705.94,Delayed,Electronics
4636,244,Warehouse_E,2026-05-22,2026-06-07,46,6268.9,Cancelled,Automotive
4637,222,Warehouse_E,2026-05-13,2026-05-15,40,1489.0,Cancelled,Electronics
4638,440,Warehouse_A,2026-05-22,2026-06-10,7,3966.38,Delivered,FMCG
4639,73,Warehouse_E,2026-05-15,2026-05-17,11,953.28,Delayed,Pharma
4640,256,Warehouse_C,2026-05-24,2026-06-08,70,8874.16,Delivered,Electronics
4641,111,Warehouse_D,2026-05-08,2026-05-15,23,309.8,In Transit,Industrial
4642,333,Warehouse_A,2026-06-03,2026-06-13,67,8267.39,Delivered,Industrial
4643,375,Warehouse_E,2026-05-29,2026-06-01,16,4274.66,Cancelled,Pharma
4644,115,Warehouse_D,2026-05-19,2026-06-04,75,4789.17,Delivered,Pharma
4645,65,Warehouse_B,2026-05-22,2026-06-09,90,9183.32,Delivered,Automotive
4646,307,Warehouse_D,2026-05-24,2026-06-09,53,8887.0,Delivered,Electronics
4647,355,Warehouse_C,2026-05-31,2026-06-15,91,952.28,Delayed,Electronics
4648,389,Warehouse_D,2026-05-23,2026-06-05,98,758.52,In Transit,Industrial
4649,458,Warehouse_A,2026-05-18,2026-05-22,92,5618.37,Delayed,FMCG
4650,346,Warehouse_E,2026-06-02,2026-06-18,51,7967.04,In Transit,Automotive
4651,447,Warehouse_E,2026-05-12,2026-05-30,90,720.31,Delivered,Electronics
4652,286,Warehouse_C,2026-05-16,2026-05-21,31,5207.5,Cancelled,Industrial
4653,51,Warehouse_B,2026-05-12,2026-05-29,27,9036.69,Cancelled,Industrial
4654,127,Warehouse_C,2026-06-02,2026-06-20,76,3469.52,In Transit,Automotive
4655,352,Warehouse_C,2026-05-23,2026-05-26,1,5053.27,Delivered,Industrial
4656,394,Warehouse_C,2026-05-29,2026-06-14,39,8581.66,Delivered,Industrial
4657,95,Warehouse_C,2026-05-19,2026-05-30,52,6746.51,Delivered,FMCG
4658,65,Warehouse_A,2026-05-11,2026-05-21,27,4261.17,In Transit,FMCG
4659,193,Warehouse_E,2026-05-10,2026-05-21,47,3463.35,In Transit,Electronics
4660,419,Warehouse_C,2026-05-25,2026-05-30,52,6730.2,Delivered,Pharma
4661,418,Warehouse_E,2026-05-30,2026-06-13,4,9200.27,Delayed,Industrial
4662,240,Warehouse_E,2026-05-24,2026-06-08,26,7259.57,Cancelled,Electronics
4663,227,Warehouse_C,2026-05-27,2026-06-10,7,5007.9,Delivered,Industrial
4664,23,Warehouse_A,2026-05-25,2026-05-30,55,3339.97,Delivered,Automotive
4665,85,Warehouse_B,2026-05-21,2026-05-23,7,5076.77,In Transit,Automotive
4666,375,Warehouse_E,2026-06-03,2026-06-17,91,5137.65,Cancelled,Electronics
4667,483,Warehouse_B,2026-05-26,2026-06-11,92,2365.14,Delivered,Electronics
4668,21,Warehouse_C,2026-05-09,2026-05-11,9,1297.31,In Transit,FMCG
4669,266,Warehouse_E,2026-05-27,2026-06-07,62,9485.49,In Transit,Electronics
4670,207,Warehouse_E,2026-05-08,2026-05-23,24,9031.77,Cancelled,FMCG
4671,73,Warehouse_C,2026-06-01,2026-06-15,14,7570.13,In Transit,Pharma
4672,467,Warehouse_C,2026-06-02,2026-06-07,74,4229.78,Cancelled,FMCG
4673,110,Warehouse_D,2026-05-15,2026-06-01,47,6851.87,Cancelled,Automotive
4674,452,Warehouse_E,2026-05-21,2026-05-28,34,593.21,In Transit,Industrial
4675,130,Warehouse_E,2026-05-09,2026-05-17,23,4418.77,Delivered,Electronics
4676,217,Warehouse_C,2026-05-31,2026-06-13,65,9742.21,Delayed,FMCG
4677,77,Warehouse_E,2026-05-26,2026-06-02,75,7594.58,Delivered,FMCG
4678,387,Warehouse_A,2026-05-19,2026-05-20,70,7879.86,In Transit,Industrial
4679,14,Warehouse_D,2026-05-23,2026-06-12,13,5155.78,Cancelled,Pharma
4680,108,Warehouse_E,2026-05-12,2026-05-31,71,3892.36,Delayed,Automotive
4681,197,Warehouse_B,2026-05-26,2026-05-31,10,6127.77,Delivered,Pharma
4682,27,Warehouse_B,2026-05-22,2026-06-02,5,9485.66,Delivered,Pharma
4683,372,Warehouse_C,2026-05-20,2026-06-06,26,255.22,Cancelled,Pharma
4684,327,Warehouse_A,2026-06-03,2026-06-10,23,2146.58,Delayed,Industrial
4685,223,Warehouse_C,2026-05-25,2026-05-29,7,3395.26,Delivered,Industrial
4686,460,Warehouse_A,2026-05-19,2026-06-02,23,7768.28,Cancelled,Pharma
4687,91,Warehouse_A,2026-05-13,2026-05-22,59,3362.99,Delayed,Electronics
4688,285,Warehouse_C,2026-05-18,2026-05-23,20,2340.34,Delayed,Industrial
4689,293,Warehouse_E,2026-05-16,2026-06-01,28,8562.51,Delayed,FMCG
4690,278,Warehouse_D,2026-05-06,2026-05-07,14,8700.93,In Transit,Electronics
4691,306,Warehouse_E,2026-05-17,2026-05-28,4,5581.3,In Transit,Pharma
4692,110,Warehouse_E,2026-06-02,2026-06-15,23,4221.65,Cancelled,Pharma
4693,305,Warehouse_A,2026-05-17,2026-06-05,84,5113.89,Delayed,Electronics
4694,127,Warehouse_D,2026-06-01,2026-06-02,29,1621.31,Delayed,Industrial
4695,283,Warehouse_A,2026-06-03,2026-06-21,86,5349.04,Delivered,Automotive
4696,383,Warehouse_A,2026-05-16,2026-05-26,99,9619.19,Delayed,Electronics
4697,337,Warehouse_C,2026-05-28,2026-06-05,16,9100.93,Cancelled,Pharma
4698,37,Warehouse_C,2026-05-11,2026-05-12,54,9422.01,In Transit,Automotive
4699,491,Warehouse_B,2026-06-01,2026-06-10,58,5499.81,Cancelled,Pharma
4700,150,Warehouse_C,2026-05-22,2026-06-02,22,6296.09,Cancelled,Automotive
4701,24,Warehouse_C,2026-05-13,2026-05-24,46,2964.1,In Transit,Automotive
4702,161,Warehouse_C,2026-05-27,2026-06-09,68,6914.37,Delivered,Electronics
4703,454,Warehouse_B,2026-05-26,2026-06-11,52,5934.5,In Transit,Industrial
4704,96,Warehouse_B,2026-05-20,2026-06-01,35,1342.59,Cancelled,Electronics
4705,288,Warehouse_B,2026-05-31,2026-06-05,43,8799.39,In Transit,Automotive
4706,283,Warehouse_A,2026-05-19,2026-05-24,69,5440.16,Delayed,Automotive
4707,51,Warehouse_E,2026-05-16,2026-06-05,86,5562.9,Cancelled,Pharma
4708,401,Warehouse_B,2026-05-19,2026-05-27,2,4268.33,In Transit,FMCG
4709,392,Warehouse_A,2026-05-06,2026-05-23,65,1118.19,Delivered,Industrial
4710,105,Warehouse_D,2026-05-27,2026-06-04,35,9456.07,Cancelled,Electronics
4711,316,Warehouse_D,2026-05-16,2026-05-28,100,6083.67,In Transit,FMCG
4712,16,Warehouse_C,2026-05-19,2026-05-30,83,8618.82,Delivered,FMCG
4713,399,Warehouse_C,2026-05-15,2026-06-04,54,1374.65,Delayed,FMCG
4714,8,Warehouse_B,2026-05-25,2026-06-09,12,1459.04,In Transit,Industrial
4715,272,Warehouse_C,2026-05-31,2026-06-01,48,2827.57,Cancelled,FMCG
4716,394,Warehouse_E,2026-06-02,2026-06-19,73,6967.02,In Transit,FMCG
4717,470,Warehouse_B,2026-05-21,2026-06-05,91,7188.26,Delivered,Pharma
4718,491,Warehouse_C,2026-05-08,2026-05-13,5,1709.09,In Transit,FMCG
4719,39,Warehouse_C,2026-05-09,2026-05-14,37,3191.8,Delayed,Pharma
4720,170,Warehouse_A,2026-06-02,2026-06-10,11,4971.53,Cancelled,Industrial
4721,238,Warehouse_B,2026-05-16,2026-05-29,83,3917.39,Delivered,Electronics
4722,164,Warehouse_E,2026-05-12,2026-05-18,7,7271.54,Cancelled,Industrial
4723,258,Warehouse_B,2026-05-15,2026-05-21,96,2220.06,In Transit,Industrial
4724,117,Warehouse_B,2026-06-03,2026-06-07,60,5839.8,Delivered,Electronics
4725,222,Warehouse_E,2026-05-08,2026-05-14,15,4278.95,Cancelled,Pharma
4726,480,Warehouse_D,2026-06-01,2026-06-21,95,3817.63,In Transit,FMCG
4727,40,Warehouse_A,2026-05-30,2026-06-06,53,8845.18,Delivered,FMCG
4728,109,Warehouse_E,2026-05-11,2026-05-17,60,1851.89,Delivered,Industrial
4729,206,Warehouse_E,2026-05-25,2026-05-27,82,3563.36,Cancelled,FMCG
4730,132,Warehouse_B,2026-05-18,2026-05-27,76,4772.31,Delivered,Industrial
4731,347,Warehouse_A,2026-05-20,2026-06-09,31,851.29,Delivered,FMCG
4732,270,Warehouse_B,2026-06-04,2026-06-21,38,8611.52,Cancelled,Pharma
4733,219,Warehouse_D,2026-06-04,2026-06-10,62,4661.68,Delivered,Industrial
4734,122,Warehouse_D,2026-05-09,2026-05-13,33,2210.1,In Transit,FMCG
4735,342,Warehouse_E,2026-05-19,2026-05-31,28,5371.46,Delivered,Pharma
4736,213,Warehouse_C,2026-05-16,2026-05-29,48,245.82,Delayed,Electronics
4737,450,Warehouse_B,2026-06-04,2026-06-18,91,780.63,In Transit,Automotive
4738,46,Warehouse_E,2026-05-17,2026-05-31,44,5433.34,Delayed,Pharma
4739,68,Warehouse_A,2026-05-07,2026-05-08,38,1829.09,Cancelled,Electronics
4740,193,Warehouse_E,2026-05-12,2026-05-26,47,415.72,Delivered,Industrial
4741,436,Warehouse_C,2026-05-28,2026-06-12,14,676.35,In Transit,Pharma
4742,98,Warehouse_B,2026-05-29,2026-06-12,64,9179.51,Delivered,FMCG
4743,74,Warehouse_C,2026-05-29,2026-06-12,15,1049.08,Delayed,Pharma
4744,99,Warehouse_A,2026-05-29,2026-06-05,43,7962.4,Cancelled,Pharma
4745,459,Warehouse_A,2026-06-02,2026-06-15,100,7409.73,Cancelled,Pharma
4746,356,Warehouse_C,2026-05-11,2026-05-22,15,8330.9,Cancelled,Industrial
4747,94,Warehouse_C,2026-05-13,2026-05-21,75,9829.94,Delivered,Automotive
4748,395,Warehouse_C,2026-05-31,2026-06-18,83,4993.79,Cancelled,Automotive
4749,416,Warehouse_C,2026-05-22,2026-06-05,24,3738.02,Delivered,Electronics
4750,206,Warehouse_E,2026-05-22,2026-06-04,71,8522.91,Cancelled,Electronics
4751,135,Warehouse_C,2026-05-12,2026-05-29,48,5610.9,Delayed,Pharma
4752,239,Warehouse_A,2026-05-18,2026-05-24,63,4056.99,In Transit,Pharma
4753,262,Warehouse_A,2026-05-19,2026-05-22,67,2906.24,Cancelled,Automotive
4754,68,Warehouse_C,2026-06-01,2026-06-04,70,7181.92,Delayed,FMCG
4755,419,Warehouse_E,2026-05-16,2026-06-01,95,9834.7,Delivered,Automotive
4756,368,Warehouse_E,2026-05-11,2026-05-15,81,1688.92,Delayed,Electronics
4757,150,Warehouse_C,2026-06-04,2026-06-11,71,5929.98,Cancelled,Electronics
4758,295,Warehouse_B,2026-05-21,2026-05-25,84,4169.29,Cancelled,Pharma
4759,334,Warehouse_E,2026-05-30,2026-06-14,41,1335.32,In Transit,Electronics
4760,25,Warehouse_A,2026-06-03,2026-06-04,74,7548.86,Delivered,Pharma
4761,183,Warehouse_D,2026-05-27,2026-06-12,81,4160.85,Cancelled,Industrial
4762,17,Warehouse_B,2026-05-28,2026-06-17,24,138.03,Cancelled,Electronics
4763,50,Warehouse_C,2026-05-21,2026-05-23,68,1009.86,Delayed,FMCG
4764,416,Warehouse_C,2026-06-03,2026-06-07,65,1915.61,Delayed,Automotive
4765,283,Warehouse_A,2026-05-23,2026-06-10,97,7003.18,Cancelled,Pharma
4766,102,Warehouse_B,2026-05-24,2026-05-27,90,4243.25,Delayed,Pharma
4767,202,Warehouse_A,2026-05-24,2026-05-25,84,7308.54,Delayed,Pharma
4768,227,Warehouse_B,2026-05-22,2026-06-02,94,1585.79,Delivered,Industrial
4769,124,Warehouse_A,2026-05-06,2026-05-12,95,2883.33,Cancelled,Pharma
4770,365,Warehouse_C,2026-05-11,2026-05-27,9,8578.27,In Transit,Pharma
4771,42,Warehouse_C,2026-05-09,2026-05-13,1,6461.1,Delivered,Pharma
4772,8,Warehouse_E,2026-05-14,2026-06-03,67,6535.27,Delivered,Electronics
4773,444,Warehouse_C,2026-05-12,2026-05-21,96,255.14,In Transit,Pharma
4774,347,Warehouse_B,2026-05-21,2026-06-03,88,7542.15,In Transit,Electronics
4775,350,Warehouse_C,2026-05-16,2026-05-25,92,2867.5,Delivered,Pharma
4776,112,Warehouse_A,2026-05-08,2026-05-12,13,2465.17,Delayed,Automotive
4777,371,Warehouse_E,2026-06-04,2026-06-17,3,9406.47,In Transit,Industrial
4778,361,Warehouse_E,2026-05-09,2026-05-17,30,1484.92,Delivered,Automotive
4779,22,Warehouse_B,2026-05-30,2026-06-13,26,9787.27,Delayed,Pharma
4780,379,Warehouse_A,2026-05-28,2026-06-11,8,208.82,Cancelled,FMCG
4781,279,Warehouse_D,2026-05-17,2026-05-22,7,197.52,Delivered,Industrial
4782,498,Warehouse_B,2026-05-10,2026-05-19,80,2911.16,Delivered,Electronics
4783,42,Warehouse_A,2026-06-04,2026-06-21,15,9694.9,Cancelled,FMCG
4784,472,Warehouse_D,2026-05-30,2026-06-07,35,968.77,Delayed,Electronics
4785,101,Warehouse_C,2026-06-04,2026-06-24,48,9236.09,Delayed,Automotive
4786,27,Warehouse_B,2026-05-23,2026-06-06,39,134.9,In Transit,Automotive
4787,493,Warehouse_B,2026-05-15,2026-05-28,67,7591.57,Cancelled,Automotive
4788,475,Warehouse_B,2026-05-21,2026-05-24,72,8353.27,In Transit,FMCG
4789,325,Warehouse_E,2026-05-22,2026-06-02,22,4340.07,Delayed,Industrial
4790,212,Warehouse_A,2026-05-07,2026-05-23,38,1753.89,In Transit,Industrial
4791,143,Warehouse_E,2026-05-08,2026-05-17,43,461.92,In Transit,Pharma
4792,493,Warehouse_B,2026-05-09,2026-05-29,51,539.53,Cancelled,Pharma
4793,79,Warehouse_C,2026-05-10,2026-05-24,30,3363.38,In Transit,Industrial
4794,109,Warehouse_D,2026-05-07,2026-05-16,22,7189.0,Delayed,FMCG
4795,157,Warehouse_E,2026-05-17,2026-06-01,54,4991.91,Cancelled,Pharma
4796,290,Warehouse_E,2026-05-14,2026-05-25,51,9966.07,Delayed,Pharma
4797,159,Warehouse_B,2026-05-06,2026-05-08,88,2275.57,In Transit,Pharma
4798,110,Warehouse_A,2026-05-23,2026-06-08,60,655.37,Cancelled,Automotive
4799,332,Warehouse_C,2026-05-29,2026-06-18,50,3128.89,Cancelled,Electronics
4800,362,Warehouse_C,2026-05-24,2026-05-27,19,2755.73,Delivered,Pharma
4801,349,Warehouse_E,2026-05-15,2026-05-30,7,9104.1,Delivered,Automotive
4802,224,Warehouse_E,2026-06-03,2026-06-21,90,8686.04,Cancelled,FMCG
4803,129,Warehouse_C,2026-05-20,2026-06-01,76,1075.81,In Transit,Industrial
4804,343,Warehouse_E,2026-05-06,2026-05-11,14,2859.66,In Transit,FMCG
4805,42,Warehouse_B,2026-05-28,2026-06-07,67,7200.0,Delayed,Industrial
4806,69,Warehouse_B,2026-05-19,2026-05-30,67,1763.01,Cancelled,Electronics
4807,404,Warehouse_B,2026-05-27,2026-06-12,25,8955.29,In Transit,Pharma
4808,145,Warehouse_C,2026-05-07,2026-05-11,32,8350.67,Cancelled,FMCG
4809,126,Warehouse_C,2026-05-16,2026-05-29,42,7547.58,Cancelled,Pharma
4810,13,Warehouse_C,2026-05-31,2026-06-10,94,8459.26,Delivered,Electronics
4811,316,Warehouse_C,2026-05-24,2026-05-27,96,6951.64,Delivered,Automotive
4812,253,Warehouse_B,2026-05-15,2026-05-17,68,5208.16,Delayed,Electronics
4813,107,Warehouse_B,2026-05-10,2026-05-16,90,1345.03,In Transit,Automotive
4814,408,Warehouse_B,2026-05-22,2026-06-03,53,7956.41,In Transit,Pharma
4815,250,Warehouse_B,2026-05-30,2026-06-04,96,3515.92,Cancelled,Automotive
4816,320,Warehouse_C,2026-05-27,2026-05-31,39,1487.6,Delivered,Pharma
4817,282,Warehouse_B,2026-05-30,2026-06-17,15,4783.15,Delivered,Pharma
4818,71,Warehouse_B,2026-05-27,2026-06-04,54,4002.55,Delayed,FMCG
4819,307,Warehouse_E,2026-05-15,2026-05-22,76,8121.25,Delayed,Industrial
4820,483,Warehouse_B,2026-06-01,2026-06-21,4,783.15,Delayed,FMCG
4821,40,Warehouse_D,2026-06-02,2026-06-04,35,4133.85,In Transit,Automotive
4822,437,Warehouse_A,2026-05-15,2026-05-26,69,8345.69,Cancelled,Industrial
4823,73,Warehouse_A,2026-05-12,2026-05-23,91,6341.93,Delayed,Pharma
4824,22,Warehouse_E,2026-05-27,2026-06-09,43,9482.13,Delayed,FMCG
4825,442,Warehouse_C,2026-05-17,2026-05-18,13,6771.3,Delayed,Industrial
4826,23,Warehouse_C,2026-05-17,2026-06-05,64,3961.97,Cancelled,Pharma
4827,164,Warehouse_D,2026-05-26,2026-06-04,89,9620.2,In Transit,Industrial
4828,376,Warehouse_D,2026-05-18,2026-06-07,14,9325.25,Cancelled,Automotive
4829,448,Warehouse_E,2026-05-20,2026-05-23,31,2789.01,In Transit,Pharma
4830,480,Warehouse_C,2026-05-11,2026-05-28,66,7181.09,Delivered,Industrial
4831,196,Warehouse_B,2026-05-16,2026-05-26,30,9594.28,In Transit,Industrial
4832,82,Warehouse_A,2026-05-30,2026-05-31,60,537.63,Delivered,Pharma
4833,474,Warehouse_D,2026-05-09,2026-05-17,46,4817.81,In Transit,Automotive
4834,403,Warehouse_D,2026-05-09,2026-05-23,24,746.24,Delivered,Industrial
4835,389,Warehouse_A,2026-05-20,2026-05-28,40,6139.75,Cancelled,Pharma
4836,276,Warehouse_C,2026-05-27,2026-05-29,40,5982.06,Delayed,FMCG
4837,145,Warehouse_C,2026-05-14,2026-06-01,45,6812.97,In Transit,Automotive
4838,287,Warehouse_A,2026-05-18,2026-05-24,63,6482.67,In Transit,Pharma
4839,328,Warehouse_C,2026-05-24,2026-06-04,99,815.35,Delivered,Industrial
4840,185,Warehouse_D,2026-05-26,2026-06-12,35,540.3,In Transit,Automotive
4841,377,Warehouse_E,2026-06-01,2026-06-07,9,1591.23,In Transit,Automotive
4842,143,Warehouse_E,2026-05-11,2026-05-15,44,910.48,Cancelled,Industrial
4843,454,Warehouse_A,2026-05-13,2026-05-18,14,7469.91,Delivered,Industrial
4844,497,Warehouse_D,2026-05-20,2026-06-04,5,7807.37,Delivered,Industrial
4845,236,Warehouse_D,2026-05-31,2026-06-17,29,475.45,Cancelled,Electronics
4846,67,Warehouse_B,2026-05-16,2026-05-19,67,2845.88,Cancelled,Electronics
4847,288,Warehouse_E,2026-05-06,2026-05-20,11,6324.6,Delayed,Electronics
4848,400,Warehouse_B,2026-05-07,2026-05-11,65,938.55,Delivered,Industrial
4849,396,Warehouse_B,2026-05-19,2026-06-06,48,901.22,Delayed,Industrial
4850,341,Warehouse_A,2026-05-06,2026-05-08,44,3369.7,In Transit,FMCG
4851,210,Warehouse_D,2026-05-23,2026-06-10,53,7636.2,Cancelled,Automotive
4852,187,Warehouse_E,2026-05-06,2026-05-18,85,3168.68,In Transit,Electronics
4853,356,Warehouse_D,2026-05-23,2026-05-29,93,7386.37,Delivered,Automotive
4854,468,Warehouse_C,2026-05-27,2026-06-13,25,4447.63,Delivered,Automotive
4855,404,Warehouse_A,2026-05-18,2026-05-20,90,1016.56,In Transit,FMCG
4856,394,Warehouse_C,2026-05-19,2026-05-20,68,1318.89,Delivered,FMCG
4857,151,Warehouse_D,2026-05-07,2026-05-12,52,6870.31,Cancelled,Pharma
4858,80,Warehouse_C,2026-05-23,2026-06-03,4,838.42,Delayed,Electronics
4859,61,Warehouse_E,2026-05-10,2026-05-30,81,7379.55,Cancelled,FMCG
4860,207,Warehouse_E,2026-05-31,2026-06-15,24,9018.28,In Transit,Industrial
4861,216,Warehouse_E,2026-05-06,2026-05-13,7,6342.68,Delayed,FMCG
4862,184,Warehouse_D,2026-06-02,2026-06-08,57,8902.31,Delivered,Industrial
4863,498,Warehouse_E,2026-05-13,2026-05-17,71,8219.37,In Transit,Pharma
4864,54,Warehouse_D,2026-06-04,2026-06-14,62,7430.45,In Transit,Pharma
4865,183,Warehouse_B,2026-05-09,2026-05-14,59,9949.67,Cancelled,Electronics
4866,492,Warehouse_C,2026-05-18,2026-06-02,59,384.63,Delivered,FMCG
4867,202,Warehouse_A,2026-05-26,2026-05-28,19,2057.06,Delivered,Industrial
4868,181,Warehouse_C,2026-06-04,2026-06-13,54,6688.73,In Transit,Industrial
4869,324,Warehouse_D,2026-05-28,2026-06-15,29,1902.35,Delivered,Industrial
4870,318,Warehouse_B,2026-05-12,2026-05-22,26,540.46,Delayed,Pharma
4871,230,Warehouse_C,2026-05-11,2026-05-26,11,2220.62,Delayed,Pharma
4872,148,Warehouse_A,2026-05-15,2026-05-28,17,8741.53,In Transit,FMCG
4873,267,Warehouse_D,2026-05-31,2026-06-07,80,9928.13,In Transit,FMCG
4874,254,Warehouse_E,2026-06-02,2026-06-21,38,4460.94,Cancelled,Industrial
4875,392,Warehouse_D,2026-05-22,2026-06-09,65,3150.95,Cancelled,Automotive
4876,496,Warehouse_E,2026-05-10,2026-05-12,79,497.43,Delivered,Industrial
4877,370,Warehouse_D,2026-05-30,2026-06-12,97,5910.55,In Transit,Pharma
4878,200,Warehouse_D,2026-05-22,2026-05-26,17,1349.47,Delayed,FMCG
4879,326,Warehouse_B,2026-05-14,2026-05-20,26,2199.42,In Transit,Pharma
4880,178,Warehouse_D,2026-05-31,2026-06-18,35,8759.52,Delivered,FMCG
4881,83,Warehouse_C,2026-05-23,2026-05-31,7,3734.41,Cancelled,FMCG
4882,40,Warehouse_A,2026-05-10,2026-05-20,66,8248.45,Cancelled,FMCG
4883,212,Warehouse_D,2026-05-08,2026-05-28,5,5030.03,Delivered,FMCG
4884,363,Warehouse_B,2026-05-24,2026-06-05,68,6469.58,Delivered,Industrial
4885,452,Warehouse_C,2026-05-16,2026-05-23,23,1257.98,In Transit,Automotive
4886,147,Warehouse_C,2026-06-01,2026-06-08,89,8747.4,Cancelled,Automotive
4887,188,Warehouse_B,2026-06-03,2026-06-17,66,9382.11,Delivered,FMCG
4888,491,Warehouse_E,2026-05-30,2026-06-02,69,1728.14,Cancelled,Electronics
4889,83,Warehouse_A,2026-05-28,2026-06-06,9,7022.1,Cancelled,FMCG
4890,55,Warehouse_A,2026-05-13,2026-05-24,8,8549.15,Cancelled,Industrial
4891,275,Warehouse_A,2026-05-16,2026-06-01,21,3950.87,Cancelled,Pharma
4892,58,Warehouse_A,2026-05-14,2026-05-25,40,5964.58,Cancelled,FMCG
4893,47,Warehouse_D,2026-05-19,2026-05-20,81,9978.66,Cancelled,FMCG
4894,29,Warehouse_B,2026-05-10,2026-05-26,35,205.18,In Transit,FMCG
4895,97,Warehouse_B,2026-05-29,2026-06-10,91,3930.76,Delivered,Electronics
4896,398,Warehouse_D,2026-05-12,2026-06-01,24,8799.96,In Transit,FMCG
4897,269,Warehouse_B,2026-05-11,2026-05-23,66,2883.8,Cancelled,Pharma
4898,21,Warehouse_C,2026-05-06,2026-05-21,40,1793.33,In Transit,Automotive
4899,5,Warehouse_B,2026-05-11,2026-05-26,60,4293.83,Cancelled,Pharma
4900,492,Warehouse_A,2026-05-15,2026-05-21,62,7704.95,Cancelled,Industrial
4901,380,Warehouse_B,2026-05-07,2026-05-09,97,1915.9,Cancelled,Electronics
4902,289,Warehouse_D,2026-05-16,2026-05-23,99,9244.47,Cancelled,Industrial
4903,331,Warehouse_B,2026-05-24,2026-05-30,3,3963.9,Delayed,Automotive
4904,348,Warehouse_C,2026-05-11,2026-05-21,45,7802.5,Delivered,Pharma
4905,174,Warehouse_A,2026-05-31,2026-06-05,99,1664.84,Delivered,Electronics
4906,66,Warehouse_D,2026-05-31,2026-06-06,1,4265.49,In Transit,FMCG
4907,348,Warehouse_B,2026-05-25,2026-06-09,41,1832.83,In Transit,Electronics
4908,17,Warehouse_B,2026-05-14,2026-05-19,78,8534.01,In Transit,Automotive
4909,367,Warehouse_D,2026-05-23,2026-06-03,81,9061.32,Delivered,FMCG
4910,23,Warehouse_A,2026-06-04,2026-06-07,50,9838.85,In Transit,Electronics
4911,316,Warehouse_D,2026-06-04,2026-06-11,75,3839.54,In Transit,Automotive
4912,316,Warehouse_C,2026-05-06,2026-05-12,9,492.92,Delayed,Pharma
4913,369,Warehouse_B,2026-05-13,2026-05-23,91,955.43,Cancelled,Automotive
4914,168,Warehouse_C,2026-05-10,2026-05-30,62,5975.23,In Transit,FMCG
4915,20,Warehouse_D,2026-05-18,2026-05-24,67,6758.76,Delivered,Electronics
4916,447,Warehouse_D,2026-05-27,2026-06-04,40,5418.25,Delayed,Pharma
4917,81,Warehouse_E,2026-05-19,2026-06-07,1,311.32,Delivered,Pharma
4918,346,Warehouse_C,2026-05-06,2026-05-11,76,6464.93,In Transit,Industrial
4919,340,Warehouse_C,2026-05-23,2026-05-29,22,3591.29,In Transit,Electronics
4920,194,Warehouse_A,2026-05-14,2026-06-01,97,777.07,Cancelled,Industrial
4921,415,Warehouse_A,2026-06-01,2026-06-18,71,2909.8,In Transit,Pharma
4922,398,Warehouse_B,2026-05-14,2026-05-24,97,8166.19,Cancelled,Pharma
4923,53,Warehouse_C,2026-05-15,2026-05-25,44,3330.48,In Transit,Electronics
4924,487,Warehouse_E,2026-05-14,2026-05-30,27,9788.12,In Transit,Electronics
4925,29,Warehouse_B,2026-05-18,2026-05-25,84,2451.03,Delayed,Automotive
4926,81,Warehouse_B,2026-05-12,2026-05-21,22,2077.1,In Transit,Electronics
4927,313,Warehouse_C,2026-05-30,2026-06-17,57,3796.75,Delivered,Industrial
4928,167,Warehouse_D,2026-05-12,2026-05-13,64,6566.02,In Transit,Automotive
4929,143,Warehouse_C,2026-05-22,2026-06-02,12,5062.07,In Transit,Electronics
4930,437,Warehouse_B,2026-05-16,2026-05-22,64,3662.56,Delayed,Electronics
4931,358,Warehouse_C,2026-05-14,2026-06-02,66,6561.91,Cancelled,Industrial
4932,36,Warehouse_E,2026-06-01,2026-06-07,31,9123.69,In Transit,FMCG
4933,6,Warehouse_C,2026-05-12,2026-05-14,8,6086.21,In Transit,Pharma
4934,440,Warehouse_D,2026-05-15,2026-05-25,38,357.16,Delivered,Pharma
4935,84,Warehouse_D,2026-05-21,2026-05-28,78,9886.55,Cancelled,Pharma
4936,244,Warehouse_A,2026-05-24,2026-06-02,64,6727.45,In Transit,Industrial
4937,172,Warehouse_E,2026-05-30,2026-06-07,47,5730.39,In Transit,Industrial
4938,361,Warehouse_A,2026-06-04,2026-06-16,60,3874.15,Cancelled,Pharma
4939,35,Warehouse_E,2026-06-04,2026-06-22,15,9257.23,Cancelled,Industrial
4940,306,Warehouse_D,2026-05-25,2026-06-12,19,1131.39,In Transit,Industrial
4941,437,Warehouse_E,2026-05-13,2026-05-19,55,4901.38,Delivered,Electronics
4942,182,Warehouse_D,2026-05-30,2026-06-14,87,2575.41,Delayed,Electronics
4943,103,Warehouse_E,2026-05-27,2026-05-28,68,8922.97,Cancelled,Electronics
4944,12,Warehouse_E,2026-05-09,2026-05-12,26,1558.5,Cancelled,Pharma
4945,478,Warehouse_A,2026-05-28,2026-06-14,15,5807.9,Cancelled,Automotive
4946,494,Warehouse_E,2026-05-10,2026-05-19,54,8709.7,Delayed,FMCG
4947,311,Warehouse_A,2026-06-02,2026-06-21,79,6128.46,Cancelled,Electronics
4948,333,Warehouse_A,2026-05-14,2026-05-27,15,1315.88,Delayed,Pharma
4949,428,Warehouse_A,2026-05-18,2026-06-07,77,9451.34,Delivered,Pharma
4950,295,Warehouse_D,2026-05-18,2026-06-02,3,9042.42,Delayed,FMCG
4951,121,Warehouse_C,2026-05-10,2026-05-30,47,6602.01,Delayed,Pharma
4952,389,Warehouse_A,2026-05-10,2026-05-20,77,5193.03,In Transit,Electronics
4953,8,Warehouse_E,2026-05-11,2026-05-23,74,9982.6,Cancelled,Automotive
4954,274,Warehouse_C,2026-05-19,2026-05-20,19,5994.47,Delayed,Electronics
4955,446,Warehouse_E,2026-06-03,2026-06-22,2,2730.22,Delivered,Electronics
4956,197,Warehouse_A,2026-05-15,2026-05-17,5,8762.08,Delayed,Industrial
4957,219,Warehouse_A,2026-06-02,2026-06-11,18,1265.32,Cancelled,FMCG
4958,263,Warehouse_C,2026-05-27,2026-06-06,52,1390.89,Delayed,Automotive
4959,453,Warehouse_C,2026-05-21,2026-06-01,4,970.85,In Transit,FMCG
4960,409,Warehouse_A,2026-05-08,2026-05-26,6,3478.27,In Transit,Electronics
4961,199,Warehouse_B,2026-06-01,2026-06-20,9,1046.99,In Transit,Electronics
4962,417,Warehouse_E,2026-06-01,2026-06-11,50,7366.66,Delivered,FMCG
4963,105,Warehouse_E,2026-05-24,2026-05-29,71,8521.01,In Transit,FMCG
4964,239,Warehouse_D,2026-05-13,2026-06-02,97,5705.14,Cancelled,Pharma
4965,120,Warehouse_E,2026-06-01,2026-06-05,92,7217.24,Delivered,Automotive
4966,163,Warehouse_C,2026-05-27,2026-06-16,18,1358.64,Delivered,Pharma
4967,128,Warehouse_D,2026-05-25,2026-05-28,4,3143.27,Cancelled,Automotive
4968,221,Warehouse_D,2026-05-09,2026-05-29,67,3675.08,Cancelled,Electronics
4969,50,Warehouse_B,2026-05-09,2026-05-18,22,6757.3,In Transit,Electronics
4970,403,Warehouse_C,2026-05-23,2026-06-05,10,1631.57,Delayed,FMCG
4971,233,Warehouse_A,2026-05-16,2026-05-24,72,186.28,Delivered,Automotive
4972,498,Warehouse_B,2026-05-17,2026-06-06,45,833.32,In Transit,Pharma
4973,271,Warehouse_C,2026-05-29,2026-06-18,34,8703.58,Delivered,FMCG
4974,192,Warehouse_B,2026-05-29,2026-06-06,88,3184.07,Delivered,FMCG
4975,279,Warehouse_D,2026-05-15,2026-05-20,94,4863.0,Cancelled,Electronics
4976,429,Warehouse_A,2026-05-29,2026-06-01,61,9740.64,In Transit,Automotive
4977,259,Warehouse_A,2026-05-09,2026-05-14,67,3641.23,Delivered,FMCG
4978,371,Warehouse_E,2026-05-31,2026-06-03,63,1996.41,Delivered,Automotive
4979,160,Warehouse_E,2026-06-03,2026-06-07,51,2820.2,In Transit,Electronics
4980,457,Warehouse_C,2026-05-29,2026-06-05,57,3123.26,Delayed,Automotive
4981,377,Warehouse_B,2026-06-03,2026-06-23,68,5514.49,Delayed,FMCG
4982,415,Warehouse_B,2026-05-19,2026-06-06,92,7351.85,Delayed,Automotive
4983,482,Warehouse_B,2026-05-27,2026-06-03,55,2871.99,In Transit,Automotive
4984,294,Warehouse_C,2026-05-18,2026-05-21,2,3916.57,Delayed,Electronics
4985,225,Warehouse_B,2026-05-27,2026-06-05,4,9633.12,Cancelled,Electronics
4986,205,Warehouse_A,2026-05-20,2026-06-03,49,8826.67,In Transit,Automotive
4987,175,Warehouse_A,2026-05-09,2026-05-25,89,7958.1,In Transit,Industrial
4988,248,Warehouse_D,2026-05-15,2026-05-19,76,2781.54,In Transit,FMCG
4989,372,Warehouse_D,2026-06-04,2026-06-10,22,2111.44,Delayed,Automotive
4990,346,Warehouse_D,2026-05-16,2026-05-20,70,972.63,Cancelled,FMCG
4991,235,Warehouse_B,2026-06-03,2026-06-20,81,5005.34,Delivered,Automotive
4992,391,Warehouse_C,2026-05-19,2026-05-22,13,9939.49,Cancelled,FMCG
4993,10,Warehouse_C,2026-05-16,2026-06-01,34,1257.03,In Transit,Industrial
4994,142,Warehouse_C,2026-05-28,2026-06-12,69,785.45,Cancelled,FMCG
4995,4,Warehouse_B,2026-05-30,2026-06-13,24,5305.66,Delivered,Automotive
4996,242,Warehouse_B,2026-05-29,2026-06-02,64,9677.73,Delayed,Industrial
4997,409,Warehouse_D,2026-05-21,2026-06-05,7,4835.98,Cancelled,Automotive
4998,184,Warehouse_C,2026-05-25,2026-06-10,46,952.84,Delivered,Industrial
4999,439,Warehouse_D,2026-06-04,2026-06-22,49,9793.88,In Transit,Electronics
5000,405,Warehouse_E,2026-05-27,2026-05-29,88,2206.51,Cancelled,FMCG
5001,22,Warehouse_C,2026-05-29,2026-06-05,72,7511.56,Delivered,Electronics
5002,328,Warehouse_D,2026-05-18,2026-05-20,10,5688.55,Delivered,Electronics
5003,86,Warehouse_D,2026-05-08,2026-05-19,66,5450.24,Delivered,FMCG
5004,324,Warehouse_C,2026-05-28,2026-06-06,30,721.94,Delayed,Automotive
5005,193,Warehouse_B,2026-05-16,2026-06-03,43,1895.04,Delivered,FMCG
5006,459,Warehouse_C,2026-05-26,2026-06-01,49,1984.07,Cancelled,FMCG
5007,140,Warehouse_E,2026-05-10,2026-05-13,79,8429.78,Delivered,FMCG
5008,127,Warehouse_B,2026-05-21,2026-06-01,45,1172.01,Delivered,Industrial
5009,316,Warehouse_A,2026-05-30,2026-06-08,98,5495.0,Cancelled,Automotive
5010,66,Warehouse_A,2026-05-29,2026-05-31,42,7824.09,In Transit,Automotive
5011,358,Warehouse_A,2026-05-07,2026-05-10,51,7535.76,In Transit,Pharma
5012,363,Warehouse_B,2026-05-30,2026-06-13,78,9440.72,Delayed,Electronics
5013,496,Warehouse_C,2026-05-18,2026-05-25,44,8484.54,Cancelled,Pharma
5014,20,Warehouse_E,2026-05-21,2026-06-01,10,320.66,Delayed,FMCG
5015,59,Warehouse_C,2026-06-02,2026-06-10,100,5379.95,Delivered,Electronics
5016,139,Warehouse_A,2026-05-24,2026-06-09,24,3959.64,Cancelled,FMCG
5017,296,Warehouse_C,2026-05-14,2026-05-16,76,4836.07,Delayed,Automotive
5018,19,Warehouse_D,2026-05-25,2026-06-07,4,830.04,Delayed,Electronics
5019,342,Warehouse_A,2026-05-08,2026-05-12,61,9779.5,In Transit,Electronics
5020,155,Warehouse_C,2026-05-16,2026-06-01,91,4895.65,Delayed,Electronics
5021,281,Warehouse_B,2026-06-01,2026-06-16,58,6153.32,Delayed,Industrial
5022,439,Warehouse_D,2026-05-19,2026-06-07,76,4455.07,Delayed,FMCG
5023,132,Warehouse_B,2026-06-04,2026-06-20,81,9517.66,Cancelled,Industrial
5024,440,Warehouse_C,2026-05-18,2026-05-28,83,8510.3,Cancelled,Automotive
5025,429,Warehouse_D,2026-05-10,2026-05-16,89,7174.92,Delayed,Pharma
5026,56,Warehouse_E,2026-05-12,2026-06-01,53,1708.19,Delayed,Industrial
5027,144,Warehouse_D,2026-05-29,2026-06-01,91,7218.03,Delayed,Electronics
5028,495,Warehouse_B,2026-05-28,2026-06-01,41,1011.86,Cancelled,Automotive
5029,122,Warehouse_A,2026-05-21,2026-05-26,5,8936.95,Cancelled,Electronics
5030,221,Warehouse_D,2026-05-23,2026-06-05,13,8214.61,Cancelled,FMCG
5031,300,Warehouse_E,2026-05-20,2026-06-02,16,6436.29,Delayed,Automotive
5032,496,Warehouse_B,2026-05-27,2026-05-31,86,486.0,Delivered,Pharma
5033,384,Warehouse_A,2026-06-02,2026-06-12,63,2121.22,In Transit,Pharma
5034,460,Warehouse_E,2026-05-27,2026-06-16,64,5379.96,In Transit,Pharma
5035,236,Warehouse_C,2026-05-06,2026-05-07,55,9450.63,In Transit,Pharma
5036,284,Warehouse_E,2026-05-27,2026-06-12,64,958.41,Delayed,Electronics
5037,44,Warehouse_E,2026-05-28,2026-06-08,2,1037.47,Delivered,Automotive
5038,232,Warehouse_B,2026-05-29,2026-06-17,88,3837.98,In Transit,Industrial
5039,15,Warehouse_A,2026-05-22,2026-05-29,23,2315.77,Delivered,Automotive
5040,222,Warehouse_B,2026-05-17,2026-05-19,71,3188.83,Delayed,FMCG
5041,346,Warehouse_A,2026-05-30,2026-06-14,50,7801.38,Cancelled,Industrial
5042,323,Warehouse_C,2026-05-13,2026-05-22,47,5622.57,Delivered,Electronics
5043,296,Warehouse_D,2026-05-25,2026-05-28,88,8434.29,Delayed,Industrial
5044,94,Warehouse_D,2026-05-11,2026-05-16,13,9715.95,In Transit,Electronics
5045,212,Warehouse_B,2026-06-03,2026-06-04,22,8695.52,Delayed,Industrial
5046,395,Warehouse_D,2026-05-06,2026-05-11,74,8362.82,Delivered,Industrial
5047,64,Warehouse_B,2026-06-03,2026-06-08,66,4387.36,Delayed,Automotive
5048,263,Warehouse_D,2026-05-13,2026-06-01,55,9512.84,Delayed,Automotive
5049,339,Warehouse_E,2026-05-16,2026-05-23,27,1100.18,Cancelled,Pharma
5050,352,Warehouse_A,2026-05-10,2026-05-26,7,8357.87,Cancelled,Pharma
5051,387,Warehouse_A,2026-06-03,2026-06-18,41,6769.08,Delivered,Pharma
5052,413,Warehouse_B,2026-05-28,2026-06-14,95,6089.21,Delivered,Pharma
5053,151,Warehouse_B,2026-05-10,2026-05-11,79,9724.84,Delayed,Electronics
5054,191,Warehouse_A,2026-05-29,2026-06-17,9,2030.51,Cancelled,Industrial
5055,396,Warehouse_E,2026-05-06,2026-05-07,20,9718.59,Cancelled,Industrial
5056,16,Warehouse_C,2026-05-20,2026-05-27,85,4058.83,Cancelled,Industrial
5057,315,Warehouse_B,2026-06-04,2026-06-22,4,3307.66,Cancelled,Industrial
5058,402,Warehouse_B,2026-05-26,2026-05-31,35,3606.68,In Transit,Pharma
5059,49,Warehouse_D,2026-05-06,2026-05-11,12,3609.21,Delayed,Automotive
5060,101,Warehouse_C,2026-05-13,2026-05-31,11,6993.41,In Transit,Electronics
5061,179,Warehouse_E,2026-05-19,2026-06-04,77,186.59,In Transit,Industrial
5062,118,Warehouse_C,2026-05-29,2026-05-31,27,2011.01,Delivered,Industrial
5063,262,Warehouse_D,2026-05-26,2026-06-07,3,7479.61,Delivered,FMCG
5064,352,Warehouse_C,2026-05-13,2026-05-22,32,4716.97,Delivered,Pharma
5065,362,Warehouse_B,2026-05-08,2026-05-17,49,9124.83,Delayed,FMCG
5066,89,Warehouse_E,2026-05-26,2026-06-12,32,4888.27,Delivered,FMCG
5067,422,Warehouse_C,2026-05-18,2026-06-01,33,2309.1,In Transit,Electronics
5068,216,Warehouse_C,2026-05-19,2026-05-26,93,4145.24,Cancelled,Electronics
5069,374,Warehouse_A,2026-05-23,2026-05-29,22,2651.96,Cancelled,FMCG
5070,131,Warehouse_D,2026-05-20,2026-05-25,92,4144.31,Delayed,Automotive
5071,474,Warehouse_C,2026-06-01,2026-06-11,81,2597.66,Delayed,Automotive
5072,73,Warehouse_C,2026-05-06,2026-05-16,44,3904.67,Cancelled,Pharma
5073,391,Warehouse_A,2026-05-06,2026-05-10,33,8582.37,Delivered,Electronics
5074,324,Warehouse_E,2026-05-27,2026-05-30,53,6466.17,Cancelled,FMCG
5075,201,Warehouse_A,2026-05-22,2026-05-30,82,4417.8,Delivered,Pharma
5076,30,Warehouse_E,2026-05-25,2026-06-08,28,7850.58,Cancelled,Industrial
5077,129,Warehouse_B,2026-05-31,2026-06-01,13,2745.16,Delivered,Automotive
5078,443,Warehouse_E,2026-05-22,2026-05-30,19,2106.62,Delayed,FMCG
5079,343,Warehouse_B,2026-05-08,2026-05-15,35,2337.27,In Transit,Automotive
5080,330,Warehouse_E,2026-05-30,2026-06-19,13,1846.0,Delivered,Automotive
5081,82,Warehouse_A,2026-05-18,2026-05-26,37,9558.72,In Transit,Electronics
5082,460,Warehouse_A,2026-05-25,2026-05-29,55,923.79,Delivered,FMCG
5083,205,Warehouse_C,2026-06-04,2026-06-20,94,6994.88,Cancelled,FMCG
5084,423,Warehouse_C,2026-05-07,2026-05-10,48,5890.41,In Transit,FMCG
5085,497,Warehouse_C,2026-05-15,2026-06-01,29,360.48,Delayed,FMCG
5086,25,Warehouse_D,2026-05-25,2026-05-26,80,3442.86,Cancelled,Electronics
5087,79,Warehouse_A,2026-06-04,2026-06-05,37,7026.52,Cancelled,FMCG
5088,13,Warehouse_B,2026-05-11,2026-05-16,32,8410.14,Delayed,Electronics
5089,202,Warehouse_B,2026-05-09,2026-05-20,38,8516.63,Cancelled,FMCG
5090,283,Warehouse_C,2026-05-17,2026-05-18,91,643.47,In Transit,Electronics
5091,270,Warehouse_B,2026-05-21,2026-06-03,63,8090.79,In Transit,Industrial
5092,398,Warehouse_D,2026-05-18,2026-05-26,87,9862.77,In Transit,Automotive
5093,439,Warehouse_A,2026-05-12,2026-05-15,22,6613.09,Cancelled,Pharma
5094,40,Warehouse_B,2026-06-03,2026-06-09,69,3505.24,In Transit,FMCG
5095,400,Warehouse_A,2026-05-18,2026-06-01,42,8658.28,Delivered,FMCG
5096,115,Warehouse_D,2026-05-14,2026-05-28,19,3717.77,Delivered,Industrial
5097,330,Warehouse_B,2026-05-14,2026-05-21,72,3979.62,Delivered,Automotive
5098,34,Warehouse_D,2026-06-04,2026-06-18,27,1990.85,Cancelled,Electronics
5099,450,Warehouse_B,2026-05-13,2026-05-31,89,6640.34,Delivered,Pharma
5100,69,Warehouse_B,2026-05-16,2026-05-18,17,5285.5,In Transit,Electronics
5101,179,Warehouse_D,2026-05-14,2026-05-15,10,3918.07,Delayed,FMCG
5102,332,Warehouse_A,2026-05-28,2026-06-09,57,3421.69,Cancelled,Industrial
5103,173,Warehouse_C,2026-05-27,2026-05-28,30,2476.87,Delayed,Pharma
5104,374,Warehouse_B,2026-05-14,2026-05-21,57,4272.35,Cancelled,Automotive
5105,96,Warehouse_C,2026-05-15,2026-06-01,71,3123.74,In Transit,Electronics
5106,359,Warehouse_B,2026-05-22,2026-06-05,96,3254.46,Cancelled,Pharma
5107,179,Warehouse_E,2026-05-20,2026-06-05,16,9648.83,Delayed,Automotive
5108,285,Warehouse_D,2026-06-04,2026-06-18,62,1192.83,Cancelled,Industrial
5109,476,Warehouse_D,2026-05-17,2026-05-30,45,6632.77,Delayed,Electronics
5110,269,Warehouse_C,2026-05-26,2026-06-13,64,2461.65,Delayed,Pharma
5111,336,Warehouse_A,2026-05-27,2026-06-14,66,3159.23,In Transit,Industrial
5112,269,Warehouse_E,2026-05-28,2026-06-17,79,6390.76,Delivered,Industrial
5113,390,Warehouse_A,2026-06-04,2026-06-07,65,740.23,Cancelled,Industrial
5114,145,Warehouse_A,2026-05-15,2026-06-04,2,9562.27,In Transit,Industrial
5115,339,Warehouse_C,2026-05-16,2026-06-04,30,7528.43,Delivered,Automotive
5116,21,Warehouse_E,2026-05-07,2026-05-12,74,2285.44,Delivered,Industrial
5117,417,Warehouse_A,2026-05-08,2026-05-24,41,9844.71,Delayed,Pharma
5118,169,Warehouse_A,2026-05-18,2026-06-02,27,4931.6,Delivered,Pharma
5119,220,Warehouse_C,2026-05-12,2026-05-23,42,1185.69,Delivered,FMCG
5120,349,Warehouse_B,2026-05-17,2026-05-18,55,2892.69,Cancelled,Electronics
5121,432,Warehouse_A,2026-05-30,2026-06-13,22,3775.47,Delayed,Industrial
5122,490,Warehouse_D,2026-05-16,2026-05-28,93,8561.2,Cancelled,FMCG
5123,492,Warehouse_E,2026-05-10,2026-05-25,41,4358.57,Delivered,FMCG
5124,150,Warehouse_E,2026-05-09,2026-05-12,10,9028.95,In Transit,Electronics
5125,159,Warehouse_C,2026-05-08,2026-05-13,24,8141.1,Cancelled,Automotive
5126,334,Warehouse_E,2026-05-14,2026-06-01,42,7876.7,Cancelled,Automotive
5127,320,Warehouse_C,2026-05-06,2026-05-18,22,9838.83,Delivered,Pharma
5128,360,Warehouse_D,2026-06-02,2026-06-17,49,2206.78,Delivered,Electronics
5129,288,Warehouse_A,2026-05-16,2026-05-22,97,9203.75,Cancelled,Pharma
5130,118,Warehouse_C,2026-05-24,2026-06-03,60,3194.13,Delayed,FMCG
5131,187,Warehouse_B,2026-06-02,2026-06-11,68,9717.22,In Transit,Pharma
5132,119,Warehouse_D,2026-05-31,2026-06-06,58,5412.03,In Transit,Pharma
5133,258,Warehouse_E,2026-05-24,2026-05-25,24,2904.88,Cancelled,Electronics
5134,493,Warehouse_E,2026-06-02,2026-06-08,3,8635.65,Cancelled,Pharma
5135,424,Warehouse_E,2026-05-06,2026-05-11,25,2508.2,Delayed,FMCG
5136,367,Warehouse_E,2026-06-02,2026-06-06,24,1018.6,Cancelled,Electronics
5137,402,Warehouse_B,2026-05-08,2026-05-16,51,3788.49,Cancelled,Pharma
5138,185,Warehouse_B,2026-05-17,2026-05-31,73,5673.26,Cancelled,Electronics
5139,307,Warehouse_A,2026-05-27,2026-05-28,7,5322.52,Cancelled,Pharma
5140,356,Warehouse_C,2026-05-17,2026-05-19,98,5150.93,Delivered,Electronics
5141,344,Warehouse_A,2026-05-06,2026-05-17,93,8224.71,Delivered,Pharma
5142,243,Warehouse_A,2026-05-18,2026-05-23,30,3519.91,Delivered,FMCG
5143,49,Warehouse_E,2026-05-16,2026-05-20,33,9641.31,Delayed,FMCG
5144,13,Warehouse_B,2026-05-14,2026-06-03,86,6305.96,In Transit,Electronics
5145,443,Warehouse_D,2026-05-31,2026-06-03,52,6834.05,In Transit,Pharma
5146,408,Warehouse_A,2026-06-02,2026-06-08,84,8902.61,In Transit,FMCG
5147,159,Warehouse_E,2026-05-18,2026-05-28,80,5190.04,In Transit,Electronics
5148,353,Warehouse_D,2026-05-27,2026-06-05,79,9722.74,Cancelled,Electronics
5149,447,Warehouse_B,2026-05-16,2026-05-31,35,2537.3,In Transit,Pharma
5150,494,Warehouse_B,2026-05-19,2026-05-26,10,6714.18,In Transit,FMCG
5151,300,Warehouse_E,2026-05-14,2026-05-31,17,6368.98,Cancelled,Pharma
5152,103,Warehouse_B,2026-05-19,2026-06-01,6,349.44,Delivered,Industrial
5153,453,Warehouse_B,2026-05-08,2026-05-25,82,997.14,Delayed,Industrial
5154,25,Warehouse_B,2026-05-16,2026-05-31,35,9465.55,Delayed,Pharma
5155,371,Warehouse_B,2026-05-08,2026-05-23,6,3971.38,Cancelled,Automotive
5156,137,Warehouse_E,2026-05-25,2026-05-30,76,1422.99,In Transit,Electronics
5157,135,Warehouse_A,2026-05-12,2026-05-29,66,4969.49,In Transit,Industrial
5158,220,Warehouse_E,2026-05-14,2026-05-21,100,8363.98,Delayed,Pharma
5159,179,Warehouse_D,2026-05-10,2026-05-18,67,7266.37,Delivered,Pharma
5160,473,Warehouse_D,2026-06-01,2026-06-19,59,1117.79,Cancelled,Automotive
5161,83,Warehouse_A,2026-05-16,2026-05-29,2,5023.82,Delivered,Automotive
5162,323,Warehouse_B,2026-05-12,2026-05-24,4,6327.6,Cancelled,Automotive
5163,138,Warehouse_A,2026-05-23,2026-05-28,60,2467.99,Delayed,FMCG
5164,488,Warehouse_C,2026-05-19,2026-05-20,46,6635.63,Delayed,Automotive
5165,34,Warehouse_D,2026-05-17,2026-05-23,32,934.54,In Transit,Automotive
5166,289,Warehouse_C,2026-05-26,2026-06-08,33,2334.54,Delayed,Pharma
5167,119,Warehouse_E,2026-05-22,2026-06-03,17,3225.13,Cancelled,Industrial
5168,396,Warehouse_C,2026-05-30,2026-06-09,8,7519.27,In Transit,Industrial
5169,255,Warehouse_E,2026-06-03,2026-06-16,80,1828.07,In Transit,Automotive
5170,210,Warehouse_B,2026-05-17,2026-06-01,8,1778.67,Cancelled,Automotive
5171,179,Warehouse_A,2026-05-11,2026-05-13,79,8966.35,In Transit,Automotive
5172,457,Warehouse_E,2026-05-21,2026-05-30,66,7369.34,Delayed,Automotive
5173,130,Warehouse_E,2026-05-11,2026-05-25,52,2683.09,Cancelled,Industrial
5174,441,Warehouse_B,2026-05-12,2026-05-15,24,2902.85,Delayed,Electronics
5175,269,Warehouse_B,2026-05-23,2026-05-24,51,6872.57,In Transit,Industrial
5176,120,Warehouse_C,2026-05-25,2026-05-28,57,3946.82,Delivered,Automotive
5177,108,Warehouse_E,2026-05-08,2026-05-09,12,5746.82,Cancelled,Electronics
5178,477,Warehouse_C,2026-05-26,2026-06-11,19,3912.72,Cancelled,FMCG
5179,455,Warehouse_E,2026-05-27,2026-06-14,70,6540.81,Delayed,Industrial
5180,314,Warehouse_B,2026-05-20,2026-06-02,11,4013.2,Cancelled,Automotive
5181,37,Warehouse_B,2026-06-01,2026-06-11,60,6092.29,Cancelled,FMCG
5182,136,Warehouse_E,2026-05-12,2026-05-19,46,5438.83,Delivered,Industrial
5183,213,Warehouse_C,2026-05-13,2026-05-31,89,2790.76,Delayed,FMCG
5184,330,Warehouse_D,2026-05-31,2026-06-09,81,8928.48,In Transit,Pharma
5185,346,Warehouse_A,2026-05-17,2026-06-02,95,7258.24,In Transit,Pharma
5186,178,Warehouse_E,2026-05-12,2026-05-29,53,1634.58,Delivered,Electronics
5187,87,Warehouse_B,2026-05-08,2026-05-26,29,1313.47,In Transit,Pharma
5188,357,Warehouse_A,2026-05-10,2026-05-28,41,6642.33,In Transit,Industrial
5189,253,Warehouse_B,2026-05-15,2026-05-31,9,548.01,Delayed,Industrial
5190,165,Warehouse_D,2026-05-14,2026-05-18,14,858.04,Delayed,Electronics
5191,122,Warehouse_C,2026-05-22,2026-06-07,49,6217.27,Delayed,Automotive
5192,199,Warehouse_C,2026-05-24,2026-05-25,64,1319.52,In Transit,Pharma
5193,366,Warehouse_B,2026-05-23,2026-05-30,45,4553.89,Delayed,FMCG
5194,430,Warehouse_B,2026-05-26,2026-05-29,38,165.77,Cancelled,FMCG
5195,215,Warehouse_C,2026-06-01,2026-06-13,67,4387.07,Cancelled,FMCG
5196,107,Warehouse_A,2026-05-14,2026-05-31,34,2371.36,In Transit,Pharma
5197,192,Warehouse_C,2026-06-02,2026-06-18,100,8174.06,In Transit,Automotive
5198,6,Warehouse_D,2026-06-01,2026-06-05,3,7813.22,Delivered,FMCG
5199,451,Warehouse_D,2026-05-17,2026-05-29,52,1983.19,In Transit,Pharma
5200,388,Warehouse_D,2026-05-21,2026-06-06,19,5528.26,Cancelled,Industrial
5201,315,Warehouse_B,2026-05-13,2026-05-18,74,6031.11,Delivered,Pharma
5202,269,Warehouse_C,2026-05-31,2026-06-06,61,535.73,Delivered,Pharma
5203,129,Warehouse_A,2026-05-18,2026-05-20,10,3789.2,Delivered,FMCG
5204,315,Warehouse_E,2026-05-31,2026-06-15,30,2987.16,In Transit,Industrial
5205,490,Warehouse_A,2026-05-12,2026-05-18,72,3844.9,Delayed,Electronics
5206,443,Warehouse_A,2026-06-03,2026-06-08,95,8199.73,Delivered,Electronics
5207,183,Warehouse_B,2026-05-07,2026-05-26,56,139.59,Cancelled,FMCG
5208,224,Warehouse_D,2026-05-07,2026-05-12,48,1885.93,In Transit,Industrial
5209,27,Warehouse_D,2026-05-23,2026-06-06,23,1499.21,Delayed,Industrial
5210,116,Warehouse_E,2026-05-29,2026-06-10,87,6879.61,Cancelled,Electronics
5211,142,Warehouse_E,2026-05-12,2026-05-27,93,2359.53,Delivered,Industrial
5212,16,Warehouse_A,2026-05-09,2026-05-11,66,1214.83,Cancelled,Industrial
5213,239,Warehouse_D,2026-05-29,2026-06-04,80,5834.63,In Transit,Industrial
5214,336,Warehouse_D,2026-05-31,2026-06-03,68,6484.57,Delivered,Pharma
5215,498,Warehouse_E,2026-05-29,2026-06-08,93,5182.54,Cancelled,Electronics
5216,185,Warehouse_D,2026-05-29,2026-06-04,49,5183.5,In Transit,Automotive
5217,157,Warehouse_D,2026-05-22,2026-06-10,16,5149.25,Delayed,Industrial
5218,415,Warehouse_E,2026-06-02,2026-06-15,66,6054.19,Delayed,Pharma
5219,459,Warehouse_D,2026-05-29,2026-06-07,48,5257.91,In Transit,Electronics
5220,294,Warehouse_B,2026-05-16,2026-06-03,28,8440.06,Cancelled,Electronics
5221,241,Warehouse_A,2026-05-12,2026-05-26,39,8306.03,Delivered,FMCG
5222,376,Warehouse_B,2026-05-29,2026-06-16,69,4356.12,Cancelled,Pharma
5223,130,Warehouse_A,2026-05-27,2026-06-09,71,6076.07,In Transit,Pharma
5224,365,Warehouse_D,2026-05-22,2026-06-02,91,9109.22,Delayed,FMCG
5225,499,Warehouse_E,2026-06-04,2026-06-10,18,564.24,Delayed,Industrial
5226,212,Warehouse_A,2026-05-16,2026-06-04,34,7500.32,Delivered,Pharma
5227,15,Warehouse_A,2026-06-02,2026-06-10,92,1237.66,Delivered,Pharma
5228,409,Warehouse_E,2026-05-26,2026-06-03,4,3308.47,Cancelled,Electronics
5229,370,Warehouse_B,2026-05-15,2026-05-22,39,4067.62,Delivered,Industrial
5230,309,Warehouse_C,2026-05-09,2026-05-29,44,7095.34,Delayed,FMCG
5231,90,Warehouse_B,2026-05-10,2026-05-18,49,120.25,Cancelled,Automotive
5232,225,Warehouse_A,2026-05-26,2026-06-05,51,5709.57,Cancelled,Automotive
5233,495,Warehouse_E,2026-05-23,2026-06-02,48,9827.85,In Transit,FMCG
5234,312,Warehouse_D,2026-05-20,2026-05-23,10,2672.08,Delivered,Pharma
5235,445,Warehouse_D,2026-05-19,2026-05-28,81,7701.25,Cancelled,Pharma
5236,417,Warehouse_B,2026-05-23,2026-05-29,99,2214.99,Cancelled,Electronics
5237,159,Warehouse_E,2026-05-24,2026-06-07,16,2332.09,Delayed,Pharma
5238,32,Warehouse_B,2026-05-24,2026-06-01,51,2584.17,Delayed,Industrial
5239,128,Warehouse_B,2026-05-14,2026-05-19,49,7423.27,Cancelled,Industrial
5240,26,Warehouse_D,2026-05-22,2026-05-24,38,543.75,Cancelled,FMCG
5241,334,Warehouse_E,2026-05-22,2026-05-26,71,825.94,Delivered,Pharma
5242,401,Warehouse_B,2026-05-08,2026-05-21,89,5076.89,In Transit,FMCG
5243,414,Warehouse_D,2026-05-26,2026-06-14,13,2497.97,Cancelled,Pharma
5244,116,Warehouse_D,2026-05-20,2026-06-05,37,2594.38,Delivered,Electronics
5245,334,Warehouse_D,2026-05-31,2026-06-18,33,8988.81,Delivered,Automotive
5246,317,Warehouse_A,2026-06-01,2026-06-20,88,5240.58,Cancelled,Pharma
5247,235,Warehouse_A,2026-06-04,2026-06-07,57,3105.97,In Transit,Electronics
5248,269,Warehouse_C,2026-05-28,2026-05-31,6,4677.47,Delayed,Automotive
5249,78,Warehouse_A,2026-05-20,2026-06-07,96,7433.8,In Transit,FMCG
5250,327,Warehouse_B,2026-05-17,2026-05-26,49,3745.16,Delayed,Pharma
5251,483,Warehouse_E,2026-05-17,2026-05-27,59,7636.06,Delayed,FMCG
5252,22,Warehouse_D,2026-06-01,2026-06-03,20,5715.1,In Transit,Pharma
5253,165,Warehouse_A,2026-05-23,2026-06-03,10,6566.84,Delayed,Electronics
5254,55,Warehouse_B,2026-05-10,2026-05-19,17,493.49,Delayed,Pharma
5255,261,Warehouse_E,2026-05-22,2026-06-10,36,7356.61,Delayed,FMCG
5256,375,Warehouse_D,2026-05-16,2026-06-03,17,6370.17,Delayed,Electronics
5257,364,Warehouse_E,2026-05-06,2026-05-11,4,1563.39,Delayed,Pharma
5258,286,Warehouse_C,2026-05-22,2026-05-31,97,6685.96,Delivered,Electronics
5259,314,Warehouse_E,2026-05-15,2026-05-18,38,8687.02,Delayed,Electronics
5260,265,Warehouse_A,2026-05-15,2026-05-28,88,9091.03,Delivered,FMCG
5261,285,Warehouse_C,2026-05-23,2026-06-06,33,1911.06,Cancelled,Pharma
5262,228,Warehouse_A,2026-06-02,2026-06-10,55,8440.43,Delivered,Pharma
5263,254,Warehouse_D,2026-05-10,2026-05-22,64,4691.95,Delayed,FMCG
5264,370,Warehouse_C,2026-06-02,2026-06-06,61,2839.82,Delivered,Automotive
5265,319,Warehouse_E,2026-05-25,2026-05-26,12,9385.25,Delayed,FMCG
5266,310,Warehouse_A,2026-05-25,2026-06-13,19,9988.61,Cancelled,FMCG
5267,162,Warehouse_A,2026-05-27,2026-06-12,38,9835.09,Delivered,FMCG
5268,385,Warehouse_A,2026-05-10,2026-05-12,5,505.25,Cancelled,Industrial
5269,119,Warehouse_A,2026-05-06,2026-05-13,58,9328.17,Cancelled,FMCG
5270,268,Warehouse_C,2026-05-17,2026-05-23,30,1627.45,In Transit,Industrial
5271,119,Warehouse_D,2026-05-12,2026-05-22,74,2204.43,In Transit,Automotive
5272,387,Warehouse_A,2026-05-23,2026-06-12,33,786.44,In Transit,Industrial
5273,55,Warehouse_C,2026-05-31,2026-06-07,8,8736.75,In Transit,Automotive
5274,313,Warehouse_E,2026-06-02,2026-06-09,53,3617.75,Delivered,Industrial
5275,376,Warehouse_B,2026-05-29,2026-06-16,79,9726.26,Delayed,Electronics
5276,310,Warehouse_A,2026-05-11,2026-05-28,82,274.94,Cancelled,FMCG
5277,98,Warehouse_D,2026-05-06,2026-05-10,44,5065.98,Delivered,FMCG
5278,374,Warehouse_B,2026-05-31,2026-06-09,25,4413.16,Cancelled,Automotive
5279,67,Warehouse_D,2026-05-29,2026-06-03,41,2368.65,Cancelled,Automotive
5280,408,Warehouse_B,2026-05-25,2026-06-01,2,2485.38,Delayed,Industrial
5281,397,Warehouse_C,2026-05-16,2026-05-20,94,6948.63,Delayed,FMCG
5282,494,Warehouse_D,2026-05-08,2026-05-18,83,9432.74,In Transit,FMCG
5283,188,Warehouse_C,2026-05-23,2026-06-09,89,4468.0,Delivered,Electronics
5284,415,Warehouse_D,2026-06-04,2026-06-08,23,5858.35,Delivered,Pharma
5285,282,Warehouse_B,2026-05-06,2026-05-08,6,7382.79,Cancelled,Pharma
5286,150,Warehouse_E,2026-05-07,2026-05-21,46,5145.05,Delivered,Automotive
5287,34,Warehouse_A,2026-05-06,2026-05-18,71,7383.99,Cancelled,Industrial
5288,276,Warehouse_A,2026-05-10,2026-05-21,60,5756.08,Delayed,Electronics
5289,35,Warehouse_C,2026-05-17,2026-06-01,64,5523.22,Cancelled,Industrial
5290,32,Warehouse_B,2026-05-09,2026-05-13,47,6772.19,Delivered,Automotive
5291,187,Warehouse_A,2026-05-15,2026-05-18,36,1862.4,Cancelled,Automotive
5292,359,Warehouse_B,2026-05-18,2026-06-05,65,4430.91,Delayed,Automotive
5293,118,Warehouse_B,2026-05-12,2026-05-14,31,4450.83,Delayed,Industrial
5294,448,Warehouse_B,2026-05-30,2026-06-03,65,483.08,Cancelled,Industrial
5295,421,Warehouse_A,2026-05-06,2026-05-13,26,9577.33,Delivered,Electronics
5296,48,Warehouse_E,2026-05-31,2026-06-01,67,4707.09,Delayed,Electronics
5297,33,Warehouse_E,2026-05-08,2026-05-21,65,9611.05,In Transit,FMCG
5298,1,Warehouse_C,2026-05-06,2026-05-22,100,1823.01,Cancelled,Industrial
5299,486,Warehouse_E,2026-05-26,2026-06-12,50,2663.21,In Transit,Industrial
5300,144,Warehouse_B,2026-05-08,2026-05-09,49,5792.39,In Transit,Pharma
5301,471,Warehouse_E,2026-05-11,2026-05-20,76,6024.61,Cancelled,Pharma
5302,355,Warehouse_B,2026-05-13,2026-05-16,73,412.06,Delayed,Electronics
5303,435,Warehouse_D,2026-05-21,2026-05-29,24,1464.0,Cancelled,FMCG
5304,99,Warehouse_E,2026-05-23,2026-06-02,46,4953.4,Delivered,Automotive
5305,149,Warehouse_B,2026-05-23,2026-06-08,21,3497.68,In Transit,Industrial
5306,131,Warehouse_C,2026-05-29,2026-06-18,22,1053.1,In Transit,FMCG
5307,120,Warehouse_C,2026-05-19,2026-05-29,43,1692.46,Delayed,Electronics
5308,369,Warehouse_E,2026-05-30,2026-06-16,17,5638.12,Cancelled,Electronics
5309,469,Warehouse_E,2026-05-23,2026-05-24,43,6585.2,Delivered,Industrial
5310,388,Warehouse_E,2026-05-19,2026-05-21,61,2683.46,Delayed,Automotive
5311,107,Warehouse_E,2026-05-09,2026-05-26,20,9499.39,Delivered,Automotive
5312,114,Warehouse_D,2026-05-25,2026-06-10,81,5109.7,Delayed,Electronics
5313,426,Warehouse_D,2026-05-06,2026-05-15,16,3089.98,In Transit,Pharma
5314,244,Warehouse_C,2026-05-17,2026-05-30,5,3386.89,In Transit,Electronics
5315,215,Warehouse_D,2026-05-10,2026-05-26,12,3122.66,Cancelled,Automotive
5316,351,Warehouse_C,2026-05-18,2026-06-04,27,9069.16,Cancelled,Pharma
5317,363,Warehouse_B,2026-05-10,2026-05-18,70,809.46,In Transit,FMCG
5318,172,Warehouse_C,2026-05-12,2026-05-27,2,1252.12,Delayed,Industrial
5319,179,Warehouse_C,2026-05-17,2026-06-04,36,4541.92,Delayed,Industrial
5320,402,Warehouse_A,2026-06-01,2026-06-13,54,3999.69,Cancelled,Industrial
5321,359,Warehouse_C,2026-06-02,2026-06-20,46,3840.81,Cancelled,Electronics
5322,79,Warehouse_B,2026-05-15,2026-05-21,86,1488.45,Cancelled,Automotive
5323,313,Warehouse_D,2026-05-22,2026-05-28,29,6376.72,Delayed,Pharma
5324,178,Warehouse_D,2026-05-27,2026-06-12,68,7157.29,Cancelled,FMCG
5325,396,Warehouse_A,2026-05-14,2026-05-15,48,6602.58,In Transit,Automotive
5326,12,Warehouse_B,2026-06-03,2026-06-14,25,7048.54,Cancelled,FMCG
5327,280,Warehouse_C,2026-05-22,2026-06-08,36,4688.63,In Transit,Pharma
5328,7,Warehouse_C,2026-06-03,2026-06-09,7,5253.51,Cancelled,Automotive
5329,23,Warehouse_A,2026-05-17,2026-05-25,20,3605.19,Delivered,FMCG
5330,40,Warehouse_B,2026-05-14,2026-05-27,96,7343.58,Delayed,Automotive
5331,441,Warehouse_A,2026-05-24,2026-05-25,30,9825.77,Delayed,Electronics
5332,323,Warehouse_A,2026-05-19,2026-05-27,56,1136.33,Cancelled,Electronics
5333,332,Warehouse_B,2026-05-15,2026-05-20,71,197.65,In Transit,FMCG
5334,169,Warehouse_C,2026-05-26,2026-06-13,77,7183.99,Delayed,Automotive
5335,39,Warehouse_C,2026-05-16,2026-05-19,95,6065.31,In Transit,Industrial
5336,6,Warehouse_B,2026-05-06,2026-05-12,69,9523.04,Delivered,Industrial
5337,20,Warehouse_C,2026-05-30,2026-06-06,83,3528.36,Delivered,FMCG
5338,444,Warehouse_C,2026-05-23,2026-06-08,67,5831.38,Cancelled,Pharma
5339,115,Warehouse_C,2026-05-22,2026-05-30,98,4535.75,In Transit,Industrial
5340,339,Warehouse_A,2026-05-27,2026-06-04,22,3648.88,Delayed,Automotive
5341,461,Warehouse_B,2026-05-23,2026-06-06,72,6029.27,Delayed,Industrial
5342,380,Warehouse_C,2026-05-18,2026-05-30,29,4952.28,Delivered,Pharma
5343,213,Warehouse_D,2026-06-01,2026-06-03,1,1281.19,Cancelled,Pharma
5344,113,Warehouse_E,2026-05-12,2026-05-13,65,8622.76,Delayed,Industrial
5345,451,Warehouse_A,2026-05-09,2026-05-10,82,3939.29,In Transit,Electronics
5346,179,Warehouse_A,2026-05-31,2026-06-02,41,1181.56,Cancelled,Pharma
5347,426,Warehouse_A,2026-05-24,2026-06-04,73,2673.47,Cancelled,Electronics
5348,479,Warehouse_C,2026-05-27,2026-06-15,79,3879.06,In Transit,Automotive
5349,38,Warehouse_B,2026-06-01,2026-06-10,41,1168.97,In Transit,Pharma
5350,353,Warehouse_E,2026-06-03,2026-06-08,3,2224.84,In Transit,Automotive
5351,258,Warehouse_C,2026-05-10,2026-05-30,76,1055.72,Delayed,FMCG
5352,352,Warehouse_D,2026-05-21,2026-06-04,19,8926.39,Delivered,Automotive
5353,472,Warehouse_B,2026-05-14,2026-05-19,57,5521.96,Delayed,FMCG
5354,249,Warehouse_A,2026-05-07,2026-05-26,41,7846.66,Cancelled,Pharma
5355,81,Warehouse_A,2026-05-08,2026-05-16,85,3286.79,Delivered,Electronics
5356,168,Warehouse_A,2026-05-10,2026-05-19,85,2590.72,Delayed,FMCG
5357,207,Warehouse_D,2026-05-19,2026-05-21,11,4182.67,Delivered,Industrial
5358,334,Warehouse_D,2026-05-10,2026-05-29,4,5653.21,Cancelled,FMCG
5359,137,Warehouse_D,2026-06-01,2026-06-15,98,9266.44,Cancelled,Industrial
5360,419,Warehouse_D,2026-05-30,2026-06-18,15,6402.15,In Transit,Automotive
5361,319,Warehouse_A,2026-05-29,2026-06-01,62,5111.32,Delivered,Pharma
5362,288,Warehouse_B,2026-05-27,2026-05-29,63,316.86,Cancelled,Pharma
5363,13,Warehouse_B,2026-05-26,2026-06-09,16,5221.37,Delivered,Industrial
5364,353,Warehouse_D,2026-06-02,2026-06-10,22,8501.3,In Transit,FMCG
5365,317,Warehouse_E,2026-05-30,2026-06-17,72,240.08,Cancelled,FMCG
5366,45,Warehouse_A,2026-05-29,2026-06-16,89,322.46,In Transit,Industrial
5367,31,Warehouse_E,2026-05-17,2026-06-05,3,3501.69,Delivered,Industrial
5368,83,Warehouse_D,2026-05-09,2026-05-18,78,4930.52,Delayed,Electronics
5369,98,Warehouse_B,2026-05-06,2026-05-17,10,3275.12,Cancelled,Automotive
5370,192,Warehouse_B,2026-06-01,2026-06-17,23,4044.0,Cancelled,Pharma
5371,142,Warehouse_B,2026-05-30,2026-06-08,35,5101.9,Delivered,Electronics
5372,291,Warehouse_D,2026-05-15,2026-05-16,64,4312.3,Cancelled,Electronics
5373,187,Warehouse_A,2026-05-29,2026-06-01,18,4916.39,Cancelled,Automotive
5374,37,Warehouse_E,2026-05-11,2026-05-26,32,4296.31,Delivered,FMCG
5375,181,Warehouse_C,2026-05-20,2026-05-27,32,1736.92,Delayed,Pharma
5376,89,Warehouse_E,2026-05-20,2026-05-31,72,7962.63,Cancelled,Industrial
5377,404,Warehouse_E,2026-05-09,2026-05-29,70,1160.79,Delayed,Electronics
5378,385,Warehouse_D,2026-05-08,2026-05-19,88,7895.26,In Transit,FMCG
5379,443,Warehouse_B,2026-06-04,2026-06-08,85,1927.05,Cancelled,FMCG
5380,442,Warehouse_D,2026-05-08,2026-05-13,62,6134.71,Delayed,Industrial
5381,479,Warehouse_A,2026-05-11,2026-05-13,97,5896.76,Cancelled,Automotive
5382,161,Warehouse_A,2026-05-19,2026-05-28,64,8272.45,In Transit,Automotive
5383,395,Warehouse_B,2026-05-27,2026-06-04,9,1168.19,In Transit,FMCG
5384,4,Warehouse_B,2026-06-04,2026-06-18,70,9665.75,In Transit,Industrial
5385,57,Warehouse_E,2026-05-18,2026-05-30,100,2433.11,Cancelled,FMCG
5386,395,Warehouse_C,2026-05-12,2026-05-16,49,8670.38,Delivered,FMCG
5387,29,Warehouse_D,2026-05-21,2026-05-26,11,2674.03,In Transit,Pharma
5388,493,Warehouse_D,2026-05-11,2026-05-14,96,4348.08,In Transit,Industrial
5389,48,Warehouse_D,2026-05-09,2026-05-10,66,3860.59,Delayed,Automotive
5390,92,Warehouse_E,2026-05-19,2026-05-24,67,4664.86,Delivered,Industrial
5391,188,Warehouse_D,2026-05-10,2026-05-30,81,7109.88,Cancelled,FMCG
5392,397,Warehouse_E,2026-06-04,2026-06-10,52,2128.27,In Transit,FMCG
5393,86,Warehouse_A,2026-05-25,2026-06-02,75,3789.76,Cancelled,Electronics
5394,422,Warehouse_C,2026-05-23,2026-06-11,92,9285.74,In Transit,Electronics
5395,487,Warehouse_C,2026-05-20,2026-06-04,9,403.94,Cancelled,Electronics
5396,249,Warehouse_E,2026-05-21,2026-06-04,34,5392.85,Cancelled,Automotive
5397,186,Warehouse_B,2026-06-04,2026-06-18,15,7842.28,In Transit,Industrial
5398,214,Warehouse_B,2026-05-10,2026-05-16,34,9573.57,Delayed,Electronics
5399,39,Warehouse_A,2026-05-29,2026-06-17,58,7629.01,In Transit,FMCG
5400,318,Warehouse_E,2026-06-01,2026-06-17,45,5686.5,Delivered,Industrial
5401,327,Warehouse_A,2026-05-15,2026-05-31,64,271.53,Delayed,Electronics
5402,74,Warehouse_C,2026-05-20,2026-05-22,88,6412.11,Delayed,Pharma
5403,146,Warehouse_D,2026-05-17,2026-05-27,72,6149.47,Delayed,Pharma
5404,108,Warehouse_B,2026-05-11,2026-05-17,28,9972.27,Delivered,FMCG
5405,316,Warehouse_A,2026-05-17,2026-05-26,50,5709.64,Cancelled,Automotive
5406,69,Warehouse_E,2026-05-19,2026-05-26,62,2979.35,Delivered,Automotive
5407,17,Warehouse_C,2026-05-23,2026-06-11,4,8031.75,Cancelled,Automotive
5408,7,Warehouse_C,2026-05-31,2026-06-16,96,9666.2,Delivered,Automotive
5409,217,Warehouse_C,2026-05-31,2026-06-11,56,9382.8,Delivered,Automotive
5410,286,Warehouse_B,2026-05-26,2026-06-04,82,6526.96,In Transit,Pharma
5411,332,Warehouse_D,2026-05-17,2026-06-06,79,8357.88,Delayed,Automotive
5412,463,Warehouse_C,2026-05-21,2026-05-27,2,1403.31,Delivered,Pharma
5413,238,Warehouse_D,2026-06-01,2026-06-21,68,3304.26,Cancelled,FMCG
5414,30,Warehouse_E,2026-05-11,2026-05-14,4,4983.61,Cancelled,FMCG
5415,366,Warehouse_C,2026-05-17,2026-06-03,21,953.47,Delivered,Industrial
5416,239,Warehouse_D,2026-05-26,2026-05-31,32,4024.3,Delivered,Automotive
5417,215,Warehouse_C,2026-06-04,2026-06-22,64,6258.73,Delayed,Pharma
5418,122,Warehouse_C,2026-06-03,2026-06-05,54,7645.96,In Transit,Electronics
5419,155,Warehouse_A,2026-05-14,2026-05-15,100,2141.55,In Transit,Industrial
5420,102,Warehouse_E,2026-06-04,2026-06-09,38,9820.82,Delivered,Electronics
5421,83,Warehouse_C,2026-05-07,2026-05-14,96,7306.6,Delivered,Electronics
5422,302,Warehouse_E,2026-05-30,2026-06-14,15,7633.47,Cancelled,Automotive
5423,486,Warehouse_E,2026-05-18,2026-05-29,77,3944.17,Delayed,Electronics
5424,305,Warehouse_E,2026-05-13,2026-05-22,75,7712.36,In Transit,Automotive
5425,49,Warehouse_D,2026-05-21,2026-06-06,77,961.6,Cancelled,Automotive
5426,74,Warehouse_E,2026-05-27,2026-06-15,32,1081.74,Cancelled,Pharma
5427,386,Warehouse_D,2026-05-13,2026-05-27,77,5957.1,In Transit,FMCG
5428,487,Warehouse_B,2026-05-17,2026-05-30,82,2017.92,In Transit,Pharma
5429,264,Warehouse_C,2026-05-29,2026-06-15,8,6901.18,Cancelled,Industrial
5430,47,Warehouse_B,2026-05-19,2026-06-02,30,5548.4,Delayed,Pharma
5431,240,Warehouse_E,2026-05-12,2026-05-21,32,2746.28,Delivered,Electronics
5432,370,Warehouse_B,2026-06-03,2026-06-04,14,3599.76,Cancelled,Pharma
5433,73,Warehouse_E,2026-05-27,2026-05-29,26,4591.91,Delivered,Automotive
5434,175,Warehouse_B,2026-05-18,2026-06-04,95,2713.75,Delivered,Electronics
5435,342,Warehouse_C,2026-05-06,2026-05-25,97,6206.13,Cancelled,Electronics
5436,335,Warehouse_C,2026-05-30,2026-06-08,86,7135.5,Cancelled,FMCG
5437,272,Warehouse_E,2026-05-14,2026-05-29,36,4953.55,In Transit,Automotive
5438,466,Warehouse_D,2026-05-24,2026-05-26,28,7375.87,Cancelled,Automotive
5439,322,Warehouse_C,2026-05-06,2026-05-19,25,315.13,Cancelled,Automotive
5440,345,Warehouse_E,2026-05-13,2026-05-28,25,7279.78,Delivered,FMCG
5441,119,Warehouse_C,2026-05-18,2026-05-29,61,3238.03,Cancelled,Electronics
5442,441,Warehouse_B,2026-05-16,2026-05-24,20,8845.51,Cancelled,Industrial
5443,295,Warehouse_D,2026-05-16,2026-06-04,96,687.68,Delayed,Pharma
5444,449,Warehouse_B,2026-05-10,2026-05-12,55,9644.56,In Transit,FMCG
5445,368,Warehouse_A,2026-05-17,2026-05-20,59,3867.73,Delayed,Pharma
5446,393,Warehouse_A,2026-05-30,2026-06-15,14,8505.95,In Transit,Pharma
5447,94,Warehouse_E,2026-05-28,2026-06-17,27,8272.34,In Transit,Automotive
5448,294,Warehouse_A,2026-05-31,2026-06-16,17,1493.5,Delayed,Electronics
5449,33,Warehouse_B,2026-05-18,2026-05-20,17,3780.14,Cancelled,Industrial
5450,351,Warehouse_A,2026-06-04,2026-06-18,63,8413.85,Delivered,Electronics
5451,399,Warehouse_D,2026-05-29,2026-06-03,60,6235.5,Delayed,Industrial
5452,228,Warehouse_B,2026-05-15,2026-06-02,59,2022.76,In Transit,Industrial
5453,348,Warehouse_A,2026-05-30,2026-05-31,59,2522.41,Cancelled,Industrial
5454,144,Warehouse_C,2026-05-17,2026-05-21,85,9337.44,Delayed,Industrial
5455,400,Warehouse_A,2026-05-30,2026-06-01,76,1943.73,Delayed,Electronics
5456,253,Warehouse_C,2026-05-25,2026-06-09,59,9578.28,Delivered,Electronics
5457,217,Warehouse_E,2026-06-01,2026-06-07,73,9524.71,Delivered,Industrial
5458,419,Warehouse_B,2026-05-26,2026-06-07,67,6811.47,Cancelled,FMCG
5459,110,Warehouse_B,2026-05-14,2026-05-25,79,1683.99,Delivered,Automotive
5460,388,Warehouse_D,2026-05-11,2026-05-15,15,4867.76,Delivered,Electronics
5461,39,Warehouse_A,2026-05-27,2026-06-15,83,9672.31,Delayed,Industrial
5462,113,Warehouse_C,2026-05-13,2026-05-20,93,3006.64,Delayed,Automotive
5463,241,Warehouse_E,2026-05-20,2026-06-05,39,9064.39,Cancelled,Automotive
5464,81,Warehouse_D,2026-05-08,2026-05-12,87,4223.2,In Transit,Industrial
5465,163,Warehouse_B,2026-05-07,2026-05-10,95,8407.43,Delivered,Electronics
5466,162,Warehouse_E,2026-05-28,2026-05-31,96,2055.66,Delayed,Pharma
5467,376,Warehouse_B,2026-05-07,2026-05-10,62,522.42,In Transit,FMCG
5468,69,Warehouse_A,2026-05-23,2026-05-24,44,600.03,Delivered,Electronics
5469,178,Warehouse_D,2026-05-13,2026-05-16,80,6416.56,Delayed,Industrial
5470,438,Warehouse_A,2026-05-29,2026-06-06,38,1990.22,Cancelled,FMCG
5471,497,Warehouse_E,2026-05-31,2026-06-12,35,6502.57,Delayed,Electronics
5472,457,Warehouse_C,2026-05-23,2026-06-08,82,2526.82,Delivered,Electronics
5473,454,Warehouse_E,2026-05-27,2026-06-13,13,6437.22,Delivered,Automotive
5474,195,Warehouse_C,2026-05-06,2026-05-24,48,8048.7,In Transit,Electronics
5475,208,Warehouse_C,2026-05-12,2026-05-21,94,6852.54,Cancelled,Industrial
5476,340,Warehouse_E,2026-05-16,2026-05-18,45,3377.51,Delivered,FMCG
5477,303,Warehouse_D,2026-05-14,2026-05-16,72,7502.85,Delayed,Electronics
5478,101,Warehouse_B,2026-05-27,2026-06-02,88,862.73,In Transit,Industrial
5479,236,Warehouse_E,2026-06-03,2026-06-06,7,2900.89,Cancelled,Pharma
5480,186,Warehouse_A,2026-05-07,2026-05-26,72,8620.83,Delivered,Industrial
5481,70,Warehouse_D,2026-05-07,2026-05-25,74,2491.91,In Transit,Electronics
5482,237,Warehouse_B,2026-06-02,2026-06-09,5,7194.67,Delivered,Electronics
5483,458,Warehouse_A,2026-05-06,2026-05-14,74,7325.04,Cancelled,Industrial
5484,147,Warehouse_C,2026-05-17,2026-06-06,14,5439.5,In Transit,Electronics
5485,183,Warehouse_A,2026-05-19,2026-06-06,54,858.88,Delayed,Industrial
5486,38,Warehouse_D,2026-05-24,2026-06-03,79,7690.17,In Transit,Electronics
5487,350,Warehouse_C,2026-05-12,2026-05-30,48,5756.41,Delayed,FMCG
5488,452,Warehouse_D,2026-05-18,2026-06-02,55,144.05,Cancelled,Pharma
5489,408,Warehouse_E,2026-05-17,2026-05-31,8,1359.58,Delayed,Pharma
5490,191,Warehouse_A,2026-06-01,2026-06-09,19,2902.81,Cancelled,Automotive
5491,61,Warehouse_A,2026-06-02,2026-06-22,59,7554.65,In Transit,Automotive
5492,309,Warehouse_A,2026-05-12,2026-05-13,9,1405.5,Cancelled,Pharma
5493,328,Warehouse_D,2026-05-24,2026-06-11,5,5198.69,Delivered,Automotive
5494,368,Warehouse_B,2026-05-14,2026-06-01,98,7261.14,Delivered,Electronics
5495,10,Warehouse_E,2026-05-22,2026-05-31,88,8792.1,Delivered,FMCG
5496,103,Warehouse_C,2026-06-02,2026-06-17,85,991.03,Cancelled,Industrial
5497,55,Warehouse_C,2026-05-20,2026-05-26,2,4549.58,In Transit,Electronics
5498,145,Warehouse_C,2026-05-15,2026-05-30,91,8006.66,Delayed,Electronics
5499,450,Warehouse_B,2026-05-24,2026-05-30,8,3178.39,Delivered,Automotive
5500,63,Warehouse_B,2026-05-30,2026-06-15,23,3446.56,In Transit,Automotive
5501,57,Warehouse_C,2026-06-01,2026-06-04,100,7933.97,Delivered,Automotive
5502,395,Warehouse_E,2026-05-27,2026-06-06,7,9242.76,In Transit,Pharma
5503,227,Warehouse_D,2026-05-09,2026-05-27,80,5996.83,Delayed,Electronics
5504,199,Warehouse_B,2026-05-08,2026-05-26,61,7119.72,Delivered,Automotive
5505,192,Warehouse_D,2026-05-31,2026-06-02,52,4750.03,Cancelled,FMCG
5506,84,Warehouse_A,2026-05-31,2026-06-14,14,6229.84,Cancelled,Industrial
5507,122,Warehouse_C,2026-05-18,2026-05-26,73,6960.76,Delivered,Industrial
5508,356,Warehouse_A,2026-05-25,2026-06-08,79,6772.44,Cancelled,Automotive
5509,93,Warehouse_A,2026-05-06,2026-05-12,49,1438.58,Delivered,Electronics
5510,394,Warehouse_C,2026-05-19,2026-06-07,13,3624.25,Delayed,Electronics
5511,216,Warehouse_C,2026-05-27,2026-06-08,89,7040.47,Delayed,Automotive
5512,436,Warehouse_C,2026-05-09,2026-05-24,20,9004.26,Delayed,Industrial
5513,57,Warehouse_B,2026-05-17,2026-05-21,60,9501.78,Delayed,FMCG
5514,208,Warehouse_A,2026-05-07,2026-05-11,47,9851.68,Delayed,FMCG
5515,138,Warehouse_E,2026-05-18,2026-05-22,95,3078.69,In Transit,Industrial
5516,410,Warehouse_C,2026-05-09,2026-05-20,57,9978.92,Cancelled,Pharma
5517,263,Warehouse_C,2026-05-09,2026-05-17,2,406.12,Cancelled,Automotive
5518,410,Warehouse_B,2026-05-27,2026-06-11,91,5806.39,Cancelled,FMCG
5519,364,Warehouse_C,2026-05-21,2026-06-07,99,5153.69,Cancelled,FMCG
5520,8,Warehouse_E,2026-05-25,2026-05-29,3,1338.56,Delivered,Pharma
5521,83,Warehouse_B,2026-06-02,2026-06-17,47,4037.93,Cancelled,Pharma
5522,7,Warehouse_B,2026-06-01,2026-06-08,52,7641.68,Cancelled,FMCG
5523,228,Warehouse_B,2026-06-03,2026-06-20,35,9455.71,Delayed,Electronics
5524,468,Warehouse_B,2026-05-17,2026-06-02,4,7693.41,Delivered,FMCG
5525,37,Warehouse_A,2026-05-08,2026-05-26,79,7683.93,In Transit,Electronics
5526,18,Warehouse_D,2026-05-16,2026-05-28,49,1286.81,Delayed,Pharma
5527,260,Warehouse_E,2026-06-03,2026-06-18,4,1016.51,Delivered,Automotive
5528,122,Warehouse_E,2026-06-04,2026-06-05,98,4323.37,Delivered,Electronics
5529,444,Warehouse_E,2026-06-03,2026-06-23,28,9823.16,Delayed,Pharma
5530,326,Warehouse_B,2026-05-29,2026-06-11,75,7865.0,Delayed,Automotive
5531,59,Warehouse_C,2026-05-17,2026-05-21,40,2932.25,Delivered,Pharma
5532,146,Warehouse_B,2026-05-06,2026-05-08,75,4001.62,Delivered,FMCG
5533,87,Warehouse_B,2026-05-07,2026-05-19,88,8978.95,Delayed,Electronics
5534,333,Warehouse_B,2026-05-14,2026-05-24,40,3516.39,In Transit,Automotive
5535,207,Warehouse_A,2026-05-31,2026-06-02,13,2283.78,In Transit,Pharma
5536,399,Warehouse_C,2026-05-30,2026-06-09,4,1229.9,Delivered,FMCG
5537,244,Warehouse_D,2026-05-11,2026-05-15,56,1543.41,Cancelled,Pharma
5538,40,Warehouse_C,2026-05-14,2026-06-02,78,725.18,Delayed,FMCG
5539,151,Warehouse_C,2026-05-26,2026-06-11,94,4211.07,Delayed,Pharma
5540,438,Warehouse_C,2026-05-10,2026-05-13,98,3093.32,Cancelled,Electronics
5541,138,Warehouse_E,2026-05-14,2026-05-21,68,755.95,In Transit,Industrial
5542,492,Warehouse_C,2026-05-22,2026-06-08,24,3423.87,Delivered,Electronics
5543,245,Warehouse_B,2026-05-29,2026-06-13,40,7976.71,Delayed,FMCG
5544,400,Warehouse_C,2026-05-28,2026-06-17,99,3806.01,Cancelled,Industrial
5545,140,Warehouse_B,2026-06-02,2026-06-22,97,3940.24,Delayed,Pharma
5546,125,Warehouse_D,2026-05-08,2026-05-28,69,9290.57,Delivered,Industrial
5547,173,Warehouse_A,2026-05-31,2026-06-20,14,1808.26,Delayed,FMCG
5548,425,Warehouse_E,2026-05-21,2026-05-29,17,1683.93,Delivered,Pharma
5549,114,Warehouse_E,2026-05-08,2026-05-27,15,1901.57,Delivered,Electronics
5550,486,Warehouse_C,2026-05-11,2026-05-29,7,2444.62,Delivered,FMCG
5551,431,Warehouse_D,2026-06-04,2026-06-10,32,4820.03,In Transit,FMCG
5552,65,Warehouse_B,2026-06-01,2026-06-14,30,7278.37,Delivered,Industrial
5553,238,Warehouse_B,2026-06-02,2026-06-12,44,6527.32,Delayed,Electronics
5554,303,Warehouse_A,2026-05-27,2026-06-03,30,6578.35,Delayed,FMCG
5555,403,Warehouse_C,2026-05-08,2026-05-26,85,8405.88,Cancelled,FMCG
5556,246,Warehouse_E,2026-05-26,2026-06-13,99,1507.9,Cancelled,Electronics
5557,229,Warehouse_A,2026-05-17,2026-05-23,11,1798.91,Delayed,Automotive
5558,67,Warehouse_B,2026-05-17,2026-05-22,55,1992.57,Delayed,Automotive
5559,48,Warehouse_D,2026-05-25,2026-05-31,88,9116.81,Cancelled,FMCG
5560,109,Warehouse_C,2026-06-01,2026-06-12,29,6605.74,Delayed,Industrial
5561,3,Warehouse_C,2026-05-26,2026-06-04,53,5562.36,In Transit,Automotive
5562,202,Warehouse_E,2026-05-13,2026-05-16,28,3530.74,In Transit,Electronics
5563,111,Warehouse_A,2026-05-31,2026-06-07,53,9135.7,In Transit,Industrial
5564,424,Warehouse_B,2026-05-13,2026-06-02,2,5396.36,Delivered,FMCG
5565,369,Warehouse_A,2026-06-02,2026-06-10,17,1998.75,Delayed,Automotive
5566,140,Warehouse_B,2026-05-18,2026-05-21,60,5743.18,Cancelled,Pharma
5567,491,Warehouse_A,2026-05-31,2026-06-10,42,2240.42,Cancelled,Electronics
5568,138,Warehouse_E,2026-05-06,2026-05-22,47,6321.2,Delivered,FMCG
5569,423,Warehouse_B,2026-05-10,2026-05-21,32,7678.58,Delivered,Pharma
5570,159,Warehouse_E,2026-05-10,2026-05-24,70,371.9,Delayed,Automotive
5571,326,Warehouse_E,2026-06-03,2026-06-19,77,162.02,Cancelled,Automotive
5572,84,Warehouse_E,2026-05-31,2026-06-12,9,2118.47,In Transit,FMCG
5573,362,Warehouse_C,2026-05-06,2026-05-11,83,1669.53,In Transit,Industrial
5574,390,Warehouse_A,2026-05-25,2026-05-28,88,4240.05,In Transit,Automotive
5575,368,Warehouse_A,2026-06-04,2026-06-15,1,7482.4,Delayed,FMCG
5576,353,Warehouse_C,2026-05-09,2026-05-15,13,6504.51,Delivered,FMCG
5577,371,Warehouse_D,2026-05-08,2026-05-14,99,3276.51,In Transit,Electronics
5578,198,Warehouse_B,2026-05-07,2026-05-27,96,7421.18,In Transit,Pharma
5579,180,Warehouse_B,2026-05-22,2026-05-25,59,4619.72,Delayed,Electronics
5580,142,Warehouse_B,2026-05-11,2026-05-23,75,3613.76,Delivered,Electronics
5581,81,Warehouse_B,2026-05-09,2026-05-14,59,1396.4,Delivered,Electronics
5582,134,Warehouse_A,2026-05-22,2026-06-04,31,9778.83,In Transit,Pharma
5583,193,Warehouse_A,2026-05-28,2026-06-17,33,3973.83,In Transit,Automotive
5584,224,Warehouse_B,2026-06-02,2026-06-10,33,3670.42,Delayed,Pharma
5585,330,Warehouse_B,2026-05-26,2026-06-12,51,102.16,In Transit,Industrial
5586,265,Warehouse_C,2026-05-18,2026-05-28,21,4237.36,Delivered,Pharma
5587,110,Warehouse_B,2026-05-29,2026-06-06,87,3086.62,Delayed,Industrial
5588,313,Warehouse_A,2026-05-14,2026-05-18,52,9932.71,Delivered,Automotive
5589,228,Warehouse_A,2026-05-30,2026-06-13,47,3878.98,Cancelled,Electronics
5590,356,Warehouse_D,2026-05-26,2026-06-04,53,3048.58,In Transit,Industrial
5591,224,Warehouse_A,2026-05-29,2026-06-06,58,5170.18,Cancelled,FMCG
5592,191,Warehouse_B,2026-06-01,2026-06-20,91,5590.88,Cancelled,Industrial
5593,202,Warehouse_C,2026-06-03,2026-06-05,8,1845.72,Delivered,Electronics
5594,286,Warehouse_B,2026-05-09,2026-05-25,3,9053.36,Cancelled,Industrial
5595,340,Warehouse_C,2026-05-18,2026-05-24,97,6698.34,Delayed,Automotive
5596,16,Warehouse_A,2026-05-30,2026-06-17,71,7925.25,Delivered,Electronics
5597,118,Warehouse_D,2026-05-31,2026-06-15,44,5060.86,Delayed,Automotive
5598,368,Warehouse_A,2026-05-31,2026-06-16,33,9737.81,In Transit,Pharma
5599,9,Warehouse_A,2026-05-19,2026-06-05,100,2120.55,In Transit,Automotive
5600,77,Warehouse_B,2026-06-01,2026-06-08,26,8252.38,Cancelled,FMCG
5601,19,Warehouse_E,2026-05-11,2026-05-24,75,5521.02,Delayed,Pharma
5602,313,Warehouse_A,2026-05-25,2026-06-12,48,9064.89,In Transit,Automotive
5603,114,Warehouse_C,2026-05-08,2026-05-14,25,7716.81,Delivered,FMCG
5604,464,Warehouse_E,2026-06-02,2026-06-20,66,3140.72,Delivered,Electronics
5605,259,Warehouse_E,2026-05-19,2026-06-03,32,3370.6,Delivered,Automotive
5606,402,Warehouse_E,2026-05-07,2026-05-14,64,6222.69,Delayed,Electronics
5607,408,Warehouse_E,2026-06-01,2026-06-03,19,1877.69,In Transit,Industrial
5608,410,Warehouse_B,2026-05-21,2026-06-06,76,3566.2,Delayed,Industrial
5609,380,Warehouse_A,2026-05-17,2026-06-06,72,9121.85,Delayed,FMCG
5610,18,Warehouse_E,2026-05-08,2026-05-25,87,7118.36,Cancelled,Industrial
5611,262,Warehouse_C,2026-05-23,2026-05-25,20,7715.99,Delayed,Pharma
5612,345,Warehouse_A,2026-05-21,2026-05-26,5,9993.11,Delayed,Industrial
5613,324,Warehouse_D,2026-06-03,2026-06-18,89,7885.02,Delivered,Pharma
5614,89,Warehouse_D,2026-05-25,2026-06-05,1,9590.32,Cancelled,Industrial
5615,157,Warehouse_B,2026-05-24,2026-05-26,98,7089.44,In Transit,Industrial
5616,333,Warehouse_E,2026-05-11,2026-05-27,48,6547.73,In Transit,Electronics
5617,240,Warehouse_E,2026-05-22,2026-06-04,71,158.38,Cancelled,Pharma
5618,62,Warehouse_E,2026-05-16,2026-05-29,7,6114.55,In Transit,FMCG
5619,178,Warehouse_C,2026-05-14,2026-05-22,15,2293.14,Cancelled,Electronics
5620,161,Warehouse_A,2026-05-30,2026-06-18,47,217.97,Delayed,Industrial
5621,153,Warehouse_D,2026-05-20,2026-05-30,2,128.68,Delivered,Pharma
5622,103,Warehouse_E,2026-05-31,2026-06-15,86,891.84,Delayed,Electronics
5623,441,Warehouse_E,2026-05-21,2026-05-27,91,7864.02,In Transit,Automotive
5624,470,Warehouse_A,2026-05-11,2026-05-30,1,8398.68,Delivered,Automotive
5625,340,Warehouse_D,2026-06-04,2026-06-06,44,3796.39,Cancelled,Automotive
5626,379,Warehouse_A,2026-05-13,2026-06-01,64,7137.06,Delayed,Electronics
5627,227,Warehouse_E,2026-05-21,2026-06-09,41,4061.72,Delayed,Automotive
5628,373,Warehouse_E,2026-05-17,2026-05-24,87,1438.17,Delivered,Pharma
5629,354,Warehouse_D,2026-05-23,2026-05-28,12,3821.28,Delivered,Electronics
5630,73,Warehouse_C,2026-05-07,2026-05-14,75,6419.02,Delayed,Industrial
5631,381,Warehouse_E,2026-05-22,2026-06-10,61,3795.81,In Transit,FMCG
5632,283,Warehouse_E,2026-05-08,2026-05-27,66,8618.31,Delayed,FMCG
5633,89,Warehouse_A,2026-05-24,2026-06-02,88,7654.14,Delayed,Automotive
5634,294,Warehouse_E,2026-06-01,2026-06-13,21,7994.83,Delayed,Electronics
5635,212,Warehouse_A,2026-05-31,2026-06-20,87,9836.76,Cancelled,Industrial
5636,233,Warehouse_B,2026-05-15,2026-06-01,19,3785.54,In Transit,FMCG
5637,189,Warehouse_B,2026-05-17,2026-05-30,28,9925.71,In Transit,Electronics
5638,313,Warehouse_A,2026-05-16,2026-05-20,45,5757.9,Delayed,Automotive
5639,320,Warehouse_E,2026-05-27,2026-05-29,23,2534.37,In Transit,Pharma
5640,419,Warehouse_A,2026-05-21,2026-05-23,39,6097.9,In Transit,FMCG
5641,12,Warehouse_A,2026-05-11,2026-05-18,51,4182.39,In Transit,Industrial
5642,20,Warehouse_B,2026-05-08,2026-05-12,69,3074.97,Delayed,Electronics
5643,245,Warehouse_B,2026-05-14,2026-06-03,74,2297.22,Delivered,Automotive
5644,119,Warehouse_D,2026-05-22,2026-06-07,46,888.47,Cancelled,Pharma
5645,384,Warehouse_E,2026-05-08,2026-05-10,13,4143.69,Delivered,FMCG
5646,227,Warehouse_C,2026-05-11,2026-05-23,79,5682.07,Delivered,Electronics
5647,225,Warehouse_D,2026-05-17,2026-05-27,98,2262.39,Delivered,Pharma
5648,334,Warehouse_A,2026-05-31,2026-06-05,45,3265.55,Delayed,Pharma
5649,66,Warehouse_D,2026-05-28,2026-06-05,87,8148.64,Cancelled,Industrial
5650,469,Warehouse_D,2026-05-10,2026-05-20,27,5707.96,Delayed,Automotive
5651,425,Warehouse_E,2026-05-10,2026-05-15,51,1556.16,Cancelled,Automotive
5652,399,Warehouse_E,2026-05-28,2026-06-07,83,7664.31,Cancelled,Automotive
5653,192,Warehouse_A,2026-05-12,2026-05-21,41,2973.97,Delivered,Industrial
5654,322,Warehouse_D,2026-05-08,2026-05-11,62,8628.25,Delayed,Electronics
5655,220,Warehouse_C,2026-05-16,2026-05-19,46,2249.16,Delayed,Electronics
5656,139,Warehouse_E,2026-06-03,2026-06-09,87,6725.59,Cancelled,Electronics
5657,396,Warehouse_B,2026-05-24,2026-06-10,8,5133.21,Cancelled,FMCG
5658,17,Warehouse_C,2026-05-06,2026-05-21,36,1159.3,Delivered,FMCG
5659,161,Warehouse_A,2026-05-15,2026-05-17,87,7954.85,Delivered,Industrial
5660,447,Warehouse_A,2026-05-06,2026-05-12,49,8305.45,In Transit,Automotive
5661,244,Warehouse_B,2026-05-29,2026-06-06,92,9741.49,In Transit,Electronics
5662,109,Warehouse_B,2026-05-24,2026-06-10,42,7841.03,Delayed,Industrial
5663,451,Warehouse_D,2026-05-28,2026-06-13,57,4669.41,Cancelled,FMCG
5664,48,Warehouse_A,2026-05-31,2026-06-07,79,4802.0,Delivered,Electronics
5665,33,Warehouse_A,2026-05-09,2026-05-24,49,330.14,In Transit,Industrial
5666,72,Warehouse_E,2026-05-17,2026-05-31,46,7196.79,In Transit,Automotive
5667,327,Warehouse_B,2026-06-02,2026-06-04,66,1834.81,In Transit,FMCG
5668,486,Warehouse_A,2026-05-06,2026-05-21,7,7458.4,Delayed,Industrial
5669,200,Warehouse_B,2026-05-20,2026-06-03,13,4962.72,Delivered,Pharma
5670,335,Warehouse_E,2026-05-06,2026-05-26,100,5891.48,Delayed,Automotive
5671,284,Warehouse_E,2026-05-27,2026-05-31,31,1585.81,Delayed,Automotive
5672,353,Warehouse_D,2026-05-16,2026-06-04,91,4193.24,Delivered,Pharma
5673,7,Warehouse_D,2026-05-08,2026-05-17,13,1911.06,Delivered,Industrial
5674,232,Warehouse_E,2026-05-28,2026-06-07,3,4690.63,Cancelled,Electronics
5675,420,Warehouse_E,2026-06-01,2026-06-11,62,6343.63,Delivered,FMCG
5676,71,Warehouse_B,2026-06-01,2026-06-08,46,8147.78,Cancelled,FMCG
5677,58,Warehouse_B,2026-05-20,2026-05-31,55,4204.39,Delivered,Pharma
5678,221,Warehouse_C,2026-05-06,2026-05-23,23,2877.77,Delivered,Automotive
5679,200,Warehouse_D,2026-05-11,2026-05-17,69,3921.05,Delivered,Automotive
5680,323,Warehouse_C,2026-06-01,2026-06-04,10,7855.27,Delivered,Automotive
5681,354,Warehouse_D,2026-05-23,2026-05-30,92,9646.19,Delayed,Electronics
5682,99,Warehouse_D,2026-05-28,2026-05-31,82,331.67,Delayed,FMCG
5683,293,Warehouse_A,2026-05-19,2026-05-29,9,9146.72,Cancelled,Electronics
5684,470,Warehouse_A,2026-05-17,2026-06-03,57,4518.34,Delivered,Industrial
5685,497,Warehouse_E,2026-05-07,2026-05-25,27,1003.4,Delayed,Electronics
5686,67,Warehouse_A,2026-05-21,2026-06-09,72,8656.36,Delivered,Industrial
5687,13,Warehouse_E,2026-05-08,2026-05-28,98,4704.51,Delivered,Pharma
5688,466,Warehouse_A,2026-05-29,2026-06-10,97,7836.65,In Transit,Electronics
5689,308,Warehouse_B,2026-05-15,2026-05-31,97,2283.38,In Transit,Automotive
5690,228,Warehouse_A,2026-05-14,2026-05-30,67,1770.18,In Transit,Pharma
5691,462,Warehouse_A,2026-05-22,2026-06-05,12,5964.93,Cancelled,Electronics
5692,312,Warehouse_C,2026-05-19,2026-05-26,62,9225.76,Delayed,Pharma
5693,429,Warehouse_E,2026-05-19,2026-05-24,18,6746.24,Cancelled,Pharma
5694,45,Warehouse_B,2026-05-20,2026-05-29,27,9094.85,In Transit,Automotive
5695,436,Warehouse_C,2026-05-07,2026-05-10,56,1390.83,Delayed,Pharma
5696,119,Warehouse_E,2026-05-20,2026-06-03,19,7020.72,In Transit,FMCG
5697,180,Warehouse_A,2026-05-28,2026-06-01,24,532.59,Delayed,Electronics
5698,318,Warehouse_C,2026-05-16,2026-06-05,85,9984.49,Delivered,Industrial
5699,278,Warehouse_B,2026-05-07,2026-05-18,70,3235.57,Delayed,Pharma
5700,2,Warehouse_D,2026-05-16,2026-05-28,93,333.4,Delivered,Pharma
5701,393,Warehouse_D,2026-05-24,2026-05-29,49,8426.26,Delivered,Industrial
5702,114,Warehouse_B,2026-05-17,2026-06-02,44,9834.97,In Transit,Pharma
5703,198,Warehouse_B,2026-05-09,2026-05-25,71,9443.82,Delayed,Pharma
5704,380,Warehouse_C,2026-05-15,2026-06-03,60,7275.95,Cancelled,Industrial
5705,366,Warehouse_B,2026-05-08,2026-05-19,23,744.28,In Transit,FMCG
5706,144,Warehouse_D,2026-05-19,2026-06-06,67,4102.61,Delivered,Industrial
5707,277,Warehouse_D,2026-06-01,2026-06-12,15,5663.35,Delayed,Industrial
5708,38,Warehouse_D,2026-05-08,2026-05-16,57,8133.57,Delayed,Electronics
5709,48,Warehouse_C,2026-05-16,2026-05-30,14,8873.9,Cancelled,Electronics
5710,458,Warehouse_C,2026-05-23,2026-05-25,67,2850.24,Delivered,Automotive
5711,112,Warehouse_E,2026-05-24,2026-06-04,9,8809.03,Delivered,Pharma
5712,144,Warehouse_A,2026-05-12,2026-05-31,37,3053.64,Delivered,Automotive
5713,218,Warehouse_C,2026-05-31,2026-06-02,98,5648.49,Cancelled,Pharma
5714,410,Warehouse_D,2026-05-15,2026-05-16,58,8949.83,Cancelled,FMCG
5715,99,Warehouse_A,2026-05-13,2026-06-02,1,2617.93,Cancelled,Automotive
5716,238,Warehouse_D,2026-05-23,2026-06-12,14,5187.52,Delayed,Electronics
5717,179,Warehouse_D,2026-05-18,2026-06-06,8,7975.98,In Transit,Pharma
5718,438,Warehouse_C,2026-05-20,2026-05-28,66,9893.24,Delayed,FMCG
5719,422,Warehouse_D,2026-05-29,2026-06-08,18,7793.96,In Transit,Electronics
5720,444,Warehouse_B,2026-05-21,2026-06-02,18,6896.51,Delayed,FMCG
5721,364,Warehouse_B,2026-05-06,2026-05-24,41,2749.48,Cancelled,Electronics
5722,2,Warehouse_C,2026-05-25,2026-06-01,15,8600.87,Cancelled,FMCG
5723,390,Warehouse_A,2026-05-28,2026-06-09,19,1456.93,Delayed,Automotive
5724,490,Warehouse_D,2026-05-06,2026-05-25,74,7866.2,In Transit,Electronics
5725,95,Warehouse_A,2026-05-13,2026-05-29,13,9020.29,In Transit,FMCG
5726,365,Warehouse_D,2026-06-02,2026-06-17,53,2565.66,Delivered,Industrial
5727,85,Warehouse_D,2026-05-19,2026-05-27,13,1105.67,Cancelled,Electronics
5728,141,Warehouse_A,2026-05-13,2026-05-25,82,3126.21,Delivered,Pharma
5729,139,Warehouse_A,2026-05-10,2026-05-18,59,5577.37,Cancelled,Pharma
5730,426,Warehouse_A,2026-05-14,2026-05-29,71,7188.59,Delivered,Automotive
5731,472,Warehouse_D,2026-06-03,2026-06-11,80,243.24,Cancelled,Pharma
5732,90,Warehouse_D,2026-05-28,2026-06-12,53,8282.42,In Transit,Pharma
5733,21,Warehouse_C,2026-05-24,2026-05-28,6,8684.75,Cancelled,FMCG
5734,134,Warehouse_D,2026-05-21,2026-05-24,69,839.54,Delivered,FMCG
5735,206,Warehouse_D,2026-05-08,2026-05-17,88,6553.38,Cancelled,Automotive
5736,322,Warehouse_A,2026-05-19,2026-05-31,96,7284.7,Delivered,Pharma
5737,259,Warehouse_C,2026-05-13,2026-06-02,5,9953.12,Delivered,FMCG
5738,463,Warehouse_B,2026-05-16,2026-05-30,71,7288.19,Cancelled,Automotive
5739,394,Warehouse_E,2026-05-29,2026-06-17,77,2413.15,In Transit,Industrial
5740,287,Warehouse_A,2026-06-03,2026-06-07,8,3114.42,In Transit,Electronics
5741,210,Warehouse_D,2026-05-23,2026-05-24,88,1844.37,Delayed,Electronics
5742,182,Warehouse_A,2026-05-15,2026-05-28,61,3544.23,Delivered,Industrial
5743,286,Warehouse_C,2026-05-30,2026-06-02,52,5769.79,Cancelled,FMCG
5744,241,Warehouse_B,2026-05-30,2026-06-14,25,9587.01,Delayed,Electronics
5745,35,Warehouse_B,2026-05-28,2026-06-01,39,2428.08,Cancelled,FMCG
5746,302,Warehouse_A,2026-05-08,2026-05-15,63,7687.09,Cancelled,Pharma
5747,378,Warehouse_C,2026-05-28,2026-06-01,81,1900.31,Cancelled,Automotive
5748,258,Warehouse_D,2026-05-29,2026-06-07,73,5176.19,Delayed,Industrial
5749,152,Warehouse_E,2026-05-19,2026-05-26,19,2390.52,In Transit,Industrial
5750,294,Warehouse_D,2026-05-19,2026-05-27,10,7322.52,Delivered,Pharma
5751,121,Warehouse_E,2026-05-23,2026-05-26,43,4915.66,Delayed,FMCG
5752,140,Warehouse_B,2026-05-07,2026-05-24,13,1567.22,Delayed,Industrial
5753,421,Warehouse_A,2026-05-29,2026-06-10,71,350.03,Delayed,Electronics
5754,78,Warehouse_E,2026-05-13,2026-06-01,13,4763.5,In Transit,FMCG
5755,440,Warehouse_A,2026-05-17,2026-06-02,59,5526.79,Delivered,Electronics
5756,114,Warehouse_B,2026-05-12,2026-05-23,60,4508.3,In Transit,Automotive
5757,273,Warehouse_E,2026-05-30,2026-06-06,3,2633.06,Cancelled,Electronics
5758,323,Warehouse_D,2026-05-31,2026-06-19,6,9678.09,In Transit,Electronics
5759,96,Warehouse_E,2026-05-22,2026-06-03,49,4889.43,Delivered,FMCG
5760,400,Warehouse_E,2026-05-31,2026-06-08,28,8471.56,Delayed,FMCG
5761,290,Warehouse_A,2026-05-09,2026-05-27,75,9167.75,Delivered,Industrial
5762,354,Warehouse_A,2026-05-28,2026-06-13,92,3215.19,Delayed,Pharma
5763,493,Warehouse_B,2026-05-12,2026-05-15,91,7932.02,In Transit,FMCG
5764,198,Warehouse_B,2026-05-23,2026-06-02,60,3931.42,In Transit,Pharma
5765,161,Warehouse_E,2026-06-03,2026-06-17,55,4376.7,Delivered,Automotive
5766,348,Warehouse_A,2026-05-11,2026-05-17,88,1092.96,Delayed,FMCG
5767,263,Warehouse_C,2026-05-31,2026-06-11,37,3688.51,In Transit,Electronics
5768,130,Warehouse_A,2026-05-08,2026-05-23,78,1327.06,Delivered,Pharma
5769,258,Warehouse_A,2026-05-17,2026-05-24,41,3832.38,Delivered,FMCG
5770,186,Warehouse_B,2026-05-26,2026-06-02,68,4328.55,Delayed,FMCG
5771,203,Warehouse_D,2026-05-14,2026-05-27,90,7959.25,Delayed,Pharma
5772,157,Warehouse_B,2026-05-13,2026-05-30,15,1668.63,Cancelled,Electronics
5773,297,Warehouse_E,2026-05-07,2026-05-17,25,9445.78,Delivered,Automotive
5774,280,Warehouse_A,2026-05-11,2026-05-19,61,1892.23,Cancelled,Pharma
5775,131,Warehouse_A,2026-05-09,2026-05-29,59,1200.22,Cancelled,Industrial
5776,274,Warehouse_B,2026-05-14,2026-05-18,12,8301.96,Delayed,FMCG
5777,154,Warehouse_B,2026-05-18,2026-05-23,96,6669.42,In Transit,Electronics
5778,237,Warehouse_A,2026-05-08,2026-05-10,49,7850.38,In Transit,FMCG
5779,246,Warehouse_B,2026-05-23,2026-05-30,11,7400.15,Delayed,Automotive
5780,388,Warehouse_C,2026-05-21,2026-05-27,37,1640.49,In Transit,Industrial
5781,92,Warehouse_C,2026-05-12,2026-05-30,64,9937.83,Delivered,Automotive
5782,111,Warehouse_A,2026-05-26,2026-06-13,89,9017.58,Cancelled,Electronics
5783,463,Warehouse_D,2026-05-16,2026-06-02,82,1021.64,Delivered,Industrial
5784,244,Warehouse_D,2026-06-03,2026-06-19,48,7290.06,Delivered,Electronics
5785,436,Warehouse_B,2026-05-27,2026-06-08,56,6481.57,In Transit,FMCG
5786,357,Warehouse_B,2026-05-16,2026-06-03,51,654.59,Delayed,Industrial
5787,332,Warehouse_B,2026-05-06,2026-05-14,72,8198.92,Delayed,Electronics
5788,64,Warehouse_A,2026-05-20,2026-05-28,94,5491.08,Delivered,FMCG
5789,488,Warehouse_C,2026-05-17,2026-05-23,20,2406.88,Delivered,Automotive
5790,118,Warehouse_C,2026-05-27,2026-06-01,87,8505.23,Delivered,Industrial
5791,306,Warehouse_D,2026-05-10,2026-05-16,4,8075.71,Cancelled,Electronics
5792,220,Warehouse_D,2026-06-01,2026-06-20,18,1435.97,Cancelled,Electronics
5793,258,Warehouse_A,2026-05-27,2026-06-02,63,4219.52,Delayed,Pharma
5794,3,Warehouse_A,2026-05-06,2026-05-22,93,7594.24,Delayed,Pharma
5795,432,Warehouse_E,2026-05-07,2026-05-08,91,7924.02,Delivered,Industrial
5796,183,Warehouse_C,2026-05-07,2026-05-19,60,6059.95,Delivered,Automotive
5797,404,Warehouse_E,2026-05-08,2026-05-17,74,4699.16,Cancelled,Industrial
5798,330,Warehouse_C,2026-05-25,2026-06-12,99,6554.84,Cancelled,Automotive
5799,28,Warehouse_E,2026-05-11,2026-05-16,59,4835.75,Cancelled,Automotive
5800,283,Warehouse_D,2026-05-29,2026-05-30,49,5909.51,Cancelled,Pharma
5801,233,Warehouse_C,2026-05-22,2026-06-04,37,9662.02,Delivered,FMCG
5802,176,Warehouse_A,2026-05-12,2026-05-15,13,9319.03,Delayed,Pharma
5803,496,Warehouse_D,2026-05-24,2026-06-13,97,4857.17,In Transit,Electronics
5804,442,Warehouse_C,2026-05-14,2026-05-27,11,5541.0,Delivered,Automotive
5805,346,Warehouse_E,2026-05-14,2026-05-22,62,669.95,Delivered,Industrial
5806,436,Warehouse_A,2026-05-19,2026-06-04,74,8444.95,Delivered,Automotive
5807,178,Warehouse_A,2026-05-12,2026-05-30,63,1933.21,In Transit,Electronics
5808,343,Warehouse_A,2026-05-24,2026-05-26,82,886.08,Delivered,Electronics
5809,241,Warehouse_C,2026-05-30,2026-06-13,12,1897.82,Delayed,Automotive
5810,305,Warehouse_B,2026-05-24,2026-05-28,51,9861.99,In Transit,Automotive
5811,182,Warehouse_A,2026-05-31,2026-06-01,39,958.99,In Transit,Pharma
5812,82,Warehouse_E,2026-06-04,2026-06-08,34,9818.34,Cancelled,FMCG
5813,36,Warehouse_A,2026-06-03,2026-06-15,46,4060.29,Cancelled,Pharma
5814,451,Warehouse_E,2026-05-30,2026-06-18,62,8285.38,Delivered,Industrial
5815,364,Warehouse_B,2026-05-20,2026-06-05,80,3947.99,Cancelled,Industrial
5816,58,Warehouse_E,2026-05-28,2026-05-31,61,2869.45,Cancelled,Electronics
5817,60,Warehouse_C,2026-06-04,2026-06-13,3,5092.86,Cancelled,Automotive
5818,252,Warehouse_C,2026-05-14,2026-05-26,37,6143.15,In Transit,Industrial
5819,450,Warehouse_E,2026-05-11,2026-05-18,15,8162.07,Delayed,Pharma
5820,59,Warehouse_A,2026-05-28,2026-06-10,5,632.22,Delivered,Electronics
5821,12,Warehouse_C,2026-05-07,2026-05-24,68,5817.25,In Transit,Industrial
5822,482,Warehouse_D,2026-05-25,2026-05-28,97,4174.47,Cancelled,Automotive
5823,149,Warehouse_D,2026-05-09,2026-05-10,54,2548.05,In Transit,Electronics
5824,191,Warehouse_D,2026-05-15,2026-05-29,38,2458.0,Delivered,Industrial
5825,436,Warehouse_C,2026-05-24,2026-05-30,29,5826.97,In Transit,FMCG
5826,9,Warehouse_D,2026-05-07,2026-05-25,5,8917.86,Delivered,FMCG
5827,354,Warehouse_D,2026-05-11,2026-05-22,58,9280.94,In Transit,Industrial
5828,106,Warehouse_C,2026-05-26,2026-05-31,26,6934.22,Delayed,Automotive
5829,326,Warehouse_B,2026-05-25,2026-06-01,50,2243.51,Cancelled,FMCG
5830,266,Warehouse_B,2026-05-26,2026-06-01,97,1809.22,In Transit,Electronics
5831,247,Warehouse_D,2026-05-18,2026-05-30,29,6712.52,In Transit,Electronics
5832,227,Warehouse_B,2026-05-22,2026-06-06,11,5106.67,Cancelled,Electronics
5833,228,Warehouse_C,2026-06-01,2026-06-10,26,5298.83,In Transit,Industrial
5834,145,Warehouse_A,2026-05-23,2026-06-10,2,4645.85,Delivered,Electronics
5835,9,Warehouse_A,2026-05-10,2026-05-22,85,6039.78,Cancelled,Pharma
5836,324,Warehouse_B,2026-06-03,2026-06-04,21,9807.18,In Transit,Electronics
5837,339,Warehouse_C,2026-05-15,2026-06-02,14,3706.67,Delayed,Electronics
5838,281,Warehouse_E,2026-05-31,2026-06-06,79,9350.79,Cancelled,Automotive
5839,357,Warehouse_C,2026-05-15,2026-05-17,26,4488.69,Delayed,Automotive
5840,394,Warehouse_C,2026-05-15,2026-05-21,36,894.58,Delivered,Pharma
5841,456,Warehouse_A,2026-05-25,2026-05-28,49,9207.83,Delayed,Automotive
5842,280,Warehouse_D,2026-05-08,2026-05-26,13,251.99,Cancelled,Industrial
5843,472,Warehouse_B,2026-06-04,2026-06-24,48,1368.13,Delivered,Pharma
5844,375,Warehouse_D,2026-06-03,2026-06-10,37,3642.25,In Transit,Automotive
5845,456,Warehouse_D,2026-05-23,2026-06-11,79,1182.59,Delayed,FMCG
5846,53,Warehouse_B,2026-05-11,2026-05-28,58,9830.12,In Transit,Pharma
5847,331,Warehouse_E,2026-05-14,2026-05-19,47,6414.7,Delayed,FMCG
5848,259,Warehouse_C,2026-05-08,2026-05-27,49,5522.95,Delivered,FMCG
5849,84,Warehouse_E,2026-05-30,2026-06-18,80,7591.0,Delivered,Industrial
5850,434,Warehouse_C,2026-05-23,2026-06-04,19,1668.97,In Transit,Industrial
5851,179,Warehouse_B,2026-05-23,2026-06-01,86,7535.65,Delivered,Electronics
5852,497,Warehouse_B,2026-06-03,2026-06-19,48,4173.29,Delayed,Pharma
5853,89,Warehouse_A,2026-06-04,2026-06-12,58,2874.94,In Transit,Automotive
5854,72,Warehouse_D,2026-05-20,2026-05-22,28,3335.5,Cancelled,Automotive
5855,341,Warehouse_E,2026-05-24,2026-06-09,89,3807.53,Delivered,Industrial
5856,16,Warehouse_B,2026-05-19,2026-05-30,46,3418.91,Delivered,FMCG
5857,399,Warehouse_E,2026-05-12,2026-05-31,9,6099.92,Delayed,Automotive
5858,298,Warehouse_A,2026-05-28,2026-06-10,17,2013.08,Delivered,Electronics
5859,416,Warehouse_A,2026-05-24,2026-06-10,63,7728.19,In Transit,Electronics
5860,397,Warehouse_C,2026-06-03,2026-06-06,17,7697.8,Delivered,Pharma
5861,268,Warehouse_E,2026-05-06,2026-05-25,40,9960.77,Delivered,Industrial
5862,306,Warehouse_B,2026-05-25,2026-06-12,36,6523.73,In Transit,Industrial
5863,314,Warehouse_A,2026-05-25,2026-06-02,88,5956.32,Delivered,Pharma
5864,146,Warehouse_E,2026-05-16,2026-05-23,45,6820.18,Delayed,Pharma
5865,130,Warehouse_A,2026-05-26,2026-05-28,13,4337.66,Delivered,Automotive
5866,39,Warehouse_C,2026-05-18,2026-05-31,68,9492.62,In Transit,FMCG
5867,179,Warehouse_C,2026-06-01,2026-06-12,64,7220.57,Delayed,Pharma
5868,368,Warehouse_C,2026-05-26,2026-06-14,11,4874.89,Delayed,Industrial
5869,271,Warehouse_E,2026-06-04,2026-06-14,23,4596.7,Delivered,Automotive
5870,317,Warehouse_D,2026-05-19,2026-05-31,97,3436.34,Cancelled,Industrial
5871,64,Warehouse_E,2026-05-22,2026-05-23,24,8369.85,Delivered,FMCG
5872,454,Warehouse_B,2026-05-13,2026-05-14,25,5891.62,Delayed,Industrial
5873,472,Warehouse_E,2026-05-23,2026-06-03,83,6238.9,Delayed,Industrial
5874,371,Warehouse_E,2026-05-22,2026-06-03,2,9981.55,Cancelled,Automotive
5875,364,Warehouse_D,2026-05-19,2026-05-20,64,959.1,Cancelled,Automotive
5876,412,Warehouse_A,2026-05-16,2026-05-24,29,792.47,Cancelled,Automotive
5877,72,Warehouse_D,2026-06-03,2026-06-12,26,6233.63,In Transit,Automotive
5878,273,Warehouse_A,2026-05-07,2026-05-11,80,4629.65,In Transit,FMCG
5879,170,Warehouse_E,2026-05-27,2026-06-14,28,865.8,In Transit,Industrial
5880,145,Warehouse_A,2026-05-29,2026-06-18,52,9938.46,In Transit,Pharma
5881,434,Warehouse_E,2026-05-15,2026-06-01,16,488.25,Delayed,Pharma
5882,446,Warehouse_E,2026-05-22,2026-05-30,83,7791.29,Delivered,FMCG
5883,166,Warehouse_C,2026-05-24,2026-06-05,28,4728.83,Delivered,Pharma
5884,319,Warehouse_C,2026-05-13,2026-05-24,41,7254.78,In Transit,Automotive
5885,173,Warehouse_B,2026-05-31,2026-06-10,79,2225.54,Cancelled,Electronics
5886,160,Warehouse_C,2026-05-15,2026-05-29,1,9318.36,Delivered,Electronics
5887,335,Warehouse_D,2026-06-03,2026-06-12,21,5691.59,In Transit,Industrial
5888,450,Warehouse_E,2026-05-18,2026-05-21,100,4441.64,In Transit,Automotive
5889,40,Warehouse_D,2026-05-24,2026-06-10,15,6183.02,In Transit,FMCG
5890,142,Warehouse_D,2026-05-13,2026-05-30,61,9857.23,Cancelled,Electronics
5891,192,Warehouse_B,2026-05-29,2026-05-31,16,1625.0,In Transit,Electronics
5892,481,Warehouse_C,2026-05-20,2026-05-27,42,4262.89,Cancelled,FMCG
5893,53,Warehouse_D,2026-05-13,2026-05-30,52,3723.35,Cancelled,FMCG
5894,272,Warehouse_E,2026-05-26,2026-06-02,6,1232.2,In Transit,Industrial
5895,194,Warehouse_C,2026-05-23,2026-06-09,9,9524.02,In Transit,Automotive
5896,111,Warehouse_E,2026-05-16,2026-06-01,38,6245.35,Delivered,Automotive
5897,198,Warehouse_E,2026-05-17,2026-05-24,66,9457.98,Delivered,Automotive
5898,65,Warehouse_D,2026-06-01,2026-06-19,56,2292.22,Delivered,FMCG
5899,464,Warehouse_C,2026-05-16,2026-06-04,11,9321.86,Delivered,Automotive
5900,25,Warehouse_D,2026-05-14,2026-05-17,52,4030.2,Cancelled,Automotive
5901,348,Warehouse_C,2026-05-09,2026-05-20,85,7558.46,In Transit,Electronics
5902,294,Warehouse_E,2026-05-28,2026-06-03,52,9305.59,Delayed,Automotive
5903,257,Warehouse_A,2026-05-16,2026-05-30,78,8487.27,Delivered,Industrial
5904,289,Warehouse_B,2026-05-14,2026-06-02,34,7127.13,Delivered,Industrial
5905,130,Warehouse_B,2026-05-20,2026-06-04,22,8810.01,Delayed,Electronics
5906,54,Warehouse_B,2026-05-19,2026-05-24,10,5111.68,Cancelled,Automotive
5907,488,Warehouse_B,2026-05-25,2026-06-05,20,5990.28,Delivered,Pharma
5908,147,Warehouse_D,2026-05-12,2026-05-15,38,1430.46,Delivered,FMCG
5909,447,Warehouse_A,2026-06-04,2026-06-18,84,4074.31,Delivered,Industrial
5910,269,Warehouse_D,2026-05-20,2026-06-04,12,8077.3,Delivered,FMCG
5911,192,Warehouse_C,2026-05-20,2026-06-03,10,3906.11,Delivered,Industrial
5912,480,Warehouse_D,2026-05-23,2026-05-25,78,7726.12,In Transit,Industrial
5913,45,Warehouse_D,2026-05-09,2026-05-22,8,7375.17,Delayed,Pharma
5914,407,Warehouse_E,2026-05-08,2026-05-25,70,1687.01,Delivered,FMCG
5915,278,Warehouse_D,2026-05-24,2026-06-05,54,7868.52,Delivered,Pharma
5916,470,Warehouse_E,2026-05-21,2026-06-06,93,6395.19,Delayed,FMCG
5917,347,Warehouse_E,2026-06-04,2026-06-11,23,6940.84,Delivered,Industrial
5918,324,Warehouse_E,2026-05-12,2026-05-23,22,3146.2,Cancelled,FMCG
5919,169,Warehouse_B,2026-05-28,2026-06-10,24,7520.57,Delayed,Automotive
5920,337,Warehouse_C,2026-05-15,2026-05-26,77,4413.0,Delayed,Industrial
5921,437,Warehouse_E,2026-05-16,2026-05-19,89,7420.71,Delayed,Automotive
5922,314,Warehouse_B,2026-05-30,2026-06-11,83,2702.25,Delayed,Automotive
5923,469,Warehouse_E,2026-05-29,2026-06-05,74,6428.81,In Transit,Automotive
5924,349,Warehouse_E,2026-05-07,2026-05-18,22,9161.07,Delivered,Industrial
5925,214,Warehouse_C,2026-06-04,2026-06-20,41,4336.12,Cancelled,Industrial
5926,163,Warehouse_E,2026-05-20,2026-05-24,91,431.99,In Transit,Automotive
5927,313,Warehouse_B,2026-06-04,2026-06-21,7,5826.52,Delivered,Industrial
5928,351,Warehouse_A,2026-05-15,2026-05-29,13,4693.79,In Transit,Electronics
5929,237,Warehouse_E,2026-05-30,2026-06-03,62,288.52,Cancelled,Automotive
5930,57,Warehouse_A,2026-05-19,2026-06-04,51,1205.28,Cancelled,Electronics
5931,142,Warehouse_E,2026-05-14,2026-06-01,89,1174.77,Cancelled,FMCG
5932,336,Warehouse_B,2026-05-15,2026-05-24,73,9890.57,In Transit,Automotive
5933,44,Warehouse_A,2026-05-12,2026-05-16,27,9081.92,Cancelled,Electronics
5934,246,Warehouse_B,2026-05-09,2026-05-29,87,7907.26,In Transit,Industrial
5935,473,Warehouse_D,2026-05-21,2026-06-08,12,6946.23,Delivered,Electronics
5936,196,Warehouse_D,2026-05-12,2026-05-21,38,2544.67,Cancelled,Industrial
5937,315,Warehouse_D,2026-06-04,2026-06-10,96,1599.58,Delayed,Industrial
5938,329,Warehouse_A,2026-05-15,2026-05-18,37,7449.16,Delayed,FMCG
5939,252,Warehouse_A,2026-05-07,2026-05-18,79,3271.39,Delivered,Electronics
5940,238,Warehouse_E,2026-05-27,2026-06-13,29,4079.45,Delivered,Pharma
5941,258,Warehouse_B,2026-05-13,2026-05-31,58,5077.48,Delayed,Automotive
5942,71,Warehouse_C,2026-05-12,2026-05-21,61,1756.94,Delayed,Pharma
5943,99,Warehouse_B,2026-05-10,2026-05-25,100,4956.41,Delayed,FMCG
5944,400,Warehouse_A,2026-06-03,2026-06-07,21,6703.91,In Transit,Industrial
5945,460,Warehouse_E,2026-05-19,2026-06-03,34,2123.86,Delivered,FMCG
5946,463,Warehouse_B,2026-05-12,2026-05-25,68,1264.73,Delayed,FMCG
5947,82,Warehouse_C,2026-06-03,2026-06-06,83,4146.15,Delayed,Industrial
5948,259,Warehouse_A,2026-05-22,2026-06-09,19,7753.87,Delivered,Pharma
5949,194,Warehouse_E,2026-05-15,2026-05-22,14,7454.03,Delayed,Electronics
5950,323,Warehouse_D,2026-06-03,2026-06-08,45,6202.84,Delivered,Industrial
5951,113,Warehouse_B,2026-05-25,2026-06-03,91,5756.55,In Transit,Pharma
5952,367,Warehouse_C,2026-05-09,2026-05-10,57,4765.12,In Transit,Automotive
5953,139,Warehouse_A,2026-06-02,2026-06-09,24,6040.69,Delivered,Pharma
5954,225,Warehouse_A,2026-05-21,2026-06-04,30,3695.63,Delayed,Automotive
5955,32,Warehouse_A,2026-05-31,2026-06-19,31,2428.83,Delayed,Electronics
5956,199,Warehouse_A,2026-05-16,2026-05-20,34,9724.56,Cancelled,Automotive
5957,397,Warehouse_D,2026-05-20,2026-05-22,67,7067.85,Delivered,Pharma
5958,372,Warehouse_C,2026-06-04,2026-06-16,9,3852.94,Delivered,Pharma
5959,23,Warehouse_E,2026-05-22,2026-06-02,8,9779.11,Cancelled,Pharma
5960,230,Warehouse_C,2026-05-28,2026-05-31,15,2824.02,Delivered,FMCG
5961,384,Warehouse_D,2026-05-19,2026-05-28,14,8916.05,Cancelled,Automotive
5962,174,Warehouse_A,2026-06-04,2026-06-09,49,1686.81,In Transit,FMCG
5963,307,Warehouse_D,2026-05-10,2026-05-22,39,2764.45,Delivered,FMCG
5964,340,Warehouse_E,2026-05-07,2026-05-22,80,8084.49,Delayed,Automotive
5965,141,Warehouse_D,2026-05-26,2026-06-13,15,2852.66,In Transit,FMCG
5966,380,Warehouse_C,2026-05-24,2026-05-25,97,9538.24,Cancelled,Industrial
5967,249,Warehouse_A,2026-06-04,2026-06-24,86,722.6,Cancelled,Pharma
5968,170,Warehouse_D,2026-05-19,2026-05-25,53,364.7,Delivered,Electronics
5969,144,Warehouse_B,2026-06-04,2026-06-14,91,1722.62,Delayed,FMCG
5970,255,Warehouse_B,2026-05-31,2026-06-17,35,848.47,Delayed,Industrial
5971,155,Warehouse_E,2026-05-26,2026-06-03,95,6451.97,Delayed,FMCG
5972,444,Warehouse_B,2026-06-01,2026-06-08,76,4882.79,Delivered,Industrial
5973,411,Warehouse_E,2026-05-24,2026-06-13,59,9799.93,Delayed,Automotive
5974,356,Warehouse_A,2026-05-13,2026-05-15,36,5627.53,Cancelled,Industrial
5975,336,Warehouse_C,2026-05-24,2026-06-06,27,7179.19,In Transit,FMCG
5976,274,Warehouse_E,2026-05-07,2026-05-26,89,3082.54,Cancelled,Pharma
5977,204,Warehouse_E,2026-05-10,2026-05-30,44,4876.12,Delivered,Electronics
5978,235,Warehouse_E,2026-05-25,2026-06-09,44,3096.85,In Transit,Industrial
5979,135,Warehouse_C,2026-05-31,2026-06-13,7,2218.39,In Transit,Pharma
5980,273,Warehouse_D,2026-05-27,2026-06-06,18,5505.96,Cancelled,Automotive
5981,288,Warehouse_D,2026-06-02,2026-06-09,5,5308.93,Cancelled,FMCG
5982,201,Warehouse_E,2026-05-10,2026-05-11,94,6720.83,Cancelled,Automotive
5983,213,Warehouse_C,2026-05-25,2026-06-09,15,9512.97,In Transit,Electronics
5984,314,Warehouse_A,2026-05-17,2026-06-03,44,3716.19,Delivered,FMCG
5985,466,Warehouse_C,2026-05-29,2026-06-14,91,378.15,Delivered,Electronics
5986,22,Warehouse_B,2026-05-19,2026-06-05,6,7947.02,In Transit,Industrial
5987,336,Warehouse_B,2026-05-06,2026-05-24,71,4864.36,In Transit,FMCG
5988,26,Warehouse_A,2026-05-20,2026-06-06,80,3156.88,In Transit,Pharma
5989,428,Warehouse_B,2026-05-12,2026-05-14,50,7763.02,In Transit,Industrial
5990,466,Warehouse_A,2026-05-28,2026-06-01,54,6245.77,Cancelled,Pharma
5991,325,Warehouse_B,2026-05-28,2026-06-17,65,3522.89,Cancelled,Pharma
5992,112,Warehouse_C,2026-06-01,2026-06-18,47,4267.39,Cancelled,FMCG
5993,439,Warehouse_A,2026-05-30,2026-06-07,90,758.17,Cancelled,FMCG
5994,105,Warehouse_B,2026-05-19,2026-05-22,17,5961.36,Delayed,Electronics
5995,493,Warehouse_E,2026-05-21,2026-05-30,3,4157.27,In Transit,Electronics
5996,35,Warehouse_E,2026-05-17,2026-06-04,14,6551.18,Delivered,FMCG
5997,316,Warehouse_B,2026-06-03,2026-06-21,96,705.5,In Transit,Industrial
5998,194,Warehouse_A,2026-05-18,2026-05-27,2,3902.0,Delayed,Automotive
5999,214,Warehouse_C,2026-05-09,2026-05-20,72,5587.54,Delayed,Industrial
6000,125,Warehouse_B,2026-05-10,2026-05-20,37,3136.51,In Transit,Industrial
6001,467,Warehouse_C,2026-05-29,2026-06-12,28,135.03,In Transit,Pharma
6002,36,Warehouse_A,2026-05-17,2026-05-20,74,6557.37,Cancelled,Pharma
6003,454,Warehouse_B,2026-05-18,2026-06-05,89,6529.51,Cancelled,Industrial
6004,288,Warehouse_D,2026-05-28,2026-05-29,63,4925.86,In Transit,FMCG
6005,248,Warehouse_A,2026-05-23,2026-06-02,94,1605.54,In Transit,FMCG
6006,458,Warehouse_D,2026-05-18,2026-06-07,55,965.35,Delayed,Electronics
6007,377,Warehouse_C,2026-05-14,2026-06-02,3,3681.55,Delivered,FMCG
6008,258,Warehouse_E,2026-05-31,2026-06-16,48,3269.98,Delivered,Electronics
6009,151,Warehouse_C,2026-05-06,2026-05-21,56,7571.48,Delivered,Automotive
6010,100,Warehouse_D,2026-05-23,2026-06-03,69,2370.72,Cancelled,Industrial
6011,234,Warehouse_B,2026-05-21,2026-06-04,77,9458.44,In Transit,Electronics
6012,197,Warehouse_C,2026-05-13,2026-06-02,16,6087.94,In Transit,Pharma
6013,34,Warehouse_C,2026-05-08,2026-05-20,59,2241.64,In Transit,Automotive
6014,7,Warehouse_B,2026-05-27,2026-06-10,32,1282.11,In Transit,Automotive
6015,283,Warehouse_E,2026-05-07,2026-05-12,65,2458.12,In Transit,FMCG
6016,85,Warehouse_E,2026-05-22,2026-05-24,31,4129.5,Delayed,FMCG
6017,274,Warehouse_D,2026-05-21,2026-05-24,48,4130.21,Delayed,Industrial
6018,155,Warehouse_A,2026-05-08,2026-05-12,86,8759.45,Cancelled,Electronics
6019,145,Warehouse_E,2026-05-21,2026-05-29,78,1973.09,Delivered,Industrial
6020,131,Warehouse_C,2026-05-22,2026-06-06,94,2984.12,Cancelled,FMCG
6021,333,Warehouse_D,2026-05-22,2026-06-03,20,5548.41,In Transit,Electronics
6022,46,Warehouse_E,2026-05-18,2026-06-02,79,4569.88,Delivered,Electronics
6023,355,Warehouse_E,2026-05-07,2026-05-26,97,9770.64,Delivered,FMCG
6024,283,Warehouse_D,2026-06-03,2026-06-12,70,4240.06,Cancelled,FMCG
6025,345,Warehouse_C,2026-05-07,2026-05-23,89,9095.96,Delayed,Automotive
6026,277,Warehouse_D,2026-05-08,2026-05-13,37,6219.73,In Transit,Electronics
6027,224,Warehouse_E,2026-05-06,2026-05-17,96,4734.89,Cancelled,Electronics
6028,412,Warehouse_E,2026-05-31,2026-06-01,26,183.07,Cancelled,Electronics
6029,471,Warehouse_B,2026-05-28,2026-06-14,78,5783.26,Delayed,Automotive
6030,438,Warehouse_A,2026-05-29,2026-06-18,13,9568.25,In Transit,FMCG
6031,479,Warehouse_D,2026-05-25,2026-06-08,86,1412.18,Cancelled,Automotive
6032,159,Warehouse_C,2026-06-01,2026-06-18,76,4435.88,Cancelled,Pharma
6033,391,Warehouse_C,2026-05-14,2026-06-03,21,7447.0,Cancelled,Automotive
6034,237,Warehouse_C,2026-05-11,2026-05-26,34,2705.92,Cancelled,Automotive
6035,219,Warehouse_D,2026-06-04,2026-06-12,66,1512.0,Cancelled,Electronics
6036,329,Warehouse_C,2026-05-18,2026-05-27,31,6760.72,Delayed,FMCG
6037,364,Warehouse_A,2026-05-07,2026-05-23,52,4249.1,Cancelled,FMCG
6038,78,Warehouse_E,2026-06-03,2026-06-23,40,5517.94,Delayed,FMCG
6039,209,Warehouse_C,2026-06-03,2026-06-20,95,641.78,Cancelled,Automotive
6040,177,Warehouse_B,2026-06-03,2026-06-16,66,3213.41,Delivered,Pharma
6041,394,Warehouse_E,2026-05-30,2026-06-01,86,965.33,In Transit,Pharma
6042,465,Warehouse_A,2026-05-12,2026-05-15,66,2374.6,Delayed,FMCG
6043,311,Warehouse_A,2026-05-25,2026-06-05,66,7135.78,In Transit,Industrial
6044,83,Warehouse_D,2026-05-15,2026-05-25,96,9038.51,Delayed,Industrial
6045,119,Warehouse_D,2026-05-30,2026-06-02,4,7093.26,Delayed,FMCG
6046,367,Warehouse_A,2026-05-16,2026-05-26,32,2530.61,Cancelled,Industrial
6047,195,Warehouse_D,2026-05-17,2026-05-26,75,7864.51,In Transit,FMCG
6048,235,Warehouse_A,2026-05-28,2026-06-11,21,8716.68,Cancelled,Automotive
6049,102,Warehouse_B,2026-05-11,2026-05-31,27,9561.04,Cancelled,Pharma
6050,386,Warehouse_A,2026-06-02,2026-06-06,59,2783.25,Delivered,Pharma
6051,87,Warehouse_D,2026-05-07,2026-05-23,89,693.51,In Transit,Automotive
6052,245,Warehouse_D,2026-05-25,2026-05-27,24,8273.91,Delivered,FMCG
6053,405,Warehouse_D,2026-05-12,2026-05-21,62,5250.51,Cancelled,Automotive
6054,149,Warehouse_D,2026-05-21,2026-06-09,60,1904.98,Delayed,Electronics
6055,248,Warehouse_E,2026-05-16,2026-06-05,57,552.81,Delivered,Industrial
6056,475,Warehouse_C,2026-06-04,2026-06-23,18,8201.34,In Transit,Automotive
6057,44,Warehouse_C,2026-05-28,2026-06-08,13,329.07,Delivered,FMCG
6058,438,Warehouse_D,2026-05-16,2026-06-05,54,5235.74,In Transit,Electronics
6059,113,Warehouse_A,2026-05-09,2026-05-28,95,9612.0,Cancelled,Pharma
6060,32,Warehouse_C,2026-05-22,2026-05-31,14,1272.53,Delayed,Industrial
6061,409,Warehouse_E,2026-05-27,2026-06-09,7,1372.29,Delayed,Automotive
6062,167,Warehouse_B,2026-05-21,2026-05-24,42,2749.91,Cancelled,Electronics
6063,218,Warehouse_B,2026-05-12,2026-05-18,6,4525.4,Delayed,Pharma
6064,363,Warehouse_A,2026-05-18,2026-06-06,38,3122.52,Cancelled,Pharma
6065,145,Warehouse_D,2026-05-23,2026-06-02,100,5873.5,In Transit,Automotive
6066,191,Warehouse_B,2026-05-19,2026-06-01,22,3920.97,Delayed,Electronics
6067,121,Warehouse_C,2026-05-25,2026-06-05,63,7947.6,Delayed,Automotive
6068,448,Warehouse_C,2026-05-30,2026-06-06,56,3279.98,In Transit,Automotive
6069,381,Warehouse_C,2026-05-06,2026-05-19,98,1829.92,Delayed,Pharma
6070,429,Warehouse_C,2026-05-06,2026-05-09,57,6321.41,Delayed,FMCG
6071,419,Warehouse_A,2026-05-12,2026-05-20,60,1918.68,In Transit,Pharma
6072,278,Warehouse_D,2026-05-18,2026-06-04,84,3982.06,In Transit,Electronics
6073,472,Warehouse_D,2026-05-23,2026-06-01,29,1828.83,Cancelled,Pharma
6074,50,Warehouse_E,2026-05-08,2026-05-22,46,8962.87,In Transit,FMCG
6075,105,Warehouse_A,2026-05-15,2026-05-30,88,2773.35,In Transit,Pharma
6076,155,Warehouse_E,2026-05-31,2026-06-19,74,9581.28,Delivered,Electronics
6077,272,Warehouse_D,2026-05-08,2026-05-23,46,4227.38,Delayed,FMCG
6078,287,Warehouse_A,2026-05-23,2026-06-05,68,5832.92,Delayed,Automotive
6079,7,Warehouse_D,2026-05-17,2026-05-25,15,2982.42,In Transit,Automotive
6080,454,Warehouse_E,2026-05-27,2026-06-07,15,1180.37,Delayed,FMCG
6081,176,Warehouse_C,2026-05-13,2026-05-23,55,5458.51,Delayed,Pharma
6082,321,Warehouse_B,2026-06-01,2026-06-14,24,8675.4,Cancelled,FMCG
6083,310,Warehouse_B,2026-05-29,2026-06-03,65,492.79,Delivered,Automotive
6084,45,Warehouse_D,2026-05-19,2026-05-23,1,9154.08,Delayed,Pharma
6085,476,Warehouse_C,2026-05-27,2026-05-28,29,2592.08,Delayed,Automotive
6086,173,Warehouse_B,2026-05-10,2026-05-19,80,3518.39,In Transit,FMCG
6087,198,Warehouse_E,2026-05-29,2026-06-09,85,1561.41,Cancelled,Industrial
6088,323,Warehouse_B,2026-05-21,2026-06-08,70,1941.72,Delivered,Electronics
6089,189,Warehouse_A,2026-06-02,2026-06-20,85,1046.13,Delayed,Electronics
6090,365,Warehouse_A,2026-05-26,2026-05-31,34,6368.37,Delivered,Electronics
6091,109,Warehouse_E,2026-05-10,2026-05-17,93,1430.2,In Transit,Pharma
6092,253,Warehouse_A,2026-05-12,2026-05-20,34,7741.31,Delivered,Electronics
6093,34,Warehouse_A,2026-05-09,2026-05-10,5,9074.11,Delivered,Pharma
6094,241,Warehouse_E,2026-05-10,2026-05-20,67,3540.77,Delivered,Automotive
6095,76,Warehouse_A,2026-06-01,2026-06-17,16,5210.54,Delivered,Industrial
6096,488,Warehouse_C,2026-05-29,2026-06-02,69,9009.67,Delayed,Automotive
6097,498,Warehouse_D,2026-05-22,2026-05-24,90,804.23,Cancelled,Industrial
6098,243,Warehouse_C,2026-05-20,2026-06-02,16,4989.33,In Transit,Pharma
6099,372,Warehouse_D,2026-05-27,2026-06-15,100,3581.38,Delayed,FMCG
6100,395,Warehouse_C,2026-05-06,2026-05-19,96,6387.28,Cancelled,Automotive
6101,288,Warehouse_B,2026-05-12,2026-06-01,75,5194.11,Delayed,Electronics
6102,128,Warehouse_A,2026-05-14,2026-06-03,8,6467.81,Delivered,FMCG
6103,380,Warehouse_B,2026-05-27,2026-05-29,70,3768.66,Cancelled,Electronics
6104,398,Warehouse_C,2026-05-06,2026-05-14,34,4556.02,Delayed,Pharma
6105,332,Warehouse_A,2026-05-19,2026-05-30,60,8261.43,Delayed,Pharma
6106,364,Warehouse_D,2026-05-11,2026-05-13,65,8667.85,Delivered,Pharma
6107,34,Warehouse_E,2026-05-15,2026-05-20,73,4919.1,In Transit,Automotive
6108,253,Warehouse_E,2026-05-25,2026-06-01,93,7152.13,In Transit,Electronics
6109,46,Warehouse_A,2026-05-17,2026-05-26,72,5237.03,Cancelled,Automotive
6110,211,Warehouse_B,2026-06-03,2026-06-11,35,324.74,Cancelled,Automotive
6111,130,Warehouse_D,2026-05-19,2026-06-05,68,4015.99,Delivered,Pharma
6112,377,Warehouse_B,2026-05-22,2026-05-23,25,9018.45,Delivered,Automotive
6113,51,Warehouse_D,2026-05-27,2026-06-03,78,7865.27,Cancelled,Pharma
6114,97,Warehouse_C,2026-06-01,2026-06-14,36,3605.71,Delayed,Automotive
6115,220,Warehouse_C,2026-06-01,2026-06-10,16,1671.33,In Transit,Pharma
6116,99,Warehouse_E,2026-05-24,2026-06-11,76,4713.15,Delivered,Industrial
6117,471,Warehouse_A,2026-05-06,2026-05-21,30,7315.76,Delayed,FMCG
6118,99,Warehouse_B,2026-05-11,2026-05-13,8,3367.59,Delayed,Pharma
6119,443,Warehouse_B,2026-05-27,2026-06-11,16,9169.8,Delayed,Electronics
6120,107,Warehouse_C,2026-05-30,2026-06-18,24,6761.22,Cancelled,Electronics
6121,148,Warehouse_D,2026-05-13,2026-05-17,74,4727.85,Delayed,Automotive
6122,471,Warehouse_E,2026-05-07,2026-05-08,98,7054.66,In Transit,Electronics
6123,384,Warehouse_E,2026-05-07,2026-05-16,24,5728.63,Delivered,Electronics
6124,107,Warehouse_B,2026-05-23,2026-06-09,31,5939.28,Cancelled,Automotive
6125,193,Warehouse_C,2026-05-29,2026-05-30,12,6781.24,Delivered,Automotive
6126,308,Warehouse_D,2026-05-10,2026-05-29,41,5871.32,Delayed,Electronics
6127,76,Warehouse_D,2026-05-26,2026-06-07,56,5149.06,In Transit,FMCG
6128,492,Warehouse_E,2026-05-21,2026-05-31,96,184.8,In Transit,FMCG
6129,398,Warehouse_E,2026-05-08,2026-05-12,61,3149.84,Cancelled,Industrial
6130,23,Warehouse_D,2026-05-28,2026-05-31,74,5470.83,Delayed,FMCG
6131,96,Warehouse_B,2026-05-11,2026-05-14,94,7595.81,In Transit,Pharma
6132,356,Warehouse_C,2026-06-03,2026-06-18,68,1433.25,Cancelled,Pharma
6133,41,Warehouse_B,2026-05-25,2026-06-11,13,5584.56,Delayed,Pharma
6134,433,Warehouse_B,2026-05-13,2026-05-27,5,6761.12,Cancelled,Electronics
6135,427,Warehouse_A,2026-05-21,2026-06-03,61,3112.95,Delayed,Electronics
6136,363,Warehouse_D,2026-05-27,2026-06-14,75,7458.69,In Transit,Pharma
6137,400,Warehouse_C,2026-05-06,2026-05-14,96,4934.01,Delayed,FMCG
6138,187,Warehouse_E,2026-05-17,2026-05-25,62,9164.02,In Transit,Industrial
6139,140,Warehouse_D,2026-05-31,2026-06-10,37,2350.24,Delivered,Pharma
6140,478,Warehouse_A,2026-05-26,2026-06-14,100,8826.75,In Transit,Pharma
6141,386,Warehouse_E,2026-05-06,2026-05-26,48,515.42,Delayed,Electronics
6142,194,Warehouse_A,2026-05-26,2026-06-04,9,9882.95,Delivered,Pharma
6143,245,Warehouse_D,2026-05-08,2026-05-14,1,3665.35,Cancelled,Electronics
6144,429,Warehouse_A,2026-06-01,2026-06-08,57,7001.06,Delayed,Pharma
6145,468,Warehouse_C,2026-05-11,2026-05-28,48,2230.7,Delayed,Automotive
6146,106,Warehouse_A,2026-05-08,2026-05-23,30,4319.42,Cancelled,Automotive
6147,347,Warehouse_B,2026-05-27,2026-06-13,84,498.42,Delivered,Pharma
6148,29,Warehouse_E,2026-05-14,2026-05-17,16,5208.4,In Transit,FMCG
6149,211,Warehouse_E,2026-06-04,2026-06-21,29,337.83,Delayed,Automotive
6150,316,Warehouse_C,2026-05-22,2026-05-27,73,9640.63,In Transit,Electronics
6151,280,Warehouse_C,2026-05-09,2026-05-22,44,4259.47,In Transit,Industrial
6152,490,Warehouse_D,2026-05-15,2026-06-03,2,7915.81,Cancelled,Automotive
6153,31,Warehouse_E,2026-05-08,2026-05-26,6,7095.27,In Transit,Electronics
6154,72,Warehouse_C,2026-05-17,2026-05-30,47,8395.6,In Transit,Pharma
6155,92,Warehouse_A,2026-06-01,2026-06-16,16,9115.63,Delivered,Pharma
6156,70,Warehouse_E,2026-05-13,2026-05-21,24,9099.7,Delivered,Industrial
6157,298,Warehouse_B,2026-05-30,2026-06-10,10,3605.37,In Transit,Electronics
6158,333,Warehouse_D,2026-05-26,2026-06-14,64,1051.59,Cancelled,FMCG
6159,73,Warehouse_A,2026-05-08,2026-05-15,93,9404.07,Cancelled,FMCG
6160,154,Warehouse_E,2026-05-18,2026-05-24,75,670.99,Cancelled,FMCG
6161,210,Warehouse_B,2026-05-12,2026-05-26,9,3031.63,Delayed,Pharma
6162,156,Warehouse_B,2026-05-20,2026-06-07,8,8540.43,In Transit,Industrial
6163,462,Warehouse_C,2026-06-02,2026-06-09,86,7682.79,Cancelled,Electronics
6164,281,Warehouse_E,2026-05-24,2026-06-01,74,9027.46,Delayed,Automotive
6165,143,Warehouse_C,2026-05-22,2026-05-23,94,6137.14,Delayed,Pharma
6166,432,Warehouse_B,2026-05-10,2026-05-21,90,8495.53,In Transit,Automotive
6167,313,Warehouse_B,2026-05-25,2026-05-26,75,7709.26,Delivered,Electronics
6168,428,Warehouse_B,2026-05-15,2026-05-23,32,4560.6,Delivered,Industrial
6169,175,Warehouse_A,2026-05-07,2026-05-13,63,4227.74,In Transit,Industrial
6170,121,Warehouse_D,2026-05-12,2026-05-24,73,4388.07,Delayed,Automotive
6171,166,Warehouse_D,2026-05-31,2026-06-01,100,5150.99,Delayed,Pharma
6172,215,Warehouse_A,2026-06-03,2026-06-20,7,477.38,Cancelled,Electronics
6173,207,Warehouse_B,2026-06-04,2026-06-13,60,6025.17,In Transit,Pharma
6174,74,Warehouse_C,2026-05-28,2026-06-07,52,6102.8,Delivered,Industrial
6175,278,Warehouse_D,2026-05-07,2026-05-16,12,6662.1,Cancelled,Pharma
6176,468,Warehouse_C,2026-06-04,2026-06-23,40,2365.47,Delayed,Pharma
6177,197,Warehouse_D,2026-05-07,2026-05-11,10,7233.62,In Transit,FMCG
6178,149,Warehouse_A,2026-05-09,2026-05-18,46,2922.1,Cancelled,Automotive
6179,447,Warehouse_A,2026-05-22,2026-05-23,80,4767.39,Delayed,Industrial
6180,122,Warehouse_D,2026-05-07,2026-05-13,35,1197.73,In Transit,Industrial
6181,90,Warehouse_B,2026-05-11,2026-05-28,24,9770.39,Cancelled,Pharma
6182,459,Warehouse_A,2026-05-07,2026-05-08,33,4736.79,In Transit,Electronics
6183,290,Warehouse_A,2026-05-20,2026-06-01,44,7281.62,In Transit,Industrial
6184,57,Warehouse_A,2026-06-01,2026-06-17,59,7737.44,Delayed,Automotive
6185,23,Warehouse_A,2026-05-19,2026-06-08,92,3405.06,Delayed,Pharma
6186,114,Warehouse_B,2026-05-13,2026-05-14,19,5117.77,Cancelled,Electronics
6187,251,Warehouse_E,2026-05-30,2026-06-13,63,1802.12,Cancelled,Pharma
6188,265,Warehouse_D,2026-05-20,2026-05-22,52,3494.25,Delayed,FMCG
6189,465,Warehouse_E,2026-05-07,2026-05-12,28,4581.84,Cancelled,Pharma
6190,318,Warehouse_C,2026-05-17,2026-05-26,98,8338.29,Cancelled,Electronics
6191,242,Warehouse_B,2026-05-10,2026-05-27,88,5987.0,In Transit,Automotive
6192,329,Warehouse_A,2026-05-18,2026-06-07,22,1144.07,Delivered,FMCG
6193,418,Warehouse_C,2026-05-30,2026-06-13,49,6615.44,Cancelled,Electronics
6194,93,Warehouse_B,2026-05-30,2026-06-08,39,1658.13,In Transit,Automotive
6195,483,Warehouse_E,2026-05-28,2026-06-05,97,9036.81,Delayed,Electronics
6196,240,Warehouse_B,2026-05-07,2026-05-19,51,2545.84,Delayed,Industrial
6197,392,Warehouse_A,2026-05-19,2026-05-29,31,3342.99,Delayed,FMCG
6198,183,Warehouse_B,2026-05-07,2026-05-27,7,9094.92,Delivered,Electronics
6199,481,Warehouse_E,2026-05-15,2026-06-03,19,7190.58,Cancelled,FMCG
6200,203,Warehouse_B,2026-05-17,2026-05-21,19,7614.05,Delayed,Automotive
6201,450,Warehouse_D,2026-05-21,2026-05-26,30,7304.05,In Transit,Pharma
6202,339,Warehouse_B,2026-06-01,2026-06-19,68,8000.11,Delivered,Electronics
6203,329,Warehouse_C,2026-06-01,2026-06-08,54,7010.83,Cancelled,Automotive
6204,372,Warehouse_B,2026-06-02,2026-06-04,85,542.03,In Transit,Automotive
6205,382,Warehouse_A,2026-05-15,2026-05-23,100,874.04,Delivered,Automotive
6206,455,Warehouse_B,2026-05-20,2026-05-24,64,6003.59,In Transit,Pharma
6207,421,Warehouse_E,2026-05-13,2026-05-17,74,8025.02,In Transit,Industrial
6208,138,Warehouse_D,2026-05-24,2026-05-27,3,1964.79,Cancelled,FMCG
6209,74,Warehouse_A,2026-05-29,2026-06-17,85,6153.17,Delayed,Industrial
6210,398,Warehouse_B,2026-05-20,2026-05-26,42,9749.04,Delivered,Electronics
6211,396,Warehouse_A,2026-05-28,2026-06-03,42,6239.12,Cancelled,Electronics
6212,228,Warehouse_C,2026-05-08,2026-05-13,79,6458.2,Cancelled,Pharma
6213,478,Warehouse_E,2026-05-27,2026-05-31,65,4217.41,In Transit,Automotive
6214,44,Warehouse_D,2026-06-03,2026-06-14,58,3904.76,Cancelled,Electronics
6215,13,Warehouse_A,2026-05-11,2026-05-21,10,362.05,Delivered,FMCG
6216,122,Warehouse_A,2026-05-16,2026-06-01,54,5481.27,Cancelled,Industrial
6217,189,Warehouse_B,2026-05-25,2026-05-29,47,351.21,In Transit,Industrial
6218,490,Warehouse_B,2026-05-24,2026-05-27,53,8185.08,Delivered,Industrial
6219,199,Warehouse_B,2026-05-23,2026-06-04,33,4511.39,Cancelled,Industrial
6220,498,Warehouse_B,2026-05-17,2026-05-25,20,9492.78,Delivered,Electronics
6221,451,Warehouse_E,2026-05-20,2026-05-30,85,1783.07,Cancelled,Industrial
6222,109,Warehouse_E,2026-06-03,2026-06-15,64,2200.18,In Transit,Industrial
6223,250,Warehouse_E,2026-05-30,2026-06-08,21,6025.83,Delayed,Automotive
6224,355,Warehouse_B,2026-05-10,2026-05-20,82,2455.8,Delivered,Industrial
6225,356,Warehouse_B,2026-05-26,2026-06-11,80,402.35,In Transit,FMCG
6226,251,Warehouse_D,2026-05-29,2026-06-11,56,7106.22,In Transit,Automotive
6227,287,Warehouse_A,2026-05-26,2026-06-01,29,1038.16,Delivered,Electronics
6228,45,Warehouse_C,2026-06-01,2026-06-02,94,4455.96,Delivered,Industrial
6229,363,Warehouse_A,2026-05-18,2026-05-25,98,7240.03,In Transit,Pharma
6230,33,Warehouse_D,2026-05-06,2026-05-19,42,4306.16,Delivered,Electronics
6231,488,Warehouse_D,2026-05-20,2026-06-06,71,5195.37,In Transit,FMCG
6232,104,Warehouse_C,2026-05-19,2026-06-06,94,7948.6,Delayed,Pharma
6233,474,Warehouse_B,2026-05-14,2026-05-17,53,3590.83,Delayed,Automotive
6234,247,Warehouse_B,2026-05-10,2026-05-26,24,4553.56,Delivered,Pharma
6235,487,Warehouse_C,2026-05-26,2026-05-30,37,6586.71,In Transit,FMCG
6236,46,Warehouse_B,2026-05-22,2026-06-11,84,932.28,Cancelled,FMCG
6237,309,Warehouse_B,2026-05-27,2026-06-02,68,6355.79,Delivered,FMCG
6238,412,Warehouse_A,2026-05-14,2026-05-26,55,7118.72,In Transit,Pharma
6239,66,Warehouse_B,2026-05-17,2026-05-29,54,9157.48,Cancelled,Pharma
6240,486,Warehouse_E,2026-05-23,2026-05-26,78,8890.83,In Transit,FMCG
6241,187,Warehouse_C,2026-05-11,2026-05-31,65,676.75,Cancelled,FMCG
6242,425,Warehouse_D,2026-05-13,2026-05-15,8,2478.36,In Transit,Electronics
6243,498,Warehouse_A,2026-05-06,2026-05-22,72,4090.18,Delayed,FMCG
6244,258,Warehouse_A,2026-06-01,2026-06-09,49,9819.69,In Transit,FMCG
6245,128,Warehouse_C,2026-05-19,2026-05-21,74,3867.56,Delivered,Industrial
6246,448,Warehouse_D,2026-05-20,2026-06-02,93,3359.66,Delayed,FMCG
6247,60,Warehouse_D,2026-05-07,2026-05-25,39,3368.39,Cancelled,Electronics
6248,372,Warehouse_D,2026-05-15,2026-05-19,32,9065.9,Delivered,Industrial
6249,139,Warehouse_B,2026-05-20,2026-06-03,79,1742.18,Delayed,Electronics
6250,493,Warehouse_E,2026-05-12,2026-05-28,19,2951.6,Delayed,FMCG
6251,450,Warehouse_C,2026-05-16,2026-05-29,10,4972.16,Delivered,FMCG
6252,136,Warehouse_D,2026-05-08,2026-05-26,38,8973.09,In Transit,Automotive
6253,2,Warehouse_C,2026-05-15,2026-05-19,7,3766.34,Cancelled,Industrial
6254,356,Warehouse_A,2026-05-29,2026-05-31,40,5427.95,Delayed,Automotive
6255,152,Warehouse_B,2026-05-23,2026-06-12,98,2308.09,In Transit,Industrial
6256,327,Warehouse_B,2026-06-01,2026-06-02,6,7484.79,Delayed,Electronics
6257,376,Warehouse_D,2026-05-16,2026-05-17,52,8380.65,In Transit,Automotive
6258,229,Warehouse_B,2026-05-06,2026-05-16,83,4787.55,Delivered,Pharma
6259,50,Warehouse_C,2026-05-26,2026-06-07,30,9095.81,Delayed,Electronics
6260,53,Warehouse_E,2026-05-16,2026-05-27,67,8745.48,In Transit,Pharma
6261,3,Warehouse_E,2026-05-25,2026-06-03,27,8243.66,Delivered,Industrial
6262,351,Warehouse_B,2026-05-15,2026-05-27,50,9253.82,In Transit,Electronics
6263,443,Warehouse_D,2026-06-04,2026-06-24,11,8172.0,Delivered,FMCG
6264,246,Warehouse_C,2026-05-24,2026-06-06,11,9039.01,Delayed,Electronics
6265,358,Warehouse_B,2026-05-25,2026-06-05,78,9520.41,Cancelled,Automotive
6266,348,Warehouse_B,2026-05-12,2026-05-15,9,2338.11,Cancelled,Automotive
6267,14,Warehouse_E,2026-05-12,2026-05-16,70,9909.4,Cancelled,Automotive
6268,129,Warehouse_A,2026-05-20,2026-05-29,96,5748.41,Delayed,Electronics
6269,93,Warehouse_A,2026-05-31,2026-06-17,84,3514.99,Delivered,Automotive
6270,146,Warehouse_C,2026-05-27,2026-06-12,55,311.22,Delayed,FMCG
6271,229,Warehouse_C,2026-05-25,2026-06-01,31,9251.15,Delayed,Electronics
6272,416,Warehouse_A,2026-05-09,2026-05-20,51,8080.41,In Transit,FMCG
6273,256,Warehouse_B,2026-05-30,2026-06-18,79,4882.29,Delayed,Automotive
6274,239,Warehouse_B,2026-06-04,2026-06-12,95,6849.26,Cancelled,Industrial
6275,101,Warehouse_A,2026-05-24,2026-05-25,76,2974.63,In Transit,Industrial
6276,183,Warehouse_B,2026-05-21,2026-05-30,34,7054.29,Cancelled,Industrial
6277,240,Warehouse_D,2026-05-19,2026-06-02,1,1210.09,In Transit,Automotive
6278,359,Warehouse_C,2026-05-10,2026-05-28,73,423.71,Delayed,Pharma
6279,484,Warehouse_A,2026-05-24,2026-06-07,33,9902.57,Delayed,Industrial
6280,141,Warehouse_E,2026-05-18,2026-05-28,3,5335.09,Delivered,FMCG
6281,464,Warehouse_E,2026-05-21,2026-06-08,65,2946.14,Cancelled,Pharma
6282,246,Warehouse_B,2026-05-28,2026-06-17,81,5935.71,Cancelled,FMCG
6283,483,Warehouse_A,2026-05-18,2026-06-06,29,5047.91,Delivered,Electronics
6284,309,Warehouse_E,2026-05-24,2026-06-10,15,4488.63,Delayed,Pharma
6285,225,Warehouse_D,2026-05-07,2026-05-10,70,7080.55,Delivered,FMCG
6286,395,Warehouse_E,2026-05-12,2026-05-21,46,4085.41,In Transit,Pharma
6287,109,Warehouse_D,2026-05-29,2026-06-09,83,6701.47,Delivered,Industrial
6288,435,Warehouse_A,2026-05-14,2026-06-02,25,3030.69,Delayed,Automotive
6289,442,Warehouse_D,2026-05-27,2026-06-10,31,5965.08,Delayed,Industrial
6290,456,Warehouse_D,2026-05-17,2026-05-25,71,2553.73,Delayed,Automotive
6291,3,Warehouse_D,2026-05-27,2026-05-28,9,6291.17,Delivered,Pharma
6292,363,Warehouse_C,2026-05-10,2026-05-28,87,7937.3,Delayed,Electronics
6293,29,Warehouse_D,2026-05-30,2026-06-05,19,4671.28,Cancelled,Automotive
6294,351,Warehouse_E,2026-05-11,2026-05-13,42,5876.18,Delivered,FMCG
6295,12,Warehouse_E,2026-05-23,2026-05-28,50,9012.7,Delayed,Pharma
6296,182,Warehouse_E,2026-05-08,2026-05-25,72,1461.64,Cancelled,FMCG
6297,67,Warehouse_D,2026-05-11,2026-05-15,36,6692.47,In Transit,FMCG
6298,135,Warehouse_E,2026-06-01,2026-06-08,66,9548.7,In Transit,Pharma
6299,302,Warehouse_A,2026-05-07,2026-05-13,51,9070.77,Cancelled,FMCG
6300,238,Warehouse_D,2026-05-14,2026-05-16,82,8306.13,Delayed,FMCG
6301,223,Warehouse_A,2026-05-07,2026-05-25,11,1094.86,Cancelled,Electronics
6302,149,Warehouse_A,2026-05-11,2026-05-23,88,3486.46,Cancelled,Industrial
6303,364,Warehouse_A,2026-05-08,2026-05-21,77,3989.2,Delivered,Automotive
6304,461,Warehouse_E,2026-06-03,2026-06-21,47,8054.57,In Transit,Electronics
6305,241,Warehouse_A,2026-05-27,2026-06-07,64,4218.07,Delayed,FMCG
6306,166,Warehouse_D,2026-05-20,2026-05-28,10,4417.71,Cancelled,Pharma
6307,189,Warehouse_A,2026-05-17,2026-06-03,55,3081.37,Delivered,Electronics
6308,364,Warehouse_C,2026-06-02,2026-06-18,34,5437.96,In Transit,FMCG
6309,297,Warehouse_C,2026-05-30,2026-06-11,69,5235.82,Cancelled,Automotive
6310,54,Warehouse_A,2026-05-22,2026-05-31,84,1846.48,In Transit,Electronics
6311,112,Warehouse_C,2026-05-27,2026-06-08,56,7218.39,In Transit,Pharma
6312,224,Warehouse_D,2026-05-09,2026-05-22,87,9263.43,Delivered,Automotive
6313,156,Warehouse_A,2026-05-29,2026-06-17,38,5344.71,Delayed,FMCG
6314,250,Warehouse_E,2026-05-18,2026-05-29,24,2248.32,In Transit,FMCG
6315,400,Warehouse_A,2026-05-30,2026-06-17,13,4099.46,Delayed,Automotive
6316,49,Warehouse_C,2026-05-20,2026-06-04,23,2020.81,Delivered,Pharma
6317,38,Warehouse_E,2026-05-31,2026-06-06,69,132.36,Cancelled,Industrial
6318,367,Warehouse_A,2026-05-19,2026-05-31,70,3389.44,Delivered,FMCG
6319,323,Warehouse_A,2026-05-31,2026-06-18,48,2999.27,Delayed,Automotive
6320,488,Warehouse_E,2026-05-25,2026-06-13,8,3251.48,In Transit,Industrial
6321,10,Warehouse_B,2026-05-07,2026-05-14,69,9593.0,Cancelled,Electronics
6322,419,Warehouse_A,2026-05-13,2026-06-02,9,5345.63,Cancelled,FMCG
6323,366,Warehouse_D,2026-05-18,2026-05-23,69,2348.85,In Transit,Electronics
6324,336,Warehouse_C,2026-05-28,2026-06-01,48,2653.94,Delivered,Industrial
6325,26,Warehouse_E,2026-05-23,2026-06-04,30,5341.44,Delivered,Automotive
6326,54,Warehouse_C,2026-05-15,2026-05-29,89,9956.54,Cancelled,Pharma
6327,250,Warehouse_B,2026-05-20,2026-06-09,25,1797.41,In Transit,FMCG
6328,336,Warehouse_B,2026-06-02,2026-06-22,29,6634.68,Cancelled,Electronics
6329,494,Warehouse_B,2026-05-12,2026-05-13,92,6827.22,In Transit,FMCG
6330,442,Warehouse_A,2026-05-25,2026-06-03,71,4908.3,In Transit,Pharma
6331,42,Warehouse_D,2026-05-13,2026-05-21,15,6511.29,Cancelled,Automotive
6332,64,Warehouse_D,2026-05-06,2026-05-17,4,6106.84,In Transit,Electronics
6333,309,Warehouse_E,2026-05-09,2026-05-28,4,8641.11,Delayed,Pharma
6334,271,Warehouse_B,2026-05-18,2026-06-01,12,3608.75,Delivered,Pharma
6335,396,Warehouse_A,2026-05-24,2026-06-11,52,6525.77,In Transit,Industrial
6336,486,Warehouse_D,2026-05-12,2026-05-26,40,5535.34,Delivered,Industrial
6337,36,Warehouse_D,2026-05-27,2026-06-02,59,5799.14,In Transit,Electronics
6338,179,Warehouse_E,2026-05-11,2026-05-14,44,8888.23,Delivered,Pharma
6339,473,Warehouse_B,2026-05-28,2026-06-09,20,3287.18,In Transit,FMCG
6340,206,Warehouse_B,2026-05-27,2026-06-15,85,1797.46,Cancelled,Automotive
6341,398,Warehouse_A,2026-05-17,2026-06-06,20,4253.78,Delayed,Automotive
6342,331,Warehouse_E,2026-05-11,2026-05-13,2,2488.83,In Transit,Automotive
6343,124,Warehouse_B,2026-06-01,2026-06-17,27,4226.14,Delivered,Electronics
6344,121,Warehouse_D,2026-05-26,2026-06-13,81,5910.38,Delivered,Electronics
6345,138,Warehouse_E,2026-05-12,2026-05-25,7,4079.72,In Transit,Electronics
6346,426,Warehouse_E,2026-05-16,2026-05-24,83,4270.58,In Transit,FMCG
6347,13,Warehouse_E,2026-05-26,2026-06-01,88,1009.68,Delayed,Pharma
6348,428,Warehouse_C,2026-05-18,2026-05-20,69,7457.04,Cancelled,Pharma
6349,222,Warehouse_D,2026-05-28,2026-06-17,32,6962.96,In Transit,Automotive
6350,17,Warehouse_D,2026-05-11,2026-05-30,7,1145.03,Delivered,Industrial
6351,430,Warehouse_D,2026-05-21,2026-05-25,26,189.25,In Transit,FMCG
6352,323,Warehouse_B,2026-05-22,2026-06-08,3,7018.99,Delivered,Automotive
6353,148,Warehouse_A,2026-05-27,2026-06-15,45,3928.02,Delayed,Automotive
6354,408,Warehouse_A,2026-05-28,2026-05-31,47,7323.72,Delayed,Electronics
6355,355,Warehouse_C,2026-05-25,2026-06-08,41,690.56,In Transit,FMCG
6356,341,Warehouse_B,2026-05-30,2026-06-18,58,2594.77,Cancelled,Electronics
6357,216,Warehouse_A,2026-05-23,2026-06-12,13,8600.0,In Transit,Industrial
6358,407,Warehouse_E,2026-05-19,2026-05-26,86,2712.63,Delayed,Industrial
6359,416,Warehouse_B,2026-05-19,2026-06-08,92,1895.98,Delayed,FMCG
6360,481,Warehouse_E,2026-05-28,2026-06-12,85,4530.73,In Transit,Industrial
6361,171,Warehouse_E,2026-05-11,2026-05-28,68,8890.86,Cancelled,FMCG
6362,57,Warehouse_C,2026-05-19,2026-06-06,36,6600.13,In Transit,Pharma
6363,291,Warehouse_B,2026-05-24,2026-06-01,49,6928.85,Delayed,FMCG
6364,197,Warehouse_E,2026-05-23,2026-05-31,91,9690.73,Delivered,Industrial
6365,414,Warehouse_B,2026-05-28,2026-06-12,66,3109.34,In Transit,FMCG
6366,194,Warehouse_B,2026-05-08,2026-05-15,52,7979.39,In Transit,Industrial
6367,112,Warehouse_D,2026-05-20,2026-05-26,50,7314.13,In Transit,Industrial
6368,449,Warehouse_E,2026-06-01,2026-06-18,64,8821.45,Cancelled,Automotive
6369,210,Warehouse_A,2026-05-09,2026-05-13,29,8787.04,In Transit,Pharma
6370,166,Warehouse_C,2026-05-19,2026-05-26,43,5742.17,Cancelled,Pharma
6371,34,Warehouse_B,2026-05-26,2026-06-10,64,3506.67,Cancelled,Automotive
6372,197,Warehouse_D,2026-05-20,2026-06-04,65,4127.98,Delivered,Electronics
6373,171,Warehouse_C,2026-05-31,2026-06-03,83,7051.76,In Transit,Automotive
6374,446,Warehouse_E,2026-05-17,2026-05-29,97,151.83,Delivered,Industrial
6375,143,Warehouse_E,2026-05-31,2026-06-18,24,9137.55,Delayed,Pharma
6376,178,Warehouse_D,2026-05-28,2026-06-05,6,4119.19,In Transit,Industrial
6377,180,Warehouse_E,2026-05-21,2026-05-26,88,6379.33,Delivered,FMCG
6378,491,Warehouse_B,2026-06-02,2026-06-09,45,2771.98,Cancelled,FMCG
6379,489,Warehouse_E,2026-05-06,2026-05-12,74,6906.09,Delayed,FMCG
6380,149,Warehouse_C,2026-05-07,2026-05-10,88,3573.28,In Transit,FMCG
6381,35,Warehouse_A,2026-05-08,2026-05-25,93,2675.46,Delayed,Pharma
6382,330,Warehouse_D,2026-05-27,2026-05-30,92,9019.99,In Transit,FMCG
6383,71,Warehouse_D,2026-05-26,2026-05-30,66,6757.57,Delivered,Automotive
6384,77,Warehouse_B,2026-05-11,2026-05-28,8,7950.83,Delayed,Automotive
6385,380,Warehouse_A,2026-05-26,2026-05-28,75,388.29,In Transit,Industrial
6386,262,Warehouse_A,2026-05-27,2026-05-28,51,908.07,Delayed,FMCG
6387,380,Warehouse_A,2026-05-09,2026-05-25,26,2206.67,Delayed,Electronics
6388,148,Warehouse_A,2026-05-25,2026-05-26,49,359.6,Delivered,Pharma
6389,75,Warehouse_E,2026-05-24,2026-05-26,99,3058.87,Delivered,Pharma
6390,98,Warehouse_E,2026-06-01,2026-06-06,62,1156.52,In Transit,Electronics
6391,202,Warehouse_A,2026-05-30,2026-06-19,65,7996.29,Delivered,Automotive
6392,433,Warehouse_C,2026-05-20,2026-06-01,88,2307.19,Delayed,Industrial
6393,416,Warehouse_B,2026-06-03,2026-06-10,35,1312.63,Delayed,Electronics
6394,487,Warehouse_E,2026-05-22,2026-06-03,75,6693.08,Delayed,FMCG
6395,206,Warehouse_C,2026-05-22,2026-06-11,5,2209.92,Delayed,FMCG
6396,489,Warehouse_A,2026-05-28,2026-06-01,9,3268.96,Delivered,Pharma
6397,332,Warehouse_A,2026-05-16,2026-05-19,45,1270.2,In Transit,FMCG
6398,102,Warehouse_A,2026-05-28,2026-06-03,24,5934.14,In Transit,FMCG
6399,103,Warehouse_A,2026-05-22,2026-06-06,55,7550.55,In Transit,FMCG
6400,295,Warehouse_E,2026-05-18,2026-05-26,69,5241.9,Delivered,Electronics
6401,62,Warehouse_D,2026-05-19,2026-05-26,76,7499.49,Cancelled,Industrial
6402,484,Warehouse_C,2026-05-09,2026-05-12,16,2978.14,Cancelled,Industrial
6403,331,Warehouse_E,2026-05-24,2026-06-11,100,2217.0,Cancelled,FMCG
6404,62,Warehouse_E,2026-05-07,2026-05-22,1,8700.46,In Transit,Pharma
6405,488,Warehouse_C,2026-05-23,2026-06-06,79,1351.62,Delayed,Pharma
6406,30,Warehouse_D,2026-05-10,2026-05-28,87,4503.94,Delivered,Automotive
6407,177,Warehouse_E,2026-05-23,2026-05-31,2,9598.58,Cancelled,Pharma
6408,358,Warehouse_D,2026-05-27,2026-06-13,39,9720.07,In Transit,Pharma
6409,423,Warehouse_C,2026-05-06,2026-05-16,15,3442.75,Cancelled,Industrial
6410,413,Warehouse_A,2026-05-14,2026-05-30,64,8594.63,Delayed,Automotive
6411,92,Warehouse_E,2026-05-13,2026-05-30,72,5935.33,Delayed,Pharma
6412,365,Warehouse_E,2026-05-22,2026-06-07,62,4171.59,Cancelled,Automotive
6413,497,Warehouse_A,2026-06-03,2026-06-16,54,4426.26,In Transit,Automotive
6414,121,Warehouse_A,2026-05-17,2026-05-20,71,3093.02,Cancelled,Pharma
6415,27,Warehouse_B,2026-05-10,2026-05-28,52,3364.44,In Transit,Automotive
6416,117,Warehouse_A,2026-05-19,2026-05-26,61,4384.1,In Transit,Industrial
6417,414,Warehouse_A,2026-05-09,2026-05-18,26,5726.03,Delivered,Industrial
6418,99,Warehouse_D,2026-05-23,2026-06-09,77,5569.19,Delivered,Electronics
6419,445,Warehouse_E,2026-05-06,2026-05-23,54,9950.14,Delayed,FMCG
6420,25,Warehouse_B,2026-05-21,2026-06-01,56,3631.49,Cancelled,Industrial
6421,282,Warehouse_D,2026-05-09,2026-05-14,37,9184.98,Delivered,Pharma
6422,89,Warehouse_A,2026-05-19,2026-06-02,78,659.02,Delivered,FMCG
6423,315,Warehouse_B,2026-05-30,2026-06-17,59,8176.75,Cancelled,FMCG
6424,139,Warehouse_E,2026-05-21,2026-05-29,7,1435.86,Delayed,FMCG
6425,286,Warehouse_D,2026-05-24,2026-06-11,21,2197.89,Delivered,Automotive
6426,452,Warehouse_D,2026-05-17,2026-05-23,99,8032.17,In Transit,FMCG
6427,351,Warehouse_C,2026-05-07,2026-05-14,36,1506.26,Cancelled,Industrial
6428,254,Warehouse_E,2026-06-01,2026-06-05,80,4311.74,Delayed,Automotive
6429,72,Warehouse_D,2026-05-26,2026-06-02,51,5186.96,In Transit,Automotive
6430,150,Warehouse_B,2026-05-31,2026-06-19,72,7005.9,Delayed,FMCG
6431,461,Warehouse_A,2026-06-02,2026-06-18,77,1530.86,Delayed,FMCG
6432,79,Warehouse_D,2026-05-14,2026-05-16,74,8823.37,Delayed,Pharma
6433,343,Warehouse_E,2026-06-02,2026-06-20,88,1775.04,Delayed,Industrial
6434,390,Warehouse_C,2026-05-06,2026-05-19,78,8867.36,In Transit,Electronics
6435,249,Warehouse_E,2026-05-18,2026-05-28,40,3919.01,Delayed,Industrial
6436,334,Warehouse_B,2026-05-16,2026-06-01,45,5977.29,Cancelled,Industrial
6437,180,Warehouse_D,2026-05-13,2026-05-28,6,4191.08,Delayed,FMCG
6438,210,Warehouse_B,2026-05-11,2026-05-24,10,3495.26,Delayed,Pharma
6439,108,Warehouse_D,2026-05-09,2026-05-12,10,696.24,Delivered,Automotive
6440,361,Warehouse_C,2026-05-29,2026-06-04,23,603.82,Delayed,Automotive
6441,409,Warehouse_E,2026-05-25,2026-06-06,51,8375.84,Cancelled,Pharma
6442,81,Warehouse_D,2026-05-29,2026-06-05,73,2004.37,Cancelled,FMCG
6443,24,Warehouse_C,2026-06-04,2026-06-11,83,3414.93,Delayed,Industrial
6444,211,Warehouse_E,2026-05-26,2026-05-30,84,7538.11,Delayed,Electronics
6445,197,Warehouse_B,2026-05-19,2026-06-07,84,1197.42,In Transit,Pharma
6446,219,Warehouse_D,2026-05-16,2026-05-31,71,5900.55,Delayed,Automotive
6447,261,Warehouse_E,2026-06-03,2026-06-15,82,6788.53,In Transit,Industrial
6448,500,Warehouse_D,2026-05-31,2026-06-11,15,6200.08,Delayed,Pharma
6449,151,Warehouse_C,2026-05-17,2026-06-01,63,1051.26,Delivered,Industrial
6450,132,Warehouse_C,2026-05-22,2026-06-07,83,6497.91,Cancelled,FMCG
6451,429,Warehouse_E,2026-05-19,2026-05-26,35,782.01,In Transit,Automotive
6452,71,Warehouse_C,2026-05-21,2026-06-07,50,6031.63,In Transit,Automotive
6453,393,Warehouse_A,2026-05-19,2026-06-07,91,7711.32,Cancelled,Electronics
6454,252,Warehouse_C,2026-05-12,2026-06-01,29,6490.94,Cancelled,Electronics
6455,425,Warehouse_A,2026-05-12,2026-05-24,63,9959.2,Delivered,Pharma
6456,318,Warehouse_A,2026-05-27,2026-06-04,67,8912.08,Delayed,Automotive
6457,92,Warehouse_A,2026-05-15,2026-06-03,12,3093.05,Delayed,FMCG
6458,323,Warehouse_E,2026-05-19,2026-05-28,26,9659.94,Delivered,Automotive
6459,245,Warehouse_D,2026-05-10,2026-05-18,45,9192.63,Cancelled,FMCG
6460,449,Warehouse_E,2026-05-16,2026-05-27,3,4913.87,Delivered,Automotive
6461,419,Warehouse_A,2026-05-28,2026-06-08,83,1368.55,Delayed,Automotive
6462,199,Warehouse_C,2026-05-14,2026-06-02,70,5065.3,Delivered,Industrial
6463,36,Warehouse_D,2026-05-11,2026-05-31,31,661.29,Delivered,Industrial
6464,336,Warehouse_B,2026-05-30,2026-06-11,97,5392.98,In Transit,Industrial
6465,201,Warehouse_D,2026-05-16,2026-05-27,92,773.69,In Transit,FMCG
6466,19,Warehouse_D,2026-05-12,2026-05-27,10,2196.97,Cancelled,FMCG
6467,446,Warehouse_B,2026-05-23,2026-06-01,16,7206.21,Cancelled,Pharma
6468,204,Warehouse_C,2026-05-22,2026-06-08,97,4633.85,Delayed,Electronics
6469,329,Warehouse_B,2026-05-10,2026-05-12,24,4772.47,In Transit,Industrial
6470,344,Warehouse_C,2026-06-02,2026-06-03,39,3271.53,Delayed,FMCG
6471,444,Warehouse_A,2026-05-06,2026-05-23,52,2874.87,Cancelled,Pharma
6472,141,Warehouse_E,2026-05-20,2026-05-31,51,1380.77,Delivered,Automotive
6473,178,Warehouse_A,2026-05-11,2026-05-19,26,9682.38,Delayed,Industrial
6474,20,Warehouse_B,2026-05-06,2026-05-13,80,4408.84,In Transit,Pharma
6475,148,Warehouse_A,2026-05-22,2026-06-07,90,7110.79,Delayed,Automotive
6476,231,Warehouse_C,2026-05-16,2026-05-19,23,2253.42,Delayed,Industrial
6477,275,Warehouse_A,2026-05-22,2026-06-10,9,1844.63,Delayed,Industrial
6478,257,Warehouse_C,2026-05-12,2026-05-24,34,5068.72,In Transit,Pharma
6479,438,Warehouse_A,2026-05-23,2026-06-03,36,264.52,Delivered,FMCG
6480,15,Warehouse_E,2026-05-22,2026-06-08,56,8469.99,In Transit,Electronics
6481,427,Warehouse_B,2026-05-27,2026-06-01,86,4095.75,In Transit,Industrial
6482,240,Warehouse_B,2026-05-23,2026-05-24,9,7374.21,In Transit,FMCG
6483,130,Warehouse_B,2026-06-01,2026-06-18,34,2467.62,Delayed,FMCG
6484,50,Warehouse_E,2026-05-16,2026-05-19,39,7131.51,Cancelled,Automotive
6485,306,Warehouse_B,2026-06-01,2026-06-07,1,9168.23,Delayed,Automotive
6486,197,Warehouse_A,2026-05-12,2026-06-01,58,6178.7,Cancelled,Automotive
6487,40,Warehouse_A,2026-05-06,2026-05-18,15,954.67,Delivered,Pharma
6488,278,Warehouse_D,2026-05-26,2026-06-04,28,1658.31,In Transit,Automotive
6489,40,Warehouse_D,2026-05-27,2026-06-08,59,8178.13,In Transit,FMCG
6490,387,Warehouse_E,2026-05-06,2026-05-14,94,9531.05,Delayed,Pharma
6491,125,Warehouse_B,2026-05-13,2026-05-17,48,2220.99,Delayed,Electronics
6492,164,Warehouse_D,2026-05-30,2026-06-14,35,5099.26,Cancelled,Industrial
6493,224,Warehouse_B,2026-05-07,2026-05-16,22,1220.8,Delayed,Pharma
6494,254,Warehouse_C,2026-05-09,2026-05-22,27,4473.32,Delayed,Industrial
6495,48,Warehouse_E,2026-05-08,2026-05-26,8,2684.63,Cancelled,Pharma
6496,14,Warehouse_C,2026-05-16,2026-05-17,56,9987.32,Delayed,Pharma
6497,22,Warehouse_C,2026-05-28,2026-06-01,8,5644.24,Delivered,Electronics
6498,320,Warehouse_B,2026-05-06,2026-05-16,97,510.37,Delivered,Automotive
6499,24,Warehouse_D,2026-05-18,2026-06-07,53,1460.43,In Transit,Pharma
6500,56,Warehouse_E,2026-05-24,2026-05-26,92,8496.45,Delivered,Electronics
6501,26,Warehouse_E,2026-05-18,2026-06-04,68,5154.03,Delivered,Pharma
6502,267,Warehouse_B,2026-05-12,2026-05-26,74,3727.15,Delivered,Industrial
6503,123,Warehouse_C,2026-05-19,2026-06-01,27,1602.35,In Transit,FMCG
6504,439,Warehouse_C,2026-05-10,2026-05-28,99,7086.16,Delayed,FMCG
6505,361,Warehouse_D,2026-05-10,2026-05-13,6,4010.5,In Transit,FMCG
6506,54,Warehouse_E,2026-05-30,2026-06-01,70,3966.48,Cancelled,FMCG
6507,357,Warehouse_C,2026-06-04,2026-06-18,92,4258.73,In Transit,Pharma
6508,324,Warehouse_C,2026-05-12,2026-05-17,78,7922.77,Cancelled,Industrial
6509,310,Warehouse_E,2026-05-30,2026-06-13,36,6516.64,Delayed,Pharma
6510,472,Warehouse_E,2026-06-01,2026-06-19,47,8152.0,Cancelled,Automotive
6511,180,Warehouse_D,2026-05-22,2026-05-30,53,9291.61,In Transit,Electronics
6512,248,Warehouse_C,2026-05-12,2026-05-15,30,8658.18,Delivered,Automotive
6513,141,Warehouse_D,2026-05-10,2026-05-16,53,8163.48,Cancelled,FMCG
6514,32,Warehouse_D,2026-05-14,2026-06-03,5,6661.47,In Transit,Electronics
6515,70,Warehouse_C,2026-05-08,2026-05-13,11,5645.71,In Transit,Automotive
6516,264,Warehouse_B,2026-05-19,2026-05-24,36,7932.12,Delivered,Automotive
6517,110,Warehouse_C,2026-05-18,2026-06-05,51,9094.82,Cancelled,Pharma
6518,460,Warehouse_B,2026-05-26,2026-06-05,9,3046.28,Delivered,Pharma
6519,454,Warehouse_E,2026-05-08,2026-05-23,94,9799.04,Cancelled,Pharma
6520,104,Warehouse_B,2026-05-10,2026-05-11,27,7712.38,Delivered,FMCG
6521,410,Warehouse_A,2026-05-16,2026-06-02,73,9357.1,Delayed,Electronics
6522,348,Warehouse_B,2026-05-18,2026-06-06,38,887.05,In Transit,Pharma
6523,173,Warehouse_A,2026-06-03,2026-06-14,31,1933.95,Cancelled,Electronics
6524,371,Warehouse_E,2026-05-29,2026-06-03,92,1044.63,In Transit,FMCG
6525,247,Warehouse_C,2026-05-12,2026-05-24,94,1133.68,Delivered,Electronics
6526,384,Warehouse_C,2026-05-09,2026-05-14,55,666.91,Delivered,FMCG
6527,291,Warehouse_D,2026-05-13,2026-05-21,56,2587.82,Delayed,Electronics
6528,81,Warehouse_E,2026-06-02,2026-06-08,89,329.47,Delivered,Pharma
6529,452,Warehouse_E,2026-05-31,2026-06-08,72,2415.54,Cancelled,Electronics
6530,89,Warehouse_E,2026-05-26,2026-05-30,59,985.61,Delayed,Automotive
6531,286,Warehouse_C,2026-05-29,2026-06-01,35,6253.14,Delayed,Electronics
6532,341,Warehouse_D,2026-05-28,2026-06-15,13,5544.35,Delivered,FMCG
6533,92,Warehouse_D,2026-05-20,2026-05-21,97,5511.67,Delivered,Industrial
6534,263,Warehouse_D,2026-05-16,2026-05-17,76,5904.16,Delayed,FMCG
6535,261,Warehouse_A,2026-05-24,2026-05-26,25,1197.17,In Transit,Industrial
6536,430,Warehouse_B,2026-05-15,2026-06-03,13,907.84,In Transit,Pharma
6537,189,Warehouse_D,2026-05-24,2026-06-13,14,8664.96,Delivered,FMCG
6538,210,Warehouse_E,2026-05-18,2026-05-23,35,7218.0,Delivered,Industrial
6539,488,Warehouse_C,2026-05-26,2026-06-04,90,7926.91,Cancelled,FMCG
6540,463,Warehouse_D,2026-05-12,2026-05-26,65,3111.64,In Transit,Industrial
6541,115,Warehouse_C,2026-05-09,2026-05-21,76,9312.44,Delivered,Pharma
6542,182,Warehouse_E,2026-05-06,2026-05-22,53,8769.05,Cancelled,Industrial
6543,53,Warehouse_A,2026-05-14,2026-06-02,79,1356.56,Cancelled,Pharma
6544,456,Warehouse_E,2026-05-21,2026-05-25,94,3646.26,Delayed,Pharma
6545,62,Warehouse_E,2026-06-01,2026-06-21,25,4360.89,Delivered,Pharma
6546,163,Warehouse_E,2026-05-20,2026-05-21,40,9999.03,Delayed,Industrial
6547,145,Warehouse_B,2026-05-10,2026-05-29,55,737.49,Delayed,FMCG
6548,231,Warehouse_E,2026-05-25,2026-06-11,16,9568.1,Cancelled,FMCG
6549,434,Warehouse_B,2026-05-18,2026-05-25,70,9763.57,Cancelled,Electronics
6550,219,Warehouse_A,2026-05-08,2026-05-10,56,4051.98,Delayed,Automotive
6551,484,Warehouse_C,2026-05-26,2026-05-29,13,6869.75,In Transit,Automotive
6552,220,Warehouse_C,2026-05-12,2026-05-22,55,8266.86,In Transit,Automotive
6553,6,Warehouse_C,2026-05-13,2026-06-01,75,3403.99,In Transit,FMCG
6554,10,Warehouse_D,2026-06-01,2026-06-11,49,6068.03,Cancelled,FMCG
6555,48,Warehouse_A,2026-05-29,2026-06-01,97,815.46,In Transit,Pharma
6556,197,Warehouse_B,2026-05-25,2026-06-05,47,2213.3,Cancelled,FMCG
6557,34,Warehouse_D,2026-05-12,2026-05-18,99,8352.52,Cancelled,Pharma
6558,465,Warehouse_D,2026-05-24,2026-06-13,16,4098.62,Delayed,Electronics
6559,431,Warehouse_A,2026-05-12,2026-05-14,18,5739.71,In Transit,Automotive
6560,104,Warehouse_D,2026-05-09,2026-05-19,43,902.16,Delayed,Industrial
6561,370,Warehouse_D,2026-05-13,2026-05-26,64,9692.46,Delayed,Automotive
6562,8,Warehouse_D,2026-05-27,2026-06-04,39,3965.79,In Transit,Pharma
6563,410,Warehouse_B,2026-05-15,2026-05-28,35,6287.55,Delivered,Electronics
6564,34,Warehouse_A,2026-05-14,2026-05-21,31,5872.46,Delivered,Industrial
6565,380,Warehouse_A,2026-05-24,2026-06-10,2,4845.76,In Transit,Pharma
6566,400,Warehouse_B,2026-06-04,2026-06-22,49,9715.32,Cancelled,FMCG
6567,143,Warehouse_D,2026-05-18,2026-05-19,8,4271.35,Cancelled,FMCG
6568,440,Warehouse_C,2026-05-06,2026-05-16,67,2867.29,In Transit,Automotive
6569,202,Warehouse_B,2026-05-13,2026-05-31,19,3264.5,In Transit,Pharma
6570,450,Warehouse_C,2026-05-14,2026-05-18,45,8475.87,Cancelled,FMCG
6571,346,Warehouse_E,2026-05-09,2026-05-21,76,187.92,In Transit,FMCG
6572,53,Warehouse_C,2026-05-24,2026-06-07,78,602.99,In Transit,Automotive
6573,471,Warehouse_E,2026-06-01,2026-06-13,35,8751.8,Cancelled,Automotive
6574,205,Warehouse_C,2026-05-19,2026-05-27,47,3299.18,In Transit,Pharma
6575,120,Warehouse_B,2026-06-02,2026-06-14,62,4261.67,Cancelled,Electronics
6576,38,Warehouse_C,2026-05-24,2026-06-07,14,2087.77,Delivered,FMCG
6577,496,Warehouse_D,2026-05-12,2026-05-21,49,8210.87,In Transit,FMCG
6578,2,Warehouse_E,2026-06-01,2026-06-07,84,1860.14,Delayed,FMCG
6579,256,Warehouse_C,2026-05-14,2026-05-25,53,8595.88,Delivered,FMCG
6580,484,Warehouse_D,2026-05-24,2026-06-04,72,1212.47,Cancelled,Industrial
6581,183,Warehouse_D,2026-05-31,2026-06-10,14,8594.86,In Transit,Pharma
6582,21,Warehouse_C,2026-05-18,2026-05-20,14,2604.29,Delayed,Pharma
6583,450,Warehouse_D,2026-05-13,2026-05-19,32,3781.2,Delivered,FMCG
6584,430,Warehouse_B,2026-05-16,2026-05-29,51,8182.28,Cancelled,FMCG
6585,99,Warehouse_A,2026-05-13,2026-05-16,37,1968.88,Delivered,Industrial
6586,110,Warehouse_B,2026-05-28,2026-06-17,65,1236.66,Delayed,Pharma
6587,57,Warehouse_C,2026-05-10,2026-05-26,60,5271.41,Delayed,Industrial
6588,445,Warehouse_A,2026-05-21,2026-05-27,26,7642.39,Cancelled,Automotive
6589,109,Warehouse_A,2026-05-28,2026-06-15,31,4464.59,Cancelled,Electronics
6590,337,Warehouse_E,2026-05-31,2026-06-17,59,1084.64,Delayed,Pharma
6591,289,Warehouse_B,2026-05-19,2026-05-25,18,3021.97,Cancelled,Industrial
6592,258,Warehouse_E,2026-06-04,2026-06-10,42,4469.42,Delayed,FMCG
6593,103,Warehouse_D,2026-05-20,2026-06-05,88,8628.63,Delayed,Industrial
6594,185,Warehouse_E,2026-05-26,2026-06-12,41,9307.42,In Transit,Pharma
6595,136,Warehouse_B,2026-06-02,2026-06-20,58,8282.1,Cancelled,Pharma
6596,447,Warehouse_A,2026-06-03,2026-06-17,23,3314.33,Delivered,Automotive
6597,188,Warehouse_A,2026-05-09,2026-05-27,24,5275.56,In Transit,FMCG
6598,306,Warehouse_E,2026-05-08,2026-05-10,37,1299.22,Delivered,Industrial
6599,464,Warehouse_B,2026-05-27,2026-05-28,26,1274.43,In Transit,Industrial
6600,207,Warehouse_E,2026-06-03,2026-06-22,59,8343.49,Cancelled,Electronics
6601,258,Warehouse_E,2026-05-12,2026-06-01,67,6532.03,Delayed,Pharma
6602,103,Warehouse_C,2026-06-03,2026-06-12,13,8242.68,Delivered,Industrial
6603,424,Warehouse_C,2026-05-29,2026-06-04,47,7018.85,Delayed,FMCG
6604,223,Warehouse_C,2026-05-15,2026-05-19,96,4687.6,Delayed,Industrial
6605,175,Warehouse_C,2026-05-13,2026-05-15,74,9957.24,Cancelled,Industrial
6606,209,Warehouse_D,2026-05-30,2026-06-13,82,3360.18,In Transit,FMCG
6607,355,Warehouse_E,2026-06-04,2026-06-24,5,5898.57,In Transit,Electronics
6608,455,Warehouse_E,2026-06-02,2026-06-13,50,2534.3,Cancelled,Electronics
6609,27,Warehouse_E,2026-05-24,2026-06-04,44,1510.72,Delivered,Electronics
6610,285,Warehouse_E,2026-05-12,2026-05-13,36,9300.79,Delivered,Pharma
6611,374,Warehouse_D,2026-06-02,2026-06-16,96,836.41,In Transit,Automotive
6612,196,Warehouse_A,2026-05-12,2026-05-29,78,5633.0,Delivered,Automotive
6613,266,Warehouse_C,2026-05-06,2026-05-23,95,213.17,Cancelled,Industrial
6614,415,Warehouse_C,2026-05-20,2026-05-27,11,4089.45,Delayed,Pharma
6615,155,Warehouse_A,2026-05-10,2026-05-20,38,9831.11,Cancelled,FMCG
6616,247,Warehouse_E,2026-05-27,2026-06-05,32,2961.95,In Transit,Pharma
6617,391,Warehouse_C,2026-05-21,2026-05-26,99,7386.24,Delayed,Pharma
6618,103,Warehouse_B,2026-05-07,2026-05-08,76,575.57,In Transit,Pharma
6619,340,Warehouse_B,2026-05-13,2026-05-30,5,3873.37,Delivered,FMCG
6620,451,Warehouse_C,2026-05-10,2026-05-30,11,7532.92,In Transit,Electronics
6621,311,Warehouse_D,2026-05-14,2026-05-23,35,6020.51,In Transit,Electronics
6622,375,Warehouse_D,2026-05-18,2026-06-07,31,8970.23,Delayed,FMCG
6623,242,Warehouse_B,2026-06-02,2026-06-20,53,7332.87,In Transit,Industrial
6624,9,Warehouse_C,2026-05-20,2026-06-05,45,1711.62,Delayed,Industrial
6625,466,Warehouse_E,2026-05-29,2026-06-09,60,2260.59,Cancelled,FMCG
6626,401,Warehouse_D,2026-05-16,2026-05-19,11,2141.03,Delivered,FMCG
6627,3,Warehouse_B,2026-05-30,2026-06-05,62,4588.92,In Transit,Pharma
6628,194,Warehouse_A,2026-05-07,2026-05-21,30,6404.59,In Transit,Automotive
6629,400,Warehouse_E,2026-05-25,2026-06-04,70,5048.97,Delivered,Electronics
6630,333,Warehouse_D,2026-05-15,2026-05-29,21,4115.49,Delayed,Automotive
6631,263,Warehouse_B,2026-05-25,2026-06-05,34,1373.33,Cancelled,FMCG
6632,310,Warehouse_E,2026-06-04,2026-06-20,100,2373.62,Delayed,Pharma
6633,174,Warehouse_E,2026-05-16,2026-05-18,67,7179.7,Delayed,Pharma
6634,403,Warehouse_C,2026-05-28,2026-06-02,27,1829.93,Delivered,FMCG
6635,299,Warehouse_E,2026-05-10,2026-05-14,79,8365.82,Delayed,Pharma
6636,215,Warehouse_A,2026-05-19,2026-05-26,79,8766.24,Cancelled,Pharma
6637,416,Warehouse_C,2026-05-21,2026-06-04,65,2730.82,Delayed,FMCG
6638,84,Warehouse_C,2026-05-29,2026-06-13,54,1285.06,Delayed,Industrial
6639,404,Warehouse_E,2026-05-16,2026-05-26,82,5191.49,Cancelled,Pharma
6640,41,Warehouse_B,2026-05-31,2026-06-15,34,3321.52,Delivered,Pharma
6641,154,Warehouse_C,2026-05-08,2026-05-19,84,5813.95,Delivered,Automotive
6642,496,Warehouse_B,2026-05-18,2026-06-02,73,6401.05,In Transit,Automotive
6643,480,Warehouse_B,2026-05-13,2026-05-20,40,7990.42,Delayed,Industrial
6644,490,Warehouse_E,2026-05-12,2026-05-28,18,5519.52,Cancelled,Pharma
6645,14,Warehouse_D,2026-05-18,2026-05-30,63,4338.24,Delivered,Industrial
6646,18,Warehouse_A,2026-05-10,2026-05-14,4,4414.72,Cancelled,Electronics
6647,338,Warehouse_C,2026-05-19,2026-05-30,45,3330.93,Cancelled,FMCG
6648,220,Warehouse_C,2026-05-30,2026-06-01,93,1690.43,Delivered,FMCG
6649,341,Warehouse_C,2026-06-04,2026-06-16,47,7820.98,In Transit,Automotive
6650,326,Warehouse_B,2026-06-04,2026-06-13,79,3569.2,Cancelled,Industrial
6651,127,Warehouse_E,2026-06-01,2026-06-09,51,1306.09,Cancelled,Automotive
6652,243,Warehouse_E,2026-05-28,2026-06-01,15,6860.78,Delivered,Pharma
6653,293,Warehouse_E,2026-05-08,2026-05-20,2,2431.93,Cancelled,FMCG
6654,178,Warehouse_C,2026-05-26,2026-05-27,70,2781.95,Delivered,Electronics
6655,401,Warehouse_E,2026-06-03,2026-06-16,63,3436.8,Delayed,FMCG
6656,299,Warehouse_D,2026-05-23,2026-05-28,50,1789.79,Delivered,Automotive
6657,259,Warehouse_D,2026-05-19,2026-06-05,77,6239.11,Delayed,FMCG
6658,325,Warehouse_D,2026-05-23,2026-06-11,6,8702.42,In Transit,Pharma
6659,196,Warehouse_D,2026-05-13,2026-05-25,11,4099.02,In Transit,Automotive
6660,98,Warehouse_C,2026-05-27,2026-06-10,33,9955.26,In Transit,Automotive
6661,458,Warehouse_B,2026-06-03,2026-06-06,74,3072.43,Delayed,Automotive
6662,178,Warehouse_C,2026-05-12,2026-05-29,76,2355.78,Cancelled,Automotive
6663,150,Warehouse_C,2026-06-01,2026-06-02,30,5476.3,Delivered,Industrial
6664,101,Warehouse_C,2026-05-23,2026-05-25,71,4979.38,Delivered,Automotive
6665,247,Warehouse_B,2026-05-19,2026-05-23,14,992.6,Delayed,Pharma
6666,438,Warehouse_B,2026-05-06,2026-05-17,19,9188.37,In Transit,Automotive
6667,57,Warehouse_E,2026-05-08,2026-05-13,91,5123.9,Cancelled,Electronics
6668,394,Warehouse_A,2026-05-15,2026-05-26,7,8946.95,Delivered,Automotive
6669,444,Warehouse_B,2026-05-31,2026-06-12,33,3316.08,Delivered,Industrial
6670,41,Warehouse_B,2026-06-03,2026-06-10,98,1847.72,Delivered,FMCG
6671,383,Warehouse_D,2026-05-28,2026-06-04,37,3060.6,Delayed,Electronics
6672,219,Warehouse_C,2026-06-01,2026-06-19,19,3860.36,In Transit,Automotive
6673,65,Warehouse_B,2026-05-31,2026-06-02,41,4233.92,Delayed,Pharma
6674,351,Warehouse_C,2026-06-01,2026-06-09,11,3375.57,Cancelled,FMCG
6675,86,Warehouse_A,2026-05-07,2026-05-25,57,4750.77,Delivered,Industrial
6676,435,Warehouse_E,2026-05-11,2026-05-25,31,3297.18,In Transit,Electronics
6677,445,Warehouse_C,2026-05-21,2026-05-29,68,8148.86,Cancelled,FMCG
6678,343,Warehouse_B,2026-05-15,2026-05-28,62,7074.54,In Transit,FMCG
6679,24,Warehouse_A,2026-05-24,2026-06-04,67,5646.0,Cancelled,FMCG
6680,148,Warehouse_A,2026-05-18,2026-05-19,67,8355.11,In Transit,Automotive
6681,201,Warehouse_D,2026-05-13,2026-05-31,12,886.36,In Transit,Pharma
6682,124,Warehouse_D,2026-05-21,2026-05-23,20,3898.89,In Transit,Industrial
6683,182,Warehouse_A,2026-05-24,2026-06-02,33,4953.35,In Transit,FMCG
6684,132,Warehouse_E,2026-05-30,2026-06-17,56,2860.05,In Transit,Automotive
6685,408,Warehouse_C,2026-06-03,2026-06-10,3,4582.09,Cancelled,Automotive
6686,21,Warehouse_C,2026-05-15,2026-05-30,32,5451.85,Delayed,Pharma
6687,147,Warehouse_C,2026-05-24,2026-05-26,5,376.81,Delivered,Pharma
6688,194,Warehouse_A,2026-05-23,2026-05-27,73,6322.76,In Transit,FMCG
6689,120,Warehouse_C,2026-05-15,2026-06-02,37,950.37,In Transit,Industrial
6690,297,Warehouse_D,2026-05-21,2026-05-28,97,9226.33,Delivered,Pharma
6691,35,Warehouse_B,2026-05-16,2026-05-25,60,363.33,Delivered,FMCG
6692,298,Warehouse_E,2026-05-28,2026-06-13,100,5513.9,Cancelled,Industrial
6693,452,Warehouse_A,2026-05-07,2026-05-08,59,2715.68,Cancelled,FMCG
6694,169,Warehouse_B,2026-05-18,2026-05-30,69,3303.53,Delayed,FMCG
6695,356,Warehouse_E,2026-05-22,2026-05-26,8,8821.4,Cancelled,FMCG
6696,29,Warehouse_C,2026-05-12,2026-05-16,49,2470.47,In Transit,Electronics
6697,192,Warehouse_D,2026-05-26,2026-05-27,99,8320.45,In Transit,Electronics
6698,84,Warehouse_C,2026-05-20,2026-06-08,76,729.5,Delayed,FMCG
6699,288,Warehouse_C,2026-05-23,2026-06-06,96,1964.81,Cancelled,Industrial
6700,105,Warehouse_B,2026-05-18,2026-05-24,40,6053.37,Delivered,FMCG
6701,471,Warehouse_C,2026-05-17,2026-05-25,61,4036.16,Delivered,Electronics
6702,296,Warehouse_E,2026-05-25,2026-06-08,96,1754.68,Delivered,FMCG
6703,428,Warehouse_A,2026-05-27,2026-06-15,77,5483.18,Delivered,Industrial
6704,146,Warehouse_C,2026-05-11,2026-05-30,9,9051.78,Cancelled,Electronics
6705,32,Warehouse_E,2026-05-30,2026-06-12,93,9412.27,Delivered,Pharma
6706,362,Warehouse_C,2026-05-21,2026-06-07,31,3277.17,Delivered,Electronics
6707,94,Warehouse_B,2026-05-28,2026-06-05,4,7507.65,Cancelled,FMCG
6708,158,Warehouse_C,2026-05-12,2026-05-29,27,7125.75,Delivered,Industrial
6709,1,Warehouse_C,2026-05-22,2026-06-11,79,6827.41,Delayed,Automotive
6710,79,Warehouse_E,2026-05-14,2026-05-16,5,1357.89,Delivered,Electronics
6711,83,Warehouse_C,2026-05-25,2026-06-05,12,833.75,Cancelled,FMCG
6712,334,Warehouse_D,2026-05-26,2026-06-01,90,1434.69,Delayed,Electronics
6713,65,Warehouse_C,2026-05-27,2026-06-14,40,8697.17,Cancelled,Electronics
6714,306,Warehouse_B,2026-05-06,2026-05-18,68,7762.89,Delayed,Automotive
6715,335,Warehouse_E,2026-05-07,2026-05-27,58,6182.08,Delayed,FMCG
6716,138,Warehouse_D,2026-05-31,2026-06-18,1,1686.5,Delayed,FMCG
6717,431,Warehouse_C,2026-05-14,2026-05-20,95,9182.25,Delayed,Automotive
6718,334,Warehouse_A,2026-05-11,2026-05-21,72,6191.95,Cancelled,Automotive
6719,153,Warehouse_D,2026-05-08,2026-05-09,1,1441.69,Cancelled,Electronics
6720,341,Warehouse_A,2026-05-20,2026-06-09,58,3578.11,Cancelled,Automotive
6721,207,Warehouse_E,2026-05-31,2026-06-10,25,3882.15,Delivered,Industrial
6722,443,Warehouse_E,2026-05-10,2026-05-20,20,2545.36,Delayed,Automotive
6723,472,Warehouse_B,2026-05-24,2026-05-29,99,2259.81,In Transit,Pharma
6724,389,Warehouse_C,2026-05-23,2026-06-08,64,4353.68,In Transit,Pharma
6725,107,Warehouse_C,2026-05-07,2026-05-17,65,7326.4,Delivered,Industrial
6726,74,Warehouse_B,2026-05-12,2026-05-27,17,6451.34,Delayed,Pharma
6727,40,Warehouse_C,2026-05-26,2026-06-15,40,1491.52,Cancelled,Electronics
6728,443,Warehouse_E,2026-06-01,2026-06-18,64,6245.01,In Transit,FMCG
6729,96,Warehouse_A,2026-05-29,2026-06-15,99,3778.59,Delivered,Industrial
6730,370,Warehouse_C,2026-05-27,2026-05-28,97,940.51,Cancelled,Automotive
6731,187,Warehouse_E,2026-05-24,2026-06-06,8,4158.87,Delayed,Automotive
6732,143,Warehouse_B,2026-05-31,2026-06-15,42,8322.87,In Transit,FMCG
6733,51,Warehouse_E,2026-05-19,2026-05-25,7,8623.01,In Transit,Automotive
6734,329,Warehouse_E,2026-05-26,2026-06-12,11,2590.22,Delivered,Pharma
6735,4,Warehouse_A,2026-05-28,2026-06-15,20,2386.03,In Transit,Pharma
6736,360,Warehouse_E,2026-06-02,2026-06-07,21,1685.51,Cancelled,Automotive
6737,365,Warehouse_E,2026-05-16,2026-05-27,74,465.64,Delayed,Automotive
6738,430,Warehouse_B,2026-05-14,2026-05-30,95,5667.36,Cancelled,FMCG
6739,270,Warehouse_B,2026-05-13,2026-05-23,49,3588.45,Cancelled,Electronics
6740,441,Warehouse_E,2026-05-12,2026-05-24,14,5690.49,In Transit,Automotive
6741,197,Warehouse_B,2026-05-27,2026-06-03,14,7576.17,In Transit,Pharma
6742,471,Warehouse_E,2026-05-30,2026-06-11,71,3480.23,Delivered,Automotive
6743,78,Warehouse_B,2026-05-08,2026-05-17,63,6588.05,In Transit,Industrial
6744,288,Warehouse_E,2026-06-04,2026-06-09,53,232.53,Delivered,Electronics
6745,372,Warehouse_C,2026-05-26,2026-06-11,25,7813.76,Cancelled,Pharma
6746,386,Warehouse_C,2026-05-26,2026-05-28,59,5356.8,Delivered,Pharma
6747,438,Warehouse_B,2026-05-30,2026-06-03,97,8373.98,Delivered,Industrial
6748,368,Warehouse_E,2026-05-09,2026-05-17,99,6419.35,Delayed,Electronics
6749,325,Warehouse_E,2026-05-15,2026-05-23,18,8229.63,Delivered,FMCG
6750,404,Warehouse_E,2026-05-07,2026-05-24,45,6496.26,In Transit,Automotive
6751,345,Warehouse_A,2026-05-25,2026-05-29,68,1426.36,In Transit,Industrial
6752,163,Warehouse_C,2026-05-12,2026-06-01,14,1884.99,In Transit,Industrial
6753,227,Warehouse_D,2026-06-03,2026-06-22,1,4970.08,Delayed,Industrial
6754,294,Warehouse_D,2026-05-25,2026-05-26,29,1304.48,Delayed,Industrial
6755,208,Warehouse_C,2026-06-04,2026-06-23,53,8575.15,In Transit,Industrial
6756,64,Warehouse_B,2026-05-30,2026-06-08,68,3488.53,Delivered,FMCG
6757,273,Warehouse_D,2026-05-19,2026-05-30,54,9949.7,Cancelled,Automotive
6758,101,Warehouse_A,2026-06-02,2026-06-22,85,8460.17,Delayed,Pharma
6759,432,Warehouse_E,2026-05-17,2026-05-26,89,5770.24,Delivered,FMCG
6760,432,Warehouse_C,2026-05-25,2026-06-07,89,2829.5,Delayed,Automotive
6761,365,Warehouse_D,2026-05-15,2026-05-24,47,4525.86,Delayed,FMCG
6762,369,Warehouse_E,2026-05-11,2026-05-19,84,3125.32,In Transit,Electronics
6763,229,Warehouse_A,2026-05-11,2026-05-15,48,2692.81,Delivered,Industrial
6764,72,Warehouse_E,2026-05-21,2026-05-28,70,4595.74,Delayed,FMCG
6765,270,Warehouse_A,2026-05-11,2026-05-21,41,6460.41,Delayed,Automotive
6766,104,Warehouse_B,2026-05-21,2026-06-06,76,3436.95,Delayed,FMCG
6767,181,Warehouse_B,2026-05-25,2026-06-06,47,1236.83,Cancelled,Electronics
6768,278,Warehouse_B,2026-06-03,2026-06-08,66,4738.46,Delayed,Pharma
6769,364,Warehouse_C,2026-05-25,2026-06-12,97,7500.27,Delayed,Industrial
6770,362,Warehouse_A,2026-05-08,2026-05-20,10,2608.87,Cancelled,FMCG
6771,192,Warehouse_B,2026-06-04,2026-06-10,92,781.23,Delayed,Industrial
6772,443,Warehouse_D,2026-05-23,2026-06-11,40,409.91,Delivered,FMCG
6773,468,Warehouse_C,2026-05-12,2026-05-14,14,8498.35,Delivered,Electronics
6774,168,Warehouse_E,2026-05-30,2026-06-15,97,705.75,In Transit,Industrial
6775,346,Warehouse_A,2026-06-04,2026-06-20,82,6396.11,Delivered,Pharma
6776,304,Warehouse_B,2026-05-07,2026-05-11,77,7340.64,Delayed,FMCG
6777,306,Warehouse_B,2026-05-17,2026-06-05,40,9354.85,Delivered,FMCG
6778,475,Warehouse_E,2026-05-12,2026-05-30,50,8214.18,In Transit,Electronics
6779,171,Warehouse_C,2026-06-03,2026-06-15,96,8526.15,Cancelled,Automotive
6780,101,Warehouse_B,2026-05-11,2026-05-28,77,9114.78,In Transit,Industrial
6781,321,Warehouse_B,2026-05-26,2026-06-11,8,4299.87,Delayed,Industrial
6782,374,Warehouse_E,2026-05-11,2026-05-21,83,8389.78,In Transit,Electronics
6783,364,Warehouse_B,2026-05-18,2026-06-02,96,7049.9,Delayed,Electronics
6784,417,Warehouse_C,2026-06-01,2026-06-02,5,412.1,Delivered,FMCG
6785,148,Warehouse_A,2026-05-09,2026-05-25,44,8793.91,In Transit,Pharma
6786,29,Warehouse_D,2026-05-23,2026-06-06,45,6092.96,Delivered,Industrial
6787,495,Warehouse_C,2026-05-09,2026-05-20,32,5554.23,Cancelled,Electronics
6788,137,Warehouse_B,2026-05-22,2026-06-11,22,7983.01,In Transit,Electronics
6789,434,Warehouse_B,2026-05-13,2026-05-25,5,1077.19,Delayed,Automotive
6790,324,Warehouse_B,2026-05-13,2026-05-22,79,8063.21,In Transit,Industrial
6791,67,Warehouse_D,2026-05-10,2026-05-27,29,9489.61,In Transit,Industrial
6792,378,Warehouse_C,2026-05-20,2026-06-02,54,4182.95,Delayed,FMCG
6793,240,Warehouse_D,2026-05-09,2026-05-10,97,8326.72,In Transit,Electronics
6794,350,Warehouse_B,2026-05-16,2026-05-22,96,7896.42,Delayed,Automotive
6795,234,Warehouse_D,2026-05-09,2026-05-12,47,5844.59,In Transit,Pharma
6796,1,Warehouse_C,2026-06-01,2026-06-07,87,2000.26,Cancelled,Automotive
6797,161,Warehouse_B,2026-06-03,2026-06-19,82,892.44,In Transit,FMCG
6798,386,Warehouse_E,2026-05-13,2026-05-14,90,8529.38,Cancelled,Pharma
6799,34,Warehouse_B,2026-05-14,2026-06-03,86,8324.25,In Transit,Pharma
6800,390,Warehouse_A,2026-05-18,2026-05-23,76,2576.2,Cancelled,Industrial
6801,249,Warehouse_D,2026-06-03,2026-06-15,77,5137.17,Delivered,Automotive
6802,375,Warehouse_D,2026-05-09,2026-05-13,97,9109.27,Delivered,FMCG
6803,155,Warehouse_A,2026-05-13,2026-05-17,23,8350.78,Delayed,Pharma
6804,126,Warehouse_C,2026-05-31,2026-06-10,87,8108.11,In Transit,Pharma
6805,359,Warehouse_A,2026-05-08,2026-05-13,13,394.03,Cancelled,Industrial
6806,203,Warehouse_E,2026-05-20,2026-05-22,54,870.87,Delivered,Automotive
6807,39,Warehouse_A,2026-05-28,2026-06-11,58,4732.58,Delivered,Pharma
6808,229,Warehouse_B,2026-05-17,2026-05-23,47,4863.8,Cancelled,Automotive
6809,476,Warehouse_D,2026-05-29,2026-06-10,23,4899.23,In Transit,Pharma
6810,87,Warehouse_C,2026-05-12,2026-05-28,24,7234.73,Delayed,Electronics
6811,156,Warehouse_A,2026-05-23,2026-06-06,26,7969.64,Delivered,Electronics
6812,231,Warehouse_C,2026-05-30,2026-06-03,27,1313.18,Cancelled,Automotive
6813,438,Warehouse_B,2026-05-23,2026-06-01,18,623.91,In Transit,Industrial
6814,476,Warehouse_C,2026-05-07,2026-05-09,74,9705.26,Delivered,Industrial
6815,433,Warehouse_E,2026-05-09,2026-05-19,60,4587.62,Delivered,Pharma
6816,83,Warehouse_D,2026-05-24,2026-06-10,43,7689.28,Delivered,Automotive
6817,3,Warehouse_B,2026-05-08,2026-05-15,94,9422.08,Cancelled,Electronics
6818,120,Warehouse_C,2026-05-30,2026-06-11,94,9864.03,Cancelled,Electronics
6819,316,Warehouse_D,2026-05-27,2026-06-11,12,6266.12,Delayed,FMCG
6820,155,Warehouse_D,2026-05-30,2026-06-03,68,6204.16,Delayed,Pharma
6821,404,Warehouse_D,2026-05-24,2026-05-31,43,4214.9,Delivered,Pharma
6822,5,Warehouse_E,2026-05-09,2026-05-10,24,7658.06,In Transit,FMCG
6823,157,Warehouse_C,2026-06-02,2026-06-11,90,3374.55,Cancelled,Pharma
6824,381,Warehouse_E,2026-05-23,2026-06-07,54,6491.0,Delivered,Pharma
6825,183,Warehouse_A,2026-05-06,2026-05-24,86,8420.65,Delayed,Pharma
6826,5,Warehouse_A,2026-05-28,2026-06-04,26,1274.85,In Transit,Industrial
6827,465,Warehouse_B,2026-05-18,2026-05-25,21,2544.35,In Transit,Automotive
6828,270,Warehouse_C,2026-06-02,2026-06-11,92,6903.2,Delayed,Industrial
6829,395,Warehouse_A,2026-05-28,2026-06-03,48,2538.21,Delayed,Pharma
6830,394,Warehouse_D,2026-05-23,2026-05-28,10,4819.59,Delivered,Industrial
6831,232,Warehouse_E,2026-06-02,2026-06-08,51,9388.17,Delivered,Electronics
6832,320,Warehouse_A,2026-05-30,2026-06-02,36,3749.05,Delayed,Industrial
6833,362,Warehouse_E,2026-06-02,2026-06-10,53,6691.66,Cancelled,FMCG
6834,296,Warehouse_A,2026-05-16,2026-05-22,40,8292.87,In Transit,Pharma
6835,382,Warehouse_B,2026-05-06,2026-05-10,69,1856.02,In Transit,Pharma
6836,25,Warehouse_E,2026-05-18,2026-05-28,34,3978.3,Cancelled,FMCG
6837,148,Warehouse_A,2026-05-19,2026-06-03,15,3602.54,Cancelled,Automotive
6838,283,Warehouse_A,2026-05-30,2026-06-14,24,9010.31,In Transit,Pharma
6839,379,Warehouse_C,2026-05-22,2026-05-27,91,9460.16,Delayed,Electronics
6840,228,Warehouse_E,2026-05-12,2026-05-28,51,2700.92,In Transit,Automotive
6841,195,Warehouse_A,2026-05-10,2026-05-28,17,9114.33,Delayed,FMCG
6842,432,Warehouse_C,2026-05-29,2026-06-15,4,3504.47,Delayed,FMCG
6843,134,Warehouse_C,2026-05-26,2026-06-10,53,2430.09,Delivered,Industrial
6844,155,Warehouse_C,2026-05-08,2026-05-19,32,8867.39,Delivered,FMCG
6845,37,Warehouse_C,2026-05-22,2026-05-25,44,4489.4,Cancelled,Industrial
6846,496,Warehouse_D,2026-05-28,2026-05-29,62,2076.03,Delivered,Industrial
6847,237,Warehouse_C,2026-05-08,2026-05-13,17,432.93,Delayed,FMCG
6848,438,Warehouse_E,2026-05-16,2026-05-29,89,6036.66,In Transit,FMCG
6849,487,Warehouse_D,2026-05-22,2026-05-27,17,6712.44,Delayed,FMCG
6850,239,Warehouse_E,2026-05-20,2026-06-06,51,8456.06,In Transit,FMCG
6851,161,Warehouse_B,2026-05-27,2026-06-07,73,7357.55,In Transit,Automotive
6852,316,Warehouse_A,2026-05-12,2026-05-27,35,7300.33,Cancelled,Pharma
6853,404,Warehouse_C,2026-05-15,2026-05-27,69,9185.98,Delivered,Pharma
6854,431,Warehouse_E,2026-05-31,2026-06-14,68,7303.87,In Transit,Electronics
6855,103,Warehouse_C,2026-05-20,2026-05-27,19,2199.94,Cancelled,Automotive
6856,112,Warehouse_E,2026-05-10,2026-05-12,63,3501.97,Delivered,Electronics
6857,202,Warehouse_D,2026-06-03,2026-06-14,16,3019.96,Delivered,Industrial
6858,366,Warehouse_A,2026-05-13,2026-05-20,16,638.68,Delayed,Industrial
6859,379,Warehouse_A,2026-05-22,2026-06-03,48,8039.62,Delivered,Automotive
6860,265,Warehouse_A,2026-05-10,2026-05-11,100,8531.67,Delayed,Automotive
6861,314,Warehouse_D,2026-05-11,2026-05-18,44,5608.14,Delayed,Automotive
6862,95,Warehouse_D,2026-06-01,2026-06-18,64,4127.04,Delivered,Pharma
6863,244,Warehouse_D,2026-05-31,2026-06-14,46,1149.96,Cancelled,Industrial
6864,239,Warehouse_B,2026-05-29,2026-06-09,19,2212.41,Delayed,Industrial
6865,13,Warehouse_A,2026-05-29,2026-06-04,8,3929.61,In Transit,FMCG
6866,470,Warehouse_D,2026-05-29,2026-06-17,85,7651.98,In Transit,Electronics
6867,34,Warehouse_D,2026-05-09,2026-05-13,3,8274.38,Cancelled,Industrial
6868,382,Warehouse_D,2026-05-12,2026-05-21,63,4889.16,In Transit,Industrial
6869,158,Warehouse_D,2026-05-21,2026-05-24,69,5423.27,Delayed,Industrial
6870,124,Warehouse_E,2026-05-21,2026-06-05,17,6586.94,Cancelled,FMCG
6871,447,Warehouse_C,2026-05-25,2026-06-06,90,8384.12,Cancelled,FMCG
6872,358,Warehouse_A,2026-05-26,2026-06-06,76,5541.74,Cancelled,Automotive
6873,410,Warehouse_C,2026-05-13,2026-05-22,90,6629.89,Delivered,Automotive
6874,178,Warehouse_A,2026-05-09,2026-05-23,42,7306.4,Delayed,Automotive
6875,120,Warehouse_D,2026-06-04,2026-06-10,100,271.51,In Transit,Electronics
6876,161,Warehouse_E,2026-05-14,2026-05-20,66,442.83,Cancelled,Automotive
6877,359,Warehouse_C,2026-05-16,2026-06-01,57,3719.39,In Transit,Industrial
6878,88,Warehouse_E,2026-05-17,2026-05-25,19,3259.15,Cancelled,Pharma
6879,227,Warehouse_C,2026-06-04,2026-06-11,63,7601.04,Delayed,FMCG
6880,245,Warehouse_B,2026-05-14,2026-05-28,53,3172.37,Delivered,Pharma
6881,473,Warehouse_D,2026-05-13,2026-05-30,97,1318.16,Delayed,Pharma
6882,79,Warehouse_B,2026-05-14,2026-05-28,81,1702.74,Delayed,Pharma
6883,76,Warehouse_B,2026-05-19,2026-06-02,50,5574.15,Cancelled,Automotive
6884,381,Warehouse_B,2026-06-01,2026-06-09,80,6266.41,Cancelled,Automotive
6885,298,Warehouse_A,2026-05-17,2026-06-03,59,3912.04,In Transit,FMCG
6886,485,Warehouse_A,2026-05-31,2026-06-09,96,8527.52,Delayed,Pharma
6887,98,Warehouse_B,2026-05-12,2026-05-19,74,4935.44,Delayed,FMCG
6888,266,Warehouse_B,2026-05-19,2026-05-21,46,9402.26,Cancelled,FMCG
6889,328,Warehouse_A,2026-05-08,2026-05-25,74,4015.83,Cancelled,Pharma
6890,53,Warehouse_B,2026-06-01,2026-06-03,81,6868.6,Delayed,Pharma
6891,73,Warehouse_A,2026-06-03,2026-06-07,9,3266.87,Delayed,Automotive
6892,28,Warehouse_E,2026-05-21,2026-05-22,84,7830.46,Cancelled,Pharma
6893,175,Warehouse_D,2026-05-18,2026-05-31,3,498.94,Delivered,Electronics
6894,39,Warehouse_C,2026-05-09,2026-05-15,77,9196.12,Delayed,Automotive
6895,349,Warehouse_A,2026-06-04,2026-06-20,16,8813.82,Delayed,Electronics
6896,38,Warehouse_A,2026-05-31,2026-06-08,70,6739.12,Delivered,Automotive
6897,196,Warehouse_D,2026-05-15,2026-05-29,75,7517.56,Delivered,Electronics
6898,122,Warehouse_A,2026-05-19,2026-06-03,82,4539.38,Delivered,FMCG
6899,474,Warehouse_D,2026-05-23,2026-06-12,84,5293.62,Delivered,Pharma
6900,139,Warehouse_A,2026-05-20,2026-06-07,31,1112.17,Cancelled,Industrial
6901,256,Warehouse_A,2026-05-21,2026-05-25,92,4754.91,Delayed,Pharma
6902,50,Warehouse_A,2026-05-06,2026-05-23,69,3480.0,In Transit,FMCG
6903,197,Warehouse_A,2026-05-31,2026-06-05,83,8449.45,Delayed,Pharma
6904,321,Warehouse_D,2026-05-06,2026-05-25,19,8261.5,Delivered,FMCG
6905,278,Warehouse_B,2026-05-24,2026-06-08,68,5311.42,Cancelled,Industrial
6906,443,Warehouse_D,2026-05-30,2026-06-17,85,7236.13,Delayed,Electronics
6907,316,Warehouse_C,2026-05-14,2026-05-19,64,8685.54,Delayed,FMCG
6908,433,Warehouse_A,2026-05-16,2026-06-04,83,8766.72,Delivered,Automotive
6909,42,Warehouse_C,2026-05-19,2026-06-07,77,2258.0,In Transit,Industrial
6910,178,Warehouse_A,2026-05-17,2026-06-06,22,2219.76,In Transit,Pharma
6911,83,Warehouse_D,2026-06-03,2026-06-12,30,8672.82,In Transit,Electronics
6912,56,Warehouse_A,2026-05-26,2026-05-30,26,4117.71,In Transit,Electronics
6913,90,Warehouse_B,2026-05-08,2026-05-14,41,6479.72,Cancelled,Automotive
6914,441,Warehouse_C,2026-05-10,2026-05-16,61,1771.9,Cancelled,Electronics
6915,236,Warehouse_D,2026-05-14,2026-05-17,9,5628.47,Delayed,Electronics
6916,441,Warehouse_D,2026-05-08,2026-05-12,67,2604.23,Delayed,Automotive
6917,317,Warehouse_A,2026-05-31,2026-06-16,59,4900.68,Cancelled,FMCG
6918,257,Warehouse_B,2026-06-04,2026-06-13,58,5666.2,Delayed,Industrial
6919,264,Warehouse_D,2026-06-04,2026-06-13,73,7935.14,Delayed,Pharma
6920,109,Warehouse_C,2026-05-19,2026-06-01,69,9649.22,Delayed,Automotive
6921,111,Warehouse_D,2026-05-31,2026-06-12,55,6971.7,Delayed,Industrial
6922,193,Warehouse_E,2026-05-20,2026-05-29,39,9423.28,Delayed,FMCG
6923,18,Warehouse_C,2026-05-14,2026-05-16,45,788.35,In Transit,Electronics
6924,335,Warehouse_D,2026-05-31,2026-06-17,90,1241.41,In Transit,Industrial
6925,298,Warehouse_A,2026-05-12,2026-05-16,92,5824.89,In Transit,FMCG
6926,316,Warehouse_C,2026-05-17,2026-05-30,81,3114.13,Cancelled,Pharma
6927,386,Warehouse_D,2026-05-14,2026-05-17,59,1548.41,Delayed,Automotive
6928,113,Warehouse_C,2026-05-20,2026-06-05,60,570.16,Cancelled,Automotive
6929,247,Warehouse_E,2026-05-10,2026-05-27,82,5129.42,Delayed,Automotive
6930,479,Warehouse_A,2026-05-11,2026-05-17,48,5383.54,Delivered,Pharma
6931,206,Warehouse_E,2026-05-20,2026-05-27,14,6067.67,Delayed,FMCG
6932,451,Warehouse_E,2026-05-24,2026-05-27,75,2290.2,In Transit,Pharma
6933,16,Warehouse_B,2026-05-26,2026-05-28,38,1875.58,Delivered,Industrial
6934,337,Warehouse_E,2026-05-07,2026-05-16,48,5487.17,Delivered,Industrial
6935,208,Warehouse_D,2026-05-24,2026-05-26,62,4991.47,In Transit,Industrial
6936,389,Warehouse_E,2026-05-11,2026-05-12,38,377.99,Cancelled,Industrial
6937,449,Warehouse_A,2026-05-20,2026-05-25,83,3900.41,In Transit,Pharma
6938,340,Warehouse_C,2026-05-27,2026-06-05,55,3692.02,In Transit,Automotive
6939,402,Warehouse_A,2026-05-28,2026-06-11,96,4341.81,In Transit,Pharma
6940,357,Warehouse_E,2026-05-12,2026-05-29,8,2359.25,Cancelled,Pharma
6941,355,Warehouse_E,2026-05-29,2026-06-03,96,4387.72,Delivered,FMCG
6942,484,Warehouse_B,2026-05-14,2026-05-27,81,3712.16,Delayed,Industrial
6943,432,Warehouse_B,2026-05-26,2026-06-14,37,5815.11,Cancelled,FMCG
6944,422,Warehouse_A,2026-05-31,2026-06-01,97,3058.67,Delayed,Automotive
6945,441,Warehouse_C,2026-05-12,2026-05-23,40,4330.48,In Transit,Automotive
6946,297,Warehouse_D,2026-05-06,2026-05-15,24,9420.8,In Transit,Automotive
6947,343,Warehouse_A,2026-05-21,2026-05-24,74,9859.72,Cancelled,Electronics
6948,134,Warehouse_D,2026-05-20,2026-05-31,3,4980.63,Delivered,Automotive
6949,309,Warehouse_B,2026-05-13,2026-05-17,28,3650.29,Cancelled,Electronics
6950,375,Warehouse_A,2026-05-16,2026-06-05,84,5450.13,Delayed,FMCG
6951,94,Warehouse_A,2026-05-21,2026-06-06,23,629.94,In Transit,Industrial
6952,191,Warehouse_E,2026-05-07,2026-05-16,93,6676.23,In Transit,FMCG
6953,37,Warehouse_E,2026-05-11,2026-05-15,17,893.62,Cancelled,Electronics
6954,296,Warehouse_D,2026-05-17,2026-06-06,57,7704.3,Delayed,Automotive
6955,452,Warehouse_E,2026-05-23,2026-06-08,90,1825.66,Cancelled,Electronics
6956,313,Warehouse_D,2026-06-03,2026-06-06,6,5567.1,In Transit,Pharma
6957,329,Warehouse_A,2026-05-25,2026-06-05,68,7992.96,Delivered,FMCG
6958,283,Warehouse_E,2026-05-23,2026-06-03,79,4538.85,Delayed,Automotive
6959,181,Warehouse_A,2026-05-19,2026-06-08,57,8470.8,Delayed,Pharma
6960,180,Warehouse_C,2026-06-02,2026-06-11,76,694.21,In Transit,Automotive
6961,141,Warehouse_D,2026-05-30,2026-06-17,52,456.02,In Transit,Electronics
6962,39,Warehouse_D,2026-05-31,2026-06-06,55,3771.88,Delayed,FMCG
6963,3,Warehouse_E,2026-05-19,2026-05-31,17,735.62,Cancelled,Electronics
6964,452,Warehouse_E,2026-05-25,2026-06-06,29,6847.4,Cancelled,FMCG
6965,216,Warehouse_B,2026-05-12,2026-05-28,64,7204.75,Delayed,Electronics
6966,296,Warehouse_C,2026-05-14,2026-05-19,24,6352.27,Delivered,Pharma
6967,19,Warehouse_B,2026-05-30,2026-06-02,62,6238.68,Delayed,Industrial
6968,365,Warehouse_B,2026-05-28,2026-06-08,86,3208.37,In Transit,Electronics
6969,37,Warehouse_A,2026-05-29,2026-06-02,41,2061.25,Delayed,Electronics
6970,320,Warehouse_A,2026-05-26,2026-06-14,92,4298.41,In Transit,Automotive
6971,118,Warehouse_C,2026-06-02,2026-06-18,15,3409.85,In Transit,Pharma
6972,447,Warehouse_C,2026-05-25,2026-06-06,22,7686.3,Cancelled,FMCG
6973,363,Warehouse_D,2026-05-13,2026-05-15,86,6268.85,Delayed,Automotive
6974,268,Warehouse_D,2026-05-30,2026-06-17,54,2354.27,Delivered,Automotive
6975,491,Warehouse_E,2026-05-10,2026-05-30,40,460.43,Delayed,Electronics
6976,431,Warehouse_B,2026-05-16,2026-05-17,40,8340.64,Delayed,FMCG
6977,478,Warehouse_B,2026-05-10,2026-05-20,29,1384.31,Delayed,Automotive
6978,183,Warehouse_A,2026-06-02,2026-06-12,6,7737.62,In Transit,Electronics
6979,374,Warehouse_E,2026-05-13,2026-05-15,99,3998.87,Delayed,Pharma
6980,116,Warehouse_B,2026-05-07,2026-05-08,13,9191.18,Delayed,FMCG
6981,190,Warehouse_B,2026-05-18,2026-06-03,59,4439.68,Delivered,Industrial
6982,247,Warehouse_C,2026-05-16,2026-05-27,53,5606.78,Delivered,FMCG
6983,294,Warehouse_D,2026-05-14,2026-05-15,38,7872.91,Delivered,FMCG
6984,368,Warehouse_C,2026-05-19,2026-05-27,20,5816.89,In Transit,FMCG
6985,30,Warehouse_E,2026-05-29,2026-06-15,42,137.11,In Transit,Pharma
6986,187,Warehouse_E,2026-05-26,2026-05-28,78,893.44,Delivered,FMCG
6987,107,Warehouse_B,2026-05-27,2026-06-01,90,936.5,Delivered,Industrial
6988,106,Warehouse_B,2026-05-23,2026-06-11,96,9832.34,In Transit,Industrial
6989,343,Warehouse_E,2026-05-07,2026-05-25,45,1907.87,In Transit,Electronics
6990,380,Warehouse_D,2026-05-19,2026-06-07,78,5674.67,In Transit,Electronics
6991,320,Warehouse_A,2026-05-23,2026-05-24,34,578.61,Delayed,Industrial
6992,312,Warehouse_C,2026-05-19,2026-05-27,2,1383.07,Delayed,FMCG
6993,184,Warehouse_A,2026-05-18,2026-05-27,3,3177.02,In Transit,FMCG
6994,280,Warehouse_A,2026-05-26,2026-06-01,11,3927.45,Delivered,Electronics
6995,363,Warehouse_D,2026-06-03,2026-06-15,64,1344.39,Delayed,Electronics
6996,21,Warehouse_C,2026-06-04,2026-06-14,44,5932.46,Delayed,Pharma
6997,444,Warehouse_C,2026-05-31,2026-06-12,15,2494.2,Delivered,Industrial
6998,284,Warehouse_B,2026-05-18,2026-05-19,4,2508.62,Delivered,FMCG
6999,279,Warehouse_A,2026-05-15,2026-05-28,57,9297.16,Cancelled,Electronics
7000,37,Warehouse_E,2026-05-19,2026-06-01,35,9580.32,Cancelled,Industrial
7001,244,Warehouse_B,2026-06-04,2026-06-19,79,2994.52,Delayed,Pharma
7002,360,Warehouse_C,2026-05-15,2026-05-29,46,8367.32,Delivered,Pharma
7003,346,Warehouse_A,2026-05-06,2026-05-17,51,807.89,In Transit,Automotive
7004,199,Warehouse_D,2026-05-18,2026-05-23,1,5523.33,Cancelled,Electronics
7005,354,Warehouse_A,2026-06-03,2026-06-16,92,1659.55,Delayed,Electronics
7006,127,Warehouse_B,2026-05-14,2026-05-21,23,4280.63,Delivered,Automotive
7007,145,Warehouse_E,2026-05-09,2026-05-16,93,2556.07,In Transit,FMCG
7008,322,Warehouse_B,2026-05-20,2026-05-27,16,1215.53,Delayed,Pharma
7009,274,Warehouse_E,2026-05-24,2026-06-11,25,2575.97,Cancelled,Electronics
7010,175,Warehouse_E,2026-05-18,2026-05-23,21,6429.97,Delayed,Automotive
7011,485,Warehouse_B,2026-05-06,2026-05-22,11,8444.4,Delayed,FMCG
7012,470,Warehouse_C,2026-05-30,2026-06-03,3,7843.75,Delivered,Pharma
7013,344,Warehouse_A,2026-05-22,2026-05-27,65,8058.03,Delivered,Electronics
7014,153,Warehouse_D,2026-05-08,2026-05-20,76,6782.53,Delayed,Industrial
7015,462,Warehouse_B,2026-05-14,2026-06-02,13,8845.8,Delayed,Industrial
7016,196,Warehouse_C,2026-05-31,2026-06-10,65,903.08,In Transit,Industrial
7017,245,Warehouse_C,2026-06-04,2026-06-05,1,1924.16,In Transit,Electronics
7018,386,Warehouse_D,2026-05-24,2026-05-29,1,2160.98,Cancelled,FMCG
7019,67,Warehouse_D,2026-05-23,2026-06-08,56,4844.52,Cancelled,FMCG
7020,98,Warehouse_A,2026-05-17,2026-05-22,87,9081.52,In Transit,Electronics
7021,290,Warehouse_B,2026-05-17,2026-05-19,36,4424.46,Cancelled,FMCG
7022,133,Warehouse_A,2026-05-30,2026-06-18,72,8779.32,Delivered,Pharma
7023,387,Warehouse_E,2026-05-20,2026-05-23,41,2974.88,Delayed,Industrial
7024,206,Warehouse_E,2026-05-06,2026-05-20,86,4114.61,Cancelled,Pharma
7025,322,Warehouse_C,2026-05-28,2026-06-08,45,2249.49,Cancelled,Pharma
7026,11,Warehouse_B,2026-05-30,2026-06-01,80,3773.9,Delivered,Electronics
7027,475,Warehouse_A,2026-05-20,2026-06-05,45,5996.34,Delayed,Industrial
7028,318,Warehouse_A,2026-06-04,2026-06-09,49,4292.56,Cancelled,Electronics
7029,417,Warehouse_E,2026-06-03,2026-06-14,86,5896.31,Cancelled,FMCG
7030,20,Warehouse_E,2026-06-02,2026-06-11,28,9516.08,Delivered,FMCG
7031,386,Warehouse_E,2026-05-14,2026-05-17,98,8704.7,Cancelled,FMCG
7032,12,Warehouse_E,2026-05-15,2026-05-25,25,2172.57,Delivered,Automotive
7033,458,Warehouse_E,2026-05-17,2026-05-21,51,2765.16,Cancelled,Electronics
7034,17,Warehouse_D,2026-05-08,2026-05-23,39,9560.97,Cancelled,Electronics
7035,352,Warehouse_A,2026-05-26,2026-06-01,60,3794.38,Delayed,Industrial
7036,79,Warehouse_A,2026-05-08,2026-05-27,20,6421.44,Delivered,Automotive
7037,187,Warehouse_B,2026-05-26,2026-05-30,56,7549.94,Delayed,Automotive
7038,379,Warehouse_C,2026-05-26,2026-06-12,39,2785.26,In Transit,Automotive
7039,300,Warehouse_E,2026-05-21,2026-05-28,52,9027.08,In Transit,Automotive
7040,48,Warehouse_A,2026-05-17,2026-05-30,81,140.37,In Transit,Automotive
7041,180,Warehouse_C,2026-05-28,2026-06-04,43,4980.71,In Transit,Automotive
7042,349,Warehouse_D,2026-05-06,2026-05-24,89,7238.7,Delayed,Industrial
7043,212,Warehouse_D,2026-05-15,2026-05-17,98,2293.15,Delivered,Pharma
7044,318,Warehouse_A,2026-05-11,2026-05-19,12,2486.24,In Transit,Electronics
7045,136,Warehouse_C,2026-05-31,2026-06-12,31,7320.84,Cancelled,Electronics
7046,288,Warehouse_E,2026-05-30,2026-06-05,14,7972.84,Cancelled,Pharma
7047,18,Warehouse_D,2026-05-31,2026-06-12,72,7197.45,In Transit,FMCG
7048,120,Warehouse_A,2026-05-07,2026-05-10,92,1011.97,Delayed,FMCG
7049,452,Warehouse_A,2026-05-13,2026-05-24,78,1103.24,Cancelled,Automotive
7050,233,Warehouse_A,2026-05-20,2026-06-04,6,4796.57,Cancelled,Automotive
7051,221,Warehouse_E,2026-05-26,2026-06-07,36,6435.82,Cancelled,Automotive
7052,365,Warehouse_A,2026-05-14,2026-05-28,62,6050.03,Cancelled,Electronics
7053,327,Warehouse_A,2026-05-29,2026-06-07,3,1326.34,Cancelled,Automotive
7054,65,Warehouse_A,2026-05-17,2026-05-21,45,6294.07,Delayed,Electronics
7055,210,Warehouse_B,2026-05-11,2026-05-18,3,3238.99,Delivered,Automotive
7056,465,Warehouse_E,2026-05-14,2026-06-02,3,6612.47,Delayed,Electronics
7057,178,Warehouse_C,2026-05-31,2026-06-05,64,5889.23,Delayed,FMCG
7058,311,Warehouse_E,2026-05-31,2026-06-01,41,4282.84,In Transit,Electronics
7059,338,Warehouse_B,2026-06-04,2026-06-18,69,410.1,In Transit,Industrial
7060,449,Warehouse_D,2026-05-15,2026-06-04,84,3046.44,In Transit,Automotive
7061,472,Warehouse_B,2026-05-16,2026-05-19,50,1064.96,Delivered,Industrial
7062,181,Warehouse_C,2026-05-27,2026-06-01,31,8853.93,Delivered,Industrial
7063,53,Warehouse_D,2026-05-22,2026-06-04,27,3852.65,Cancelled,Automotive
7064,200,Warehouse_E,2026-05-10,2026-05-17,46,4276.94,Delivered,FMCG
7065,20,Warehouse_D,2026-05-26,2026-06-03,22,1521.91,Delayed,Electronics
7066,47,Warehouse_D,2026-05-17,2026-05-20,38,4589.84,Cancelled,Electronics
7067,156,Warehouse_E,2026-05-18,2026-05-25,99,901.1,Cancelled,FMCG
7068,195,Warehouse_B,2026-05-07,2026-05-11,56,1874.96,Delivered,FMCG
7069,386,Warehouse_E,2026-05-21,2026-05-29,38,1394.0,Delayed,Electronics
7070,430,Warehouse_B,2026-06-02,2026-06-03,37,9531.82,Cancelled,Electronics
7071,453,Warehouse_A,2026-05-30,2026-06-10,5,9607.24,Delivered,Industrial
7072,289,Warehouse_C,2026-06-04,2026-06-05,82,4176.16,Delayed,Automotive
7073,277,Warehouse_A,2026-06-02,2026-06-22,25,7470.29,Delivered,Industrial
7074,116,Warehouse_D,2026-05-13,2026-05-27,21,7415.07,Delayed,Automotive
7075,67,Warehouse_D,2026-05-11,2026-05-18,46,4024.79,Delivered,Pharma
7076,182,Warehouse_C,2026-05-06,2026-05-19,89,4155.46,Delayed,Pharma
7077,481,Warehouse_A,2026-05-15,2026-05-27,41,6354.91,Cancelled,Pharma
7078,115,Warehouse_C,2026-05-22,2026-05-27,26,7812.32,Delivered,Automotive
7079,454,Warehouse_C,2026-06-04,2026-06-14,19,2243.22,Delayed,FMCG
7080,393,Warehouse_C,2026-05-22,2026-05-25,49,7342.51,In Transit,Pharma
7081,29,Warehouse_B,2026-05-23,2026-05-28,81,5130.08,Delayed,FMCG
7082,187,Warehouse_A,2026-05-29,2026-06-09,62,4184.35,Delivered,Pharma
7083,51,Warehouse_E,2026-05-13,2026-05-24,72,6438.28,Delayed,Electronics
7084,472,Warehouse_A,2026-05-30,2026-06-01,7,3313.99,Cancelled,Industrial
7085,325,Warehouse_E,2026-05-28,2026-05-31,73,528.66,Delayed,FMCG
7086,187,Warehouse_E,2026-05-08,2026-05-26,98,3586.7,Cancelled,Electronics
7087,489,Warehouse_B,2026-05-22,2026-05-23,30,9971.82,Delivered,Electronics
7088,125,Warehouse_A,2026-05-21,2026-06-09,90,5109.82,Delayed,Pharma
7089,68,Warehouse_C,2026-05-06,2026-05-21,37,8786.32,In Transit,Automotive
7090,32,Warehouse_B,2026-05-18,2026-06-01,87,3023.6,In Transit,FMCG
7091,389,Warehouse_A,2026-05-17,2026-05-24,61,1107.47,Cancelled,FMCG
7092,131,Warehouse_D,2026-05-15,2026-05-24,14,7217.21,Delivered,Automotive
7093,373,Warehouse_B,2026-05-28,2026-06-16,30,1594.16,Cancelled,FMCG
7094,256,Warehouse_C,2026-05-29,2026-06-01,23,3139.84,Delayed,FMCG
7095,168,Warehouse_E,2026-06-04,2026-06-05,67,5942.36,Delayed,Electronics
7096,225,Warehouse_B,2026-05-17,2026-05-22,52,3111.46,In Transit,Pharma
7097,443,Warehouse_B,2026-05-26,2026-06-13,2,134.28,Cancelled,FMCG
7098,118,Warehouse_A,2026-05-25,2026-06-03,36,7349.12,Delayed,Industrial
7099,324,Warehouse_D,2026-05-08,2026-05-12,82,2498.14,Delayed,FMCG
7100,52,Warehouse_B,2026-06-03,2026-06-10,2,8981.02,In Transit,FMCG
7101,292,Warehouse_D,2026-06-04,2026-06-18,40,5198.29,Delivered,Pharma
7102,462,Warehouse_D,2026-05-17,2026-06-02,7,1138.51,Delayed,Industrial
7103,53,Warehouse_A,2026-05-08,2026-05-25,31,4016.21,Cancelled,Electronics
7104,115,Warehouse_E,2026-06-04,2026-06-05,46,7206.31,In Transit,Industrial
7105,370,Warehouse_A,2026-05-13,2026-05-14,33,274.94,Delivered,Pharma
7106,5,Warehouse_B,2026-05-28,2026-06-08,79,6585.43,Delayed,Industrial
7107,500,Warehouse_E,2026-05-21,2026-05-30,57,1242.65,In Transit,Electronics
7108,75,Warehouse_A,2026-06-04,2026-06-08,90,7045.9,Delayed,Electronics
7109,365,Warehouse_E,2026-05-31,2026-06-01,8,5761.76,In Transit,Industrial
7110,30,Warehouse_B,2026-05-20,2026-05-30,92,5914.2,Cancelled,FMCG
7111,393,Warehouse_E,2026-05-13,2026-05-19,59,9052.48,Cancelled,Electronics
7112,306,Warehouse_D,2026-05-22,2026-06-05,6,942.77,Delayed,FMCG
7113,116,Warehouse_C,2026-05-23,2026-06-06,55,5964.48,Delayed,Electronics
7114,273,Warehouse_B,2026-06-04,2026-06-22,52,5533.12,Delivered,Automotive
7115,142,Warehouse_A,2026-05-09,2026-05-12,41,1053.16,In Transit,Industrial
7116,143,Warehouse_C,2026-05-25,2026-06-10,11,3690.4,Delayed,Automotive
7117,414,Warehouse_A,2026-05-20,2026-05-29,55,416.53,Delivered,Automotive
7118,306,Warehouse_B,2026-05-24,2026-06-02,84,657.0,Cancelled,Industrial
7119,421,Warehouse_E,2026-05-26,2026-06-12,6,9276.32,In Transit,Industrial
7120,386,Warehouse_B,2026-05-12,2026-05-19,99,3281.92,Delayed,Pharma
7121,467,Warehouse_A,2026-05-26,2026-06-11,68,7215.09,Delayed,Industrial
7122,84,Warehouse_B,2026-06-01,2026-06-20,80,3836.05,Cancelled,FMCG
7123,448,Warehouse_B,2026-05-25,2026-06-10,37,9039.41,In Transit,Pharma
7124,384,Warehouse_E,2026-05-09,2026-05-11,60,9871.23,In Transit,Electronics
7125,70,Warehouse_C,2026-05-22,2026-05-26,65,5902.43,Delivered,FMCG
7126,145,Warehouse_E,2026-05-20,2026-05-24,61,9231.77,Delayed,Automotive
7127,219,Warehouse_A,2026-05-08,2026-05-17,49,9539.4,In Transit,Pharma
7128,211,Warehouse_D,2026-05-12,2026-05-15,96,984.62,Delayed,Pharma
7129,279,Warehouse_C,2026-06-04,2026-06-09,11,168.33,Cancelled,Pharma
7130,208,Warehouse_E,2026-05-30,2026-06-13,69,3566.89,Delayed,Automotive
7131,318,Warehouse_A,2026-06-04,2026-06-20,89,9870.88,Delivered,Electronics
7132,245,Warehouse_E,2026-05-28,2026-06-10,16,4943.43,In Transit,Automotive
7133,110,Warehouse_C,2026-05-12,2026-05-14,91,868.04,Delayed,Industrial
7134,356,Warehouse_C,2026-05-10,2026-05-22,78,7670.24,Delivered,Electronics
7135,220,Warehouse_D,2026-05-28,2026-05-31,72,4631.59,Cancelled,Automotive
7136,107,Warehouse_B,2026-05-16,2026-05-25,1,9056.15,Cancelled,Automotive
7137,138,Warehouse_D,2026-05-15,2026-05-19,43,5930.71,Delayed,Industrial
7138,235,Warehouse_C,2026-06-01,2026-06-16,43,4387.1,Cancelled,Pharma
7139,262,Warehouse_B,2026-05-15,2026-05-24,6,5845.81,In Transit,Automotive
7140,422,Warehouse_D,2026-05-08,2026-05-12,42,3303.29,Delivered,Automotive
7141,246,Warehouse_D,2026-05-23,2026-05-31,68,9334.19,Cancelled,Pharma
7142,177,Warehouse_A,2026-05-29,2026-06-08,59,1559.18,Delivered,FMCG
7143,193,Warehouse_A,2026-05-28,2026-06-11,46,740.52,Delayed,Electronics
7144,182,Warehouse_A,2026-05-10,2026-05-16,99,5677.05,In Transit,Electronics
7145,173,Warehouse_E,2026-05-17,2026-05-28,8,7542.43,Cancelled,Electronics
7146,157,Warehouse_E,2026-05-09,2026-05-19,85,7386.92,Delivered,Automotive
7147,143,Warehouse_B,2026-05-19,2026-05-29,52,7908.97,Cancelled,Pharma
7148,265,Warehouse_B,2026-05-19,2026-05-23,48,8508.77,In Transit,Electronics
7149,226,Warehouse_A,2026-05-09,2026-05-24,74,5311.35,In Transit,Pharma
7150,135,Warehouse_E,2026-05-23,2026-05-29,92,5875.77,Delayed,Pharma
7151,155,Warehouse_C,2026-05-30,2026-06-18,78,7427.4,Delayed,Industrial
7152,208,Warehouse_E,2026-05-24,2026-05-28,58,8054.1,Cancelled,Automotive
7153,341,Warehouse_C,2026-05-27,2026-06-16,28,8633.19,In Transit,Automotive
7154,184,Warehouse_E,2026-05-26,2026-05-30,35,127.19,Delivered,Electronics
7155,238,Warehouse_B,2026-05-10,2026-05-12,76,4028.76,Delivered,Pharma
7156,437,Warehouse_E,2026-05-31,2026-06-12,100,1141.86,Delayed,Automotive
7157,484,Warehouse_D,2026-06-03,2026-06-22,95,5131.24,In Transit,Electronics
7158,7,Warehouse_C,2026-05-24,2026-05-25,90,5510.98,Cancelled,Industrial
7159,208,Warehouse_B,2026-05-14,2026-05-30,96,5471.47,Cancelled,Automotive
7160,103,Warehouse_C,2026-05-28,2026-06-13,73,9792.66,Cancelled,Automotive
7161,30,Warehouse_D,2026-05-31,2026-06-16,83,8810.31,Cancelled,Industrial
7162,389,Warehouse_D,2026-05-27,2026-06-09,47,3041.8,Delayed,Automotive
7163,286,Warehouse_B,2026-05-25,2026-05-30,26,7588.22,In Transit,FMCG
7164,361,Warehouse_D,2026-05-17,2026-05-18,77,1890.28,In Transit,Pharma
7165,7,Warehouse_A,2026-05-28,2026-06-12,64,5832.28,Cancelled,Electronics
7166,422,Warehouse_A,2026-05-24,2026-06-02,33,7131.73,Delivered,Electronics
7167,184,Warehouse_C,2026-06-02,2026-06-19,61,656.63,Delivered,Electronics
7168,176,Warehouse_C,2026-06-04,2026-06-11,20,2873.43,Delivered,Electronics
7169,61,Warehouse_B,2026-05-13,2026-05-23,32,8650.67,Cancelled,Electronics
7170,130,Warehouse_C,2026-05-19,2026-06-07,40,4220.44,Cancelled,FMCG
7171,5,Warehouse_C,2026-05-15,2026-06-04,94,9337.24,Cancelled,Pharma
7172,22,Warehouse_C,2026-06-03,2026-06-11,14,1326.63,Delayed,Electronics
7173,106,Warehouse_B,2026-05-18,2026-06-04,56,8689.65,Delivered,Automotive
7174,132,Warehouse_A,2026-05-19,2026-06-01,93,1882.35,Delayed,FMCG
7175,318,Warehouse_B,2026-05-11,2026-05-20,62,4669.2,Delayed,FMCG
7176,294,Warehouse_C,2026-06-03,2026-06-21,8,8233.66,Delivered,Industrial
7177,190,Warehouse_B,2026-05-10,2026-05-17,32,8134.52,Delivered,FMCG
7178,389,Warehouse_C,2026-06-02,2026-06-21,90,3532.24,Delivered,Pharma
7179,157,Warehouse_D,2026-05-28,2026-06-09,44,9560.0,Delayed,Automotive
7180,470,Warehouse_C,2026-05-30,2026-06-03,90,4261.82,Delayed,Pharma
7181,280,Warehouse_E,2026-05-10,2026-05-23,53,1687.99,Delivered,Automotive
7182,202,Warehouse_C,2026-06-04,2026-06-06,1,2024.69,Delayed,FMCG
7183,179,Warehouse_B,2026-05-20,2026-06-03,70,6821.55,Cancelled,Pharma
7184,13,Warehouse_C,2026-05-30,2026-06-05,79,9993.35,Delivered,Industrial
7185,451,Warehouse_E,2026-05-22,2026-05-29,95,2423.85,Cancelled,Industrial
7186,216,Warehouse_C,2026-05-15,2026-05-26,1,1346.87,Cancelled,Electronics
7187,261,Warehouse_E,2026-05-26,2026-05-28,99,5596.43,Delayed,Industrial
7188,460,Warehouse_C,2026-06-02,2026-06-19,56,6060.31,Delayed,Industrial
7189,18,Warehouse_D,2026-05-07,2026-05-24,1,2513.85,Cancelled,Automotive
7190,34,Warehouse_C,2026-05-23,2026-06-12,16,7596.15,Delayed,Industrial
7191,211,Warehouse_A,2026-05-16,2026-05-20,70,8690.28,In Transit,Industrial
7192,18,Warehouse_A,2026-05-15,2026-05-25,61,1395.58,In Transit,FMCG
7193,37,Warehouse_A,2026-05-10,2026-05-15,36,5163.85,In Transit,FMCG
7194,389,Warehouse_C,2026-05-26,2026-06-13,59,1749.0,In Transit,Pharma
7195,148,Warehouse_C,2026-05-16,2026-06-03,30,6740.56,Delivered,FMCG
7196,198,Warehouse_E,2026-05-26,2026-05-27,37,4390.78,In Transit,Pharma
7197,28,Warehouse_C,2026-05-26,2026-06-01,8,2681.73,Delayed,Industrial
7198,432,Warehouse_C,2026-05-06,2026-05-23,94,8984.72,Cancelled,Industrial
7199,220,Warehouse_C,2026-05-30,2026-06-18,54,715.84,Cancelled,Automotive
7200,497,Warehouse_D,2026-05-19,2026-06-03,58,4472.97,Delivered,Pharma
7201,421,Warehouse_A,2026-05-25,2026-05-27,88,7623.6,Delivered,Electronics
7202,27,Warehouse_E,2026-05-08,2026-05-15,91,6773.55,Cancelled,Automotive
7203,144,Warehouse_D,2026-05-28,2026-06-04,75,4299.25,Cancelled,Pharma
7204,469,Warehouse_E,2026-05-29,2026-06-18,66,4057.41,Delivered,Industrial
7205,196,Warehouse_C,2026-05-21,2026-06-09,57,2918.91,In Transit,Industrial
7206,8,Warehouse_E,2026-05-07,2026-05-19,59,3319.61,Delivered,Industrial
7207,259,Warehouse_B,2026-05-23,2026-05-26,14,5509.59,In Transit,Automotive
7208,197,Warehouse_E,2026-05-11,2026-05-29,65,7752.17,Cancelled,Pharma
7209,404,Warehouse_B,2026-05-20,2026-06-09,36,5894.48,Cancelled,Electronics
7210,193,Warehouse_E,2026-05-27,2026-06-04,23,8580.29,Cancelled,Pharma
7211,476,Warehouse_B,2026-05-29,2026-06-15,47,7212.51,In Transit,Industrial
7212,154,Warehouse_C,2026-05-28,2026-06-17,65,8385.23,Delayed,Electronics
7213,176,Warehouse_D,2026-05-11,2026-05-31,34,1508.74,Delivered,Pharma
7214,119,Warehouse_D,2026-05-26,2026-06-05,84,6145.2,Cancelled,FMCG
7215,194,Warehouse_D,2026-05-09,2026-05-26,84,3379.72,Delayed,Automotive
7216,318,Warehouse_B,2026-05-13,2026-05-24,78,4335.38,Delayed,Industrial
7217,333,Warehouse_C,2026-05-31,2026-06-04,66,4305.65,Delayed,Pharma
7218,393,Warehouse_D,2026-05-11,2026-05-24,45,8431.16,Delayed,Industrial
7219,493,Warehouse_B,2026-05-19,2026-06-01,4,379.94,Delivered,Pharma
7220,11,Warehouse_A,2026-05-25,2026-05-26,53,7282.21,Delivered,Electronics
7221,92,Warehouse_C,2026-05-11,2026-05-12,69,7219.07,Delivered,Automotive
7222,284,Warehouse_A,2026-05-22,2026-06-03,26,3758.58,Delayed,Pharma
7223,362,Warehouse_D,2026-05-19,2026-05-30,88,6236.25,Delayed,Pharma
7224,40,Warehouse_E,2026-05-10,2026-05-24,48,2806.49,In Transit,Electronics
7225,257,Warehouse_E,2026-05-13,2026-05-16,20,3286.39,Delivered,FMCG
7226,435,Warehouse_C,2026-05-12,2026-05-14,3,4641.98,Delayed,Industrial
7227,417,Warehouse_A,2026-05-07,2026-05-22,86,1475.34,Cancelled,Electronics
7228,259,Warehouse_E,2026-05-16,2026-05-29,68,2827.38,Delayed,FMCG
7229,92,Warehouse_D,2026-05-09,2026-05-22,27,453.49,Delivered,FMCG
7230,499,Warehouse_C,2026-06-02,2026-06-04,6,6342.19,In Transit,Electronics
7231,479,Warehouse_E,2026-05-31,2026-06-01,71,1868.24,In Transit,Electronics
7232,83,Warehouse_D,2026-05-28,2026-06-11,48,7532.13,Cancelled,Electronics
7233,67,Warehouse_B,2026-06-04,2026-06-09,31,102.77,Cancelled,Industrial
7234,289,Warehouse_A,2026-06-01,2026-06-09,48,9647.84,Delayed,Pharma
7235,281,Warehouse_B,2026-05-23,2026-05-25,9,3700.53,Cancelled,FMCG
7236,6,Warehouse_C,2026-05-17,2026-05-24,10,5835.88,In Transit,Industrial
7237,312,Warehouse_A,2026-05-15,2026-05-31,100,640.48,Delivered,Industrial
7238,62,Warehouse_C,2026-05-16,2026-05-17,36,3763.3,In Transit,FMCG
7239,195,Warehouse_B,2026-06-02,2026-06-10,51,6415.07,Delayed,Electronics
7240,62,Warehouse_A,2026-05-25,2026-06-11,3,5646.04,Delivered,Automotive
7241,69,Warehouse_C,2026-05-06,2026-05-23,12,2746.06,In Transit,Automotive
7242,417,Warehouse_C,2026-05-21,2026-06-10,46,2414.34,Delivered,FMCG
7243,389,Warehouse_C,2026-05-20,2026-05-23,62,7984.72,In Transit,Pharma
7244,74,Warehouse_B,2026-05-12,2026-05-22,79,4327.42,Cancelled,Automotive
7245,446,Warehouse_C,2026-05-15,2026-05-17,3,4681.26,Delayed,Automotive
7246,202,Warehouse_A,2026-05-17,2026-05-29,94,9768.48,Delayed,Pharma
7247,71,Warehouse_D,2026-05-16,2026-06-04,22,8111.13,Delayed,Industrial
7248,422,Warehouse_C,2026-05-12,2026-05-17,13,3068.92,Delivered,Pharma
7249,404,Warehouse_C,2026-05-09,2026-05-19,58,141.5,Delayed,Industrial
7250,131,Warehouse_B,2026-05-19,2026-05-28,29,467.6,Cancelled,Pharma
7251,228,Warehouse_C,2026-05-31,2026-06-11,7,9829.55,In Transit,Electronics
7252,19,Warehouse_B,2026-05-23,2026-05-31,3,1354.49,In Transit,Automotive
7253,53,Warehouse_D,2026-05-27,2026-06-04,98,9673.61,Delivered,Automotive
7254,243,Warehouse_E,2026-05-07,2026-05-09,86,7620.33,Delivered,FMCG
7255,157,Warehouse_C,2026-05-26,2026-06-03,12,4024.67,In Transit,Industrial
7256,105,Warehouse_E,2026-05-19,2026-05-24,61,8642.95,Delivered,Pharma
7257,18,Warehouse_C,2026-05-09,2026-05-11,28,7546.99,In Transit,Pharma
7258,204,Warehouse_A,2026-05-16,2026-05-28,2,6003.8,In Transit,Automotive
7259,120,Warehouse_D,2026-05-07,2026-05-10,17,2815.05,Delivered,Pharma
7260,409,Warehouse_E,2026-05-10,2026-05-22,86,535.81,Delayed,FMCG
7261,455,Warehouse_E,2026-05-07,2026-05-11,48,4052.76,Delayed,Industrial
7262,216,Warehouse_D,2026-05-10,2026-05-15,40,9199.27,In Transit,Electronics
7263,24,Warehouse_E,2026-05-18,2026-06-02,16,6166.93,Cancelled,Electronics
7264,494,Warehouse_B,2026-05-18,2026-05-22,34,3477.69,Delayed,FMCG
7265,360,Warehouse_A,2026-05-31,2026-06-08,58,6545.36,Cancelled,Pharma
7266,57,Warehouse_E,2026-05-28,2026-06-08,3,3100.54,Cancelled,Automotive
7267,60,Warehouse_D,2026-05-30,2026-06-04,87,7136.28,Delivered,Pharma
7268,218,Warehouse_A,2026-05-30,2026-06-07,27,7845.23,Cancelled,Industrial
7269,433,Warehouse_C,2026-05-06,2026-05-10,87,3227.78,Cancelled,Pharma
7270,305,Warehouse_B,2026-05-25,2026-06-03,64,2220.63,In Transit,Industrial
7271,253,Warehouse_D,2026-05-18,2026-06-04,38,2794.05,Delayed,Pharma
7272,56,Warehouse_A,2026-06-04,2026-06-06,80,8014.53,Cancelled,FMCG
7273,198,Warehouse_B,2026-05-11,2026-05-17,61,7985.47,Delayed,Electronics
7274,9,Warehouse_A,2026-05-21,2026-06-04,35,9872.15,In Transit,Electronics
7275,113,Warehouse_C,2026-05-21,2026-05-31,42,6166.0,In Transit,Industrial
7276,445,Warehouse_C,2026-05-17,2026-06-05,11,4939.68,Cancelled,Pharma
7277,101,Warehouse_B,2026-05-24,2026-05-27,67,8450.03,Delivered,Pharma
7278,235,Warehouse_A,2026-05-07,2026-05-17,56,284.74,In Transit,FMCG
7279,185,Warehouse_E,2026-05-31,2026-06-20,49,6745.22,In Transit,Industrial
7280,338,Warehouse_A,2026-05-23,2026-06-01,1,6303.93,Delivered,Pharma
7281,201,Warehouse_C,2026-05-09,2026-05-22,22,1869.26,In Transit,Industrial
7282,94,Warehouse_A,2026-05-30,2026-05-31,75,7847.48,In Transit,Automotive
7283,67,Warehouse_B,2026-05-24,2026-06-05,43,3059.59,In Transit,Pharma
7284,359,Warehouse_D,2026-05-25,2026-06-09,65,8877.6,In Transit,Pharma
7285,226,Warehouse_B,2026-05-22,2026-06-03,100,9384.17,In Transit,FMCG
7286,360,Warehouse_E,2026-05-10,2026-05-15,47,307.86,In Transit,FMCG
7287,439,Warehouse_C,2026-05-17,2026-05-25,55,2583.14,Delayed,Industrial
7288,463,Warehouse_C,2026-05-13,2026-05-30,8,7630.97,In Transit,Pharma
7289,245,Warehouse_B,2026-05-25,2026-06-01,87,5579.65,Delivered,Automotive
7290,270,Warehouse_A,2026-05-08,2026-05-15,80,6508.82,In Transit,Electronics
7291,221,Warehouse_C,2026-06-02,2026-06-17,75,8878.08,Delivered,Industrial
7292,488,Warehouse_B,2026-05-22,2026-05-23,85,1948.78,In Transit,Pharma
7293,418,Warehouse_B,2026-05-24,2026-05-31,26,2388.82,Delivered,Pharma
7294,46,Warehouse_D,2026-05-26,2026-06-01,87,3768.97,Delayed,FMCG
7295,431,Warehouse_B,2026-05-25,2026-06-13,35,9452.68,Delayed,Pharma
7296,427,Warehouse_C,2026-05-22,2026-06-07,89,6090.71,Cancelled,Industrial
7297,326,Warehouse_D,2026-05-23,2026-06-09,8,6622.54,Delivered,Pharma
7298,212,Warehouse_A,2026-05-07,2026-05-18,31,1935.28,Delivered,Industrial
7299,124,Warehouse_D,2026-05-17,2026-06-06,33,9392.19,In Transit,Automotive
7300,183,Warehouse_D,2026-05-20,2026-06-01,13,7685.08,Delayed,FMCG
7301,98,Warehouse_D,2026-05-06,2026-05-16,81,8145.46,Cancelled,Pharma
7302,389,Warehouse_B,2026-05-12,2026-05-27,2,6547.81,Delayed,Automotive
7303,339,Warehouse_A,2026-05-19,2026-06-06,21,6210.8,Cancelled,Industrial
7304,452,Warehouse_E,2026-05-18,2026-06-07,36,2674.96,Delivered,Automotive
7305,219,Warehouse_B,2026-06-04,2026-06-20,87,300.85,Delayed,FMCG
7306,479,Warehouse_D,2026-05-20,2026-06-01,38,7634.84,Delayed,Electronics
7307,289,Warehouse_B,2026-05-31,2026-06-10,28,784.95,Delayed,Industrial
7308,104,Warehouse_C,2026-05-25,2026-06-12,1,6058.44,In Transit,FMCG
7309,90,Warehouse_B,2026-05-21,2026-06-09,12,8247.86,Delayed,Electronics
7310,199,Warehouse_A,2026-05-08,2026-05-24,18,2758.22,In Transit,FMCG
7311,464,Warehouse_C,2026-05-20,2026-06-02,25,4506.89,Delivered,Pharma
7312,422,Warehouse_A,2026-05-10,2026-05-11,78,7079.99,Delayed,Automotive
7313,371,Warehouse_C,2026-05-15,2026-05-17,50,7704.34,In Transit,FMCG
7314,256,Warehouse_D,2026-05-16,2026-05-20,84,7732.49,In Transit,Industrial
7315,445,Warehouse_B,2026-05-21,2026-06-03,64,3297.1,Delayed,Pharma
7316,100,Warehouse_A,2026-05-16,2026-06-02,76,2755.64,In Transit,FMCG
7317,299,Warehouse_B,2026-05-27,2026-06-02,51,3253.19,Delayed,Automotive
7318,399,Warehouse_A,2026-05-19,2026-06-05,36,3282.42,Delivered,Automotive
7319,439,Warehouse_A,2026-05-25,2026-06-13,15,7776.95,Cancelled,Pharma
7320,316,Warehouse_B,2026-05-06,2026-05-10,12,4763.1,In Transit,Electronics
7321,398,Warehouse_D,2026-05-24,2026-06-12,15,331.63,Delivered,Industrial
7322,277,Warehouse_A,2026-05-09,2026-05-16,83,9491.2,Delayed,Industrial
7323,181,Warehouse_E,2026-05-28,2026-06-12,31,2327.93,Delivered,FMCG
7324,7,Warehouse_B,2026-05-18,2026-05-31,68,2642.8,Cancelled,Electronics
7325,294,Warehouse_B,2026-05-14,2026-05-28,43,2714.11,Delivered,Industrial
7326,69,Warehouse_D,2026-05-07,2026-05-17,47,9466.12,Delivered,FMCG
7327,287,Warehouse_B,2026-05-06,2026-05-09,1,8935.17,Delayed,Pharma
7328,389,Warehouse_C,2026-05-24,2026-05-31,36,2022.88,Delayed,Industrial
7329,160,Warehouse_A,2026-05-22,2026-06-03,63,5332.8,Delayed,Pharma
7330,421,Warehouse_C,2026-06-04,2026-06-09,66,7077.28,Delayed,Automotive
7331,147,Warehouse_C,2026-05-29,2026-05-30,21,8409.53,Delivered,Pharma
7332,140,Warehouse_E,2026-05-08,2026-05-18,12,6851.25,Delivered,FMCG
7333,374,Warehouse_D,2026-05-12,2026-05-26,93,3069.94,Delayed,FMCG
7334,463,Warehouse_E,2026-05-24,2026-05-26,93,6888.66,Delayed,FMCG
7335,82,Warehouse_B,2026-05-20,2026-05-28,21,2106.56,Cancelled,Electronics
7336,409,Warehouse_B,2026-05-29,2026-06-11,43,1804.31,Delayed,Automotive
7337,137,Warehouse_E,2026-06-01,2026-06-19,85,8683.1,Delivered,Electronics
7338,178,Warehouse_E,2026-05-23,2026-05-27,86,9401.41,Delayed,Industrial
7339,456,Warehouse_A,2026-05-21,2026-06-07,63,2087.49,Delivered,Electronics
7340,376,Warehouse_A,2026-05-16,2026-05-21,17,9166.45,Delayed,Electronics
7341,265,Warehouse_E,2026-05-10,2026-05-23,2,4743.09,Cancelled,FMCG
7342,1,Warehouse_A,2026-05-20,2026-06-06,27,1495.63,Delivered,FMCG
7343,273,Warehouse_E,2026-05-09,2026-05-22,37,1786.93,Cancelled,Electronics
7344,400,Warehouse_E,2026-05-27,2026-06-13,32,8100.21,In Transit,FMCG
7345,90,Warehouse_A,2026-05-30,2026-06-05,71,4600.63,Cancelled,Automotive
7346,206,Warehouse_D,2026-05-16,2026-05-26,53,6795.51,Delivered,Automotive
7347,311,Warehouse_A,2026-05-25,2026-05-27,14,4559.41,Delivered,Electronics
7348,491,Warehouse_C,2026-05-07,2026-05-22,72,2714.26,Delayed,Electronics
7349,131,Warehouse_B,2026-05-24,2026-06-11,9,2595.57,Cancelled,FMCG
7350,399,Warehouse_A,2026-05-06,2026-05-23,82,1362.08,Cancelled,Automotive
7351,7,Warehouse_A,2026-06-02,2026-06-10,13,6193.96,Delivered,Automotive
7352,161,Warehouse_A,2026-06-03,2026-06-18,12,8924.47,Delayed,Industrial
7353,481,Warehouse_C,2026-06-01,2026-06-02,78,8069.1,Delivered,Automotive
7354,389,Warehouse_E,2026-05-21,2026-05-23,51,7305.37,Delayed,Pharma
7355,492,Warehouse_E,2026-05-18,2026-05-26,84,6862.41,In Transit,Automotive
7356,288,Warehouse_B,2026-05-12,2026-05-17,76,2143.27,Delayed,Electronics
7357,446,Warehouse_E,2026-05-10,2026-05-28,99,5929.6,In Transit,Industrial
7358,179,Warehouse_E,2026-05-23,2026-05-26,74,1480.28,In Transit,FMCG
7359,115,Warehouse_B,2026-05-22,2026-06-02,1,6759.86,In Transit,Industrial
7360,167,Warehouse_E,2026-05-10,2026-05-27,64,319.42,In Transit,Pharma
7361,206,Warehouse_C,2026-05-28,2026-06-03,50,1565.85,Cancelled,Industrial
7362,125,Warehouse_B,2026-05-16,2026-06-05,55,3270.01,Delivered,FMCG
7363,31,Warehouse_D,2026-05-09,2026-05-10,75,7629.04,Delivered,Automotive
7364,390,Warehouse_A,2026-05-10,2026-05-12,37,3007.55,Cancelled,FMCG
7365,329,Warehouse_E,2026-05-10,2026-05-20,46,1793.47,Delivered,FMCG
7366,262,Warehouse_C,2026-05-17,2026-05-25,20,3113.32,Delivered,Industrial
7367,202,Warehouse_B,2026-05-17,2026-06-05,69,4847.11,Cancelled,Automotive
7368,320,Warehouse_C,2026-05-12,2026-05-15,100,7999.51,Cancelled,FMCG
7369,89,Warehouse_A,2026-05-14,2026-05-26,82,2452.94,In Transit,Pharma
7370,255,Warehouse_C,2026-05-24,2026-06-02,53,6371.43,Cancelled,FMCG
7371,224,Warehouse_A,2026-06-03,2026-06-11,43,9403.4,Delayed,Automotive
7372,473,Warehouse_D,2026-06-04,2026-06-14,3,2252.08,In Transit,Industrial
7373,178,Warehouse_B,2026-05-06,2026-05-15,18,7800.54,Delayed,Automotive
7374,339,Warehouse_E,2026-05-25,2026-05-29,15,7238.92,Delayed,Pharma
7375,68,Warehouse_C,2026-05-25,2026-06-14,37,328.11,Cancelled,Automotive
7376,161,Warehouse_D,2026-05-06,2026-05-26,68,8552.35,Cancelled,Automotive
7377,140,Warehouse_C,2026-05-20,2026-06-07,84,4559.61,Delivered,Pharma
7378,240,Warehouse_D,2026-05-24,2026-06-13,14,8340.62,In Transit,Automotive
7379,136,Warehouse_E,2026-05-08,2026-05-26,53,3343.56,Cancelled,FMCG
7380,482,Warehouse_C,2026-05-13,2026-05-29,24,2434.74,Cancelled,Pharma
7381,316,Warehouse_D,2026-05-15,2026-05-19,93,2686.92,Delivered,Industrial
7382,66,Warehouse_E,2026-05-07,2026-05-26,43,1905.69,In Transit,Electronics
7383,172,Warehouse_B,2026-05-23,2026-06-12,50,6894.6,In Transit,Industrial
7384,235,Warehouse_B,2026-05-12,2026-05-27,21,2760.95,In Transit,Industrial
7385,75,Warehouse_D,2026-05-08,2026-05-11,79,1531.89,Cancelled,FMCG
7386,250,Warehouse_B,2026-05-10,2026-05-11,60,1934.09,Delivered,Automotive
7387,139,Warehouse_B,2026-05-11,2026-05-21,45,3896.51,Delayed,Automotive
7388,276,Warehouse_A,2026-05-09,2026-05-10,80,7668.9,Delayed,Electronics
7389,185,Warehouse_A,2026-05-15,2026-05-30,86,332.36,In Transit,Industrial
7390,234,Warehouse_B,2026-05-12,2026-05-13,27,9321.35,Delayed,FMCG
7391,366,Warehouse_D,2026-05-14,2026-05-26,99,2298.5,Cancelled,Electronics
7392,348,Warehouse_E,2026-06-03,2026-06-14,10,7615.52,Cancelled,Pharma
7393,333,Warehouse_E,2026-05-24,2026-06-13,8,1044.72,Delayed,Industrial
7394,128,Warehouse_C,2026-06-01,2026-06-14,88,6077.23,In Transit,Automotive
7395,395,Warehouse_C,2026-06-04,2026-06-16,45,4757.25,Delivered,Pharma
7396,1,Warehouse_D,2026-05-18,2026-05-24,79,7493.56,Delivered,Electronics
7397,171,Warehouse_B,2026-05-22,2026-05-24,45,7365.15,Delivered,FMCG
7398,34,Warehouse_A,2026-06-03,2026-06-04,55,181.66,Cancelled,Industrial
7399,141,Warehouse_A,2026-06-02,2026-06-07,53,1328.35,Delayed,Automotive
7400,99,Warehouse_C,2026-05-10,2026-05-12,48,7106.72,Cancelled,Automotive
7401,336,Warehouse_A,2026-05-11,2026-05-17,75,2610.28,In Transit,Industrial
7402,448,Warehouse_B,2026-05-20,2026-06-06,42,4144.04,In Transit,Automotive
7403,413,Warehouse_C,2026-05-16,2026-05-19,83,6313.88,Delivered,Industrial
7404,220,Warehouse_E,2026-05-23,2026-06-08,5,3476.0,Cancelled,Electronics
7405,4,Warehouse_E,2026-05-15,2026-06-01,95,4402.24,Delivered,FMCG
7406,153,Warehouse_C,2026-05-19,2026-06-08,67,3700.59,Delayed,Electronics
7407,237,Warehouse_C,2026-05-14,2026-05-28,71,8412.01,Cancelled,FMCG
7408,467,Warehouse_C,2026-05-10,2026-05-11,49,3485.84,Delayed,Industrial
7409,487,Warehouse_D,2026-05-14,2026-05-20,79,895.61,Delayed,Pharma
7410,207,Warehouse_B,2026-05-14,2026-05-29,53,7241.85,Delayed,Pharma
7411,405,Warehouse_E,2026-05-16,2026-06-02,70,8303.44,Delivered,Automotive
7412,493,Warehouse_A,2026-05-19,2026-06-02,22,9773.35,Cancelled,Electronics
7413,239,Warehouse_A,2026-05-20,2026-05-31,25,144.7,Delivered,FMCG
7414,411,Warehouse_B,2026-05-13,2026-05-27,77,231.46,Delayed,Pharma
7415,494,Warehouse_D,2026-05-16,2026-05-21,33,4211.46,Cancelled,Pharma
7416,422,Warehouse_B,2026-06-04,2026-06-09,56,4306.54,In Transit,FMCG
7417,127,Warehouse_E,2026-05-11,2026-05-23,7,5358.58,Delayed,FMCG
7418,63,Warehouse_A,2026-05-26,2026-05-28,94,6221.39,Cancelled,FMCG
7419,182,Warehouse_A,2026-05-29,2026-06-01,98,3529.35,Delayed,Pharma
7420,164,Warehouse_D,2026-06-01,2026-06-18,73,3194.26,Delivered,Pharma
7421,449,Warehouse_D,2026-05-09,2026-05-11,82,2791.37,Cancelled,FMCG
7422,133,Warehouse_E,2026-05-12,2026-05-14,13,6546.77,Delivered,FMCG
7423,407,Warehouse_E,2026-05-20,2026-05-24,46,9301.5,Delivered,Industrial
7424,350,Warehouse_A,2026-05-25,2026-06-01,56,999.43,Delayed,Industrial
7425,486,Warehouse_E,2026-05-22,2026-05-28,22,8821.2,In Transit,FMCG
7426,267,Warehouse_D,2026-05-31,2026-06-14,31,9057.13,Cancelled,FMCG
7427,384,Warehouse_C,2026-06-01,2026-06-19,7,7816.63,Cancelled,Pharma
7428,274,Warehouse_A,2026-05-19,2026-06-06,70,7366.65,In Transit,FMCG
7429,436,Warehouse_A,2026-05-18,2026-06-06,97,8867.25,In Transit,Automotive
7430,364,Warehouse_B,2026-05-16,2026-05-20,4,8229.22,Cancelled,Pharma
7431,390,Warehouse_B,2026-06-02,2026-06-21,19,5216.03,Delivered,Automotive
7432,14,Warehouse_C,2026-05-08,2026-05-26,42,5298.38,Delayed,Industrial
7433,239,Warehouse_A,2026-05-19,2026-06-03,79,6430.31,Delayed,Electronics
7434,53,Warehouse_E,2026-05-29,2026-06-01,30,2651.39,Delayed,FMCG
7435,319,Warehouse_E,2026-06-03,2026-06-10,9,6917.68,Delivered,Pharma
7436,35,Warehouse_D,2026-05-23,2026-06-09,95,3181.42,In Transit,FMCG
7437,213,Warehouse_B,2026-05-21,2026-05-31,69,6163.33,Cancelled,FMCG
7438,346,Warehouse_B,2026-05-31,2026-06-16,12,3247.35,Delivered,Pharma
7439,10,Warehouse_E,2026-05-27,2026-06-12,10,6501.84,Cancelled,Industrial
7440,175,Warehouse_A,2026-06-01,2026-06-18,67,6608.44,In Transit,Electronics
7441,165,Warehouse_B,2026-06-01,2026-06-19,27,3113.26,Cancelled,Automotive
7442,71,Warehouse_B,2026-06-04,2026-06-22,21,3619.85,Delayed,Industrial
7443,497,Warehouse_B,2026-05-17,2026-06-01,22,9168.1,Cancelled,FMCG
7444,391,Warehouse_E,2026-05-17,2026-05-25,54,1064.97,In Transit,Automotive
7445,284,Warehouse_B,2026-05-30,2026-06-08,89,752.88,Delivered,FMCG
7446,346,Warehouse_D,2026-05-14,2026-05-23,30,9944.23,In Transit,Electronics
7447,213,Warehouse_B,2026-05-06,2026-05-26,30,3838.81,Cancelled,FMCG
7448,328,Warehouse_D,2026-05-17,2026-06-05,33,5721.07,Cancelled,Automotive
7449,365,Warehouse_D,2026-05-27,2026-06-16,38,9739.77,Delivered,Electronics
7450,464,Warehouse_B,2026-05-31,2026-06-15,44,7185.29,Cancelled,Industrial
7451,492,Warehouse_D,2026-06-02,2026-06-10,89,4087.62,Delivered,Electronics
7452,384,Warehouse_D,2026-05-09,2026-05-29,56,2311.78,Delivered,Industrial
7453,283,Warehouse_D,2026-05-29,2026-06-16,49,2569.81,Delivered,Industrial
7454,58,Warehouse_B,2026-05-12,2026-05-23,40,144.19,Delivered,Automotive
7455,382,Warehouse_D,2026-05-21,2026-06-01,6,5464.05,Delivered,Industrial
7456,54,Warehouse_C,2026-05-10,2026-05-13,93,6919.41,In Transit,Pharma
7457,245,Warehouse_E,2026-05-20,2026-05-26,87,1215.32,Delayed,Pharma
7458,311,Warehouse_C,2026-05-27,2026-06-12,37,6628.16,Cancelled,Pharma
7459,71,Warehouse_E,2026-05-26,2026-06-05,61,6462.8,Delayed,Pharma
7460,415,Warehouse_B,2026-05-31,2026-06-02,93,1434.53,In Transit,Pharma
7461,452,Warehouse_E,2026-05-07,2026-05-09,98,9172.29,Delayed,Industrial
7462,298,Warehouse_A,2026-05-20,2026-06-03,27,5445.34,Delayed,Industrial
7463,100,Warehouse_C,2026-05-27,2026-05-31,51,3157.23,In Transit,Automotive
7464,316,Warehouse_B,2026-05-18,2026-05-31,2,5592.55,Delivered,Pharma
7465,432,Warehouse_B,2026-05-16,2026-05-28,14,9946.49,Delayed,Industrial
7466,131,Warehouse_D,2026-05-17,2026-05-23,45,6006.23,In Transit,Automotive
7467,248,Warehouse_B,2026-05-11,2026-05-15,1,8608.61,Delivered,Electronics
7468,24,Warehouse_D,2026-05-06,2026-05-18,99,2528.06,Delayed,Electronics
7469,329,Warehouse_C,2026-05-28,2026-06-11,86,9109.76,Delivered,Pharma
7470,255,Warehouse_C,2026-05-21,2026-05-28,80,7054.54,Delivered,Automotive
7471,402,Warehouse_A,2026-05-25,2026-05-29,63,9616.7,In Transit,Industrial
7472,252,Warehouse_D,2026-05-25,2026-06-07,73,9433.36,Delivered,FMCG
7473,377,Warehouse_B,2026-05-21,2026-06-05,20,9081.09,Delayed,Industrial
7474,23,Warehouse_A,2026-05-10,2026-05-27,81,6059.72,In Transit,Electronics
7475,134,Warehouse_E,2026-05-08,2026-05-14,93,3199.9,Cancelled,Pharma
7476,76,Warehouse_E,2026-05-13,2026-05-19,13,2775.0,Delayed,Automotive
7477,496,Warehouse_C,2026-05-26,2026-06-07,9,3662.58,Delivered,Pharma
7478,225,Warehouse_D,2026-05-31,2026-06-06,1,5580.64,Delivered,Electronics
7479,159,Warehouse_D,2026-05-14,2026-05-15,85,9411.73,Cancelled,Electronics
7480,435,Warehouse_B,2026-05-13,2026-05-20,73,634.16,Delayed,FMCG
7481,27,Warehouse_E,2026-05-17,2026-05-27,85,9806.58,In Transit,Automotive
7482,168,Warehouse_B,2026-05-21,2026-05-22,26,1781.74,Delayed,Pharma
7483,487,Warehouse_A,2026-05-16,2026-05-21,18,3535.61,In Transit,Automotive
7484,489,Warehouse_B,2026-05-25,2026-06-01,52,4395.37,Delayed,FMCG
7485,439,Warehouse_E,2026-05-30,2026-06-13,39,1010.79,Delivered,Automotive
7486,359,Warehouse_E,2026-05-29,2026-06-13,83,1039.17,Delayed,Automotive
7487,235,Warehouse_C,2026-05-25,2026-06-09,91,7636.54,Delayed,FMCG
7488,195,Warehouse_E,2026-05-22,2026-06-03,16,2688.75,In Transit,Automotive
7489,438,Warehouse_B,2026-05-26,2026-06-13,25,5992.51,Cancelled,Industrial
7490,467,Warehouse_B,2026-05-31,2026-06-18,15,117.73,Delayed,Electronics
7491,472,Warehouse_C,2026-05-17,2026-06-01,43,2742.85,Delayed,FMCG
7492,171,Warehouse_C,2026-05-10,2026-05-16,22,2390.56,In Transit,Automotive
7493,366,Warehouse_D,2026-05-17,2026-05-29,6,4192.35,In Transit,Electronics
7494,291,Warehouse_B,2026-06-01,2026-06-09,25,8992.69,Cancelled,Electronics
7495,473,Warehouse_A,2026-05-16,2026-05-20,19,8401.78,Delivered,Pharma
7496,92,Warehouse_E,2026-05-31,2026-06-18,44,353.68,Delivered,FMCG
7497,489,Warehouse_A,2026-05-30,2026-05-31,53,6619.66,In Transit,Industrial
7498,469,Warehouse_E,2026-05-29,2026-06-15,86,9489.08,Delayed,FMCG
7499,485,Warehouse_D,2026-06-01,2026-06-21,79,495.81,Delayed,FMCG
7500,416,Warehouse_B,2026-05-07,2026-05-15,76,4104.81,Cancelled,Pharma
7501,9,Warehouse_D,2026-06-01,2026-06-21,29,7993.58,Cancelled,Automotive
7502,498,Warehouse_E,2026-05-14,2026-05-23,79,731.47,Delayed,FMCG
7503,380,Warehouse_E,2026-05-12,2026-05-27,62,2913.49,Cancelled,Industrial
7504,368,Warehouse_C,2026-05-31,2026-06-19,17,5309.09,Cancelled,Automotive
7505,472,Warehouse_E,2026-06-01,2026-06-03,45,3548.53,In Transit,Automotive
7506,357,Warehouse_D,2026-05-07,2026-05-08,91,2376.63,In Transit,Electronics
7507,430,Warehouse_A,2026-05-07,2026-05-11,11,2779.85,Delivered,Electronics
7508,292,Warehouse_A,2026-05-20,2026-06-06,82,6103.54,In Transit,Pharma
7509,482,Warehouse_E,2026-05-08,2026-05-21,8,2757.95,Delayed,Electronics
7510,303,Warehouse_E,2026-05-17,2026-05-30,23,9227.24,Delayed,Pharma
7511,238,Warehouse_C,2026-05-16,2026-05-19,27,7226.78,In Transit,Industrial
7512,73,Warehouse_E,2026-05-07,2026-05-11,10,5303.16,In Transit,Electronics
7513,483,Warehouse_A,2026-05-13,2026-05-25,50,3605.48,Cancelled,Automotive
7514,25,Warehouse_D,2026-05-26,2026-06-08,40,1498.19,Delayed,Industrial
7515,262,Warehouse_D,2026-05-24,2026-06-08,24,5291.33,In Transit,Industrial
7516,363,Warehouse_A,2026-05-25,2026-06-05,35,3322.3,Cancelled,Automotive
7517,27,Warehouse_E,2026-05-13,2026-06-01,99,7134.84,Delivered,Industrial
7518,113,Warehouse_A,2026-05-09,2026-05-21,31,5251.45,Delayed,Automotive
7519,240,Warehouse_C,2026-05-07,2026-05-14,52,9403.45,Delivered,Pharma
7520,50,Warehouse_E,2026-05-10,2026-05-14,9,6587.72,Cancelled,Electronics
7521,85,Warehouse_C,2026-05-29,2026-06-14,3,4555.18,In Transit,FMCG
7522,175,Warehouse_E,2026-05-11,2026-05-19,56,6092.96,In Transit,Industrial
7523,196,Warehouse_E,2026-05-17,2026-05-21,29,9711.18,Delayed,Electronics
7524,305,Warehouse_B,2026-05-25,2026-06-06,27,2091.8,Delivered,Industrial
7525,496,Warehouse_C,2026-05-24,2026-05-30,29,8145.88,In Transit,Electronics
7526,119,Warehouse_C,2026-05-13,2026-05-20,85,2492.95,In Transit,Pharma
7527,242,Warehouse_D,2026-05-25,2026-06-04,18,2926.54,In Transit,Industrial
7528,423,Warehouse_E,2026-05-12,2026-05-25,62,7874.84,In Transit,FMCG
7529,142,Warehouse_D,2026-05-18,2026-05-28,57,1715.63,Delivered,FMCG
7530,272,Warehouse_A,2026-05-15,2026-05-25,81,5997.74,Delayed,Automotive
7531,225,Warehouse_E,2026-05-10,2026-05-29,56,3045.62,Delayed,Automotive
7532,138,Warehouse_E,2026-05-26,2026-06-13,59,5619.2,Delayed,Automotive
7533,490,Warehouse_D,2026-05-06,2026-05-12,63,8212.07,In Transit,Industrial
7534,480,Warehouse_A,2026-05-10,2026-05-11,56,9358.62,Delayed,Pharma
7535,262,Warehouse_E,2026-05-22,2026-06-02,58,2305.85,Delayed,Pharma
7536,239,Warehouse_D,2026-05-15,2026-05-19,53,8154.66,Cancelled,FMCG
7537,313,Warehouse_D,2026-05-14,2026-05-31,30,9665.4,Delivered,FMCG
7538,231,Warehouse_E,2026-06-04,2026-06-11,27,2216.27,Cancelled,Automotive
7539,155,Warehouse_C,2026-05-29,2026-06-08,15,977.05,Delivered,FMCG
7540,358,Warehouse_D,2026-05-09,2026-05-21,45,3319.45,Delayed,Pharma
7541,88,Warehouse_D,2026-06-01,2026-06-06,75,3786.09,In Transit,Industrial
7542,213,Warehouse_C,2026-05-20,2026-05-21,75,7687.01,Delivered,Pharma
7543,392,Warehouse_C,2026-05-26,2026-05-31,27,8358.72,Delayed,Pharma
7544,85,Warehouse_B,2026-05-22,2026-06-10,51,1289.64,In Transit,FMCG
7545,116,Warehouse_E,2026-05-15,2026-05-23,36,1379.01,Delayed,Pharma
7546,353,Warehouse_A,2026-05-11,2026-05-19,16,7929.89,In Transit,FMCG
7547,462,Warehouse_D,2026-05-18,2026-05-19,16,9067.81,Delayed,Pharma
7548,200,Warehouse_B,2026-05-15,2026-06-03,68,820.79,Delayed,Automotive
7549,272,Warehouse_C,2026-05-10,2026-05-18,99,3458.26,In Transit,Industrial
7550,55,Warehouse_E,2026-05-06,2026-05-15,66,8691.39,Delivered,Electronics
7551,267,Warehouse_B,2026-05-15,2026-05-30,16,9639.43,Delivered,Electronics
7552,498,Warehouse_D,2026-05-14,2026-05-17,40,8135.43,In Transit,Automotive
7553,323,Warehouse_E,2026-06-01,2026-06-05,48,1514.5,In Transit,Industrial
7554,128,Warehouse_E,2026-05-27,2026-06-12,78,2083.59,Delivered,Automotive
7555,126,Warehouse_D,2026-05-07,2026-05-11,56,5484.31,In Transit,Pharma
7556,302,Warehouse_E,2026-06-03,2026-06-19,32,907.81,In Transit,Industrial
7557,444,Warehouse_C,2026-05-19,2026-06-06,66,5098.54,Delayed,FMCG
7558,107,Warehouse_A,2026-05-21,2026-06-07,57,3523.56,Cancelled,Industrial
7559,183,Warehouse_A,2026-05-09,2026-05-18,15,4511.37,Delayed,Industrial
7560,255,Warehouse_B,2026-05-27,2026-06-03,55,2579.42,Delivered,Electronics
7561,333,Warehouse_E,2026-05-13,2026-05-29,13,2711.23,In Transit,Electronics
7562,258,Warehouse_E,2026-05-28,2026-06-13,36,4675.09,In Transit,Automotive
7563,35,Warehouse_E,2026-05-14,2026-05-25,21,3831.32,Cancelled,Industrial
7564,55,Warehouse_D,2026-05-11,2026-05-31,35,8333.11,Cancelled,FMCG
7565,433,Warehouse_D,2026-05-11,2026-05-18,36,9609.93,Cancelled,Industrial
7566,488,Warehouse_C,2026-05-27,2026-06-16,10,2174.44,Cancelled,Industrial
7567,151,Warehouse_B,2026-05-22,2026-06-01,82,5001.74,In Transit,FMCG
7568,227,Warehouse_B,2026-05-06,2026-05-07,32,7570.76,Cancelled,Electronics
7569,349,Warehouse_C,2026-05-14,2026-05-27,80,7967.27,Delayed,Industrial
7570,331,Warehouse_A,2026-05-15,2026-05-18,21,930.35,In Transit,FMCG
7571,148,Warehouse_D,2026-05-24,2026-05-25,8,8403.63,In Transit,Automotive
7572,418,Warehouse_C,2026-05-27,2026-06-13,13,7597.0,In Transit,Industrial
7573,164,Warehouse_D,2026-05-20,2026-05-27,100,8957.42,Delivered,Automotive
7574,271,Warehouse_E,2026-05-31,2026-06-11,80,5797.27,Cancelled,Pharma
7575,312,Warehouse_E,2026-05-26,2026-05-29,87,7018.36,Delayed,Automotive
7576,326,Warehouse_B,2026-05-16,2026-06-04,90,4577.62,Delayed,Pharma
7577,198,Warehouse_C,2026-06-01,2026-06-03,8,2993.87,Cancelled,Automotive
7578,208,Warehouse_D,2026-05-27,2026-06-05,30,6806.31,Delayed,Automotive
7579,308,Warehouse_B,2026-05-13,2026-05-17,97,5208.46,In Transit,Electronics
7580,483,Warehouse_B,2026-05-08,2026-05-21,52,1926.57,In Transit,Pharma
7581,298,Warehouse_C,2026-05-22,2026-06-06,62,1597.06,Delivered,Electronics
7582,21,Warehouse_D,2026-05-06,2026-05-14,35,7659.23,In Transit,Industrial
7583,463,Warehouse_D,2026-05-12,2026-05-30,7,9952.62,Delivered,Pharma
7584,430,Warehouse_E,2026-06-02,2026-06-07,10,452.04,Delivered,Automotive
7585,235,Warehouse_B,2026-05-17,2026-06-02,94,837.69,Delayed,Automotive
7586,175,Warehouse_B,2026-05-26,2026-06-05,72,1602.95,Delivered,Industrial
7587,479,Warehouse_E,2026-05-20,2026-05-31,36,9429.86,In Transit,FMCG
7588,450,Warehouse_A,2026-05-31,2026-06-04,10,8244.3,Delayed,Pharma
7589,156,Warehouse_A,2026-05-30,2026-06-12,45,8410.39,Delayed,Electronics
7590,417,Warehouse_D,2026-05-19,2026-06-02,2,3204.1,Cancelled,Industrial
7591,299,Warehouse_C,2026-06-02,2026-06-18,98,9054.69,Delayed,Electronics
7592,229,Warehouse_C,2026-05-27,2026-06-07,36,8848.88,Cancelled,Industrial
7593,467,Warehouse_A,2026-05-08,2026-05-26,72,5799.97,In Transit,Automotive
7594,203,Warehouse_C,2026-05-29,2026-06-11,29,8385.96,Delayed,Automotive
7595,380,Warehouse_D,2026-05-28,2026-06-06,25,9522.98,Delayed,Pharma
7596,267,Warehouse_C,2026-05-28,2026-06-04,59,6247.97,In Transit,Industrial
7597,290,Warehouse_D,2026-05-11,2026-05-15,52,6957.41,Delayed,Electronics
7598,14,Warehouse_E,2026-05-18,2026-05-26,11,8433.02,Delivered,FMCG
7599,14,Warehouse_A,2026-05-09,2026-05-13,54,1584.9,In Transit,Electronics
7600,177,Warehouse_E,2026-05-07,2026-05-26,10,3456.74,Delayed,Automotive
7601,401,Warehouse_B,2026-05-22,2026-05-25,34,4476.01,In Transit,Automotive
7602,84,Warehouse_C,2026-05-29,2026-06-05,54,6883.28,Delayed,Industrial
7603,456,Warehouse_D,2026-05-26,2026-06-07,75,2538.65,Delivered,Industrial
7604,345,Warehouse_A,2026-05-07,2026-05-16,56,4469.43,Delivered,Pharma
7605,89,Warehouse_C,2026-06-02,2026-06-10,54,5576.49,Cancelled,Electronics
7606,487,Warehouse_C,2026-05-29,2026-06-14,46,4749.64,Delayed,Electronics
7607,423,Warehouse_C,2026-05-26,2026-05-28,44,7478.8,In Transit,Electronics
7608,402,Warehouse_E,2026-05-15,2026-05-18,38,5592.58,In Transit,Electronics
7609,375,Warehouse_B,2026-05-29,2026-06-11,100,3108.88,Delayed,FMCG
7610,460,Warehouse_B,2026-05-09,2026-05-17,23,5223.32,In Transit,Industrial
7611,362,Warehouse_E,2026-05-17,2026-06-05,5,7531.35,Delivered,Industrial
7612,372,Warehouse_B,2026-05-13,2026-05-30,72,6704.53,Cancelled,Automotive
7613,182,Warehouse_E,2026-05-14,2026-05-26,57,4653.24,Delivered,Electronics
7614,288,Warehouse_D,2026-05-25,2026-05-31,88,2740.94,Delayed,Electronics
7615,39,Warehouse_B,2026-05-22,2026-05-24,1,2508.9,Delayed,Pharma
7616,283,Warehouse_A,2026-05-25,2026-06-05,98,2286.19,Delayed,Automotive
7617,247,Warehouse_A,2026-05-19,2026-06-04,64,5193.52,Delayed,Pharma
7618,138,Warehouse_A,2026-06-03,2026-06-18,33,885.08,In Transit,FMCG
7619,452,Warehouse_D,2026-05-15,2026-05-18,97,5296.49,Delayed,Electronics
7620,80,Warehouse_A,2026-05-20,2026-06-08,70,600.76,In Transit,Electronics
7621,153,Warehouse_D,2026-05-21,2026-06-03,4,1281.27,In Transit,Pharma
7622,127,Warehouse_C,2026-05-30,2026-06-09,50,9464.42,Delivered,Pharma
7623,178,Warehouse_E,2026-06-03,2026-06-09,60,6480.59,Delivered,Pharma
7624,139,Warehouse_C,2026-05-09,2026-05-18,59,4735.65,In Transit,Industrial
7625,233,Warehouse_B,2026-05-14,2026-05-20,71,8715.86,In Transit,FMCG
7626,20,Warehouse_B,2026-05-19,2026-06-08,24,8320.42,Delayed,Electronics
7627,148,Warehouse_C,2026-05-25,2026-06-07,77,4220.63,In Transit,Industrial
7628,58,Warehouse_A,2026-05-17,2026-06-02,79,2793.24,Cancelled,FMCG
7629,476,Warehouse_B,2026-05-24,2026-05-27,37,4448.29,Cancelled,Automotive
7630,16,Warehouse_E,2026-05-18,2026-05-19,82,4703.83,Delivered,Pharma
7631,254,Warehouse_D,2026-06-02,2026-06-17,9,8290.43,In Transit,FMCG
7632,481,Warehouse_C,2026-05-13,2026-05-15,19,9814.54,Delivered,Electronics
7633,447,Warehouse_C,2026-05-07,2026-05-24,70,2034.89,Delivered,FMCG
7634,41,Warehouse_B,2026-05-28,2026-05-30,65,4121.83,In Transit,Electronics
7635,47,Warehouse_C,2026-06-02,2026-06-20,84,6027.31,Cancelled,Electronics
7636,227,Warehouse_B,2026-05-12,2026-05-23,66,857.34,Cancelled,Industrial
7637,67,Warehouse_A,2026-05-09,2026-05-20,54,2745.03,Cancelled,FMCG
7638,395,Warehouse_B,2026-06-01,2026-06-13,75,2929.09,Delivered,FMCG
7639,96,Warehouse_E,2026-05-18,2026-06-01,93,7132.89,Delayed,Pharma
7640,462,Warehouse_B,2026-05-28,2026-06-04,19,8491.3,In Transit,FMCG
7641,193,Warehouse_C,2026-06-04,2026-06-06,16,6311.72,Cancelled,Pharma
7642,341,Warehouse_D,2026-06-02,2026-06-21,16,8909.41,Cancelled,FMCG
7643,234,Warehouse_C,2026-05-19,2026-06-06,45,2637.33,Delayed,Pharma
7644,390,Warehouse_E,2026-05-15,2026-05-28,16,2014.32,Delivered,Automotive
7645,488,Warehouse_C,2026-05-21,2026-06-05,5,6789.69,Cancelled,Pharma
7646,122,Warehouse_D,2026-05-31,2026-06-09,83,6400.87,Cancelled,FMCG
7647,442,Warehouse_C,2026-05-27,2026-06-06,34,7523.73,Delayed,Electronics
7648,171,Warehouse_D,2026-05-07,2026-05-22,8,7557.03,Cancelled,FMCG
7649,350,Warehouse_A,2026-05-27,2026-06-16,45,102.31,Delayed,Automotive
7650,70,Warehouse_D,2026-05-06,2026-05-26,28,9566.2,Cancelled,Pharma
7651,165,Warehouse_B,2026-05-28,2026-05-29,40,9032.52,Delayed,Industrial
7652,338,Warehouse_D,2026-05-08,2026-05-09,15,3954.39,In Transit,Industrial
7653,221,Warehouse_B,2026-05-21,2026-05-24,98,8769.04,In Transit,Industrial
7654,445,Warehouse_E,2026-05-07,2026-05-19,85,2939.3,Cancelled,Industrial
7655,426,Warehouse_D,2026-05-07,2026-05-24,13,6993.79,Cancelled,Electronics
7656,144,Warehouse_E,2026-05-28,2026-06-13,15,9732.01,Cancelled,Automotive
7657,251,Warehouse_A,2026-05-18,2026-06-04,99,1371.28,In Transit,Automotive
7658,6,Warehouse_C,2026-05-21,2026-05-27,58,7875.23,In Transit,Pharma
7659,481,Warehouse_C,2026-06-03,2026-06-07,97,5324.83,In Transit,FMCG
7660,218,Warehouse_E,2026-05-24,2026-05-27,76,5506.42,In Transit,Electronics
7661,16,Warehouse_A,2026-05-08,2026-05-19,53,5053.45,Delayed,Industrial
7662,84,Warehouse_B,2026-05-06,2026-05-25,60,4231.37,Cancelled,Automotive
7663,106,Warehouse_A,2026-06-04,2026-06-08,45,3120.31,Cancelled,Electronics
7664,434,Warehouse_A,2026-05-25,2026-05-27,70,5255.55,Cancelled,Pharma
7665,236,Warehouse_B,2026-05-15,2026-05-27,15,2511.38,Cancelled,Industrial
7666,225,Warehouse_A,2026-05-07,2026-05-08,83,7682.97,Delivered,Automotive
7667,78,Warehouse_A,2026-05-21,2026-06-03,19,9807.94,Delayed,Electronics
7668,362,Warehouse_B,2026-05-27,2026-06-08,89,6527.85,Cancelled,Automotive
7669,188,Warehouse_D,2026-05-15,2026-05-29,3,5246.03,Delayed,Industrial
7670,31,Warehouse_D,2026-05-24,2026-05-26,95,4092.75,Delivered,Electronics
7671,96,Warehouse_D,2026-05-25,2026-06-08,92,9067.13,In Transit,FMCG
7672,454,Warehouse_C,2026-05-13,2026-05-29,77,6340.21,Delivered,FMCG
7673,456,Warehouse_A,2026-05-14,2026-05-25,96,604.67,In Transit,Industrial
7674,480,Warehouse_A,2026-05-24,2026-06-04,12,8731.79,Delivered,FMCG
7675,15,Warehouse_C,2026-05-20,2026-05-24,76,2163.33,In Transit,Pharma
7676,82,Warehouse_C,2026-05-17,2026-05-26,40,3760.92,Delayed,FMCG
7677,436,Warehouse_A,2026-05-07,2026-05-27,84,4934.69,Cancelled,Electronics
7678,278,Warehouse_B,2026-05-08,2026-05-19,30,4254.18,Cancelled,Automotive
7679,272,Warehouse_C,2026-05-11,2026-05-23,43,2912.82,In Transit,Industrial
7680,385,Warehouse_C,2026-05-26,2026-06-06,17,1008.05,Delivered,Pharma
7681,9,Warehouse_A,2026-05-23,2026-06-12,31,7615.15,In Transit,FMCG
7682,38,Warehouse_C,2026-06-01,2026-06-20,99,4069.22,Delivered,Pharma
7683,85,Warehouse_D,2026-06-02,2026-06-04,44,1437.02,Delayed,Industrial
7684,175,Warehouse_D,2026-05-30,2026-06-15,39,402.3,Cancelled,Automotive
7685,26,Warehouse_A,2026-05-11,2026-05-13,79,5676.26,Delayed,Automotive
7686,187,Warehouse_A,2026-05-21,2026-05-23,35,9734.0,In Transit,Pharma
7687,105,Warehouse_E,2026-05-18,2026-06-02,95,5381.06,Delayed,Electronics
7688,423,Warehouse_A,2026-05-18,2026-05-24,51,9834.53,In Transit,FMCG
7689,65,Warehouse_C,2026-05-28,2026-06-02,25,2872.24,Delivered,Automotive
7690,468,Warehouse_C,2026-05-14,2026-06-01,32,2481.71,Delayed,Pharma
7691,381,Warehouse_E,2026-05-29,2026-06-02,8,2721.08,Delivered,Automotive
7692,389,Warehouse_D,2026-05-08,2026-05-13,82,168.98,Delivered,Automotive
7693,222,Warehouse_E,2026-05-31,2026-06-01,65,2378.71,Delayed,FMCG
7694,454,Warehouse_E,2026-05-17,2026-06-03,89,6881.99,In Transit,FMCG
7695,301,Warehouse_A,2026-05-10,2026-05-28,14,5665.86,In Transit,FMCG
7696,78,Warehouse_E,2026-05-27,2026-05-28,34,1117.04,In Transit,Industrial
7697,466,Warehouse_D,2026-06-02,2026-06-11,26,629.48,In Transit,Industrial
7698,12,Warehouse_B,2026-05-07,2026-05-15,17,3943.79,Delayed,Industrial
7699,35,Warehouse_C,2026-06-02,2026-06-18,80,3514.04,Cancelled,Pharma
7700,460,Warehouse_E,2026-05-10,2026-05-23,59,7854.62,Cancelled,FMCG
7701,229,Warehouse_E,2026-05-24,2026-06-06,42,2371.84,In Transit,FMCG
7702,160,Warehouse_C,2026-05-29,2026-06-09,76,3434.25,Delivered,Electronics
7703,331,Warehouse_A,2026-06-04,2026-06-16,65,9779.78,Delivered,Industrial
7704,316,Warehouse_C,2026-05-15,2026-06-03,9,8066.96,Cancelled,FMCG
7705,143,Warehouse_B,2026-05-06,2026-05-17,68,7128.59,Cancelled,Automotive
7706,224,Warehouse_B,2026-06-04,2026-06-21,15,3744.15,Cancelled,Automotive
7707,259,Warehouse_D,2026-05-30,2026-06-06,18,6659.6,Delayed,Pharma
7708,246,Warehouse_C,2026-05-19,2026-06-05,33,4435.8,Delayed,Pharma
7709,294,Warehouse_C,2026-05-21,2026-05-30,61,3174.54,In Transit,Automotive
7710,173,Warehouse_E,2026-05-20,2026-05-26,51,1166.73,Delayed,Pharma
7711,93,Warehouse_D,2026-05-06,2026-05-20,54,4778.95,In Transit,FMCG
7712,9,Warehouse_A,2026-05-14,2026-05-24,19,8802.77,Cancelled,FMCG
7713,319,Warehouse_D,2026-05-09,2026-05-26,75,5798.13,Delayed,Pharma
7714,139,Warehouse_B,2026-05-26,2026-06-07,54,9205.66,Delayed,Automotive
7715,466,Warehouse_B,2026-05-23,2026-06-06,43,6801.63,Delayed,FMCG
7716,149,Warehouse_D,2026-05-13,2026-05-14,6,7195.55,Delivered,Industrial
7717,406,Warehouse_C,2026-05-11,2026-05-18,56,1163.7,Cancelled,FMCG
7718,343,Warehouse_C,2026-05-15,2026-06-01,49,7579.17,Delivered,Industrial
7719,308,Warehouse_E,2026-05-16,2026-06-04,14,3340.76,Delivered,Electronics
7720,125,Warehouse_D,2026-05-17,2026-05-28,25,8813.58,Delivered,Pharma
7721,293,Warehouse_C,2026-05-12,2026-05-15,93,5027.9,Delivered,Automotive
7722,316,Warehouse_A,2026-05-11,2026-05-21,25,2918.14,Delayed,Industrial
7723,59,Warehouse_B,2026-05-15,2026-05-27,92,3942.26,In Transit,Pharma
7724,260,Warehouse_E,2026-05-11,2026-05-16,1,9635.39,Cancelled,FMCG
7725,312,Warehouse_E,2026-05-07,2026-05-09,57,856.0,Cancelled,Automotive
7726,348,Warehouse_B,2026-06-04,2026-06-05,45,4288.15,Delayed,Automotive
7727,255,Warehouse_C,2026-05-27,2026-05-31,79,1772.41,Cancelled,Automotive
7728,222,Warehouse_A,2026-05-10,2026-05-29,64,6149.22,In Transit,Automotive
7729,376,Warehouse_D,2026-05-11,2026-05-28,99,1197.51,Delivered,Automotive
7730,489,Warehouse_D,2026-06-02,2026-06-21,75,7603.13,Cancelled,Pharma
7731,20,Warehouse_E,2026-05-23,2026-05-31,46,8401.8,Delivered,Electronics
7732,314,Warehouse_E,2026-05-11,2026-05-31,72,2143.6,Cancelled,Pharma
7733,279,Warehouse_A,2026-05-22,2026-06-01,11,9873.76,Cancelled,Pharma
7734,213,Warehouse_C,2026-05-31,2026-06-03,6,8503.96,Delayed,Automotive
7735,170,Warehouse_D,2026-06-02,2026-06-17,28,8246.19,In Transit,Pharma
7736,493,Warehouse_C,2026-05-14,2026-05-24,15,970.33,Delayed,Electronics
7737,49,Warehouse_A,2026-05-26,2026-05-31,21,4387.9,In Transit,Automotive
7738,117,Warehouse_C,2026-06-04,2026-06-05,10,8178.68,Delivered,Electronics
7739,154,Warehouse_C,2026-05-13,2026-05-18,95,4760.96,In Transit,Industrial
7740,310,Warehouse_B,2026-06-02,2026-06-04,95,3246.16,Cancelled,Electronics
7741,343,Warehouse_A,2026-05-10,2026-05-18,25,1630.25,In Transit,Automotive
7742,191,Warehouse_C,2026-06-01,2026-06-10,28,197.46,Delayed,Industrial
7743,204,Warehouse_B,2026-05-08,2026-05-19,36,4999.43,Delayed,Electronics
7744,58,Warehouse_A,2026-05-20,2026-05-29,2,2834.53,In Transit,Industrial
7745,304,Warehouse_D,2026-05-24,2026-06-10,65,4576.96,Delayed,Pharma
7746,306,Warehouse_A,2026-05-20,2026-05-24,76,5446.63,In Transit,FMCG
7747,212,Warehouse_C,2026-05-15,2026-06-04,45,6875.71,In Transit,Industrial
7748,366,Warehouse_C,2026-05-18,2026-06-01,42,1616.95,Delayed,Electronics
7749,41,Warehouse_C,2026-05-06,2026-05-15,24,2720.4,Delivered,FMCG
7750,184,Warehouse_E,2026-06-02,2026-06-11,25,7960.78,Delayed,Electronics
7751,245,Warehouse_E,2026-05-06,2026-05-16,85,7142.49,In Transit,Automotive
7752,290,Warehouse_D,2026-05-09,2026-05-13,47,8996.77,Delayed,Pharma
7753,471,Warehouse_D,2026-05-18,2026-05-23,29,4249.71,Cancelled,Industrial
7754,116,Warehouse_D,2026-05-06,2026-05-11,57,2800.78,Delivered,Pharma
7755,496,Warehouse_A,2026-05-25,2026-05-29,12,9333.88,Cancelled,Pharma
7756,486,Warehouse_E,2026-06-01,2026-06-14,70,2075.34,Cancelled,FMCG
7757,44,Warehouse_D,2026-05-16,2026-06-02,25,6752.91,In Transit,Pharma
7758,154,Warehouse_C,2026-05-23,2026-06-03,99,7683.29,In Transit,Electronics
7759,83,Warehouse_D,2026-05-12,2026-05-18,13,8897.6,Cancelled,Electronics
7760,361,Warehouse_A,2026-05-28,2026-05-30,90,5018.0,In Transit,Electronics
7761,105,Warehouse_C,2026-05-11,2026-05-15,98,2892.33,Delivered,Industrial
7762,360,Warehouse_C,2026-05-10,2026-05-28,78,6816.5,Delivered,FMCG
7763,419,Warehouse_C,2026-05-19,2026-06-04,6,1261.02,In Transit,Industrial
7764,350,Warehouse_A,2026-05-25,2026-06-05,27,1673.17,Delayed,FMCG
7765,189,Warehouse_C,2026-05-15,2026-05-30,23,5915.71,Delayed,Industrial
7766,184,Warehouse_B,2026-05-08,2026-05-11,79,3232.88,In Transit,Electronics
7767,215,Warehouse_D,2026-05-10,2026-05-20,27,3210.05,Delivered,Automotive
7768,87,Warehouse_A,2026-05-16,2026-05-24,18,2129.55,Cancelled,FMCG
7769,156,Warehouse_A,2026-06-04,2026-06-12,6,3006.27,Delayed,Electronics
7770,235,Warehouse_D,2026-05-08,2026-05-28,35,3671.03,In Transit,Automotive
7771,426,Warehouse_B,2026-05-16,2026-05-27,77,4065.44,In Transit,FMCG
7772,68,Warehouse_B,2026-05-24,2026-05-25,3,6303.08,In Transit,Pharma
7773,72,Warehouse_C,2026-05-13,2026-05-15,92,3333.22,Delayed,Automotive
7774,64,Warehouse_B,2026-05-20,2026-06-09,56,6400.07,In Transit,Electronics
7775,131,Warehouse_E,2026-05-10,2026-05-26,99,8421.74,Cancelled,Industrial
7776,448,Warehouse_E,2026-05-15,2026-05-31,86,9734.48,Delivered,Automotive
7777,90,Warehouse_C,2026-05-15,2026-06-01,26,2347.57,Delayed,FMCG
7778,293,Warehouse_C,2026-05-30,2026-06-01,77,7126.81,Delivered,FMCG
7779,215,Warehouse_C,2026-05-11,2026-05-29,84,9082.26,In Transit,FMCG
7780,109,Warehouse_A,2026-05-25,2026-06-03,46,1257.69,Delivered,Automotive
7781,125,Warehouse_E,2026-05-18,2026-06-04,2,9209.49,In Transit,Electronics
7782,483,Warehouse_B,2026-06-01,2026-06-06,83,105.26,Cancelled,Pharma
7783,454,Warehouse_E,2026-05-30,2026-06-19,27,311.88,In Transit,Electronics
7784,88,Warehouse_B,2026-05-30,2026-05-31,65,6665.68,In Transit,FMCG
7785,333,Warehouse_B,2026-05-18,2026-05-31,9,9449.37,Delayed,Electronics
7786,164,Warehouse_D,2026-06-03,2026-06-11,100,975.94,Delivered,Industrial
7787,76,Warehouse_B,2026-05-11,2026-05-20,27,4111.25,Delivered,Pharma
7788,338,Warehouse_A,2026-05-24,2026-06-04,93,7068.06,In Transit,FMCG
7789,470,Warehouse_B,2026-05-23,2026-06-08,54,538.47,Delivered,Industrial
7790,455,Warehouse_A,2026-05-11,2026-05-16,40,5761.79,In Transit,FMCG
7791,370,Warehouse_E,2026-05-21,2026-06-04,51,3340.75,Delivered,FMCG
7792,134,Warehouse_E,2026-05-22,2026-06-06,75,649.72,Delayed,Industrial
7793,82,Warehouse_B,2026-05-12,2026-05-15,11,8105.09,Delivered,FMCG
7794,342,Warehouse_B,2026-05-06,2026-05-22,14,6115.45,Delivered,Automotive
7795,150,Warehouse_E,2026-06-03,2026-06-07,64,184.56,Delayed,Industrial
7796,476,Warehouse_A,2026-05-26,2026-06-07,17,9365.0,Delivered,FMCG
7797,79,Warehouse_B,2026-05-17,2026-06-01,62,7644.03,Delayed,Automotive
7798,472,Warehouse_B,2026-05-06,2026-05-16,62,6916.36,Delayed,Industrial
7799,407,Warehouse_D,2026-05-07,2026-05-18,89,6205.15,In Transit,Pharma
7800,273,Warehouse_B,2026-05-23,2026-06-12,100,6222.4,Delivered,Automotive
7801,17,Warehouse_A,2026-05-08,2026-05-17,5,4033.21,In Transit,FMCG
7802,417,Warehouse_D,2026-06-02,2026-06-18,29,4444.67,In Transit,Automotive
7803,252,Warehouse_C,2026-05-30,2026-06-09,57,6032.88,Cancelled,Industrial
7804,84,Warehouse_B,2026-05-13,2026-05-31,60,8746.68,Cancelled,FMCG
7805,91,Warehouse_B,2026-05-18,2026-05-31,40,3843.15,Delivered,Automotive
7806,186,Warehouse_E,2026-05-06,2026-05-09,19,8464.98,Delivered,Automotive
7807,315,Warehouse_B,2026-05-17,2026-06-04,23,8576.59,In Transit,Automotive
7808,222,Warehouse_A,2026-05-27,2026-05-30,29,1715.79,Cancelled,Industrial
7809,123,Warehouse_D,2026-06-04,2026-06-22,82,7766.84,Cancelled,FMCG
7810,302,Warehouse_D,2026-05-24,2026-05-27,43,9098.03,Cancelled,Industrial
7811,359,Warehouse_D,2026-05-19,2026-05-22,88,1820.09,Delivered,Electronics
7812,402,Warehouse_D,2026-05-13,2026-05-31,40,1978.71,Delivered,Electronics
7813,399,Warehouse_C,2026-05-30,2026-06-12,30,8576.58,In Transit,Pharma
7814,19,Warehouse_A,2026-05-16,2026-06-01,93,6746.82,Delayed,Electronics
7815,450,Warehouse_A,2026-05-25,2026-06-03,58,1804.35,Delivered,Pharma
7816,54,Warehouse_E,2026-05-18,2026-06-04,64,6235.07,In Transit,Automotive
7817,373,Warehouse_B,2026-05-16,2026-05-23,57,9017.73,Delayed,Industrial
7818,64,Warehouse_C,2026-06-02,2026-06-13,30,350.9,Delayed,Industrial
7819,216,Warehouse_B,2026-05-27,2026-05-30,96,3113.64,Delivered,Electronics
7820,317,Warehouse_C,2026-05-06,2026-05-13,75,6599.0,Delayed,Pharma
7821,185,Warehouse_C,2026-05-14,2026-06-01,42,8162.16,Delivered,FMCG
7822,237,Warehouse_E,2026-05-25,2026-06-13,58,2556.96,Delayed,Industrial
7823,183,Warehouse_D,2026-05-29,2026-06-09,70,7892.5,Delayed,Industrial
7824,317,Warehouse_B,2026-06-02,2026-06-10,32,6624.06,In Transit,FMCG
7825,341,Warehouse_D,2026-05-14,2026-05-18,10,5495.43,Delivered,Automotive
7826,460,Warehouse_B,2026-06-03,2026-06-22,57,2468.55,Delayed,Automotive
7827,384,Warehouse_A,2026-05-16,2026-05-27,99,9479.97,Delayed,Electronics
7828,46,Warehouse_E,2026-05-13,2026-05-21,49,2149.37,Cancelled,Automotive
7829,466,Warehouse_A,2026-05-27,2026-06-16,5,4812.52,Delivered,Electronics
7830,205,Warehouse_E,2026-05-25,2026-06-07,3,2735.75,In Transit,Industrial
7831,291,Warehouse_C,2026-05-11,2026-05-16,78,7276.57,Delivered,FMCG
7832,130,Warehouse_A,2026-05-12,2026-05-17,3,509.57,In Transit,Pharma
7833,168,Warehouse_A,2026-05-11,2026-05-26,69,7705.96,Cancelled,Automotive
7834,256,Warehouse_D,2026-05-15,2026-05-31,72,6638.73,In Transit,FMCG
7835,13,Warehouse_D,2026-05-17,2026-05-26,83,6150.48,Cancelled,Automotive
7836,305,Warehouse_E,2026-06-04,2026-06-15,75,1734.76,Delayed,Electronics
7837,166,Warehouse_B,2026-05-26,2026-05-29,74,9385.0,In Transit,Industrial
7838,32,Warehouse_C,2026-05-31,2026-06-18,43,1699.47,Delayed,Electronics
7839,111,Warehouse_A,2026-05-21,2026-06-02,1,7782.81,In Transit,Pharma
7840,449,Warehouse_A,2026-06-02,2026-06-20,12,9656.21,Delivered,Automotive
7841,323,Warehouse_C,2026-05-17,2026-05-29,9,1775.56,In Transit,FMCG
7842,257,Warehouse_E,2026-05-15,2026-05-29,51,6471.94,Delayed,Pharma
7843,490,Warehouse_B,2026-05-10,2026-05-18,83,6116.3,Delayed,Industrial
7844,466,Warehouse_D,2026-05-22,2026-05-30,87,826.71,Delayed,Pharma
7845,326,Warehouse_D,2026-05-18,2026-06-06,44,5593.77,In Transit,Industrial
7846,284,Warehouse_B,2026-05-25,2026-06-14,85,8343.99,In Transit,Pharma
7847,122,Warehouse_A,2026-05-14,2026-05-23,66,287.44,Cancelled,Industrial
7848,463,Warehouse_B,2026-05-28,2026-06-14,12,9997.17,Delayed,Pharma
7849,204,Warehouse_D,2026-05-28,2026-06-07,37,3220.82,Delayed,FMCG
7850,278,Warehouse_E,2026-05-11,2026-05-30,25,1724.26,In Transit,Electronics
7851,57,Warehouse_C,2026-05-09,2026-05-11,84,7471.04,Delayed,Automotive
7852,281,Warehouse_E,2026-05-29,2026-06-01,21,7718.29,Cancelled,Pharma
7853,96,Warehouse_E,2026-05-24,2026-06-02,9,3615.94,Delivered,Pharma
7854,3,Warehouse_D,2026-05-07,2026-05-08,98,4970.6,Cancelled,Electronics
7855,300,Warehouse_B,2026-05-31,2026-06-19,48,6128.61,Cancelled,Electronics
7856,309,Warehouse_B,2026-06-02,2026-06-16,96,731.01,Delivered,Industrial
7857,407,Warehouse_C,2026-05-28,2026-06-11,60,5785.24,Cancelled,Electronics
7858,136,Warehouse_B,2026-05-06,2026-05-13,70,1558.66,Delayed,Pharma
7859,69,Warehouse_D,2026-05-06,2026-05-08,42,2215.81,Cancelled,Automotive
7860,76,Warehouse_A,2026-05-31,2026-06-02,95,3891.41,Delivered,Pharma
7861,385,Warehouse_D,2026-05-14,2026-05-20,87,1406.85,Delayed,Pharma
7862,339,Warehouse_D,2026-05-24,2026-06-02,71,1925.22,Delayed,FMCG
7863,278,Warehouse_C,2026-05-10,2026-05-30,7,8734.32,Cancelled,FMCG
7864,428,Warehouse_B,2026-05-28,2026-06-16,59,6344.42,Cancelled,Pharma
7865,325,Warehouse_A,2026-06-03,2026-06-11,35,531.24,Cancelled,Electronics
7866,68,Warehouse_C,2026-05-30,2026-06-01,9,4884.17,Delivered,Industrial
7867,36,Warehouse_C,2026-05-18,2026-06-06,5,9800.93,In Transit,Pharma
7868,19,Warehouse_C,2026-05-20,2026-06-08,8,1893.05,In Transit,Pharma
7869,369,Warehouse_A,2026-06-01,2026-06-14,12,5324.97,Delivered,Electronics
7870,111,Warehouse_B,2026-05-30,2026-06-08,10,1829.01,Delayed,Automotive
7871,75,Warehouse_E,2026-05-26,2026-05-29,51,2337.21,In Transit,FMCG
7872,363,Warehouse_E,2026-06-03,2026-06-08,52,1912.65,Delayed,Industrial
7873,216,Warehouse_D,2026-05-26,2026-05-27,54,2381.31,Delayed,Industrial
7874,309,Warehouse_C,2026-05-24,2026-05-25,77,838.96,Delayed,Industrial
7875,436,Warehouse_D,2026-05-13,2026-05-26,99,7555.32,In Transit,Industrial
7876,351,Warehouse_B,2026-05-09,2026-05-12,17,6277.08,Delivered,Industrial
7877,407,Warehouse_D,2026-05-18,2026-05-29,43,6136.3,Delivered,Electronics
7878,9,Warehouse_E,2026-05-29,2026-06-01,43,5733.86,Cancelled,Automotive
7879,212,Warehouse_C,2026-06-03,2026-06-23,32,6777.29,In Transit,Automotive
7880,327,Warehouse_B,2026-05-11,2026-05-14,81,8830.74,In Transit,Pharma
7881,297,Warehouse_B,2026-05-14,2026-05-24,61,4086.83,Delivered,Pharma
7882,290,Warehouse_C,2026-05-21,2026-06-03,34,2316.46,In Transit,Pharma
7883,321,Warehouse_A,2026-05-29,2026-06-15,15,5458.5,Cancelled,FMCG
7884,142,Warehouse_C,2026-06-01,2026-06-15,61,8924.87,In Transit,Pharma
7885,163,Warehouse_D,2026-05-22,2026-06-10,36,9145.04,In Transit,Pharma
7886,425,Warehouse_C,2026-05-09,2026-05-18,90,3598.92,In Transit,FMCG
7887,377,Warehouse_E,2026-05-09,2026-05-27,98,7022.97,Delivered,Pharma
7888,459,Warehouse_B,2026-05-25,2026-06-04,88,9985.54,Cancelled,Pharma
7889,111,Warehouse_A,2026-05-10,2026-05-24,37,4735.51,Cancelled,Industrial
7890,260,Warehouse_B,2026-05-14,2026-06-03,80,1413.99,Delayed,Electronics
7891,284,Warehouse_A,2026-05-29,2026-05-30,2,7918.46,Delayed,Pharma
7892,404,Warehouse_B,2026-05-13,2026-05-31,44,4734.16,Cancelled,Automotive
7893,161,Warehouse_A,2026-05-24,2026-05-30,20,370.77,In Transit,Pharma
7894,269,Warehouse_B,2026-06-04,2026-06-16,100,4912.87,Delayed,FMCG
7895,124,Warehouse_D,2026-05-25,2026-05-28,85,4504.9,Delivered,Industrial
7896,139,Warehouse_D,2026-05-13,2026-05-19,14,3115.89,Delayed,Electronics
7897,460,Warehouse_C,2026-05-27,2026-06-16,33,4483.71,Delayed,Electronics
7898,344,Warehouse_C,2026-05-18,2026-05-22,81,237.33,Cancelled,Pharma
7899,421,Warehouse_E,2026-05-08,2026-05-20,78,1486.33,Cancelled,FMCG
7900,286,Warehouse_A,2026-06-03,2026-06-11,61,8574.53,Delivered,FMCG
7901,220,Warehouse_B,2026-05-11,2026-05-12,12,9240.06,Delivered,Industrial
7902,402,Warehouse_C,2026-05-13,2026-05-21,86,1579.59,Cancelled,FMCG
7903,4,Warehouse_C,2026-05-24,2026-05-29,24,3543.69,Cancelled,Pharma
7904,367,Warehouse_B,2026-05-15,2026-05-20,40,6559.89,Cancelled,Industrial
7905,249,Warehouse_D,2026-05-20,2026-06-05,55,3835.91,Delivered,Industrial
7906,490,Warehouse_E,2026-05-28,2026-06-13,99,1496.98,Delayed,Electronics
7907,194,Warehouse_B,2026-05-06,2026-05-09,18,8028.87,Delivered,Automotive
7908,436,Warehouse_A,2026-05-11,2026-05-25,53,9542.03,Delayed,Pharma
7909,134,Warehouse_A,2026-05-09,2026-05-15,64,7332.34,Cancelled,Industrial
7910,26,Warehouse_B,2026-05-26,2026-05-29,53,1194.43,Delivered,Electronics
7911,28,Warehouse_C,2026-05-24,2026-05-31,79,8587.16,In Transit,Automotive
7912,378,Warehouse_A,2026-05-31,2026-06-09,43,1835.34,In Transit,Industrial
7913,136,Warehouse_B,2026-05-24,2026-06-08,27,7261.72,Delayed,Automotive
7914,313,Warehouse_A,2026-05-11,2026-05-13,58,6884.52,Delayed,Pharma
7915,9,Warehouse_C,2026-05-21,2026-06-03,62,1121.3,In Transit,Pharma
7916,256,Warehouse_C,2026-05-30,2026-06-04,62,3968.81,Delayed,FMCG
7917,389,Warehouse_E,2026-05-15,2026-05-28,80,2835.25,Delivered,Automotive
7918,232,Warehouse_D,2026-05-19,2026-05-26,69,863.66,Delivered,Pharma
7919,20,Warehouse_C,2026-05-25,2026-06-13,7,6519.27,Cancelled,Pharma
7920,255,Warehouse_C,2026-06-02,2026-06-06,8,7437.11,In Transit,FMCG
7921,437,Warehouse_E,2026-05-14,2026-05-23,96,2615.55,In Transit,Automotive
7922,263,Warehouse_A,2026-05-25,2026-05-26,69,7813.71,In Transit,Pharma
7923,286,Warehouse_B,2026-05-06,2026-05-25,62,9305.14,Delivered,Pharma
7924,27,Warehouse_C,2026-05-26,2026-06-04,19,1891.32,Cancelled,Automotive
7925,174,Warehouse_D,2026-05-29,2026-06-18,34,3111.09,Delivered,Pharma
7926,97,Warehouse_C,2026-05-29,2026-06-15,55,9538.9,Delayed,Electronics
7927,407,Warehouse_A,2026-06-04,2026-06-07,34,5987.47,Delayed,Industrial
7928,36,Warehouse_E,2026-05-11,2026-05-14,76,5361.95,Delivered,Pharma
7929,406,Warehouse_E,2026-05-24,2026-06-01,63,9930.51,Delayed,Electronics
7930,495,Warehouse_B,2026-05-06,2026-05-26,85,5474.02,Delayed,FMCG
7931,423,Warehouse_E,2026-05-14,2026-05-19,4,9392.94,Delayed,FMCG
7932,131,Warehouse_C,2026-05-06,2026-05-16,49,7159.44,Cancelled,Automotive
7933,322,Warehouse_E,2026-05-09,2026-05-16,94,8660.48,Delayed,Industrial
7934,215,Warehouse_E,2026-05-07,2026-05-26,25,8996.54,Cancelled,Pharma
7935,350,Warehouse_C,2026-05-25,2026-06-12,22,3373.74,Delivered,Industrial
7936,143,Warehouse_B,2026-05-28,2026-05-30,99,5331.47,Delayed,FMCG
7937,342,Warehouse_B,2026-05-15,2026-05-25,63,7352.53,Delayed,Pharma
7938,219,Warehouse_B,2026-05-16,2026-05-30,1,1132.83,Delayed,Industrial
7939,264,Warehouse_C,2026-05-08,2026-05-25,12,9947.36,Delayed,Industrial
7940,235,Warehouse_E,2026-05-28,2026-06-17,88,2686.21,Cancelled,Automotive
7941,152,Warehouse_E,2026-05-31,2026-06-19,18,9348.15,In Transit,Pharma
7942,153,Warehouse_E,2026-05-23,2026-06-01,45,7197.02,Delayed,FMCG
7943,381,Warehouse_E,2026-05-09,2026-05-27,96,4835.64,In Transit,FMCG
7944,468,Warehouse_A,2026-05-15,2026-05-29,9,4031.6,In Transit,Automotive
7945,164,Warehouse_C,2026-06-04,2026-06-23,29,7574.56,Cancelled,FMCG
7946,489,Warehouse_C,2026-05-16,2026-05-25,10,4736.56,Delivered,FMCG
7947,22,Warehouse_B,2026-05-24,2026-06-11,34,2547.08,In Transit,Pharma
7948,414,Warehouse_A,2026-06-01,2026-06-17,77,1184.35,Cancelled,Automotive
7949,190,Warehouse_A,2026-05-18,2026-05-20,61,1905.57,In Transit,Pharma
7950,63,Warehouse_B,2026-05-06,2026-05-18,6,3808.21,Cancelled,FMCG
7951,22,Warehouse_B,2026-05-06,2026-05-14,6,2299.02,Delayed,Electronics
7952,65,Warehouse_C,2026-05-18,2026-06-01,14,9580.49,Cancelled,Pharma
7953,477,Warehouse_E,2026-05-08,2026-05-22,97,7321.4,Delivered,FMCG
7954,385,Warehouse_E,2026-05-29,2026-06-04,99,7353.25,Delayed,FMCG
7955,241,Warehouse_A,2026-05-31,2026-06-04,9,6642.48,Delivered,FMCG
7956,434,Warehouse_D,2026-06-02,2026-06-09,9,523.69,Cancelled,Pharma
7957,3,Warehouse_C,2026-05-08,2026-05-16,87,8027.26,Cancelled,Electronics
7958,464,Warehouse_A,2026-05-14,2026-05-28,66,9243.79,Delivered,Industrial
7959,153,Warehouse_B,2026-05-26,2026-06-03,10,4568.28,Delivered,Industrial
7960,285,Warehouse_C,2026-05-21,2026-05-23,69,6559.81,Delayed,Industrial
7961,242,Warehouse_E,2026-05-17,2026-06-05,51,1396.87,Cancelled,Electronics
7962,354,Warehouse_A,2026-06-02,2026-06-06,54,2189.26,Cancelled,Pharma
7963,93,Warehouse_B,2026-05-16,2026-06-03,32,1871.35,Delayed,Electronics
7964,327,Warehouse_D,2026-05-10,2026-05-27,72,8050.32,Delayed,Pharma
7965,81,Warehouse_D,2026-05-29,2026-06-05,34,1710.49,In Transit,Automotive
7966,77,Warehouse_B,2026-05-17,2026-06-02,21,2653.73,Cancelled,Industrial
7967,127,Warehouse_D,2026-06-02,2026-06-15,91,3187.86,In Transit,Electronics
7968,363,Warehouse_D,2026-05-26,2026-05-29,18,9187.69,Cancelled,Electronics
7969,336,Warehouse_C,2026-05-17,2026-05-18,44,2362.7,Delivered,FMCG
7970,22,Warehouse_A,2026-05-20,2026-05-23,37,3672.94,In Transit,Industrial
7971,179,Warehouse_D,2026-05-29,2026-06-05,53,7146.4,Cancelled,Industrial
7972,78,Warehouse_C,2026-05-21,2026-05-22,13,5685.24,Delayed,Industrial
7973,94,Warehouse_E,2026-05-26,2026-06-05,1,5951.62,Delayed,Automotive
7974,399,Warehouse_A,2026-06-01,2026-06-19,27,4110.0,Delivered,Pharma
7975,411,Warehouse_D,2026-06-01,2026-06-03,40,303.82,Cancelled,Automotive
7976,376,Warehouse_A,2026-05-26,2026-05-27,10,1784.84,In Transit,Industrial
7977,65,Warehouse_A,2026-05-29,2026-06-15,93,1430.32,In Transit,Industrial
7978,300,Warehouse_B,2026-05-08,2026-05-20,97,1721.35,Cancelled,Electronics
7979,324,Warehouse_C,2026-05-13,2026-05-21,55,3376.83,In Transit,Electronics
7980,258,Warehouse_E,2026-05-21,2026-05-27,32,555.99,Delivered,Industrial
7981,7,Warehouse_A,2026-06-04,2026-06-07,6,1015.09,In Transit,FMCG
7982,130,Warehouse_C,2026-05-09,2026-05-17,34,1036.74,Cancelled,Electronics
7983,353,Warehouse_D,2026-05-21,2026-06-09,79,7413.19,Delivered,FMCG
7984,116,Warehouse_E,2026-06-01,2026-06-14,1,9243.65,Cancelled,Pharma
7985,297,Warehouse_E,2026-05-07,2026-05-16,61,6965.22,In Transit,Electronics
7986,399,Warehouse_B,2026-05-22,2026-06-07,61,3832.04,Delivered,Industrial
7987,102,Warehouse_D,2026-05-27,2026-06-05,23,2112.31,Delayed,Electronics
7988,481,Warehouse_D,2026-05-14,2026-05-16,67,7631.35,Cancelled,Automotive
7989,457,Warehouse_A,2026-05-31,2026-06-15,50,9310.02,Delayed,Automotive
7990,314,Warehouse_B,2026-05-26,2026-06-06,95,9475.08,Delivered,Pharma
7991,175,Warehouse_E,2026-05-08,2026-05-14,90,6399.26,Delayed,Electronics
7992,120,Warehouse_C,2026-05-21,2026-06-07,17,2988.49,Cancelled,FMCG
7993,15,Warehouse_A,2026-06-01,2026-06-13,75,4629.6,In Transit,Pharma
7994,291,Warehouse_C,2026-06-02,2026-06-20,24,5544.24,Cancelled,Automotive
7995,31,Warehouse_D,2026-05-15,2026-05-25,24,3893.4,In Transit,Pharma
7996,171,Warehouse_D,2026-05-21,2026-05-30,16,7510.21,In Transit,Electronics
7997,455,Warehouse_B,2026-05-11,2026-05-12,53,8000.15,Delayed,FMCG
7998,500,Warehouse_D,2026-05-23,2026-06-06,83,5473.46,In Transit,Pharma
7999,155,Warehouse_A,2026-05-27,2026-06-01,54,253.34,Delivered,Electronics
8000,151,Warehouse_B,2026-05-09,2026-05-21,46,2656.08,Delivered,Automotive
8001,199,Warehouse_C,2026-06-01,2026-06-09,84,5004.14,Delivered,FMCG
8002,450,Warehouse_B,2026-05-20,2026-06-07,79,7333.32,Cancelled,Industrial
8003,64,Warehouse_E,2026-05-11,2026-05-17,96,2474.29,Delayed,Electronics
8004,53,Warehouse_E,2026-06-01,2026-06-17,36,7489.63,Delayed,FMCG
8005,186,Warehouse_B,2026-05-10,2026-05-15,8,1474.83,In Transit,Electronics
8006,363,Warehouse_C,2026-05-27,2026-06-01,30,6089.39,Delivered,Pharma
8007,364,Warehouse_C,2026-06-03,2026-06-09,37,6309.98,Delayed,Automotive
8008,41,Warehouse_D,2026-05-24,2026-06-09,47,993.0,Delivered,Pharma
8009,211,Warehouse_E,2026-05-31,2026-06-10,2,1507.77,Delayed,Electronics
8010,366,Warehouse_D,2026-05-06,2026-05-23,57,608.6,Delayed,Electronics
8011,26,Warehouse_E,2026-05-24,2026-06-10,5,9780.62,Cancelled,Pharma
8012,387,Warehouse_D,2026-05-27,2026-06-16,74,9464.39,In Transit,Pharma
8013,314,Warehouse_C,2026-05-16,2026-06-03,13,2602.13,Delayed,Automotive
8014,273,Warehouse_C,2026-06-03,2026-06-20,25,8754.57,Cancelled,FMCG
8015,347,Warehouse_C,2026-05-09,2026-05-15,77,3623.37,Delayed,Industrial
8016,259,Warehouse_C,2026-05-31,2026-06-06,21,6133.37,Delayed,FMCG
8017,277,Warehouse_B,2026-06-03,2026-06-15,25,7520.52,Delivered,FMCG
8018,9,Warehouse_D,2026-05-08,2026-05-12,67,6505.36,Cancelled,Electronics
8019,389,Warehouse_C,2026-05-24,2026-05-29,20,9266.69,Delayed,Industrial
8020,140,Warehouse_E,2026-06-04,2026-06-14,48,997.65,Cancelled,Automotive
8021,127,Warehouse_C,2026-05-26,2026-06-07,63,6785.65,In Transit,Pharma
8022,399,Warehouse_B,2026-05-09,2026-05-17,68,929.69,Delivered,Pharma
8023,325,Warehouse_D,2026-05-20,2026-05-30,31,3939.47,Cancelled,Automotive
8024,55,Warehouse_D,2026-05-07,2026-05-27,80,5381.57,In Transit,Pharma
8025,281,Warehouse_C,2026-05-08,2026-05-28,28,689.81,In Transit,Electronics
8026,89,Warehouse_C,2026-05-08,2026-05-15,58,7433.35,Delivered,Industrial
8027,225,Warehouse_E,2026-05-24,2026-06-11,44,3494.74,Delivered,Automotive
8028,100,Warehouse_B,2026-05-15,2026-05-22,38,6560.6,Cancelled,FMCG
8029,30,Warehouse_D,2026-05-12,2026-05-28,6,682.44,Cancelled,Industrial
8030,367,Warehouse_C,2026-05-31,2026-06-02,29,4084.56,Delayed,Industrial
8031,206,Warehouse_D,2026-05-27,2026-06-14,33,4224.57,Delayed,Industrial
8032,433,Warehouse_B,2026-05-18,2026-05-30,22,4849.68,In Transit,Industrial
8033,323,Warehouse_D,2026-05-23,2026-06-03,68,6624.43,Cancelled,Pharma
8034,264,Warehouse_B,2026-05-17,2026-05-23,98,9698.75,In Transit,Pharma
8035,109,Warehouse_A,2026-05-22,2026-06-08,69,3124.02,In Transit,Electronics
8036,166,Warehouse_D,2026-05-29,2026-06-10,34,630.05,In Transit,Automotive
8037,224,Warehouse_E,2026-05-10,2026-05-26,16,5380.06,In Transit,Electronics
8038,483,Warehouse_E,2026-05-17,2026-05-30,95,8107.03,In Transit,Industrial
8039,32,Warehouse_B,2026-05-18,2026-05-21,62,847.93,In Transit,Electronics
8040,163,Warehouse_B,2026-06-04,2026-06-24,39,5317.49,Delivered,Automotive
8041,188,Warehouse_B,2026-05-24,2026-06-05,29,9608.13,Delayed,Industrial
8042,202,Warehouse_E,2026-05-30,2026-06-17,98,5376.05,Delayed,Automotive
8043,94,Warehouse_D,2026-05-10,2026-05-12,23,5257.96,Cancelled,Electronics
8044,376,Warehouse_E,2026-05-06,2026-05-22,6,797.34,In Transit,Electronics
8045,323,Warehouse_A,2026-05-07,2026-05-26,20,1098.34,In Transit,Automotive
8046,12,Warehouse_A,2026-05-24,2026-06-03,19,7179.82,Delivered,FMCG
8047,145,Warehouse_B,2026-05-22,2026-05-30,7,654.01,Delivered,Industrial
8048,344,Warehouse_C,2026-05-31,2026-06-05,30,8332.68,Delayed,FMCG
8049,441,Warehouse_E,2026-05-16,2026-05-19,56,518.83,Cancelled,Automotive
8050,3,Warehouse_C,2026-05-19,2026-05-27,2,7019.64,In Transit,Industrial
8051,393,Warehouse_E,2026-05-31,2026-06-17,59,1748.84,Delivered,Pharma
8052,22,Warehouse_E,2026-05-24,2026-05-26,24,2260.92,Cancelled,Automotive
8053,451,Warehouse_C,2026-05-18,2026-05-25,65,2526.5,Delivered,Industrial
8054,261,Warehouse_C,2026-05-21,2026-05-31,56,4241.38,Delivered,Pharma
8055,217,Warehouse_A,2026-05-29,2026-06-15,10,9510.74,In Transit,FMCG
8056,27,Warehouse_A,2026-05-29,2026-06-05,79,4992.82,In Transit,Automotive
8057,349,Warehouse_E,2026-05-26,2026-06-10,95,2814.47,In Transit,Automotive
8058,294,Warehouse_C,2026-05-29,2026-06-13,26,7371.03,Cancelled,Electronics
8059,409,Warehouse_A,2026-05-20,2026-05-24,31,821.41,In Transit,Industrial
8060,253,Warehouse_A,2026-05-14,2026-05-19,92,4825.58,Cancelled,FMCG
8061,114,Warehouse_B,2026-05-25,2026-06-07,93,356.18,Delayed,Electronics
8062,390,Warehouse_E,2026-05-08,2026-05-15,90,3909.29,In Transit,FMCG
8063,314,Warehouse_E,2026-05-13,2026-05-17,57,8660.12,Cancelled,Electronics
8064,400,Warehouse_E,2026-06-01,2026-06-14,70,5307.42,In Transit,Electronics
8065,212,Warehouse_E,2026-05-25,2026-05-28,48,5540.86,Delivered,Automotive
8066,439,Warehouse_D,2026-06-04,2026-06-15,77,6931.05,In Transit,Pharma
8067,473,Warehouse_C,2026-05-09,2026-05-21,30,9398.29,Delivered,FMCG
8068,373,Warehouse_D,2026-05-19,2026-05-29,48,249.62,Delayed,Electronics
8069,429,Warehouse_C,2026-05-19,2026-05-29,16,5410.64,Delayed,Pharma
8070,359,Warehouse_A,2026-05-09,2026-05-23,93,222.71,Delayed,Automotive
8071,141,Warehouse_A,2026-05-13,2026-05-17,72,4553.29,Cancelled,Automotive
8072,454,Warehouse_D,2026-05-25,2026-06-10,19,8193.15,Delivered,Pharma
8073,278,Warehouse_A,2026-05-25,2026-06-04,68,5722.91,In Transit,FMCG
8074,273,Warehouse_E,2026-05-25,2026-06-01,21,6259.19,Cancelled,FMCG
8075,33,Warehouse_C,2026-05-24,2026-05-29,77,906.3,Delayed,Electronics
8076,54,Warehouse_C,2026-05-27,2026-06-15,89,8552.46,In Transit,Automotive
8077,283,Warehouse_C,2026-05-31,2026-06-18,62,8866.4,Delivered,FMCG
8078,470,Warehouse_C,2026-05-29,2026-06-02,78,2506.57,Cancelled,FMCG
8079,390,Warehouse_E,2026-05-21,2026-05-27,57,5881.32,Cancelled,FMCG
8080,191,Warehouse_E,2026-05-30,2026-06-14,65,697.52,Delivered,Pharma
8081,84,Warehouse_E,2026-05-11,2026-05-12,12,2499.97,Cancelled,Electronics
8082,328,Warehouse_A,2026-05-10,2026-05-11,29,9856.19,Delivered,Automotive
8083,310,Warehouse_B,2026-05-23,2026-05-27,71,3608.16,Cancelled,FMCG
8084,65,Warehouse_C,2026-05-14,2026-05-16,79,2426.5,Cancelled,Automotive
8085,76,Warehouse_B,2026-05-12,2026-05-21,94,9446.27,In Transit,Industrial
8086,22,Warehouse_E,2026-05-31,2026-06-05,53,950.11,In Transit,FMCG
8087,97,Warehouse_B,2026-05-08,2026-05-14,16,8188.21,Cancelled,Industrial
8088,458,Warehouse_A,2026-05-18,2026-05-27,63,2201.04,Delivered,Pharma
8089,86,Warehouse_D,2026-05-08,2026-05-26,89,9095.3,Delivered,Electronics
8090,340,Warehouse_C,2026-05-27,2026-06-04,13,8357.19,Delivered,Industrial
8091,49,Warehouse_A,2026-05-22,2026-06-02,86,1987.69,Delivered,Industrial
8092,250,Warehouse_D,2026-05-08,2026-05-14,7,5137.0,Delayed,Electronics
8093,94,Warehouse_A,2026-05-23,2026-06-11,74,582.37,Delayed,FMCG
8094,326,Warehouse_B,2026-05-28,2026-06-04,44,9883.38,Delayed,Automotive
8095,416,Warehouse_C,2026-05-16,2026-06-03,39,1756.52,Delivered,Pharma
8096,79,Warehouse_E,2026-05-15,2026-05-27,69,1471.05,Delayed,Automotive
8097,14,Warehouse_D,2026-05-20,2026-06-04,23,1812.4,Cancelled,Industrial
8098,343,Warehouse_B,2026-05-17,2026-05-21,70,1992.64,Delayed,Pharma
8099,418,Warehouse_E,2026-05-08,2026-05-11,54,5029.62,Delivered,FMCG
8100,158,Warehouse_D,2026-05-09,2026-05-13,59,4676.63,Delayed,FMCG
8101,486,Warehouse_C,2026-05-29,2026-06-11,88,8355.28,Delayed,Pharma
8102,368,Warehouse_A,2026-05-10,2026-05-22,48,8980.23,Cancelled,Electronics
8103,459,Warehouse_C,2026-06-03,2026-06-23,42,1756.42,In Transit,Pharma
8104,428,Warehouse_B,2026-06-03,2026-06-09,63,2895.24,Delivered,Electronics
8105,124,Warehouse_B,2026-05-22,2026-06-05,94,219.99,In Transit,Automotive
8106,188,Warehouse_E,2026-05-12,2026-05-22,2,7209.3,Cancelled,Electronics
8107,320,Warehouse_B,2026-05-27,2026-06-12,33,6088.5,In Transit,FMCG
8108,310,Warehouse_E,2026-05-29,2026-06-08,53,4940.84,Cancelled,Automotive
8109,133,Warehouse_A,2026-05-06,2026-05-25,95,2385.64,Delivered,Industrial
8110,297,Warehouse_C,2026-05-23,2026-06-01,64,466.77,Delivered,Pharma
8111,107,Warehouse_E,2026-05-29,2026-06-17,100,6362.29,Delivered,FMCG
8112,474,Warehouse_C,2026-05-27,2026-06-15,87,8430.61,In Transit,Electronics
8113,237,Warehouse_D,2026-05-17,2026-05-22,33,9827.49,In Transit,Electronics
8114,485,Warehouse_A,2026-05-09,2026-05-29,50,8534.84,Cancelled,Electronics
8115,437,Warehouse_C,2026-05-08,2026-05-18,5,868.98,Cancelled,Automotive
8116,73,Warehouse_D,2026-05-27,2026-06-06,2,8596.25,In Transit,Automotive
8117,341,Warehouse_A,2026-05-18,2026-05-25,85,2266.5,Delivered,Industrial
8118,227,Warehouse_C,2026-05-17,2026-05-31,76,9687.0,Delayed,FMCG
8119,22,Warehouse_E,2026-05-08,2026-05-25,35,8770.17,Delivered,Automotive
8120,461,Warehouse_B,2026-05-13,2026-05-24,67,2761.63,Cancelled,Electronics
8121,60,Warehouse_A,2026-05-17,2026-05-19,83,1303.37,Delayed,Industrial
8122,462,Warehouse_E,2026-05-31,2026-06-08,94,6887.44,Delivered,FMCG
8123,366,Warehouse_B,2026-05-10,2026-05-12,83,8775.84,In Transit,Industrial
8124,190,Warehouse_B,2026-06-04,2026-06-17,54,3880.29,Cancelled,Automotive
8125,49,Warehouse_C,2026-05-29,2026-06-17,14,1596.2,In Transit,Industrial
8126,24,Warehouse_C,2026-05-20,2026-06-03,89,5043.47,Delayed,Pharma
8127,471,Warehouse_A,2026-05-15,2026-05-20,5,3663.84,Cancelled,FMCG
8128,134,Warehouse_C,2026-05-09,2026-05-20,50,1634.91,In Transit,Pharma
8129,108,Warehouse_A,2026-05-08,2026-05-22,7,1053.97,In Transit,Automotive
8130,486,Warehouse_A,2026-05-26,2026-05-31,22,1338.68,Delivered,Pharma
8131,224,Warehouse_E,2026-05-31,2026-06-19,94,7325.17,In Transit,Industrial
8132,357,Warehouse_E,2026-06-04,2026-06-24,96,5485.99,Cancelled,Automotive
8133,73,Warehouse_C,2026-05-25,2026-05-31,41,8205.79,Cancelled,Electronics
8134,153,Warehouse_D,2026-05-23,2026-06-01,68,148.99,Cancelled,Automotive
8135,250,Warehouse_A,2026-05-18,2026-05-20,27,1020.15,Cancelled,Pharma
8136,173,Warehouse_B,2026-05-16,2026-05-25,6,7825.19,Delivered,FMCG
8137,164,Warehouse_A,2026-05-13,2026-05-29,51,7583.35,Cancelled,Industrial
8138,279,Warehouse_D,2026-05-16,2026-05-23,56,6620.44,Delayed,Automotive
8139,349,Warehouse_A,2026-06-01,2026-06-02,24,9134.3,Delayed,FMCG
8140,9,Warehouse_C,2026-05-23,2026-05-26,90,3453.65,Delayed,Electronics
8141,103,Warehouse_A,2026-05-19,2026-06-02,78,6839.49,Cancelled,Industrial
8142,103,Warehouse_C,2026-05-22,2026-06-06,87,4946.02,Cancelled,Automotive
8143,369,Warehouse_D,2026-06-03,2026-06-20,29,8722.61,Cancelled,Automotive
8144,2,Warehouse_D,2026-05-26,2026-05-28,40,3745.06,Cancelled,FMCG
8145,98,Warehouse_A,2026-06-01,2026-06-20,86,5091.47,Cancelled,Industrial
8146,42,Warehouse_D,2026-05-16,2026-05-20,33,863.14,Delayed,FMCG
8147,72,Warehouse_E,2026-05-20,2026-06-01,77,9750.71,Delayed,Pharma
8148,115,Warehouse_C,2026-05-22,2026-06-02,83,4427.96,Cancelled,Pharma
8149,275,Warehouse_D,2026-05-25,2026-05-29,99,8559.19,Delayed,FMCG
8150,313,Warehouse_E,2026-05-26,2026-06-04,26,5609.51,In Transit,Electronics
8151,183,Warehouse_E,2026-05-12,2026-05-22,89,1436.96,Delayed,Automotive
8152,491,Warehouse_E,2026-05-24,2026-06-13,98,5778.0,In Transit,Industrial
8153,59,Warehouse_E,2026-05-10,2026-05-13,70,2745.52,Delayed,Electronics
8154,34,Warehouse_A,2026-05-26,2026-06-08,55,330.4,Delivered,Electronics
8155,221,Warehouse_A,2026-05-07,2026-05-19,14,4641.8,In Transit,Electronics
8156,435,Warehouse_B,2026-05-15,2026-06-03,88,2717.72,In Transit,Industrial
8157,416,Warehouse_A,2026-05-18,2026-05-22,46,1080.94,Delayed,Pharma
8158,262,Warehouse_C,2026-05-18,2026-05-27,82,9163.82,Cancelled,Industrial
8159,350,Warehouse_E,2026-05-16,2026-05-21,80,8621.91,Cancelled,Pharma
8160,134,Warehouse_C,2026-05-19,2026-06-02,75,2351.28,Delayed,Pharma
8161,445,Warehouse_D,2026-06-01,2026-06-19,8,1903.49,Cancelled,Electronics
8162,146,Warehouse_C,2026-05-14,2026-05-19,33,7158.75,Delayed,Automotive
8163,120,Warehouse_D,2026-05-07,2026-05-21,76,6995.38,Delivered,FMCG
8164,215,Warehouse_B,2026-06-02,2026-06-18,33,244.71,Delivered,Electronics
8165,437,Warehouse_B,2026-05-31,2026-06-02,22,179.98,In Transit,Electronics
8166,166,Warehouse_D,2026-05-13,2026-05-27,82,7124.37,Delayed,Electronics
8167,351,Warehouse_C,2026-06-03,2026-06-15,93,4942.56,In Transit,Industrial
8168,253,Warehouse_B,2026-05-13,2026-06-02,2,2125.09,Cancelled,Automotive
8169,34,Warehouse_D,2026-05-16,2026-05-19,49,986.04,Delayed,Industrial
8170,340,Warehouse_D,2026-05-29,2026-06-13,29,6193.09,Delayed,FMCG
8171,403,Warehouse_A,2026-05-18,2026-05-20,50,5982.08,Delayed,Automotive
8172,84,Warehouse_A,2026-06-01,2026-06-12,2,2123.83,Delayed,Electronics
8173,12,Warehouse_B,2026-05-23,2026-05-25,95,8394.18,Cancelled,Electronics
8174,473,Warehouse_E,2026-05-13,2026-05-27,47,1298.4,Cancelled,Automotive
8175,131,Warehouse_D,2026-05-31,2026-06-20,92,7914.53,Delayed,Pharma
8176,54,Warehouse_A,2026-05-28,2026-06-11,81,4184.91,Delayed,FMCG
8177,85,Warehouse_C,2026-05-17,2026-05-28,35,8405.98,In Transit,FMCG
8178,121,Warehouse_D,2026-05-18,2026-05-19,72,1488.71,In Transit,Electronics
8179,452,Warehouse_D,2026-05-09,2026-05-24,46,7028.34,Cancelled,FMCG
8180,332,Warehouse_C,2026-05-12,2026-05-13,43,5707.28,Cancelled,Industrial
8181,136,Warehouse_E,2026-05-26,2026-05-27,80,6350.24,Delayed,Electronics
8182,321,Warehouse_C,2026-05-21,2026-05-26,55,8094.56,Delayed,Pharma
8183,405,Warehouse_C,2026-05-30,2026-06-15,79,831.54,Delayed,Automotive
8184,261,Warehouse_E,2026-05-24,2026-06-13,96,7904.36,Delayed,Automotive
8185,36,Warehouse_A,2026-05-16,2026-06-02,59,8461.14,Delayed,Pharma
8186,260,Warehouse_D,2026-05-28,2026-05-29,99,4658.97,In Transit,Pharma
8187,184,Warehouse_A,2026-05-06,2026-05-17,8,3290.49,Delivered,Automotive
8188,406,Warehouse_C,2026-05-23,2026-05-29,43,8614.4,Cancelled,FMCG
8189,240,Warehouse_A,2026-05-22,2026-06-03,49,7124.27,Delayed,Industrial
8190,94,Warehouse_C,2026-06-02,2026-06-17,32,1458.23,Cancelled,Automotive
8191,373,Warehouse_A,2026-05-30,2026-06-10,79,9171.33,In Transit,Pharma
8192,431,Warehouse_E,2026-05-19,2026-05-23,56,8821.85,Delayed,Automotive
8193,242,Warehouse_A,2026-05-06,2026-05-14,84,4889.55,Delayed,Pharma
8194,336,Warehouse_A,2026-05-10,2026-05-28,12,213.93,Delayed,Electronics
8195,341,Warehouse_D,2026-05-22,2026-05-30,65,9461.55,Delayed,Pharma
8196,253,Warehouse_C,2026-06-01,2026-06-08,19,9258.92,Delivered,Pharma
8197,246,Warehouse_C,2026-05-29,2026-06-03,12,3159.73,Cancelled,FMCG
8198,264,Warehouse_C,2026-05-23,2026-06-04,25,731.86,In Transit,Industrial
8199,364,Warehouse_D,2026-05-28,2026-06-17,70,8985.88,Cancelled,Electronics
8200,77,Warehouse_C,2026-05-14,2026-05-22,88,1429.99,Cancelled,Electronics
8201,411,Warehouse_D,2026-05-16,2026-05-27,6,3272.39,In Transit,Electronics
8202,130,Warehouse_D,2026-05-23,2026-05-29,31,9548.94,Delayed,Automotive
8203,25,Warehouse_C,2026-06-02,2026-06-12,60,2940.98,In Transit,Industrial
8204,429,Warehouse_C,2026-05-27,2026-06-03,45,4561.83,Delivered,Electronics
8205,184,Warehouse_C,2026-05-24,2026-06-09,57,4087.05,In Transit,Industrial
8206,443,Warehouse_C,2026-05-10,2026-05-15,65,2865.34,Cancelled,Pharma
8207,123,Warehouse_E,2026-05-13,2026-05-25,81,2219.34,Cancelled,Electronics
8208,436,Warehouse_B,2026-05-16,2026-05-28,1,3768.82,Delayed,Electronics
8209,174,Warehouse_D,2026-05-10,2026-05-28,80,9923.74,Delayed,FMCG
8210,347,Warehouse_C,2026-05-27,2026-06-15,45,8411.07,Delivered,FMCG
8211,45,Warehouse_B,2026-05-18,2026-05-26,29,2104.82,Delayed,Electronics
8212,136,Warehouse_B,2026-05-13,2026-05-27,78,9480.52,In Transit,Pharma
8213,78,Warehouse_D,2026-05-30,2026-06-16,4,3877.7,In Transit,Electronics
8214,129,Warehouse_E,2026-05-29,2026-06-15,9,3374.59,Delayed,Electronics
8215,494,Warehouse_B,2026-05-29,2026-06-05,28,3829.42,In Transit,Industrial
8216,304,Warehouse_B,2026-05-14,2026-05-26,66,2595.15,Delayed,FMCG
8217,409,Warehouse_C,2026-05-31,2026-06-14,16,7895.54,Delayed,Industrial
8218,10,Warehouse_C,2026-05-06,2026-05-10,18,6846.89,Delayed,Pharma
8219,394,Warehouse_E,2026-05-31,2026-06-15,8,2978.01,Delivered,FMCG
8220,369,Warehouse_B,2026-05-31,2026-06-11,5,5986.38,Delayed,FMCG
8221,112,Warehouse_B,2026-05-31,2026-06-01,72,9732.3,Cancelled,Automotive
8222,483,Warehouse_A,2026-05-28,2026-06-15,89,3307.32,In Transit,Industrial
8223,421,Warehouse_C,2026-05-27,2026-05-28,71,3526.21,In Transit,Industrial
8224,167,Warehouse_E,2026-06-01,2026-06-10,76,6349.95,Delayed,Industrial
8225,357,Warehouse_D,2026-05-22,2026-06-06,29,2356.19,In Transit,Industrial
8226,382,Warehouse_E,2026-05-28,2026-06-10,4,4383.52,Delivered,Automotive
8227,265,Warehouse_A,2026-05-19,2026-06-06,44,2836.73,Delayed,Industrial
8228,30,Warehouse_A,2026-05-16,2026-05-17,18,246.57,Delayed,Automotive
8229,84,Warehouse_A,2026-05-31,2026-06-16,80,3480.31,Delayed,FMCG
8230,92,Warehouse_B,2026-06-01,2026-06-09,52,361.6,In Transit,Electronics
8231,465,Warehouse_A,2026-05-28,2026-06-05,8,8720.22,Delivered,Electronics
8232,465,Warehouse_C,2026-05-21,2026-05-25,95,5779.54,Delivered,Automotive
8233,250,Warehouse_D,2026-06-03,2026-06-21,83,2715.61,Delivered,Automotive
8234,330,Warehouse_E,2026-05-22,2026-06-04,14,4058.31,Cancelled,Electronics
8235,418,Warehouse_B,2026-05-07,2026-05-25,43,4814.31,Delayed,FMCG
8236,185,Warehouse_B,2026-05-28,2026-06-12,10,6448.48,Delivered,Pharma
8237,417,Warehouse_E,2026-05-20,2026-05-23,84,9201.97,Delivered,Automotive
8238,403,Warehouse_D,2026-06-02,2026-06-19,13,2258.29,In Transit,FMCG
8239,81,Warehouse_D,2026-05-06,2026-05-15,53,5918.73,Delivered,Industrial
8240,435,Warehouse_D,2026-05-10,2026-05-16,1,9716.63,In Transit,Industrial
8241,295,Warehouse_D,2026-06-01,2026-06-09,36,4360.25,Delivered,FMCG
8242,55,Warehouse_A,2026-05-09,2026-05-23,66,8300.71,Delayed,Electronics
8243,27,Warehouse_C,2026-05-19,2026-06-06,45,6872.98,Delayed,Pharma
8244,263,Warehouse_D,2026-05-30,2026-06-09,8,2024.56,Cancelled,Automotive
8245,28,Warehouse_D,2026-05-16,2026-05-28,8,5074.68,Delayed,Industrial
8246,73,Warehouse_E,2026-05-25,2026-06-06,53,2078.35,Delivered,Electronics
8247,377,Warehouse_B,2026-05-28,2026-06-03,99,3986.17,In Transit,Automotive
8248,307,Warehouse_D,2026-05-17,2026-05-21,93,6700.57,In Transit,Pharma
8249,361,Warehouse_A,2026-05-07,2026-05-13,42,336.65,Delayed,Automotive
8250,273,Warehouse_E,2026-05-26,2026-06-15,99,4652.18,In Transit,Electronics
8251,346,Warehouse_A,2026-05-11,2026-05-21,84,1309.22,Cancelled,Industrial
8252,428,Warehouse_C,2026-05-19,2026-05-21,45,5153.7,Delayed,Pharma
8253,378,Warehouse_B,2026-05-08,2026-05-09,5,3859.82,Delayed,FMCG
8254,139,Warehouse_E,2026-05-07,2026-05-17,88,140.18,Cancelled,Pharma
8255,388,Warehouse_A,2026-05-20,2026-05-21,63,5140.07,Cancelled,Pharma
8256,399,Warehouse_B,2026-05-10,2026-05-27,94,8745.33,Delayed,Pharma
8257,369,Warehouse_D,2026-05-08,2026-05-23,62,7492.0,Cancelled,FMCG
8258,456,Warehouse_C,2026-05-20,2026-06-06,20,9915.78,Delivered,Industrial
8259,423,Warehouse_B,2026-05-27,2026-06-08,82,3272.17,Cancelled,Automotive
8260,434,Warehouse_C,2026-05-21,2026-06-06,81,7192.79,Delivered,Electronics
8261,30,Warehouse_E,2026-05-09,2026-05-25,18,5493.85,Cancelled,Pharma
8262,93,Warehouse_E,2026-05-07,2026-05-08,81,290.15,Delayed,Electronics
8263,294,Warehouse_D,2026-06-04,2026-06-17,2,8303.82,Delayed,Automotive
8264,455,Warehouse_B,2026-05-08,2026-05-11,39,7760.28,Delayed,Electronics
8265,113,Warehouse_B,2026-05-20,2026-05-23,68,5635.67,In Transit,Electronics
8266,260,Warehouse_A,2026-05-28,2026-06-12,42,930.33,Delayed,FMCG
8267,310,Warehouse_E,2026-05-15,2026-05-31,21,5717.83,Delayed,Pharma
8268,11,Warehouse_E,2026-05-13,2026-05-27,24,8615.38,Delivered,Pharma
8269,58,Warehouse_B,2026-05-27,2026-06-08,63,2235.04,Delivered,FMCG
8270,465,Warehouse_D,2026-06-01,2026-06-07,75,7343.26,Delivered,Electronics
8271,420,Warehouse_E,2026-06-04,2026-06-06,86,8047.04,In Transit,Pharma
8272,231,Warehouse_A,2026-05-12,2026-05-21,71,2660.36,Delivered,Pharma
8273,307,Warehouse_E,2026-05-31,2026-06-07,98,675.53,Delayed,Automotive
8274,323,Warehouse_B,2026-06-02,2026-06-03,90,530.0,Cancelled,Electronics
8275,493,Warehouse_C,2026-05-24,2026-06-02,34,4731.13,In Transit,Electronics
8276,327,Warehouse_E,2026-06-02,2026-06-09,55,2794.23,Delivered,Industrial
8277,214,Warehouse_B,2026-06-03,2026-06-14,35,9912.19,Cancelled,Electronics
8278,118,Warehouse_D,2026-05-09,2026-05-19,31,6836.58,In Transit,Electronics
8279,235,Warehouse_E,2026-05-09,2026-05-20,10,1438.43,In Transit,Automotive
8280,471,Warehouse_B,2026-05-30,2026-06-09,96,5940.9,Delayed,Automotive
8281,302,Warehouse_D,2026-05-10,2026-05-11,32,4529.4,Delivered,FMCG
8282,362,Warehouse_A,2026-05-29,2026-06-02,84,7129.85,Delivered,Pharma
8283,61,Warehouse_B,2026-05-17,2026-05-28,53,8277.68,Cancelled,Pharma
8284,393,Warehouse_B,2026-05-18,2026-05-25,9,9699.15,Delivered,Pharma
8285,422,Warehouse_A,2026-05-16,2026-05-22,85,9361.57,In Transit,Automotive
8286,448,Warehouse_C,2026-05-10,2026-05-28,49,1319.97,In Transit,FMCG
8287,140,Warehouse_A,2026-05-21,2026-05-24,44,6823.47,Delayed,Electronics
8288,478,Warehouse_A,2026-05-20,2026-06-02,17,3540.22,Delayed,Electronics
8289,497,Warehouse_D,2026-05-22,2026-06-09,78,744.64,In Transit,Electronics
8290,453,Warehouse_C,2026-05-15,2026-05-21,94,2601.44,Delayed,Automotive
8291,452,Warehouse_D,2026-06-03,2026-06-06,83,4571.33,In Transit,FMCG
8292,370,Warehouse_C,2026-05-13,2026-06-01,87,6111.63,Cancelled,Industrial
8293,358,Warehouse_D,2026-05-29,2026-06-07,37,3707.54,Cancelled,Automotive
8294,402,Warehouse_B,2026-05-22,2026-06-07,42,1950.76,Delayed,Automotive
8295,86,Warehouse_C,2026-05-08,2026-05-14,86,4745.94,Delayed,Industrial
8296,409,Warehouse_A,2026-05-28,2026-05-30,66,2583.33,Cancelled,Industrial
8297,286,Warehouse_A,2026-05-16,2026-05-25,41,6751.1,Cancelled,Pharma
8298,248,Warehouse_A,2026-05-14,2026-05-27,27,9830.77,Delayed,Automotive
8299,486,Warehouse_E,2026-05-23,2026-06-08,97,7469.25,Delayed,Industrial
8300,250,Warehouse_E,2026-05-11,2026-05-24,57,4620.59,Delayed,Automotive
8301,354,Warehouse_C,2026-05-16,2026-06-03,48,5596.65,Cancelled,Industrial
8302,391,Warehouse_C,2026-06-03,2026-06-21,98,9708.22,Delayed,Industrial
8303,342,Warehouse_E,2026-05-31,2026-06-18,12,3618.62,In Transit,Automotive
8304,102,Warehouse_D,2026-05-28,2026-06-02,69,9706.01,Cancelled,Electronics
8305,426,Warehouse_E,2026-05-14,2026-06-02,66,5649.9,Cancelled,Electronics
8306,496,Warehouse_E,2026-05-12,2026-05-14,65,7219.64,Cancelled,Automotive
8307,261,Warehouse_E,2026-05-18,2026-06-07,43,5390.67,In Transit,FMCG
8308,161,Warehouse_A,2026-05-13,2026-05-31,33,4606.06,In Transit,Automotive
8309,94,Warehouse_C,2026-05-22,2026-06-01,69,8075.93,Cancelled,Pharma
8310,26,Warehouse_E,2026-05-20,2026-06-02,94,479.82,In Transit,Industrial
8311,388,Warehouse_B,2026-05-26,2026-06-13,84,8829.65,Delayed,Industrial
8312,316,Warehouse_C,2026-05-28,2026-06-15,52,4459.66,Delayed,Pharma
8313,70,Warehouse_A,2026-06-04,2026-06-18,31,7021.89,Delayed,Automotive
8314,218,Warehouse_C,2026-05-21,2026-05-31,21,7132.03,Cancelled,Pharma
8315,160,Warehouse_A,2026-05-30,2026-06-18,27,7215.17,Delayed,Automotive
8316,46,Warehouse_B,2026-05-18,2026-05-22,6,4599.82,Delivered,Automotive
8317,17,Warehouse_A,2026-05-17,2026-05-20,8,6442.08,In Transit,Pharma
8318,116,Warehouse_E,2026-05-18,2026-05-30,2,5282.73,Delivered,Pharma
8319,422,Warehouse_A,2026-05-21,2026-05-30,69,1029.95,Delayed,Electronics
8320,205,Warehouse_E,2026-05-26,2026-06-01,36,4999.83,In Transit,Automotive
8321,32,Warehouse_A,2026-05-07,2026-05-13,46,5466.99,In Transit,Electronics
8322,185,Warehouse_A,2026-05-09,2026-05-16,69,5234.64,In Transit,FMCG
8323,336,Warehouse_C,2026-05-24,2026-06-05,58,2825.72,Cancelled,Pharma
8324,409,Warehouse_E,2026-05-25,2026-05-30,68,594.71,In Transit,Automotive
8325,381,Warehouse_A,2026-05-28,2026-06-17,51,8776.35,Delayed,Electronics
8326,80,Warehouse_B,2026-05-18,2026-05-27,33,181.74,In Transit,Automotive
8327,46,Warehouse_C,2026-06-03,2026-06-18,15,6527.8,Delivered,FMCG
8328,181,Warehouse_A,2026-05-29,2026-06-10,6,7061.72,Delayed,Automotive
8329,390,Warehouse_C,2026-05-22,2026-06-02,39,9520.32,Delayed,Pharma
8330,116,Warehouse_B,2026-05-31,2026-06-15,14,7536.79,Cancelled,Industrial
8331,402,Warehouse_A,2026-05-29,2026-06-13,10,3105.26,In Transit,Electronics
8332,101,Warehouse_E,2026-05-08,2026-05-27,17,1133.05,In Transit,Automotive
8333,459,Warehouse_E,2026-05-22,2026-06-07,15,5118.06,In Transit,Electronics
8334,58,Warehouse_E,2026-05-18,2026-05-26,36,3647.96,Delayed,FMCG
8335,231,Warehouse_D,2026-05-12,2026-05-25,93,3972.91,In Transit,Pharma
8336,362,Warehouse_C,2026-05-29,2026-06-09,66,8671.88,Delivered,FMCG
8337,494,Warehouse_D,2026-06-04,2026-06-10,88,1916.57,Delivered,Pharma
8338,15,Warehouse_E,2026-05-20,2026-06-03,34,3781.72,In Transit,Industrial
8339,173,Warehouse_B,2026-05-22,2026-05-23,31,2553.12,Delayed,Pharma
8340,308,Warehouse_A,2026-06-01,2026-06-03,2,5697.87,Delivered,Pharma
8341,484,Warehouse_A,2026-06-04,2026-06-09,21,1194.01,Cancelled,Pharma
8342,249,Warehouse_D,2026-05-23,2026-06-12,34,3913.53,Delivered,Automotive
8343,248,Warehouse_B,2026-05-10,2026-05-14,39,4649.58,In Transit,Pharma
8344,113,Warehouse_D,2026-05-13,2026-06-01,48,618.43,Cancelled,Pharma
8345,474,Warehouse_A,2026-05-29,2026-05-30,42,7962.9,Delayed,FMCG
8346,450,Warehouse_B,2026-05-27,2026-06-12,89,2242.96,Delayed,Automotive
8347,256,Warehouse_D,2026-05-16,2026-05-21,91,1940.66,In Transit,Automotive
8348,465,Warehouse_A,2026-05-26,2026-06-03,72,7374.1,Cancelled,Automotive
8349,396,Warehouse_B,2026-05-07,2026-05-24,24,7166.08,Delivered,Electronics
8350,143,Warehouse_E,2026-05-07,2026-05-20,16,984.99,Delivered,Pharma
8351,390,Warehouse_D,2026-05-26,2026-06-15,37,935.29,Delayed,Automotive
8352,221,Warehouse_B,2026-05-21,2026-06-07,44,4123.17,Delayed,Pharma
8353,289,Warehouse_D,2026-06-01,2026-06-09,97,2586.83,Delivered,Pharma
8354,167,Warehouse_E,2026-05-19,2026-05-20,19,6072.09,Delivered,FMCG
8355,455,Warehouse_C,2026-05-29,2026-06-16,47,7468.79,Cancelled,Electronics
8356,466,Warehouse_C,2026-05-25,2026-05-26,14,6657.41,In Transit,Industrial
8357,217,Warehouse_B,2026-05-30,2026-06-12,11,6984.11,Delayed,Automotive
8358,310,Warehouse_E,2026-05-25,2026-06-10,26,5955.36,Delayed,Electronics
8359,451,Warehouse_D,2026-06-03,2026-06-23,53,8512.26,In Transit,Electronics
8360,479,Warehouse_B,2026-05-07,2026-05-27,57,2361.55,In Transit,Electronics
8361,213,Warehouse_C,2026-05-27,2026-06-09,2,6126.72,Delayed,Automotive
8362,214,Warehouse_A,2026-05-26,2026-05-28,32,8346.81,In Transit,Pharma
8363,163,Warehouse_E,2026-05-29,2026-06-11,55,8834.24,Delayed,Industrial
8364,74,Warehouse_A,2026-05-16,2026-05-17,54,6743.45,In Transit,Industrial
8365,152,Warehouse_D,2026-05-09,2026-05-17,98,8443.52,Cancelled,FMCG
8366,78,Warehouse_B,2026-05-28,2026-06-06,1,9265.17,Cancelled,Automotive
8367,461,Warehouse_E,2026-05-08,2026-05-11,13,5740.69,Delayed,Industrial
8368,381,Warehouse_D,2026-05-17,2026-06-04,2,8235.03,Delivered,Automotive
8369,111,Warehouse_A,2026-05-26,2026-05-31,57,7886.02,Cancelled,Automotive
8370,212,Warehouse_E,2026-05-31,2026-06-06,59,1014.47,Cancelled,Pharma
8371,277,Warehouse_C,2026-05-31,2026-06-04,49,1050.77,In Transit,Electronics
8372,311,Warehouse_B,2026-05-29,2026-06-07,62,3520.09,In Transit,Industrial
8373,297,Warehouse_B,2026-05-30,2026-06-17,10,6861.11,Cancelled,Electronics
8374,286,Warehouse_E,2026-05-18,2026-06-03,95,6419.74,Delivered,Pharma
8375,104,Warehouse_A,2026-05-29,2026-06-06,76,9481.54,Delayed,Industrial
8376,421,Warehouse_B,2026-05-10,2026-05-23,84,4837.48,Delayed,Electronics
8377,220,Warehouse_B,2026-06-02,2026-06-04,31,445.91,In Transit,Pharma
8378,402,Warehouse_D,2026-05-20,2026-05-31,43,2076.91,In Transit,Automotive
8379,76,Warehouse_E,2026-05-23,2026-05-30,16,5091.56,Delivered,Pharma
8380,316,Warehouse_D,2026-05-23,2026-06-03,65,7588.85,Delivered,FMCG
8381,134,Warehouse_D,2026-05-28,2026-06-09,96,2921.26,In Transit,Industrial
8382,403,Warehouse_A,2026-05-09,2026-05-10,95,7308.36,Delivered,Pharma
8383,321,Warehouse_A,2026-05-14,2026-06-01,62,4631.64,Delayed,FMCG
8384,209,Warehouse_D,2026-05-23,2026-06-09,73,8607.64,In Transit,Electronics
8385,323,Warehouse_C,2026-05-07,2026-05-12,82,2979.84,Delivered,Automotive
8386,404,Warehouse_B,2026-05-22,2026-06-07,65,9496.56,Delayed,Automotive
8387,240,Warehouse_A,2026-05-10,2026-05-26,72,8980.11,Delivered,Automotive
8388,209,Warehouse_C,2026-05-06,2026-05-20,75,8720.29,Delayed,Automotive
8389,241,Warehouse_C,2026-05-12,2026-05-25,94,1698.64,Cancelled,Automotive
8390,159,Warehouse_C,2026-05-12,2026-05-30,97,8064.84,Cancelled,Electronics
8391,305,Warehouse_A,2026-05-31,2026-06-18,9,1076.11,In Transit,Industrial
8392,193,Warehouse_B,2026-05-11,2026-05-25,63,5377.03,Cancelled,Pharma
8393,276,Warehouse_A,2026-05-23,2026-05-26,78,8527.66,Cancelled,Pharma
8394,57,Warehouse_E,2026-05-29,2026-06-09,69,5009.18,In Transit,Electronics
8395,194,Warehouse_E,2026-05-15,2026-05-30,68,4010.28,Cancelled,Electronics
8396,315,Warehouse_B,2026-05-14,2026-05-16,25,9476.25,Delayed,Pharma
8397,159,Warehouse_C,2026-05-19,2026-05-21,57,3613.03,Delivered,Electronics
8398,204,Warehouse_C,2026-05-22,2026-05-25,11,1218.43,Delivered,FMCG
8399,300,Warehouse_D,2026-05-30,2026-06-14,26,6057.22,Delivered,Pharma
8400,5,Warehouse_E,2026-05-21,2026-06-04,7,5090.29,Cancelled,Automotive
8401,420,Warehouse_C,2026-05-07,2026-05-24,52,2225.1,Delayed,FMCG
8402,464,Warehouse_D,2026-05-12,2026-05-31,35,4955.49,Delivered,FMCG
8403,46,Warehouse_A,2026-05-26,2026-06-14,83,8188.95,Delivered,Industrial
8404,272,Warehouse_B,2026-05-10,2026-05-26,50,4273.78,Delivered,Pharma
8405,485,Warehouse_A,2026-05-17,2026-05-22,80,5613.5,Delivered,FMCG
8406,57,Warehouse_A,2026-06-04,2026-06-09,94,5695.77,Cancelled,Pharma
8407,247,Warehouse_D,2026-05-16,2026-06-04,81,3455.42,Delivered,Electronics
8408,96,Warehouse_D,2026-05-31,2026-06-18,12,6624.99,Delayed,Pharma
8409,242,Warehouse_D,2026-05-06,2026-05-14,49,3716.4,Delivered,FMCG
8410,288,Warehouse_C,2026-05-25,2026-06-14,60,1120.44,Delivered,Automotive
8411,126,Warehouse_E,2026-06-01,2026-06-19,69,3818.84,In Transit,Industrial
8412,409,Warehouse_C,2026-05-13,2026-06-01,77,2639.2,Delayed,FMCG
8413,423,Warehouse_C,2026-06-02,2026-06-18,52,8585.06,Delayed,Electronics
8414,244,Warehouse_A,2026-05-07,2026-05-20,95,6188.86,Delivered,Pharma
8415,36,Warehouse_A,2026-05-09,2026-05-25,61,3088.71,Delayed,Pharma
8416,227,Warehouse_E,2026-05-08,2026-05-22,57,3656.71,Delivered,FMCG
8417,134,Warehouse_B,2026-05-25,2026-06-09,97,8641.65,Cancelled,Electronics
8418,97,Warehouse_A,2026-05-14,2026-05-28,64,2225.49,Delivered,Industrial
8419,355,Warehouse_E,2026-06-02,2026-06-13,58,824.43,Cancelled,Industrial
8420,64,Warehouse_B,2026-06-04,2026-06-15,80,8766.94,In Transit,Automotive
8421,267,Warehouse_D,2026-06-02,2026-06-18,74,1723.95,Delayed,Automotive
8422,471,Warehouse_E,2026-05-20,2026-05-30,16,9828.34,In Transit,FMCG
8423,338,Warehouse_B,2026-05-14,2026-05-24,29,9328.23,Delivered,Electronics
8424,330,Warehouse_A,2026-05-21,2026-05-22,5,9016.95,In Transit,Electronics
8425,459,Warehouse_D,2026-05-22,2026-06-11,52,9808.99,Delivered,Pharma
8426,481,Warehouse_E,2026-05-27,2026-06-08,68,2905.19,In Transit,Pharma
8427,450,Warehouse_C,2026-05-25,2026-06-04,59,5977.53,Cancelled,Electronics
8428,130,Warehouse_E,2026-05-18,2026-05-31,61,7989.48,Delayed,Automotive
8429,342,Warehouse_C,2026-06-01,2026-06-20,34,2031.56,Cancelled,Pharma
8430,77,Warehouse_D,2026-05-15,2026-06-02,97,2450.22,Delivered,FMCG
8431,228,Warehouse_E,2026-06-04,2026-06-11,90,6284.81,Cancelled,Electronics
8432,466,Warehouse_A,2026-05-11,2026-05-18,1,6896.5,Cancelled,Electronics
8433,55,Warehouse_A,2026-06-02,2026-06-17,4,9154.87,Delayed,Pharma
8434,350,Warehouse_E,2026-06-04,2026-06-23,67,4109.61,In Transit,Automotive
8435,16,Warehouse_C,2026-05-26,2026-06-08,74,8792.58,Delayed,Industrial
8436,117,Warehouse_D,2026-05-27,2026-06-11,96,3254.63,In Transit,Pharma
8437,496,Warehouse_D,2026-05-12,2026-05-18,83,7098.45,Cancelled,Pharma
8438,196,Warehouse_D,2026-05-19,2026-06-06,41,5256.65,Cancelled,Industrial
8439,451,Warehouse_D,2026-05-21,2026-05-24,1,8986.56,In Transit,FMCG
8440,158,Warehouse_C,2026-05-16,2026-05-24,52,2401.85,Cancelled,Automotive
8441,247,Warehouse_A,2026-06-04,2026-06-05,11,5466.08,Delivered,Automotive
8442,156,Warehouse_B,2026-06-03,2026-06-05,63,2197.01,Cancelled,Pharma
8443,94,Warehouse_B,2026-05-22,2026-05-25,16,9695.54,Delayed,Pharma
8444,376,Warehouse_B,2026-05-19,2026-05-31,20,6971.95,Delayed,Electronics
8445,379,Warehouse_E,2026-05-07,2026-05-12,70,4850.59,Cancelled,Pharma
8446,151,Warehouse_C,2026-05-18,2026-06-07,52,4928.15,Cancelled,Electronics
8447,196,Warehouse_D,2026-05-18,2026-05-24,79,5912.25,Delivered,FMCG
8448,273,Warehouse_B,2026-05-11,2026-05-26,77,3719.22,Delayed,Automotive
8449,366,Warehouse_A,2026-05-21,2026-05-26,17,5330.94,In Transit,Electronics
8450,116,Warehouse_B,2026-05-09,2026-05-28,43,1722.5,Delayed,Automotive
8451,476,Warehouse_A,2026-05-23,2026-05-25,40,154.0,Cancelled,FMCG
8452,483,Warehouse_E,2026-05-09,2026-05-24,33,5554.34,Delivered,Industrial
8453,325,Warehouse_B,2026-05-11,2026-05-30,15,834.57,Delivered,Electronics
8454,200,Warehouse_B,2026-06-01,2026-06-15,48,3144.52,Cancelled,Pharma
8455,240,Warehouse_A,2026-05-14,2026-05-20,44,8530.89,In Transit,FMCG
8456,455,Warehouse_D,2026-05-21,2026-06-09,4,7670.22,Delayed,FMCG
8457,412,Warehouse_B,2026-05-26,2026-05-31,37,1650.05,Cancelled,Industrial
8458,456,Warehouse_B,2026-06-04,2026-06-14,5,9291.07,Delivered,Automotive
8459,121,Warehouse_E,2026-05-15,2026-05-20,26,3280.4,Delivered,Electronics
8460,36,Warehouse_A,2026-05-08,2026-05-11,14,8329.16,Delivered,Pharma
8461,402,Warehouse_A,2026-05-23,2026-06-10,78,8977.11,Delivered,Pharma
8462,38,Warehouse_C,2026-06-01,2026-06-17,47,8853.71,Cancelled,FMCG
8463,194,Warehouse_B,2026-05-18,2026-05-27,58,5247.73,Delivered,Electronics
8464,351,Warehouse_A,2026-05-23,2026-05-31,43,8688.24,Delivered,Industrial
8465,126,Warehouse_A,2026-05-19,2026-05-28,26,111.89,Delivered,Industrial
8466,393,Warehouse_A,2026-05-08,2026-05-21,70,7785.44,Cancelled,FMCG
8467,472,Warehouse_C,2026-05-29,2026-06-13,33,6304.72,Delivered,Automotive
8468,430,Warehouse_B,2026-05-11,2026-05-16,29,2090.72,In Transit,Electronics
8469,354,Warehouse_B,2026-05-08,2026-05-26,5,9155.37,Delayed,FMCG
8470,246,Warehouse_A,2026-05-28,2026-06-10,9,7947.07,Delivered,Pharma
8471,221,Warehouse_C,2026-05-09,2026-05-20,91,9792.85,Delayed,Automotive
8472,308,Warehouse_E,2026-05-20,2026-05-27,45,6445.71,Cancelled,Electronics
8473,168,Warehouse_C,2026-05-18,2026-05-19,96,613.47,Delivered,Automotive
8474,95,Warehouse_B,2026-06-02,2026-06-17,24,9500.48,Delayed,Industrial
8475,381,Warehouse_D,2026-05-17,2026-06-03,57,9156.63,Delayed,FMCG
8476,116,Warehouse_A,2026-05-16,2026-06-03,37,1411.21,Delivered,Automotive
8477,338,Warehouse_B,2026-05-19,2026-05-25,8,5371.29,Cancelled,Pharma
8478,95,Warehouse_B,2026-05-29,2026-06-03,36,2804.64,Delivered,Electronics
8479,498,Warehouse_C,2026-06-02,2026-06-13,89,6144.19,In Transit,Pharma
8480,203,Warehouse_E,2026-05-20,2026-06-01,4,5911.66,Delivered,Electronics
8481,390,Warehouse_E,2026-05-12,2026-05-26,57,4883.64,Delayed,Automotive
8482,217,Warehouse_D,2026-05-10,2026-05-22,62,611.11,Cancelled,Automotive
8483,365,Warehouse_A,2026-05-16,2026-05-22,87,630.46,Delayed,Automotive
8484,219,Warehouse_D,2026-05-14,2026-05-25,71,1949.01,Delivered,Pharma
8485,301,Warehouse_D,2026-05-09,2026-05-27,42,6168.17,In Transit,Automotive
8486,197,Warehouse_A,2026-05-29,2026-06-10,8,9805.32,Cancelled,Automotive
8487,126,Warehouse_D,2026-06-03,2026-06-13,48,6185.56,Cancelled,Industrial
8488,383,Warehouse_A,2026-05-13,2026-05-24,60,5489.3,Delayed,Automotive
8489,323,Warehouse_C,2026-05-11,2026-05-16,2,6006.76,Cancelled,Industrial
8490,42,Warehouse_B,2026-05-26,2026-06-02,17,4761.55,Delayed,Automotive
8491,152,Warehouse_D,2026-06-04,2026-06-19,58,6676.75,Delayed,FMCG
8492,263,Warehouse_E,2026-05-07,2026-05-26,75,5395.53,Delivered,FMCG
8493,363,Warehouse_D,2026-05-25,2026-05-29,67,1479.07,Cancelled,Pharma
8494,150,Warehouse_B,2026-05-13,2026-05-29,96,9983.05,Cancelled,Pharma
8495,87,Warehouse_D,2026-05-26,2026-06-14,13,9264.62,Cancelled,FMCG
8496,335,Warehouse_A,2026-05-23,2026-06-02,12,7143.38,Cancelled,Automotive
8497,136,Warehouse_C,2026-05-28,2026-06-05,2,5895.44,Delayed,Electronics
8498,267,Warehouse_D,2026-05-12,2026-05-26,53,5266.12,In Transit,Pharma
8499,297,Warehouse_C,2026-06-04,2026-06-12,94,5878.33,In Transit,Automotive
8500,77,Warehouse_D,2026-05-13,2026-05-20,9,8277.33,Delivered,Industrial
8501,110,Warehouse_E,2026-05-17,2026-05-28,13,2222.35,In Transit,Electronics
8502,443,Warehouse_B,2026-05-27,2026-06-12,79,1264.85,In Transit,Electronics
8503,344,Warehouse_A,2026-05-13,2026-05-24,30,9536.88,In Transit,Pharma
8504,44,Warehouse_D,2026-05-17,2026-05-19,37,9843.29,Delivered,Industrial
8505,419,Warehouse_E,2026-05-27,2026-06-14,44,8639.09,Delayed,Pharma
8506,500,Warehouse_A,2026-05-17,2026-06-01,25,224.82,In Transit,Pharma
8507,350,Warehouse_B,2026-05-16,2026-06-04,79,9971.14,Delayed,Pharma
8508,449,Warehouse_A,2026-06-03,2026-06-16,85,3004.27,In Transit,Industrial
8509,407,Warehouse_B,2026-05-10,2026-05-19,78,7383.09,Delayed,Industrial
8510,91,Warehouse_C,2026-06-04,2026-06-22,80,3104.52,In Transit,Industrial
8511,398,Warehouse_B,2026-05-12,2026-05-18,35,8379.84,Cancelled,Industrial
8512,140,Warehouse_B,2026-05-08,2026-05-20,30,8461.86,Cancelled,Automotive
8513,100,Warehouse_E,2026-06-04,2026-06-24,37,7880.46,In Transit,FMCG
8514,228,Warehouse_A,2026-06-03,2026-06-19,74,6401.21,Delayed,Automotive
8515,176,Warehouse_D,2026-05-27,2026-06-08,49,1989.43,In Transit,Industrial
8516,445,Warehouse_B,2026-05-17,2026-06-01,53,6919.86,Cancelled,Industrial
8517,367,Warehouse_C,2026-05-19,2026-05-23,95,8260.91,In Transit,Pharma
8518,295,Warehouse_C,2026-05-13,2026-05-30,84,1495.11,Delayed,Industrial
8519,296,Warehouse_D,2026-05-19,2026-05-28,65,3022.84,In Transit,Automotive
8520,291,Warehouse_A,2026-06-01,2026-06-02,26,9578.3,Cancelled,Industrial
8521,79,Warehouse_D,2026-05-27,2026-05-29,97,8545.26,Cancelled,Automotive
8522,227,Warehouse_D,2026-05-27,2026-06-12,20,3180.83,Delayed,Pharma
8523,350,Warehouse_A,2026-05-25,2026-06-12,63,5663.34,In Transit,Automotive
8524,66,Warehouse_A,2026-05-21,2026-06-04,87,2293.01,In Transit,Industrial
8525,102,Warehouse_D,2026-05-30,2026-06-01,6,9956.18,Cancelled,Electronics
8526,194,Warehouse_B,2026-06-01,2026-06-09,71,9048.1,Delayed,FMCG
8527,494,Warehouse_A,2026-05-08,2026-05-25,66,2292.97,Delayed,Electronics
8528,242,Warehouse_E,2026-05-11,2026-05-29,38,5184.12,In Transit,Electronics
8529,84,Warehouse_E,2026-05-21,2026-06-05,34,7222.9,Delayed,Automotive
8530,59,Warehouse_A,2026-05-07,2026-05-09,60,4193.35,Delivered,Pharma
8531,133,Warehouse_E,2026-05-06,2026-05-22,93,3677.46,Delayed,Automotive
8532,305,Warehouse_E,2026-05-20,2026-05-31,18,2053.24,Delayed,Electronics
8533,52,Warehouse_A,2026-05-30,2026-06-06,76,8450.18,In Transit,Pharma
8534,484,Warehouse_B,2026-05-13,2026-05-23,82,7882.59,Delayed,FMCG
8535,32,Warehouse_C,2026-05-31,2026-06-10,2,8216.12,Delivered,Electronics
8536,201,Warehouse_B,2026-05-29,2026-06-09,73,259.89,Cancelled,Automotive
8537,364,Warehouse_B,2026-05-19,2026-06-08,25,6551.99,In Transit,Pharma
8538,148,Warehouse_E,2026-05-21,2026-05-23,21,3136.93,In Transit,Pharma
8539,62,Warehouse_C,2026-05-26,2026-06-09,66,5780.16,Cancelled,Industrial
8540,287,Warehouse_B,2026-05-07,2026-05-08,55,3599.65,Delivered,Automotive
8541,237,Warehouse_A,2026-05-22,2026-06-09,41,9212.26,In Transit,Electronics
8542,153,Warehouse_A,2026-05-18,2026-05-19,26,7914.45,Cancelled,Automotive
8543,33,Warehouse_A,2026-06-04,2026-06-20,67,9226.75,Delivered,Industrial
8544,135,Warehouse_C,2026-05-06,2026-05-17,68,3126.03,Cancelled,Industrial
8545,442,Warehouse_A,2026-06-04,2026-06-06,92,9774.2,Delivered,FMCG
8546,368,Warehouse_B,2026-05-08,2026-05-22,65,6270.5,Cancelled,Industrial
8547,388,Warehouse_A,2026-05-06,2026-05-08,11,2537.65,In Transit,Electronics
8548,266,Warehouse_D,2026-06-04,2026-06-22,14,8469.97,Cancelled,Pharma
8549,246,Warehouse_E,2026-05-11,2026-05-14,43,2036.0,Delivered,FMCG
8550,119,Warehouse_C,2026-05-18,2026-05-29,37,8779.38,Cancelled,Industrial
8551,23,Warehouse_B,2026-05-10,2026-05-30,45,9141.19,Cancelled,Pharma
8552,487,Warehouse_B,2026-05-16,2026-05-21,30,6150.25,Delayed,FMCG
8553,337,Warehouse_D,2026-05-15,2026-05-18,68,6460.45,Delivered,Automotive
8554,260,Warehouse_E,2026-05-28,2026-06-12,74,7859.94,In Transit,Electronics
8555,228,Warehouse_B,2026-06-04,2026-06-10,24,6147.42,Delayed,Pharma
8556,15,Warehouse_D,2026-05-06,2026-05-23,43,9610.12,In Transit,Pharma
8557,212,Warehouse_B,2026-05-23,2026-06-12,2,7019.29,Cancelled,Pharma
8558,224,Warehouse_E,2026-05-24,2026-06-01,69,8441.06,Delayed,Automotive
8559,119,Warehouse_B,2026-06-02,2026-06-19,41,2631.87,Cancelled,FMCG
8560,298,Warehouse_A,2026-05-08,2026-05-27,37,8840.04,Delivered,Pharma
8561,29,Warehouse_A,2026-05-10,2026-05-24,41,7244.63,In Transit,Pharma
8562,83,Warehouse_B,2026-05-14,2026-05-21,67,8489.58,In Transit,Pharma
8563,89,Warehouse_C,2026-06-01,2026-06-11,48,756.68,Delivered,Automotive
8564,190,Warehouse_C,2026-05-19,2026-06-06,66,7786.67,In Transit,Industrial
8565,408,Warehouse_C,2026-05-11,2026-05-22,63,2287.11,Cancelled,Automotive
8566,276,Warehouse_A,2026-05-25,2026-06-14,81,4780.32,Cancelled,FMCG
8567,151,Warehouse_A,2026-05-31,2026-06-17,92,3251.83,In Transit,Pharma
8568,482,Warehouse_C,2026-05-17,2026-05-21,68,3135.84,In Transit,Automotive
8569,314,Warehouse_D,2026-05-11,2026-05-20,64,2884.71,Cancelled,Electronics
8570,95,Warehouse_D,2026-05-10,2026-05-16,20,2399.96,Cancelled,FMCG
8571,291,Warehouse_E,2026-05-19,2026-05-25,99,7022.66,In Transit,Industrial
8572,414,Warehouse_B,2026-05-17,2026-06-06,28,8070.02,In Transit,Industrial
8573,354,Warehouse_E,2026-05-10,2026-05-29,23,8221.95,Delivered,Pharma
8574,351,Warehouse_C,2026-05-29,2026-06-03,38,9443.58,Delayed,Industrial
8575,176,Warehouse_C,2026-05-16,2026-06-05,48,8136.87,Delayed,Pharma
8576,130,Warehouse_E,2026-05-31,2026-06-06,64,8492.94,Delivered,Pharma
8577,372,Warehouse_B,2026-05-27,2026-05-31,21,8013.64,Delayed,Automotive
8578,462,Warehouse_A,2026-06-02,2026-06-12,98,4396.99,Cancelled,Automotive
8579,279,Warehouse_C,2026-05-22,2026-05-23,32,6701.31,Cancelled,FMCG
8580,310,Warehouse_B,2026-06-01,2026-06-08,30,6348.47,Cancelled,Electronics
8581,461,Warehouse_D,2026-05-09,2026-05-28,45,4710.07,In Transit,Automotive
8582,424,Warehouse_C,2026-05-16,2026-05-17,47,6666.8,Cancelled,Industrial
8583,124,Warehouse_D,2026-05-24,2026-05-27,51,8676.5,Delivered,Automotive
8584,337,Warehouse_A,2026-05-13,2026-05-17,66,9298.33,In Transit,Automotive
8585,440,Warehouse_A,2026-06-01,2026-06-03,3,2386.51,In Transit,FMCG
8586,39,Warehouse_B,2026-05-28,2026-06-11,89,673.98,Cancelled,FMCG
8587,28,Warehouse_E,2026-05-12,2026-05-16,99,6491.37,Delivered,Industrial
8588,85,Warehouse_C,2026-05-25,2026-06-06,44,3768.19,Cancelled,Automotive
8589,246,Warehouse_E,2026-05-16,2026-05-31,55,304.86,Delayed,Industrial
8590,22,Warehouse_C,2026-06-03,2026-06-17,58,8572.8,Delayed,Automotive
8591,363,Warehouse_A,2026-05-10,2026-05-24,25,8308.05,Cancelled,FMCG
8592,252,Warehouse_A,2026-05-17,2026-05-23,35,681.41,Cancelled,Automotive
8593,212,Warehouse_B,2026-05-12,2026-05-27,49,1146.13,Delivered,Pharma
8594,258,Warehouse_A,2026-05-23,2026-06-08,88,8246.25,Delayed,Industrial
8595,493,Warehouse_D,2026-05-28,2026-06-14,69,2530.94,In Transit,Electronics
8596,397,Warehouse_C,2026-05-08,2026-05-18,5,3141.56,In Transit,Pharma
8597,417,Warehouse_E,2026-06-03,2026-06-22,63,9473.33,Delivered,Automotive
8598,240,Warehouse_C,2026-05-27,2026-06-13,73,3333.22,Delayed,Pharma
8599,250,Warehouse_A,2026-05-18,2026-06-03,65,8343.91,In Transit,Industrial
8600,165,Warehouse_C,2026-05-27,2026-05-29,55,4585.23,Delayed,Electronics
8601,394,Warehouse_A,2026-05-17,2026-05-21,61,8539.39,Delivered,FMCG
8602,135,Warehouse_C,2026-05-06,2026-05-14,14,9079.77,Cancelled,Automotive
8603,27,Warehouse_E,2026-05-15,2026-05-21,47,7077.29,Delivered,Pharma
8604,97,Warehouse_D,2026-06-01,2026-06-09,7,9687.59,Cancelled,Electronics
8605,249,Warehouse_A,2026-05-14,2026-05-26,74,2175.72,In Transit,Automotive
8606,202,Warehouse_E,2026-05-14,2026-05-24,35,5305.7,Delayed,Automotive
8607,2,Warehouse_E,2026-05-12,2026-05-23,90,781.64,Delivered,FMCG
8608,83,Warehouse_B,2026-05-11,2026-05-22,32,1900.28,In Transit,Industrial
8609,378,Warehouse_D,2026-06-02,2026-06-20,74,3964.98,Delivered,Pharma
8610,7,Warehouse_D,2026-05-10,2026-05-28,39,1269.35,Delayed,Pharma
8611,40,Warehouse_A,2026-05-25,2026-06-09,87,8473.44,Delivered,Electronics
8612,286,Warehouse_A,2026-05-18,2026-05-24,2,5607.02,In Transit,Industrial
8613,290,Warehouse_E,2026-05-30,2026-06-08,36,7353.6,Delivered,FMCG
8614,277,Warehouse_C,2026-05-13,2026-05-14,85,1077.3,Cancelled,Automotive
8615,128,Warehouse_A,2026-05-18,2026-06-07,35,9710.18,In Transit,FMCG
8616,437,Warehouse_A,2026-05-24,2026-05-26,44,5432.18,Cancelled,Electronics
8617,117,Warehouse_B,2026-05-19,2026-05-28,16,6828.53,In Transit,Automotive
8618,318,Warehouse_D,2026-05-23,2026-05-26,59,5677.03,Delayed,Automotive
8619,328,Warehouse_B,2026-05-06,2026-05-11,95,5377.97,Delivered,Electronics
8620,353,Warehouse_C,2026-05-19,2026-05-25,100,9969.97,Delayed,Pharma
8621,67,Warehouse_E,2026-05-11,2026-05-13,36,7072.34,Cancelled,Industrial
8622,277,Warehouse_D,2026-05-19,2026-06-02,16,3472.62,Delivered,FMCG
8623,193,Warehouse_C,2026-06-03,2026-06-17,23,7429.43,Delayed,FMCG
8624,25,Warehouse_C,2026-05-13,2026-05-16,91,9385.63,Delayed,Industrial
8625,484,Warehouse_D,2026-05-10,2026-05-19,99,6438.76,Delivered,Industrial
8626,381,Warehouse_C,2026-05-12,2026-05-27,55,9768.01,Delayed,Pharma
8627,463,Warehouse_E,2026-05-22,2026-06-01,72,4268.25,Delayed,Automotive
8628,361,Warehouse_E,2026-05-23,2026-06-01,17,1883.7,Delayed,FMCG
8629,488,Warehouse_B,2026-06-04,2026-06-15,14,5614.43,In Transit,Industrial
8630,127,Warehouse_B,2026-05-12,2026-05-14,86,9171.33,Cancelled,Automotive
8631,480,Warehouse_E,2026-05-17,2026-05-27,85,4608.92,Cancelled,Automotive
8632,487,Warehouse_B,2026-06-03,2026-06-04,85,9336.84,In Transit,FMCG
8633,189,Warehouse_A,2026-05-13,2026-06-02,38,1881.52,Delivered,Pharma
8634,206,Warehouse_D,2026-05-19,2026-06-07,7,7067.74,Delayed,FMCG
8635,334,Warehouse_B,2026-05-20,2026-06-09,85,144.31,In Transit,Automotive
8636,223,Warehouse_C,2026-05-18,2026-06-07,3,9754.92,Delivered,Industrial
8637,465,Warehouse_A,2026-05-10,2026-05-14,44,8690.71,Delivered,FMCG
8638,385,Warehouse_C,2026-05-10,2026-05-14,39,193.72,Delayed,Electronics
8639,88,Warehouse_E,2026-05-29,2026-06-16,29,7656.73,Cancelled,FMCG
8640,86,Warehouse_C,2026-05-10,2026-05-25,10,6832.49,Cancelled,Pharma
8641,94,Warehouse_C,2026-05-07,2026-05-12,44,2671.51,Delayed,Automotive
8642,426,Warehouse_D,2026-05-24,2026-05-26,7,1922.35,In Transit,FMCG
8643,481,Warehouse_E,2026-05-26,2026-06-02,21,8377.91,Delayed,Industrial
8644,269,Warehouse_D,2026-05-25,2026-05-31,3,4987.53,Delivered,FMCG
8645,80,Warehouse_C,2026-05-31,2026-06-09,76,7277.36,Cancelled,Automotive
8646,112,Warehouse_E,2026-05-20,2026-05-22,14,5978.0,In Transit,Pharma
8647,285,Warehouse_C,2026-05-07,2026-05-09,30,2289.44,Delayed,FMCG
8648,346,Warehouse_C,2026-05-30,2026-06-08,80,1398.1,Delayed,Automotive
8649,179,Warehouse_C,2026-05-18,2026-05-27,38,7510.45,In Transit,Industrial
8650,347,Warehouse_E,2026-05-16,2026-06-04,13,7187.22,In Transit,Electronics
8651,376,Warehouse_C,2026-05-24,2026-06-13,57,863.12,Delayed,Pharma
8652,281,Warehouse_E,2026-05-15,2026-05-31,27,6808.44,Cancelled,Automotive
8653,273,Warehouse_B,2026-05-26,2026-06-13,73,4631.18,Delayed,Industrial
8654,39,Warehouse_E,2026-05-18,2026-06-04,39,1810.06,Delayed,Industrial
8655,221,Warehouse_E,2026-06-02,2026-06-04,6,8718.38,In Transit,FMCG
8656,463,Warehouse_A,2026-05-21,2026-06-08,46,5065.06,Delayed,Electronics
8657,44,Warehouse_C,2026-06-04,2026-06-07,52,9384.77,Delivered,FMCG
8658,78,Warehouse_C,2026-05-23,2026-06-11,96,266.61,Cancelled,FMCG
8659,179,Warehouse_E,2026-05-28,2026-06-04,31,2082.42,Delayed,Industrial
8660,380,Warehouse_C,2026-05-22,2026-06-06,44,6246.18,Cancelled,Industrial
8661,408,Warehouse_C,2026-05-31,2026-06-19,64,567.87,Delayed,Electronics
8662,364,Warehouse_E,2026-05-25,2026-06-02,13,7478.07,In Transit,Pharma
8663,207,Warehouse_A,2026-06-03,2026-06-14,11,2534.93,Cancelled,Industrial
8664,487,Warehouse_B,2026-05-06,2026-05-22,28,513.15,In Transit,Industrial
8665,425,Warehouse_C,2026-05-07,2026-05-16,77,9048.41,Cancelled,Industrial
8666,7,Warehouse_E,2026-05-15,2026-05-20,52,8350.72,Delivered,Automotive
8667,187,Warehouse_B,2026-05-29,2026-06-01,94,6386.45,In Transit,Automotive
8668,445,Warehouse_A,2026-05-26,2026-05-30,95,2018.94,Delayed,Automotive
8669,413,Warehouse_D,2026-05-21,2026-05-30,23,6550.36,Delivered,Pharma
8670,433,Warehouse_C,2026-05-09,2026-05-17,30,218.32,Delivered,Pharma
8671,394,Warehouse_C,2026-05-16,2026-05-28,34,1152.96,In Transit,Industrial
8672,257,Warehouse_B,2026-05-26,2026-06-14,96,4336.21,In Transit,FMCG
8673,233,Warehouse_C,2026-05-15,2026-06-01,20,4364.64,Delivered,Industrial
8674,5,Warehouse_C,2026-05-30,2026-06-09,22,6604.31,Cancelled,Automotive
8675,221,Warehouse_D,2026-05-16,2026-06-03,29,7938.87,Delivered,FMCG
8676,457,Warehouse_C,2026-06-02,2026-06-11,58,170.74,In Transit,Electronics
8677,94,Warehouse_B,2026-05-16,2026-05-26,17,738.51,Delivered,Electronics
8678,347,Warehouse_A,2026-06-01,2026-06-03,92,9282.68,Delayed,Electronics
8679,221,Warehouse_B,2026-05-08,2026-05-26,9,4892.66,Cancelled,Industrial
8680,439,Warehouse_E,2026-05-07,2026-05-09,5,6734.08,Delayed,Electronics
8681,113,Warehouse_E,2026-05-11,2026-05-19,30,5637.87,Cancelled,Pharma
8682,13,Warehouse_C,2026-05-21,2026-05-28,76,3542.59,Cancelled,Electronics
8683,363,Warehouse_E,2026-06-04,2026-06-16,7,1705.61,Delivered,Industrial
8684,178,Warehouse_E,2026-06-04,2026-06-15,1,4574.93,Delayed,Automotive
8685,377,Warehouse_E,2026-06-03,2026-06-18,75,7572.08,Delayed,Automotive
8686,198,Warehouse_C,2026-05-31,2026-06-01,79,5070.9,Cancelled,Pharma
8687,137,Warehouse_B,2026-05-24,2026-05-26,76,9908.88,Delayed,Industrial
8688,445,Warehouse_E,2026-05-15,2026-05-16,74,9163.87,Cancelled,Automotive
8689,64,Warehouse_D,2026-05-10,2026-05-20,20,7121.18,Delayed,FMCG
8690,384,Warehouse_B,2026-05-06,2026-05-16,47,5424.96,In Transit,Automotive
8691,204,Warehouse_C,2026-06-02,2026-06-15,37,7223.94,Delivered,Electronics
8692,466,Warehouse_B,2026-05-31,2026-06-11,18,7858.63,Cancelled,FMCG
8693,8,Warehouse_A,2026-05-12,2026-05-21,97,980.15,Delayed,Automotive
8694,89,Warehouse_D,2026-05-26,2026-05-27,50,6730.9,Delivered,Electronics
8695,288,Warehouse_E,2026-05-30,2026-06-05,41,8634.58,In Transit,Electronics
8696,282,Warehouse_D,2026-05-31,2026-06-12,77,2142.72,Cancelled,FMCG
8697,341,Warehouse_C,2026-05-26,2026-06-15,27,5364.13,Delayed,FMCG
8698,364,Warehouse_B,2026-05-13,2026-05-19,35,9340.47,In Transit,FMCG
8699,395,Warehouse_B,2026-05-06,2026-05-26,93,3982.22,Delayed,FMCG
8700,465,Warehouse_E,2026-05-06,2026-05-08,95,5717.85,In Transit,Industrial
8701,72,Warehouse_C,2026-05-13,2026-05-23,73,2283.88,Delayed,Pharma
8702,10,Warehouse_E,2026-05-13,2026-06-02,38,4688.76,Delivered,Pharma
8703,260,Warehouse_D,2026-05-25,2026-06-12,91,2526.65,Delayed,Automotive
8704,2,Warehouse_E,2026-05-11,2026-05-29,66,3655.37,Cancelled,Electronics
8705,24,Warehouse_D,2026-05-21,2026-06-01,48,2635.89,In Transit,Pharma
8706,451,Warehouse_D,2026-05-24,2026-05-31,8,3774.67,In Transit,Pharma
8707,105,Warehouse_B,2026-05-29,2026-05-30,27,6837.33,Delayed,Industrial
8708,128,Warehouse_C,2026-05-08,2026-05-10,43,7418.26,Delayed,FMCG
8709,203,Warehouse_C,2026-05-25,2026-06-03,38,6711.15,Cancelled,Pharma
8710,328,Warehouse_E,2026-05-26,2026-06-10,37,1477.95,In Transit,FMCG
8711,203,Warehouse_A,2026-06-04,2026-06-17,40,4664.63,Delivered,Automotive
8712,76,Warehouse_A,2026-05-19,2026-05-20,91,3700.98,Cancelled,Automotive
8713,350,Warehouse_D,2026-05-16,2026-06-02,93,4468.66,Delayed,Industrial
8714,143,Warehouse_E,2026-05-09,2026-05-27,60,4929.56,In Transit,Electronics
8715,483,Warehouse_A,2026-05-31,2026-06-13,52,2285.05,Delayed,FMCG
8716,214,Warehouse_D,2026-05-17,2026-05-25,28,8591.67,Delivered,Pharma
8717,74,Warehouse_E,2026-05-29,2026-06-13,18,3048.87,Delivered,Pharma
8718,313,Warehouse_B,2026-05-18,2026-05-20,95,6344.86,Delayed,FMCG
8719,424,Warehouse_E,2026-05-07,2026-05-26,66,8359.5,In Transit,Automotive
8720,395,Warehouse_D,2026-05-28,2026-05-29,40,8263.65,Delivered,Pharma
8721,316,Warehouse_E,2026-05-28,2026-06-02,67,4183.87,Cancelled,Electronics
8722,123,Warehouse_A,2026-05-08,2026-05-15,91,3665.46,Cancelled,Electronics
8723,283,Warehouse_E,2026-05-30,2026-06-08,76,7089.5,Delayed,Electronics
8724,275,Warehouse_E,2026-05-06,2026-05-21,62,9208.27,Delayed,Automotive
8725,201,Warehouse_E,2026-06-04,2026-06-21,65,5538.63,In Transit,Pharma
8726,70,Warehouse_D,2026-05-17,2026-05-23,47,9646.15,In Transit,Industrial
8727,335,Warehouse_C,2026-05-25,2026-06-04,5,5124.91,In Transit,FMCG
8728,384,Warehouse_E,2026-05-21,2026-06-06,49,6948.47,Delivered,Electronics
8729,306,Warehouse_E,2026-05-08,2026-05-23,46,2913.03,In Transit,FMCG
8730,232,Warehouse_C,2026-05-13,2026-05-26,71,3765.56,Delayed,Industrial
8731,45,Warehouse_C,2026-05-26,2026-05-30,75,1493.35,Delivered,Industrial
8732,435,Warehouse_A,2026-05-10,2026-05-16,83,8742.85,Delayed,Electronics
8733,93,Warehouse_C,2026-05-16,2026-05-21,16,6475.23,Delivered,Pharma
8734,351,Warehouse_E,2026-05-29,2026-06-02,69,4269.03,In Transit,Automotive
8735,435,Warehouse_E,2026-05-20,2026-06-09,24,493.34,Delayed,FMCG
8736,335,Warehouse_A,2026-05-29,2026-06-08,12,5944.69,Delivered,Pharma
8737,398,Warehouse_E,2026-06-04,2026-06-24,30,833.74,Cancelled,Electronics
8738,135,Warehouse_B,2026-05-17,2026-05-25,32,4959.32,Delivered,Electronics
8739,150,Warehouse_A,2026-05-17,2026-05-29,35,3146.59,In Transit,Automotive
8740,193,Warehouse_A,2026-05-23,2026-05-29,69,2928.78,Cancelled,FMCG
8741,310,Warehouse_C,2026-05-15,2026-05-28,39,4236.96,Cancelled,Pharma
8742,470,Warehouse_E,2026-05-28,2026-06-07,39,2222.52,Cancelled,FMCG
8743,425,Warehouse_C,2026-05-09,2026-05-27,82,9856.18,Cancelled,Automotive
8744,395,Warehouse_B,2026-05-27,2026-06-11,88,1594.45,Delivered,Industrial
8745,171,Warehouse_B,2026-06-01,2026-06-12,82,2037.89,In Transit,Pharma
8746,45,Warehouse_A,2026-05-29,2026-06-01,99,4216.2,Cancelled,FMCG
8747,81,Warehouse_D,2026-05-08,2026-05-13,69,1120.34,Delivered,Industrial
8748,463,Warehouse_E,2026-05-27,2026-05-29,95,8216.6,Delayed,FMCG
8749,377,Warehouse_B,2026-05-07,2026-05-09,50,3603.92,Cancelled,Industrial
8750,317,Warehouse_E,2026-05-14,2026-06-02,11,9141.76,In Transit,Pharma
8751,23,Warehouse_C,2026-05-10,2026-05-22,62,1447.15,Cancelled,Industrial
8752,241,Warehouse_C,2026-05-31,2026-06-05,51,4793.4,Delivered,FMCG
8753,296,Warehouse_A,2026-05-10,2026-05-11,43,287.73,Cancelled,Automotive
8754,8,Warehouse_C,2026-06-01,2026-06-13,60,7163.78,In Transit,Automotive
8755,349,Warehouse_D,2026-05-24,2026-06-03,85,7232.26,In Transit,Automotive
8756,290,Warehouse_E,2026-05-10,2026-05-29,22,2783.85,In Transit,Electronics
8757,252,Warehouse_D,2026-05-11,2026-05-24,29,305.09,Cancelled,Electronics
8758,257,Warehouse_A,2026-06-02,2026-06-19,6,3755.54,Delayed,Electronics
8759,420,Warehouse_D,2026-05-30,2026-06-13,58,649.99,In Transit,Automotive
8760,119,Warehouse_E,2026-05-26,2026-05-28,82,5008.05,Delivered,Industrial
8761,359,Warehouse_E,2026-05-07,2026-05-09,28,3941.73,Cancelled,Automotive
8762,193,Warehouse_D,2026-05-20,2026-05-28,83,1046.84,Cancelled,Pharma
8763,292,Warehouse_A,2026-05-26,2026-05-28,9,2612.22,In Transit,FMCG
8764,479,Warehouse_E,2026-05-20,2026-05-25,72,1591.17,Cancelled,Automotive
8765,497,Warehouse_E,2026-05-08,2026-05-11,85,1277.67,Delivered,FMCG
8766,358,Warehouse_E,2026-05-22,2026-06-09,10,6319.5,Delayed,FMCG
8767,173,Warehouse_A,2026-05-13,2026-05-15,97,3729.12,Delivered,Automotive
8768,461,Warehouse_E,2026-05-18,2026-05-29,96,3239.33,Cancelled,Industrial
8769,394,Warehouse_E,2026-05-07,2026-05-09,68,5429.53,Delayed,Industrial
8770,499,Warehouse_E,2026-05-11,2026-05-31,87,854.5,In Transit,Electronics
8771,146,Warehouse_B,2026-05-28,2026-06-10,60,2985.16,Delivered,Electronics
8772,363,Warehouse_A,2026-05-31,2026-06-02,1,5496.72,In Transit,Industrial
8773,132,Warehouse_D,2026-05-22,2026-05-25,31,9503.45,Cancelled,Pharma
8774,280,Warehouse_A,2026-05-07,2026-05-08,59,9062.31,Cancelled,Electronics
8775,205,Warehouse_A,2026-05-23,2026-05-25,69,1595.13,In Transit,Electronics
8776,50,Warehouse_C,2026-05-08,2026-05-22,26,2632.92,In Transit,Electronics
8777,231,Warehouse_D,2026-05-17,2026-05-18,56,3494.68,In Transit,FMCG
8778,219,Warehouse_A,2026-05-14,2026-05-15,85,2672.84,In Transit,Automotive
8779,328,Warehouse_B,2026-05-31,2026-06-06,90,2242.57,Delayed,Automotive
8780,458,Warehouse_D,2026-05-19,2026-06-06,29,5410.67,Delayed,Pharma
8781,147,Warehouse_A,2026-05-10,2026-05-11,4,4995.51,In Transit,FMCG
8782,336,Warehouse_A,2026-05-19,2026-05-29,7,1096.32,Cancelled,Industrial
8783,214,Warehouse_D,2026-05-14,2026-05-16,15,6724.37,In Transit,Automotive
8784,75,Warehouse_D,2026-05-09,2026-05-14,48,6153.96,Cancelled,Electronics
8785,99,Warehouse_D,2026-05-14,2026-05-18,14,2043.9,Cancelled,Industrial
8786,324,Warehouse_C,2026-05-21,2026-05-22,84,6498.99,Cancelled,Electronics
8787,91,Warehouse_C,2026-05-14,2026-05-18,93,493.99,Cancelled,Electronics
8788,305,Warehouse_D,2026-05-26,2026-05-29,83,7515.94,Delayed,Industrial
8789,11,Warehouse_C,2026-05-08,2026-05-15,20,2064.4,Cancelled,Electronics
8790,395,Warehouse_B,2026-05-14,2026-05-31,24,673.44,Cancelled,Pharma
8791,442,Warehouse_A,2026-05-17,2026-06-04,57,9057.6,Cancelled,Automotive
8792,68,Warehouse_A,2026-05-23,2026-06-07,60,3486.87,Delayed,Electronics
8793,144,Warehouse_D,2026-05-11,2026-05-13,50,6239.26,Delayed,Automotive
8794,10,Warehouse_A,2026-05-19,2026-05-24,79,2474.19,Delayed,Automotive
8795,324,Warehouse_D,2026-05-06,2026-05-13,3,1933.15,Delayed,FMCG
8796,187,Warehouse_B,2026-05-17,2026-06-05,59,3763.74,Cancelled,Industrial
8797,343,Warehouse_E,2026-06-03,2026-06-16,22,6016.46,Delivered,Automotive
8798,153,Warehouse_B,2026-05-31,2026-06-11,41,3821.3,Delivered,FMCG
8799,172,Warehouse_D,2026-06-03,2026-06-12,78,7381.99,In Transit,Electronics
8800,273,Warehouse_B,2026-06-01,2026-06-13,7,9703.51,Delivered,FMCG
8801,41,Warehouse_B,2026-05-27,2026-06-05,65,8161.45,In Transit,Automotive
8802,284,Warehouse_A,2026-05-20,2026-05-22,58,3033.52,Delayed,Automotive
8803,174,Warehouse_A,2026-05-08,2026-05-12,62,5771.54,Delivered,Pharma
8804,194,Warehouse_B,2026-06-04,2026-06-11,6,7570.35,Delayed,Automotive
8805,324,Warehouse_C,2026-05-22,2026-05-26,59,7115.72,Delivered,FMCG
8806,479,Warehouse_D,2026-06-03,2026-06-10,8,4840.41,Cancelled,Electronics
8807,168,Warehouse_A,2026-06-03,2026-06-18,85,1963.38,Delivered,Electronics
8808,78,Warehouse_C,2026-05-25,2026-06-13,100,1188.43,Delivered,Electronics
8809,273,Warehouse_B,2026-05-11,2026-05-14,46,1757.39,In Transit,Electronics
8810,41,Warehouse_E,2026-05-15,2026-05-28,9,3503.36,Cancelled,Electronics
8811,195,Warehouse_A,2026-05-27,2026-06-08,12,4263.15,Delivered,Automotive
8812,277,Warehouse_C,2026-05-30,2026-06-17,26,9800.27,Delayed,Automotive
8813,281,Warehouse_D,2026-05-29,2026-06-18,28,2837.03,Delivered,Automotive
8814,62,Warehouse_A,2026-05-09,2026-05-21,93,3247.72,Cancelled,FMCG
8815,247,Warehouse_E,2026-06-01,2026-06-16,98,3984.01,Delayed,Industrial
8816,256,Warehouse_E,2026-05-06,2026-05-19,21,8536.56,Delivered,Industrial
8817,231,Warehouse_C,2026-05-30,2026-06-01,89,2762.41,Delayed,Electronics
8818,72,Warehouse_E,2026-05-23,2026-05-31,3,7528.31,Cancelled,Industrial
8819,190,Warehouse_A,2026-05-22,2026-05-24,2,9176.89,Delivered,Industrial
8820,122,Warehouse_B,2026-05-14,2026-05-25,3,3990.16,In Transit,FMCG
8821,250,Warehouse_B,2026-05-07,2026-05-26,79,9585.22,Cancelled,FMCG
8822,246,Warehouse_C,2026-05-21,2026-06-06,97,1153.47,Delivered,Automotive
8823,303,Warehouse_D,2026-06-04,2026-06-19,46,381.12,Cancelled,Industrial
8824,414,Warehouse_C,2026-05-14,2026-05-25,32,6385.62,Cancelled,Automotive
8825,102,Warehouse_B,2026-05-16,2026-05-19,100,426.03,Delivered,Pharma
8826,349,Warehouse_A,2026-05-25,2026-06-13,56,5502.17,Cancelled,Electronics
8827,62,Warehouse_A,2026-05-19,2026-05-29,5,6792.63,Delayed,Automotive
8828,234,Warehouse_E,2026-05-11,2026-05-19,3,6753.96,In Transit,Pharma
8829,138,Warehouse_B,2026-05-19,2026-05-30,42,3259.09,Delayed,Electronics
8830,476,Warehouse_C,2026-05-20,2026-05-28,2,2454.65,Delayed,Automotive
8831,407,Warehouse_E,2026-05-30,2026-06-07,87,5530.78,Cancelled,FMCG
8832,347,Warehouse_B,2026-05-31,2026-06-13,77,8591.16,Delayed,Industrial
8833,403,Warehouse_D,2026-05-08,2026-05-22,42,3301.18,Delayed,FMCG
8834,435,Warehouse_C,2026-05-22,2026-05-28,20,6452.26,In Transit,Pharma
8835,285,Warehouse_C,2026-05-29,2026-06-14,5,8046.61,Delivered,Pharma
8836,15,Warehouse_B,2026-05-22,2026-06-07,56,5515.13,Cancelled,FMCG
8837,174,Warehouse_C,2026-05-08,2026-05-11,51,9040.94,Delayed,Automotive
8838,351,Warehouse_D,2026-05-18,2026-06-05,68,8302.17,In Transit,Automotive
8839,313,Warehouse_E,2026-05-09,2026-05-26,68,6002.58,Cancelled,Automotive
8840,43,Warehouse_D,2026-05-28,2026-06-02,44,3557.97,In Transit,Pharma
8841,500,Warehouse_B,2026-05-14,2026-05-22,17,5387.49,Delivered,Pharma
8842,340,Warehouse_B,2026-05-10,2026-05-23,40,8679.35,Delivered,Electronics
8843,460,Warehouse_E,2026-05-29,2026-06-08,43,1068.47,Delayed,Pharma
8844,457,Warehouse_E,2026-05-26,2026-05-31,87,1147.38,Cancelled,FMCG
8845,193,Warehouse_E,2026-05-27,2026-06-15,26,1665.8,Delivered,Pharma
8846,177,Warehouse_D,2026-05-13,2026-05-20,49,1882.43,In Transit,FMCG
8847,438,Warehouse_C,2026-05-21,2026-05-22,76,7309.99,Cancelled,Pharma
8848,278,Warehouse_B,2026-06-01,2026-06-06,25,3988.32,Cancelled,Electronics
8849,355,Warehouse_C,2026-05-23,2026-06-09,39,9886.48,Cancelled,Electronics
8850,242,Warehouse_A,2026-05-13,2026-05-31,57,2101.07,In Transit,Industrial
8851,367,Warehouse_E,2026-05-21,2026-06-02,1,995.64,In Transit,FMCG
8852,100,Warehouse_A,2026-06-01,2026-06-03,76,7532.51,Cancelled,Pharma
8853,61,Warehouse_D,2026-05-11,2026-05-20,43,1294.48,Cancelled,Automotive
8854,115,Warehouse_E,2026-05-17,2026-06-04,1,8201.55,Delivered,Electronics
8855,306,Warehouse_E,2026-05-23,2026-06-02,98,9069.25,Delivered,Automotive
8856,185,Warehouse_B,2026-05-17,2026-05-25,10,1761.45,Delayed,Pharma
8857,400,Warehouse_B,2026-05-27,2026-06-06,8,8169.77,In Transit,Industrial
8858,435,Warehouse_A,2026-05-22,2026-05-28,33,8862.65,In Transit,Industrial
8859,70,Warehouse_D,2026-05-31,2026-06-15,20,3783.42,Delivered,Automotive
8860,283,Warehouse_C,2026-05-31,2026-06-20,16,8127.39,Cancelled,Industrial
8861,169,Warehouse_D,2026-05-30,2026-06-15,15,423.13,In Transit,Pharma
8862,348,Warehouse_E,2026-06-02,2026-06-16,92,7907.19,Delayed,FMCG
8863,6,Warehouse_E,2026-05-24,2026-05-26,64,3472.1,Delivered,Automotive
8864,399,Warehouse_B,2026-05-15,2026-05-25,99,9443.08,Delivered,FMCG
8865,215,Warehouse_E,2026-05-22,2026-06-08,82,891.97,Cancelled,Electronics
8866,36,Warehouse_D,2026-06-01,2026-06-05,45,400.52,Delivered,Automotive
8867,5,Warehouse_B,2026-05-12,2026-05-23,30,1459.94,Delivered,Automotive
8868,5,Warehouse_E,2026-05-22,2026-06-08,79,1660.56,In Transit,Automotive
8869,17,Warehouse_C,2026-05-20,2026-05-23,68,3655.41,Cancelled,Industrial
8870,67,Warehouse_D,2026-05-31,2026-06-01,65,9673.73,In Transit,Automotive
8871,26,Warehouse_A,2026-05-24,2026-05-29,4,5415.36,Delivered,FMCG
8872,486,Warehouse_B,2026-05-06,2026-05-22,38,9024.99,Delivered,Automotive
8873,24,Warehouse_C,2026-05-29,2026-06-11,21,2468.3,In Transit,Electronics
8874,35,Warehouse_D,2026-05-15,2026-05-30,22,2670.3,In Transit,FMCG
8875,345,Warehouse_D,2026-05-19,2026-05-22,78,2058.45,Delivered,Automotive
8876,71,Warehouse_E,2026-05-11,2026-05-21,36,600.13,Cancelled,Industrial
8877,476,Warehouse_D,2026-05-13,2026-05-27,94,9268.61,Delivered,Electronics
8878,148,Warehouse_C,2026-05-17,2026-05-18,6,5825.63,Delayed,Pharma
8879,444,Warehouse_D,2026-05-19,2026-05-23,36,9666.31,Cancelled,Industrial
8880,130,Warehouse_A,2026-05-27,2026-06-09,99,3973.19,Cancelled,Industrial
8881,48,Warehouse_B,2026-05-10,2026-05-29,51,9873.32,In Transit,Pharma
8882,419,Warehouse_C,2026-05-24,2026-06-10,27,2209.63,Delayed,Electronics
8883,454,Warehouse_D,2026-05-10,2026-05-23,56,1548.09,In Transit,Pharma
8884,302,Warehouse_B,2026-05-09,2026-05-29,65,6499.94,Delayed,Pharma
8885,34,Warehouse_A,2026-05-10,2026-05-13,73,1890.7,Cancelled,Industrial
8886,122,Warehouse_A,2026-06-03,2026-06-22,99,9905.96,Delayed,FMCG
8887,418,Warehouse_E,2026-05-09,2026-05-17,50,7897.65,Delivered,Electronics
8888,71,Warehouse_C,2026-05-09,2026-05-29,34,7748.83,Cancelled,FMCG
8889,226,Warehouse_C,2026-06-01,2026-06-03,70,4828.47,Delivered,Pharma
8890,135,Warehouse_B,2026-05-12,2026-05-15,82,9326.61,Delayed,Electronics
8891,108,Warehouse_A,2026-05-31,2026-06-06,20,605.43,Cancelled,Pharma
8892,271,Warehouse_B,2026-05-07,2026-05-13,100,4571.97,Delivered,Automotive
8893,364,Warehouse_D,2026-06-01,2026-06-04,7,3758.55,In Transit,FMCG
8894,451,Warehouse_C,2026-05-16,2026-05-18,60,7039.77,In Transit,FMCG
8895,175,Warehouse_E,2026-05-20,2026-05-22,60,483.96,Delayed,Industrial
8896,387,Warehouse_E,2026-05-09,2026-05-25,72,5004.16,Delivered,Industrial
8897,459,Warehouse_D,2026-05-26,2026-06-01,40,4248.4,Delivered,Industrial
8898,270,Warehouse_A,2026-05-25,2026-06-12,56,9839.14,In Transit,Automotive
8899,121,Warehouse_C,2026-05-30,2026-06-16,42,6801.46,Delayed,FMCG
8900,223,Warehouse_D,2026-05-14,2026-05-27,20,5499.56,Delayed,Industrial
8901,474,Warehouse_C,2026-05-21,2026-05-23,64,6047.49,Cancelled,Industrial
8902,87,Warehouse_B,2026-05-24,2026-06-01,17,8617.92,Delivered,FMCG
8903,379,Warehouse_B,2026-05-27,2026-06-10,68,1728.32,In Transit,Industrial
8904,452,Warehouse_E,2026-05-07,2026-05-10,71,5729.16,Cancelled,Industrial
8905,5,Warehouse_E,2026-05-20,2026-05-23,46,3062.11,Delayed,Electronics
8906,464,Warehouse_D,2026-05-29,2026-05-30,57,3912.48,Cancelled,Automotive
8907,95,Warehouse_C,2026-05-14,2026-05-31,1,8934.2,In Transit,Industrial
8908,313,Warehouse_A,2026-05-11,2026-05-28,34,7992.73,In Transit,Industrial
8909,240,Warehouse_A,2026-05-27,2026-05-28,68,3782.68,Delivered,Pharma
8910,281,Warehouse_C,2026-05-16,2026-05-21,84,9827.91,Delayed,Industrial
8911,479,Warehouse_C,2026-05-26,2026-06-05,33,8303.29,Cancelled,Pharma
8912,21,Warehouse_B,2026-05-13,2026-05-22,30,104.13,Delivered,FMCG
8913,352,Warehouse_A,2026-05-28,2026-06-05,78,8862.65,Delayed,Automotive
8914,97,Warehouse_D,2026-05-20,2026-06-06,34,2076.41,Delayed,Pharma
8915,392,Warehouse_B,2026-05-24,2026-06-06,19,8017.34,In Transit,Automotive
8916,133,Warehouse_C,2026-05-27,2026-06-01,79,1288.74,Delayed,FMCG
8917,352,Warehouse_A,2026-05-19,2026-05-29,10,3865.21,Delayed,Industrial
8918,389,Warehouse_A,2026-05-19,2026-05-24,6,689.84,Delayed,Industrial
8919,496,Warehouse_B,2026-06-03,2026-06-08,63,1301.38,Delivered,Electronics
8920,425,Warehouse_D,2026-05-19,2026-06-03,51,406.89,Cancelled,Electronics
8921,218,Warehouse_D,2026-06-01,2026-06-13,38,6989.72,In Transit,FMCG
8922,482,Warehouse_E,2026-05-27,2026-06-03,44,1316.47,Cancelled,Industrial
8923,271,Warehouse_A,2026-05-18,2026-05-28,83,9113.22,Delivered,FMCG
8924,25,Warehouse_E,2026-05-26,2026-05-31,76,8900.61,In Transit,Electronics
8925,259,Warehouse_A,2026-05-13,2026-05-28,18,8243.8,Delivered,Industrial
8926,43,Warehouse_D,2026-05-06,2026-05-19,16,1870.19,In Transit,Industrial
8927,410,Warehouse_D,2026-06-02,2026-06-21,39,9799.11,Delivered,Automotive
8928,38,Warehouse_E,2026-05-13,2026-05-21,100,8218.92,Delayed,FMCG
8929,186,Warehouse_D,2026-05-06,2026-05-20,44,8622.13,Cancelled,Electronics
8930,287,Warehouse_C,2026-05-28,2026-06-02,92,296.15,Delivered,FMCG
8931,387,Warehouse_E,2026-06-04,2026-06-09,78,9560.62,Delayed,Automotive
8932,426,Warehouse_D,2026-05-21,2026-05-22,37,4888.59,Delivered,Automotive
8933,212,Warehouse_E,2026-05-20,2026-05-30,33,2524.12,In Transit,Pharma
8934,415,Warehouse_B,2026-05-20,2026-06-02,63,3718.39,In Transit,Automotive
8935,263,Warehouse_D,2026-05-29,2026-06-14,59,1564.48,Delayed,Industrial
8936,351,Warehouse_B,2026-05-21,2026-05-24,95,4774.13,Delayed,Electronics
8937,23,Warehouse_A,2026-05-19,2026-05-27,56,7348.56,Cancelled,Pharma
8938,43,Warehouse_E,2026-05-11,2026-05-29,72,747.17,Delayed,Industrial
8939,135,Warehouse_A,2026-05-26,2026-06-02,62,6103.14,Cancelled,Electronics
8940,76,Warehouse_B,2026-06-04,2026-06-10,8,6515.83,Cancelled,Pharma
8941,489,Warehouse_B,2026-05-11,2026-05-20,53,4889.6,Delivered,Electronics
8942,227,Warehouse_D,2026-05-27,2026-06-05,80,6237.59,Delayed,Electronics
8943,374,Warehouse_A,2026-05-31,2026-06-11,27,5689.9,In Transit,Electronics
8944,56,Warehouse_B,2026-05-28,2026-06-16,57,1214.75,Delayed,Industrial
8945,111,Warehouse_A,2026-05-15,2026-06-04,19,2751.84,Delayed,Pharma
8946,44,Warehouse_C,2026-05-11,2026-05-13,76,7493.42,Delayed,Industrial
8947,31,Warehouse_E,2026-05-06,2026-05-18,84,1996.61,Cancelled,Pharma
8948,32,Warehouse_B,2026-05-10,2026-05-28,99,6044.04,Delayed,Pharma
8949,67,Warehouse_C,2026-06-03,2026-06-18,23,4544.33,Cancelled,Electronics
8950,43,Warehouse_D,2026-05-29,2026-06-11,59,8587.69,Delivered,Industrial
8951,285,Warehouse_C,2026-06-01,2026-06-05,71,2796.34,Delayed,Electronics
8952,476,Warehouse_A,2026-05-28,2026-06-05,43,341.3,Delivered,Automotive
8953,199,Warehouse_C,2026-05-11,2026-05-23,73,8684.02,Delayed,Electronics
8954,409,Warehouse_A,2026-05-12,2026-05-15,2,325.75,Cancelled,FMCG
8955,343,Warehouse_A,2026-06-01,2026-06-05,27,4336.79,Delivered,Pharma
8956,293,Warehouse_A,2026-05-24,2026-05-26,38,8634.44,Delivered,Electronics
8957,130,Warehouse_C,2026-05-10,2026-05-17,46,2465.82,Delayed,FMCG
8958,135,Warehouse_B,2026-05-16,2026-05-28,41,1024.56,Delivered,Electronics
8959,264,Warehouse_B,2026-05-10,2026-05-19,62,3822.13,Delayed,Industrial
8960,173,Warehouse_C,2026-05-28,2026-06-17,12,2936.06,In Transit,Automotive
8961,482,Warehouse_B,2026-05-17,2026-05-24,50,5234.35,Delayed,Automotive
8962,233,Warehouse_C,2026-06-03,2026-06-12,5,9737.3,In Transit,Automotive
8963,412,Warehouse_C,2026-05-13,2026-05-31,42,4991.32,In Transit,Pharma
8964,445,Warehouse_D,2026-05-17,2026-06-01,16,9817.31,In Transit,Electronics
8965,87,Warehouse_B,2026-05-07,2026-05-08,48,625.79,Delivered,Industrial
8966,442,Warehouse_A,2026-05-07,2026-05-15,14,2626.29,Delayed,Automotive
8967,224,Warehouse_A,2026-05-10,2026-05-24,2,2558.97,In Transit,Pharma
8968,180,Warehouse_B,2026-05-12,2026-05-16,61,281.23,Delayed,Pharma
8969,371,Warehouse_A,2026-05-14,2026-05-24,89,7912.29,Delayed,Electronics
8970,238,Warehouse_E,2026-05-16,2026-06-01,30,4023.32,Delayed,Industrial
8971,161,Warehouse_D,2026-05-13,2026-05-15,42,8874.83,Cancelled,FMCG
8972,254,Warehouse_C,2026-05-25,2026-05-28,78,2450.22,Cancelled,Automotive
8973,48,Warehouse_B,2026-05-12,2026-05-28,65,167.5,In Transit,Industrial
8974,299,Warehouse_B,2026-05-13,2026-05-16,2,2975.56,Delivered,Pharma
8975,109,Warehouse_E,2026-05-15,2026-05-27,53,8263.55,Delayed,Pharma
8976,97,Warehouse_C,2026-05-08,2026-05-20,3,7372.64,In Transit,Industrial
8977,56,Warehouse_A,2026-05-10,2026-05-17,33,1832.23,In Transit,FMCG
8978,103,Warehouse_B,2026-05-20,2026-06-07,83,1359.82,Delayed,FMCG
8979,111,Warehouse_B,2026-05-18,2026-06-05,48,4037.49,Delivered,Automotive
8980,174,Warehouse_D,2026-05-23,2026-06-01,86,835.52,In Transit,Pharma
8981,13,Warehouse_B,2026-05-10,2026-05-13,1,711.96,Delayed,Pharma
8982,179,Warehouse_C,2026-05-31,2026-06-14,5,4316.85,In Transit,Industrial
8983,463,Warehouse_D,2026-05-30,2026-06-10,27,9817.37,Delayed,Electronics
8984,159,Warehouse_A,2026-05-30,2026-06-10,43,7291.98,In Transit,Automotive
8985,497,Warehouse_B,2026-05-17,2026-06-05,1,495.12,Delivered,Automotive
8986,464,Warehouse_E,2026-05-12,2026-05-19,86,388.95,Delayed,FMCG
8987,148,Warehouse_E,2026-05-15,2026-06-02,44,1216.8,In Transit,Automotive
8988,465,Warehouse_A,2026-05-31,2026-06-06,49,3087.8,Delivered,Electronics
8989,171,Warehouse_C,2026-05-25,2026-05-28,43,1790.65,Delayed,Automotive
8990,489,Warehouse_C,2026-05-26,2026-06-06,19,5867.52,In Transit,Automotive
8991,377,Warehouse_E,2026-05-10,2026-05-12,89,9477.44,Delayed,Pharma
8992,347,Warehouse_D,2026-05-22,2026-05-29,92,3803.25,Delivered,Pharma
8993,162,Warehouse_A,2026-05-17,2026-05-22,17,8287.78,In Transit,FMCG
8994,194,Warehouse_A,2026-06-04,2026-06-05,63,6841.56,In Transit,Industrial
8995,400,Warehouse_A,2026-05-22,2026-06-05,52,7829.59,In Transit,Electronics
8996,72,Warehouse_E,2026-06-01,2026-06-03,91,4920.14,In Transit,Electronics
8997,104,Warehouse_C,2026-05-06,2026-05-08,51,2581.05,Cancelled,Electronics
8998,387,Warehouse_B,2026-06-03,2026-06-07,4,9254.84,In Transit,Pharma
8999,428,Warehouse_A,2026-05-25,2026-06-14,23,7566.33,Cancelled,Industrial
9000,175,Warehouse_A,2026-05-08,2026-05-16,67,1635.89,In Transit,Industrial
9001,251,Warehouse_C,2026-05-09,2026-05-18,12,9414.09,In Transit,Pharma
9002,274,Warehouse_A,2026-05-19,2026-06-08,93,3197.59,In Transit,Industrial
9003,425,Warehouse_A,2026-05-26,2026-06-15,31,3549.34,In Transit,FMCG
9004,476,Warehouse_C,2026-05-16,2026-05-27,33,6716.94,Cancelled,Industrial
9005,154,Warehouse_C,2026-05-16,2026-05-23,26,1282.61,In Transit,Automotive
9006,213,Warehouse_C,2026-05-19,2026-06-02,82,9747.97,Delayed,Industrial
9007,359,Warehouse_D,2026-05-15,2026-06-03,84,4449.6,Cancelled,Pharma
9008,419,Warehouse_B,2026-06-02,2026-06-06,86,410.4,Cancelled,Pharma
9009,257,Warehouse_D,2026-05-18,2026-06-06,15,9395.36,Cancelled,Electronics
9010,33,Warehouse_B,2026-05-29,2026-06-07,13,457.07,Delivered,Electronics
9011,225,Warehouse_B,2026-05-29,2026-06-14,48,6000.25,Delayed,FMCG
9012,187,Warehouse_A,2026-06-01,2026-06-20,49,1461.04,Cancelled,Pharma
9013,336,Warehouse_E,2026-05-10,2026-05-22,51,3814.52,In Transit,Industrial
9014,284,Warehouse_A,2026-05-18,2026-05-22,45,6444.87,In Transit,Industrial
9015,256,Warehouse_E,2026-05-18,2026-05-21,13,9782.17,Delivered,Pharma
9016,168,Warehouse_C,2026-05-23,2026-06-03,98,9297.59,Delivered,Pharma
9017,212,Warehouse_B,2026-05-25,2026-06-05,18,4992.16,Cancelled,Pharma
9018,262,Warehouse_E,2026-05-19,2026-05-20,9,1865.9,Delayed,Pharma
9019,198,Warehouse_D,2026-05-11,2026-05-15,15,9531.6,Delivered,Automotive
9020,398,Warehouse_D,2026-05-22,2026-06-06,65,748.83,Cancelled,FMCG
9021,224,Warehouse_A,2026-05-06,2026-05-17,2,3476.03,Delayed,Electronics
9022,169,Warehouse_A,2026-05-31,2026-06-15,45,4795.71,In Transit,Pharma
9023,463,Warehouse_E,2026-06-01,2026-06-02,91,4412.49,Delivered,Electronics
9024,430,Warehouse_C,2026-05-20,2026-06-05,90,1814.35,Delayed,Pharma
9025,432,Warehouse_A,2026-05-19,2026-05-20,64,9650.93,In Transit,Pharma
9026,260,Warehouse_C,2026-05-27,2026-05-29,14,1159.93,Delivered,Automotive
9027,447,Warehouse_B,2026-05-19,2026-06-04,36,8531.76,Cancelled,Industrial
9028,97,Warehouse_E,2026-05-13,2026-05-21,59,6450.17,Delivered,Automotive
9029,490,Warehouse_E,2026-05-13,2026-05-31,12,4758.04,Delivered,FMCG
9030,247,Warehouse_E,2026-05-08,2026-05-18,25,4366.01,Delayed,FMCG
9031,345,Warehouse_A,2026-05-24,2026-05-27,37,7191.67,Cancelled,Industrial
9032,149,Warehouse_C,2026-05-18,2026-05-27,88,7780.42,Delivered,Electronics
9033,452,Warehouse_E,2026-05-10,2026-05-23,50,463.83,In Transit,Industrial
9034,67,Warehouse_B,2026-05-14,2026-05-20,90,6695.83,Delivered,Electronics
9035,439,Warehouse_E,2026-05-07,2026-05-19,71,6768.64,In Transit,Electronics
9036,84,Warehouse_A,2026-05-10,2026-05-24,21,8049.44,Delivered,Automotive
9037,94,Warehouse_C,2026-05-29,2026-06-07,72,8980.2,In Transit,Industrial
9038,350,Warehouse_E,2026-05-17,2026-05-24,47,2550.69,In Transit,Automotive
9039,67,Warehouse_C,2026-05-10,2026-05-28,70,9014.51,In Transit,Automotive
9040,153,Warehouse_D,2026-05-18,2026-05-25,31,3173.55,Delayed,FMCG
9041,490,Warehouse_E,2026-05-10,2026-05-27,65,3215.51,In Transit,Electronics
9042,403,Warehouse_E,2026-05-25,2026-05-26,14,3749.36,Cancelled,Electronics
9043,229,Warehouse_E,2026-05-29,2026-06-03,11,1178.06,Delayed,Automotive
9044,246,Warehouse_D,2026-05-30,2026-06-01,78,2034.97,Delayed,Pharma
9045,290,Warehouse_A,2026-05-20,2026-05-26,69,9933.05,Delayed,Pharma
9046,386,Warehouse_A,2026-05-11,2026-05-31,97,3352.39,Delivered,Automotive
9047,316,Warehouse_A,2026-05-25,2026-06-03,40,8197.86,Cancelled,Electronics
9048,392,Warehouse_A,2026-05-27,2026-05-28,6,2258.56,In Transit,Automotive
9049,28,Warehouse_C,2026-06-01,2026-06-07,28,171.64,In Transit,Industrial
9050,373,Warehouse_B,2026-05-19,2026-05-25,91,4474.52,In Transit,Automotive
9051,429,Warehouse_D,2026-05-19,2026-05-22,57,2395.1,Delivered,FMCG
9052,333,Warehouse_A,2026-05-16,2026-05-24,32,8027.15,Delivered,FMCG
9053,167,Warehouse_A,2026-06-02,2026-06-09,50,2377.55,In Transit,Pharma
9054,425,Warehouse_D,2026-05-08,2026-05-26,84,4941.03,In Transit,FMCG
9055,326,Warehouse_C,2026-05-16,2026-05-30,14,8681.85,Cancelled,Pharma
9056,205,Warehouse_C,2026-06-03,2026-06-09,1,9040.74,Delivered,FMCG
9057,221,Warehouse_A,2026-05-25,2026-05-28,63,337.15,Cancelled,Pharma
9058,441,Warehouse_B,2026-05-23,2026-06-07,75,8641.67,Cancelled,Pharma
9059,146,Warehouse_D,2026-05-08,2026-05-23,78,488.9,In Transit,Pharma
9060,191,Warehouse_C,2026-05-11,2026-05-13,83,1899.09,Cancelled,FMCG
9061,333,Warehouse_D,2026-05-14,2026-06-03,15,6321.21,Delivered,Industrial
9062,151,Warehouse_E,2026-05-13,2026-05-16,7,6550.03,Delayed,Pharma
9063,184,Warehouse_B,2026-05-13,2026-05-27,35,6071.96,Cancelled,Pharma
9064,281,Warehouse_C,2026-05-12,2026-05-17,6,2100.06,Delayed,Pharma
9065,170,Warehouse_A,2026-05-13,2026-05-20,38,5424.62,Cancelled,Electronics
9066,286,Warehouse_D,2026-05-17,2026-05-29,87,7325.58,Delivered,Industrial
9067,137,Warehouse_C,2026-05-19,2026-05-27,67,1612.97,In Transit,Automotive
9068,238,Warehouse_A,2026-05-26,2026-05-29,47,7244.21,Delivered,FMCG
9069,495,Warehouse_A,2026-05-24,2026-06-04,47,2167.85,Delayed,FMCG
9070,335,Warehouse_B,2026-05-24,2026-06-04,10,3828.04,Delayed,Automotive
9071,283,Warehouse_B,2026-05-26,2026-05-27,43,1890.99,Delivered,Pharma
9072,151,Warehouse_D,2026-05-19,2026-05-27,74,9621.4,Delayed,Industrial
9073,271,Warehouse_A,2026-05-12,2026-05-14,4,7635.74,Delivered,Pharma
9074,406,Warehouse_E,2026-05-31,2026-06-03,16,3097.8,Delayed,Automotive
9075,319,Warehouse_C,2026-05-14,2026-05-30,88,7446.88,Delayed,Industrial
9076,333,Warehouse_A,2026-05-28,2026-05-31,1,1913.87,In Transit,Pharma
9077,270,Warehouse_C,2026-05-21,2026-06-05,87,1727.93,Delayed,Electronics
9078,123,Warehouse_E,2026-05-19,2026-06-08,77,7228.83,Delivered,Industrial
9079,442,Warehouse_C,2026-06-01,2026-06-07,58,2076.04,Cancelled,FMCG
9080,51,Warehouse_C,2026-05-24,2026-06-03,33,5938.65,Delivered,Industrial
9081,286,Warehouse_E,2026-05-20,2026-05-21,2,2645.22,In Transit,FMCG
9082,188,Warehouse_B,2026-05-11,2026-05-26,76,768.3,Delivered,Electronics
9083,88,Warehouse_D,2026-05-10,2026-05-29,54,9583.53,Cancelled,FMCG
9084,229,Warehouse_A,2026-05-16,2026-05-29,27,1638.72,Delivered,FMCG
9085,200,Warehouse_D,2026-05-21,2026-06-06,79,5830.59,In Transit,Automotive
9086,22,Warehouse_D,2026-05-26,2026-06-06,56,9096.71,Cancelled,Industrial
9087,426,Warehouse_C,2026-05-14,2026-06-01,61,9997.42,In Transit,Pharma
9088,123,Warehouse_A,2026-06-03,2026-06-19,89,3957.72,In Transit,Pharma
9089,228,Warehouse_A,2026-05-13,2026-05-15,16,584.42,Cancelled,Pharma
9090,400,Warehouse_D,2026-05-22,2026-05-27,64,207.15,Delivered,Automotive
9091,182,Warehouse_C,2026-05-06,2026-05-14,49,8516.08,Delivered,FMCG
9092,305,Warehouse_C,2026-05-31,2026-06-17,96,7804.98,Delayed,Pharma
9093,323,Warehouse_A,2026-05-18,2026-06-03,89,325.44,Delayed,Electronics
9094,484,Warehouse_A,2026-05-06,2026-05-23,82,3255.79,Cancelled,Automotive
9095,277,Warehouse_A,2026-05-22,2026-05-29,91,4838.07,Cancelled,Industrial
9096,212,Warehouse_D,2026-05-06,2026-05-26,42,7571.82,In Transit,Electronics
9097,298,Warehouse_A,2026-05-22,2026-06-03,44,2825.76,Cancelled,Automotive
9098,360,Warehouse_B,2026-05-30,2026-06-05,36,6949.89,In Transit,Industrial
9099,28,Warehouse_A,2026-05-30,2026-06-14,33,3793.19,In Transit,Automotive
9100,173,Warehouse_D,2026-05-25,2026-06-12,81,3280.37,Delivered,Industrial
9101,402,Warehouse_A,2026-05-23,2026-06-01,14,6536.89,In Transit,Electronics
9102,474,Warehouse_E,2026-05-09,2026-05-10,6,8043.32,Cancelled,Electronics
9103,220,Warehouse_B,2026-05-29,2026-06-14,6,194.45,Delayed,FMCG
9104,292,Warehouse_C,2026-05-16,2026-05-28,45,8567.32,Delayed,FMCG
9105,214,Warehouse_A,2026-06-04,2026-06-11,6,4876.03,Cancelled,FMCG
9106,270,Warehouse_E,2026-06-04,2026-06-17,41,7159.65,Delayed,Electronics
9107,447,Warehouse_A,2026-05-26,2026-06-13,4,1689.26,Cancelled,Automotive
9108,447,Warehouse_C,2026-05-23,2026-05-31,60,2243.77,Delayed,Electronics
9109,494,Warehouse_C,2026-05-10,2026-05-14,46,9252.12,In Transit,Electronics
9110,147,Warehouse_E,2026-05-19,2026-05-23,64,9464.85,In Transit,Electronics
9111,170,Warehouse_B,2026-05-27,2026-06-06,36,5268.14,Delivered,Electronics
9112,71,Warehouse_A,2026-05-16,2026-05-30,96,5191.47,Delivered,Pharma
9113,170,Warehouse_B,2026-06-03,2026-06-21,97,2390.12,Delayed,Pharma
9114,402,Warehouse_A,2026-05-08,2026-05-26,97,3036.86,Delayed,Automotive
9115,348,Warehouse_D,2026-05-18,2026-05-29,30,8108.69,Delayed,Industrial
9116,375,Warehouse_E,2026-06-03,2026-06-16,89,9583.52,Cancelled,Industrial
9117,43,Warehouse_B,2026-05-24,2026-06-05,52,7926.86,In Transit,Electronics
9118,75,Warehouse_B,2026-06-02,2026-06-17,97,2911.68,Delayed,Pharma
9119,62,Warehouse_A,2026-05-24,2026-06-06,75,669.83,Delayed,Automotive
9120,59,Warehouse_A,2026-06-03,2026-06-13,37,6831.64,In Transit,FMCG
9121,462,Warehouse_A,2026-05-16,2026-05-24,1,7009.29,Delivered,Electronics
9122,423,Warehouse_A,2026-05-06,2026-05-22,21,3794.18,Cancelled,Electronics
9123,321,Warehouse_D,2026-05-22,2026-06-05,61,6461.4,Delivered,FMCG
9124,481,Warehouse_C,2026-05-08,2026-05-10,54,4409.57,Delivered,Pharma
9125,178,Warehouse_E,2026-05-09,2026-05-22,70,1549.96,Delivered,Automotive
9126,395,Warehouse_B,2026-05-20,2026-05-22,74,1446.77,Cancelled,FMCG
9127,175,Warehouse_E,2026-05-30,2026-06-05,80,3158.09,Delayed,Automotive
9128,99,Warehouse_E,2026-05-15,2026-05-27,81,3413.44,Delayed,Automotive
9129,43,Warehouse_B,2026-05-21,2026-05-29,46,4569.82,Delayed,Automotive
9130,418,Warehouse_E,2026-05-08,2026-05-25,71,5662.89,In Transit,Automotive
9131,1,Warehouse_D,2026-05-30,2026-06-01,37,2814.35,Cancelled,Industrial
9132,157,Warehouse_E,2026-05-23,2026-06-08,52,8746.5,Cancelled,Automotive
9133,464,Warehouse_C,2026-06-04,2026-06-19,63,6498.08,Delivered,FMCG
9134,273,Warehouse_C,2026-05-08,2026-05-15,55,9277.62,Delivered,FMCG
9135,251,Warehouse_A,2026-05-08,2026-05-17,95,5784.8,In Transit,Pharma
9136,275,Warehouse_E,2026-05-18,2026-06-05,49,4115.5,Delivered,Industrial
9137,254,Warehouse_D,2026-05-22,2026-05-31,22,584.61,In Transit,Automotive
9138,488,Warehouse_D,2026-05-06,2026-05-16,30,9585.33,In Transit,FMCG
9139,375,Warehouse_B,2026-05-28,2026-06-15,71,9799.53,In Transit,Pharma
9140,219,Warehouse_E,2026-05-21,2026-06-04,81,7796.36,Delivered,Automotive
9141,473,Warehouse_A,2026-05-25,2026-05-28,64,4862.13,Cancelled,Automotive
9142,323,Warehouse_A,2026-05-10,2026-05-29,10,9268.12,Delayed,Industrial
9143,76,Warehouse_B,2026-05-29,2026-06-14,22,3163.23,Delayed,FMCG
9144,196,Warehouse_D,2026-05-16,2026-06-02,79,3371.3,Delivered,FMCG
9145,356,Warehouse_B,2026-05-13,2026-05-18,56,9679.68,Delivered,Electronics
9146,384,Warehouse_B,2026-05-26,2026-06-09,7,2994.95,Delayed,Electronics
9147,33,Warehouse_C,2026-05-30,2026-06-11,77,4886.02,In Transit,Electronics
9148,83,Warehouse_C,2026-06-01,2026-06-15,60,3138.55,Delivered,Pharma
9149,499,Warehouse_B,2026-05-11,2026-05-23,81,4332.16,In Transit,Pharma
9150,445,Warehouse_B,2026-05-20,2026-05-24,5,1591.6,Delayed,FMCG
9151,108,Warehouse_E,2026-05-14,2026-05-20,78,386.18,Delayed,Electronics
9152,245,Warehouse_B,2026-05-08,2026-05-26,20,9154.67,Cancelled,Automotive
9153,328,Warehouse_D,2026-05-30,2026-06-05,54,8212.42,Delivered,Electronics
9154,64,Warehouse_A,2026-05-29,2026-06-13,73,6348.31,In Transit,Industrial
9155,391,Warehouse_C,2026-05-06,2026-05-18,15,6308.43,Delayed,Electronics
9156,349,Warehouse_D,2026-05-30,2026-06-10,55,513.82,Delivered,Automotive
9157,346,Warehouse_A,2026-05-11,2026-05-19,22,2524.99,Cancelled,Automotive
9158,439,Warehouse_B,2026-05-26,2026-06-01,70,9427.09,In Transit,Electronics
9159,338,Warehouse_A,2026-05-06,2026-05-08,62,8829.32,In Transit,Automotive
9160,76,Warehouse_A,2026-05-09,2026-05-12,43,3391.19,Delivered,Automotive
9161,57,Warehouse_B,2026-06-04,2026-06-21,73,7516.92,In Transit,Electronics
9162,1,Warehouse_C,2026-05-29,2026-06-18,66,4321.68,Delayed,Automotive
9163,79,Warehouse_E,2026-05-26,2026-06-09,42,4674.3,Cancelled,FMCG
9164,146,Warehouse_A,2026-05-07,2026-05-25,76,4217.16,Cancelled,Pharma
9165,203,Warehouse_A,2026-05-24,2026-05-29,100,3385.96,Cancelled,FMCG
9166,263,Warehouse_B,2026-05-21,2026-05-24,21,3879.92,Delivered,Electronics
9167,404,Warehouse_C,2026-05-29,2026-06-14,53,365.17,Cancelled,Pharma
9168,233,Warehouse_E,2026-05-11,2026-05-14,76,2075.96,Delivered,FMCG
9169,138,Warehouse_E,2026-05-13,2026-05-18,69,3691.13,Delivered,Electronics
9170,265,Warehouse_D,2026-05-12,2026-05-26,49,5451.58,Delivered,Automotive
9171,296,Warehouse_C,2026-06-04,2026-06-21,22,5143.59,Cancelled,Electronics
9172,288,Warehouse_D,2026-05-29,2026-06-04,60,5058.69,Delivered,Automotive
9173,233,Warehouse_C,2026-05-30,2026-06-17,21,2581.22,Delivered,Industrial
9174,474,Warehouse_D,2026-05-10,2026-05-27,42,5438.44,Delivered,Electronics
9175,206,Warehouse_B,2026-05-07,2026-05-22,100,6762.18,Delayed,Automotive
9176,403,Warehouse_A,2026-05-11,2026-05-21,73,3918.33,Cancelled,Electronics
9177,170,Warehouse_A,2026-05-30,2026-06-10,21,7422.22,In Transit,Pharma
9178,370,Warehouse_E,2026-05-27,2026-06-08,53,5256.93,In Transit,Automotive
9179,185,Warehouse_A,2026-05-06,2026-05-25,43,4876.29,Cancelled,Pharma
9180,482,Warehouse_C,2026-05-28,2026-06-05,7,1835.17,Delivered,Automotive
9181,59,Warehouse_B,2026-05-15,2026-05-20,16,5917.13,Delayed,Electronics
9182,401,Warehouse_A,2026-05-09,2026-05-14,6,8871.22,In Transit,Automotive
9183,265,Warehouse_A,2026-05-06,2026-05-20,5,9246.4,Delayed,Industrial
9184,307,Warehouse_D,2026-05-30,2026-06-14,77,9452.26,Delayed,Automotive
9185,116,Warehouse_B,2026-06-03,2026-06-16,66,1600.56,Delayed,Electronics
9186,95,Warehouse_B,2026-06-01,2026-06-16,7,8431.95,Cancelled,Automotive
9187,60,Warehouse_C,2026-05-07,2026-05-25,20,5184.73,Delayed,FMCG
9188,330,Warehouse_B,2026-05-22,2026-06-08,86,2408.06,Delivered,FMCG
9189,138,Warehouse_D,2026-05-21,2026-05-30,71,7485.15,Cancelled,Automotive
9190,46,Warehouse_C,2026-05-22,2026-05-29,31,5806.74,Delivered,Industrial
9191,52,Warehouse_E,2026-05-16,2026-05-17,42,3086.04,Delayed,FMCG
9192,177,Warehouse_D,2026-06-03,2026-06-09,94,9314.37,Delayed,Industrial
9193,57,Warehouse_C,2026-06-01,2026-06-07,91,4675.4,Delivered,Industrial
9194,340,Warehouse_E,2026-06-04,2026-06-19,65,9273.01,In Transit,Industrial
9195,208,Warehouse_A,2026-05-12,2026-05-14,52,9801.29,Delivered,Automotive
9196,413,Warehouse_B,2026-05-22,2026-05-30,66,5382.67,Delayed,FMCG
9197,135,Warehouse_D,2026-05-11,2026-05-29,75,3523.13,Delayed,Automotive
9198,223,Warehouse_D,2026-05-26,2026-06-08,78,3572.99,In Transit,Industrial
9199,8,Warehouse_C,2026-05-10,2026-05-23,9,2901.77,Delayed,Industrial
9200,276,Warehouse_D,2026-05-19,2026-05-22,11,4958.0,Delayed,Pharma
9201,148,Warehouse_D,2026-05-09,2026-05-14,10,6511.87,Delayed,Electronics
9202,12,Warehouse_B,2026-05-20,2026-05-27,86,7364.39,Delayed,Industrial
9203,203,Warehouse_C,2026-06-04,2026-06-22,44,6192.3,Cancelled,Automotive
9204,246,Warehouse_E,2026-05-24,2026-06-05,15,6280.29,In Transit,Electronics
9205,430,Warehouse_E,2026-05-17,2026-05-22,85,3033.73,Delivered,Pharma
9206,33,Warehouse_A,2026-05-10,2026-05-23,91,3430.71,In Transit,Electronics
9207,133,Warehouse_A,2026-05-07,2026-05-12,24,7399.13,Delayed,Pharma
9208,148,Warehouse_B,2026-05-07,2026-05-16,88,9039.7,Cancelled,Automotive
9209,307,Warehouse_C,2026-05-26,2026-06-14,53,4273.63,Delayed,Electronics
9210,52,Warehouse_E,2026-05-24,2026-06-04,6,5697.42,Delayed,Automotive
9211,207,Warehouse_A,2026-05-21,2026-06-03,9,4647.16,Delayed,Industrial
9212,226,Warehouse_C,2026-05-06,2026-05-13,33,365.37,Delivered,Industrial
9213,224,Warehouse_B,2026-05-30,2026-06-01,72,1166.87,Cancelled,Automotive
9214,376,Warehouse_B,2026-05-24,2026-06-10,34,4210.76,In Transit,Automotive
9215,209,Warehouse_D,2026-05-07,2026-05-13,56,3584.14,Delivered,Electronics
9216,66,Warehouse_A,2026-05-31,2026-06-07,34,4630.57,Delivered,Automotive
9217,246,Warehouse_A,2026-05-22,2026-05-27,15,8101.88,Delivered,Industrial
9218,109,Warehouse_D,2026-05-16,2026-06-02,59,9653.54,Cancelled,Automotive
9219,417,Warehouse_B,2026-05-22,2026-06-09,67,4746.77,Delayed,Pharma
9220,248,Warehouse_D,2026-05-21,2026-05-31,62,2598.32,Cancelled,Automotive
9221,68,Warehouse_D,2026-05-06,2026-05-12,8,5576.07,In Transit,Electronics
9222,312,Warehouse_D,2026-05-12,2026-05-15,12,7707.92,Delayed,Pharma
9223,480,Warehouse_B,2026-05-21,2026-05-30,77,9197.64,Cancelled,Pharma
9224,435,Warehouse_B,2026-05-26,2026-06-11,27,828.57,Cancelled,Electronics
9225,473,Warehouse_A,2026-05-24,2026-05-26,14,6860.47,Delivered,Industrial
9226,188,Warehouse_B,2026-05-28,2026-06-01,9,7203.92,In Transit,Pharma
9227,190,Warehouse_A,2026-05-23,2026-06-05,68,600.58,Delivered,Automotive
9228,72,Warehouse_B,2026-05-28,2026-06-03,64,966.46,Cancelled,Pharma
9229,47,Warehouse_A,2026-06-02,2026-06-06,14,9359.88,Delayed,FMCG
9230,404,Warehouse_C,2026-05-30,2026-06-18,7,3158.63,Delayed,Industrial
9231,386,Warehouse_A,2026-05-13,2026-05-27,65,9368.07,Cancelled,Industrial
9232,145,Warehouse_E,2026-05-06,2026-05-09,28,4172.3,In Transit,Automotive
9233,28,Warehouse_B,2026-05-29,2026-06-13,9,7370.47,Delivered,FMCG
9234,355,Warehouse_A,2026-05-12,2026-05-22,16,1154.79,In Transit,Pharma
9235,5,Warehouse_C,2026-05-17,2026-06-05,69,4585.18,In Transit,Automotive
9236,114,Warehouse_E,2026-05-07,2026-05-19,68,1436.15,Cancelled,Pharma
9237,178,Warehouse_E,2026-05-19,2026-06-07,17,6329.64,Cancelled,FMCG
9238,447,Warehouse_C,2026-05-20,2026-06-03,68,1641.93,Delayed,FMCG
9239,312,Warehouse_B,2026-05-09,2026-05-26,62,8133.52,Delayed,Pharma
9240,310,Warehouse_C,2026-05-11,2026-05-20,15,3142.41,In Transit,FMCG
9241,8,Warehouse_E,2026-05-28,2026-06-17,35,7337.13,Delivered,Electronics
9242,477,Warehouse_B,2026-06-03,2026-06-10,94,3655.6,In Transit,Pharma
9243,428,Warehouse_D,2026-05-16,2026-05-26,88,4195.44,In Transit,Pharma
9244,420,Warehouse_A,2026-05-09,2026-05-23,19,9876.62,Delivered,Electronics
9245,409,Warehouse_D,2026-05-17,2026-06-02,85,8322.13,Delivered,Electronics
9246,473,Warehouse_E,2026-05-08,2026-05-13,100,7841.07,In Transit,FMCG
9247,395,Warehouse_D,2026-05-11,2026-05-25,95,8480.93,Delayed,Automotive
9248,359,Warehouse_E,2026-05-30,2026-05-31,37,5597.34,Cancelled,Electronics
9249,200,Warehouse_E,2026-05-19,2026-06-06,73,807.13,Cancelled,Automotive
9250,427,Warehouse_B,2026-05-25,2026-05-27,83,1759.91,In Transit,Automotive
9251,92,Warehouse_A,2026-05-13,2026-05-29,16,2251.85,In Transit,FMCG
9252,121,Warehouse_C,2026-06-03,2026-06-12,29,429.81,Cancelled,Industrial
9253,232,Warehouse_B,2026-05-09,2026-05-29,45,7410.15,Delayed,Pharma
9254,478,Warehouse_A,2026-05-23,2026-05-30,14,6098.06,In Transit,Electronics
9255,241,Warehouse_B,2026-05-16,2026-05-25,71,4014.42,Delayed,FMCG
9256,107,Warehouse_A,2026-05-16,2026-05-22,43,7193.29,Delayed,Pharma
9257,405,Warehouse_A,2026-05-07,2026-05-27,41,2236.65,Delivered,Pharma
9258,254,Warehouse_B,2026-05-14,2026-05-24,82,8646.02,Delivered,Automotive
9259,134,Warehouse_B,2026-05-07,2026-05-12,21,6229.62,Delayed,Automotive
9260,168,Warehouse_D,2026-05-07,2026-05-22,68,5509.31,Delivered,Pharma
9261,487,Warehouse_A,2026-05-26,2026-05-31,89,1749.12,In Transit,FMCG
9262,122,Warehouse_B,2026-05-25,2026-06-11,16,4052.58,In Transit,Electronics
9263,34,Warehouse_C,2026-05-25,2026-06-14,65,8760.82,Cancelled,Industrial
9264,180,Warehouse_B,2026-05-14,2026-05-23,94,1649.03,Cancelled,Electronics
9265,225,Warehouse_D,2026-05-30,2026-06-18,41,4702.29,Cancelled,Automotive
9266,2,Warehouse_E,2026-06-04,2026-06-15,64,264.86,Delayed,Industrial
9267,303,Warehouse_E,2026-05-29,2026-06-14,78,4604.5,Cancelled,Automotive
9268,145,Warehouse_E,2026-05-17,2026-05-24,76,5696.33,Cancelled,FMCG
9269,81,Warehouse_C,2026-05-25,2026-05-31,75,8490.97,Cancelled,Automotive
9270,284,Warehouse_D,2026-05-23,2026-06-02,70,5812.32,Delayed,Automotive
9271,489,Warehouse_D,2026-05-13,2026-05-25,39,8816.58,Delivered,Industrial
9272,125,Warehouse_C,2026-05-31,2026-06-02,75,803.31,Delayed,Pharma
9273,278,Warehouse_C,2026-05-28,2026-06-07,39,2461.16,Delayed,Automotive
9274,171,Warehouse_B,2026-05-30,2026-06-06,46,5251.4,Delivered,Electronics
9275,459,Warehouse_B,2026-05-12,2026-05-22,55,6183.41,Delivered,Electronics
9276,226,Warehouse_E,2026-05-15,2026-05-29,49,4661.56,Delayed,Electronics
9277,82,Warehouse_E,2026-05-07,2026-05-14,29,3181.92,Delivered,Automotive
9278,185,Warehouse_B,2026-05-15,2026-05-26,99,174.42,In Transit,Pharma
9279,123,Warehouse_E,2026-06-04,2026-06-06,68,5225.41,Cancelled,Industrial
9280,473,Warehouse_D,2026-05-27,2026-05-28,11,8199.18,In Transit,Electronics
9281,13,Warehouse_D,2026-05-20,2026-05-30,73,406.23,In Transit,Pharma
9282,70,Warehouse_E,2026-05-07,2026-05-24,28,5766.57,Delivered,Electronics
9283,151,Warehouse_C,2026-05-23,2026-05-24,96,775.46,Delayed,Electronics
9284,380,Warehouse_E,2026-06-03,2026-06-21,95,6142.15,Cancelled,Industrial
9285,68,Warehouse_C,2026-05-12,2026-05-23,15,6409.46,Delivered,Pharma
9286,153,Warehouse_C,2026-05-20,2026-05-31,12,5612.84,Cancelled,Electronics
9287,281,Warehouse_A,2026-05-06,2026-05-11,26,8160.02,Cancelled,FMCG
9288,372,Warehouse_A,2026-05-31,2026-06-17,92,8463.34,Cancelled,Pharma
9289,366,Warehouse_E,2026-05-27,2026-06-02,88,9650.84,Cancelled,Electronics
9290,324,Warehouse_D,2026-05-11,2026-05-19,32,5239.43,Cancelled,Industrial
9291,335,Warehouse_E,2026-05-06,2026-05-21,5,9672.67,Delayed,Electronics
9292,85,Warehouse_C,2026-06-01,2026-06-11,93,2385.14,In Transit,Pharma
9293,111,Warehouse_C,2026-05-09,2026-05-26,50,522.87,Cancelled,Electronics
9294,476,Warehouse_A,2026-05-08,2026-05-11,42,5257.25,Cancelled,FMCG
9295,269,Warehouse_B,2026-05-24,2026-06-11,10,2365.87,Cancelled,Automotive
9296,255,Warehouse_D,2026-05-27,2026-06-01,59,1558.6,Delayed,Pharma
9297,95,Warehouse_D,2026-05-10,2026-05-18,67,1349.54,In Transit,Automotive
9298,208,Warehouse_C,2026-06-01,2026-06-07,83,5003.19,Delayed,Electronics
9299,399,Warehouse_B,2026-06-04,2026-06-16,83,1160.52,Delivered,FMCG
9300,372,Warehouse_B,2026-05-20,2026-05-31,50,7872.03,Cancelled,Automotive
9301,386,Warehouse_A,2026-05-09,2026-05-21,41,5564.19,Delayed,Automotive
9302,257,Warehouse_D,2026-05-19,2026-05-27,23,9736.94,In Transit,Pharma
9303,173,Warehouse_D,2026-06-01,2026-06-19,14,7028.1,In Transit,Industrial
9304,31,Warehouse_A,2026-05-14,2026-06-02,10,7623.77,Cancelled,Industrial
9305,223,Warehouse_C,2026-06-03,2026-06-07,33,6388.28,Cancelled,Industrial
9306,84,Warehouse_A,2026-05-28,2026-06-10,60,4367.01,In Transit,Pharma
9307,326,Warehouse_E,2026-05-22,2026-06-11,86,2912.27,Cancelled,Electronics
9308,130,Warehouse_C,2026-05-28,2026-06-11,16,7508.0,In Transit,Industrial
9309,237,Warehouse_C,2026-06-01,2026-06-16,61,1756.61,Cancelled,FMCG
9310,339,Warehouse_C,2026-05-07,2026-05-20,13,6276.03,Delivered,Automotive
9311,433,Warehouse_D,2026-05-09,2026-05-16,54,3815.67,In Transit,Automotive
9312,123,Warehouse_A,2026-05-11,2026-05-24,88,4925.13,Delivered,FMCG
9313,247,Warehouse_A,2026-05-21,2026-05-29,32,2725.19,In Transit,Automotive
9314,181,Warehouse_A,2026-05-19,2026-06-07,68,8349.32,Delivered,Automotive
9315,449,Warehouse_D,2026-05-11,2026-05-12,7,8056.76,Delayed,Industrial
9316,405,Warehouse_B,2026-05-13,2026-05-26,99,2617.21,Delayed,Pharma
9317,321,Warehouse_E,2026-05-28,2026-06-13,67,9950.6,Cancelled,Pharma
9318,476,Warehouse_A,2026-05-10,2026-05-21,91,3853.55,Delayed,Electronics
9319,192,Warehouse_D,2026-05-23,2026-05-25,76,4952.07,Cancelled,FMCG
9320,236,Warehouse_B,2026-05-12,2026-05-24,100,6437.32,In Transit,Industrial
9321,282,Warehouse_B,2026-05-26,2026-06-01,25,5326.83,Delivered,FMCG
9322,22,Warehouse_A,2026-05-09,2026-05-18,64,2884.93,Delivered,Pharma
9323,330,Warehouse_B,2026-05-19,2026-05-29,43,8934.44,Delivered,Pharma
9324,493,Warehouse_D,2026-05-21,2026-06-04,97,8656.17,In Transit,Automotive
9325,323,Warehouse_A,2026-05-19,2026-05-22,86,9783.44,In Transit,Automotive
9326,375,Warehouse_B,2026-05-17,2026-05-30,94,3213.68,Delivered,Industrial
9327,99,Warehouse_B,2026-05-17,2026-05-29,42,1961.42,Cancelled,Industrial
9328,68,Warehouse_C,2026-05-16,2026-05-18,13,8413.71,In Transit,FMCG
9329,332,Warehouse_A,2026-05-28,2026-06-13,35,7966.27,In Transit,FMCG
9330,35,Warehouse_C,2026-06-03,2026-06-05,62,1731.52,Cancelled,Pharma
9331,369,Warehouse_B,2026-05-19,2026-05-26,96,1216.3,Cancelled,Pharma
9332,125,Warehouse_A,2026-06-04,2026-06-15,80,7682.53,In Transit,Pharma
9333,103,Warehouse_E,2026-05-23,2026-06-07,56,8062.22,Delivered,Electronics
9334,163,Warehouse_A,2026-05-21,2026-06-05,72,193.13,Delayed,Industrial
9335,189,Warehouse_E,2026-05-27,2026-06-08,3,2493.18,Delivered,FMCG
9336,353,Warehouse_A,2026-05-09,2026-05-26,80,8203.63,Delivered,FMCG
9337,180,Warehouse_B,2026-05-30,2026-06-06,61,8914.85,Delivered,FMCG
9338,159,Warehouse_C,2026-05-11,2026-05-16,94,6622.56,Delayed,Industrial
9339,71,Warehouse_E,2026-05-16,2026-05-23,84,9594.62,Cancelled,Pharma
9340,127,Warehouse_D,2026-05-06,2026-05-11,1,6477.1,Delivered,FMCG
9341,85,Warehouse_D,2026-05-29,2026-06-14,7,4543.87,Delayed,Industrial
9342,236,Warehouse_C,2026-05-07,2026-05-20,37,4601.39,Delivered,FMCG
9343,300,Warehouse_A,2026-05-28,2026-06-06,98,9524.34,In Transit,Automotive
9344,127,Warehouse_B,2026-06-01,2026-06-02,17,9534.87,In Transit,Industrial
9345,429,Warehouse_B,2026-05-19,2026-06-08,48,3552.4,In Transit,Pharma
9346,211,Warehouse_C,2026-05-24,2026-06-07,5,153.4,Cancelled,Electronics
9347,495,Warehouse_A,2026-05-27,2026-06-08,35,7113.42,Cancelled,Industrial
9348,165,Warehouse_E,2026-06-04,2026-06-08,38,4429.24,Delivered,Electronics
9349,122,Warehouse_C,2026-05-06,2026-05-23,70,4789.56,Cancelled,Pharma
9350,140,Warehouse_D,2026-05-12,2026-05-16,52,3796.16,Delayed,Industrial
9351,133,Warehouse_D,2026-05-08,2026-05-10,13,2242.1,Delivered,Automotive
9352,148,Warehouse_E,2026-05-28,2026-06-16,94,1817.41,Delayed,Automotive
9353,355,Warehouse_D,2026-05-31,2026-06-11,38,8627.89,Cancelled,Pharma
9354,201,Warehouse_E,2026-05-28,2026-05-31,44,6099.42,In Transit,FMCG
9355,200,Warehouse_B,2026-05-09,2026-05-13,65,5993.79,Delivered,Industrial
9356,146,Warehouse_C,2026-06-02,2026-06-22,99,2224.29,Delivered,Automotive
9357,248,Warehouse_E,2026-05-28,2026-06-11,65,3836.48,Cancelled,FMCG
9358,472,Warehouse_C,2026-05-07,2026-05-23,62,2834.59,Delivered,FMCG
9359,220,Warehouse_B,2026-05-31,2026-06-07,19,3037.91,Delayed,Electronics
9360,276,Warehouse_E,2026-05-14,2026-05-28,54,9737.67,Delayed,Automotive
9361,151,Warehouse_A,2026-05-22,2026-06-09,57,5637.33,In Transit,FMCG
9362,113,Warehouse_B,2026-05-24,2026-06-03,6,3567.55,In Transit,FMCG
9363,483,Warehouse_B,2026-05-31,2026-06-13,56,7675.52,In Transit,Automotive
9364,38,Warehouse_A,2026-05-27,2026-06-15,36,1092.22,Delayed,Pharma
9365,271,Warehouse_A,2026-05-24,2026-06-05,38,6999.72,Delivered,Automotive
9366,28,Warehouse_C,2026-05-12,2026-05-15,99,1890.47,Cancelled,FMCG
9367,392,Warehouse_A,2026-05-18,2026-05-25,74,1287.43,In Transit,Automotive
9368,441,Warehouse_A,2026-05-06,2026-05-09,17,9952.76,Cancelled,Automotive
9369,186,Warehouse_D,2026-05-19,2026-06-07,68,5436.37,Delayed,Pharma
9370,420,Warehouse_D,2026-05-10,2026-05-27,32,4832.63,Delayed,Industrial
9371,403,Warehouse_C,2026-05-14,2026-06-03,2,3581.72,Delivered,Industrial
9372,203,Warehouse_B,2026-05-09,2026-05-20,16,8617.65,In Transit,Electronics
9373,5,Warehouse_C,2026-05-19,2026-06-02,32,2339.3,In Transit,Pharma
9374,390,Warehouse_A,2026-05-28,2026-06-15,62,5262.37,Delayed,Electronics
9375,143,Warehouse_B,2026-05-27,2026-06-15,49,5904.76,Delivered,Automotive
9376,176,Warehouse_E,2026-06-03,2026-06-06,54,6760.91,In Transit,Electronics
9377,13,Warehouse_C,2026-05-17,2026-06-02,72,1973.87,Delayed,FMCG
9378,372,Warehouse_B,2026-05-11,2026-05-26,25,5000.75,Cancelled,FMCG
9379,34,Warehouse_A,2026-05-23,2026-06-04,70,8508.1,Delivered,Automotive
9380,303,Warehouse_E,2026-05-24,2026-06-09,13,7948.17,Cancelled,Electronics
9381,399,Warehouse_D,2026-05-24,2026-06-06,86,4480.02,Cancelled,Pharma
9382,274,Warehouse_B,2026-05-09,2026-05-16,14,9271.55,In Transit,Pharma
9383,329,Warehouse_C,2026-05-11,2026-05-31,18,8211.45,Delivered,Industrial
9384,415,Warehouse_A,2026-06-03,2026-06-12,12,3051.86,Cancelled,Pharma
9385,303,Warehouse_E,2026-05-26,2026-06-13,84,174.01,Cancelled,Automotive
9386,450,Warehouse_B,2026-05-11,2026-05-29,56,2126.61,In Transit,Electronics
9387,461,Warehouse_A,2026-05-25,2026-06-14,30,5217.74,Delivered,Automotive
9388,102,Warehouse_A,2026-05-10,2026-05-20,44,4740.33,Cancelled,FMCG
9389,298,Warehouse_B,2026-06-01,2026-06-16,49,4744.62,Cancelled,Industrial
9390,299,Warehouse_A,2026-05-26,2026-06-10,72,4900.51,In Transit,Electronics
9391,466,Warehouse_A,2026-05-13,2026-05-28,58,4705.58,In Transit,Pharma
9392,340,Warehouse_B,2026-05-07,2026-05-21,42,5025.88,In Transit,Pharma
9393,332,Warehouse_E,2026-05-23,2026-05-30,32,3567.35,Cancelled,Pharma
9394,499,Warehouse_D,2026-05-10,2026-05-27,20,2166.56,Cancelled,Industrial
9395,298,Warehouse_B,2026-06-03,2026-06-21,57,8552.17,Delayed,Industrial
9396,198,Warehouse_C,2026-05-26,2026-05-27,34,206.87,Delivered,Electronics
9397,337,Warehouse_A,2026-05-09,2026-05-28,26,4694.34,Delivered,Pharma
9398,477,Warehouse_A,2026-05-11,2026-05-13,32,9654.88,Delayed,Automotive
9399,316,Warehouse_B,2026-05-09,2026-05-25,21,1607.65,Delivered,FMCG
9400,165,Warehouse_A,2026-05-30,2026-06-02,55,6215.76,Cancelled,Pharma
9401,268,Warehouse_E,2026-05-18,2026-05-26,94,2836.1,In Transit,Pharma
9402,47,Warehouse_B,2026-06-02,2026-06-20,26,8130.25,In Transit,Automotive
9403,251,Warehouse_C,2026-05-13,2026-05-23,52,7201.59,Cancelled,Electronics
9404,389,Warehouse_C,2026-05-23,2026-06-04,18,7226.54,Cancelled,Industrial
9405,487,Warehouse_C,2026-05-27,2026-05-31,47,729.96,Delayed,Pharma
9406,80,Warehouse_D,2026-05-10,2026-05-30,6,9775.6,In Transit,Industrial
9407,185,Warehouse_E,2026-05-06,2026-05-07,92,5280.81,Delivered,FMCG
9408,301,Warehouse_A,2026-05-16,2026-06-03,20,2235.24,Delayed,Automotive
9409,64,Warehouse_E,2026-05-14,2026-05-28,22,6420.02,Delayed,FMCG
9410,224,Warehouse_B,2026-06-01,2026-06-08,76,2400.81,Delayed,Electronics
9411,413,Warehouse_E,2026-05-28,2026-06-17,88,8021.11,In Transit,Electronics
9412,61,Warehouse_E,2026-06-03,2026-06-04,24,1204.62,Delayed,Pharma
9413,296,Warehouse_B,2026-05-10,2026-05-18,100,7225.2,Delivered,Automotive
9414,60,Warehouse_A,2026-05-06,2026-05-07,22,5238.45,Delayed,Electronics
9415,219,Warehouse_E,2026-05-24,2026-06-07,86,2500.08,Delayed,FMCG
9416,221,Warehouse_B,2026-05-23,2026-06-06,98,8856.95,Cancelled,Electronics
9417,361,Warehouse_B,2026-05-26,2026-05-30,29,4478.34,Cancelled,Automotive
9418,272,Warehouse_E,2026-05-12,2026-05-18,12,1095.48,Cancelled,Industrial
9419,332,Warehouse_C,2026-05-23,2026-06-03,2,1895.23,Delivered,Pharma
9420,51,Warehouse_E,2026-05-27,2026-06-13,32,6779.22,In Transit,Industrial
9421,193,Warehouse_C,2026-05-07,2026-05-18,23,408.54,In Transit,Electronics
9422,455,Warehouse_A,2026-05-24,2026-06-11,39,6010.85,Cancelled,Electronics
9423,326,Warehouse_A,2026-05-07,2026-05-20,24,788.13,Delivered,Automotive
9424,56,Warehouse_D,2026-05-15,2026-05-21,73,6018.27,In Transit,Electronics
9425,23,Warehouse_B,2026-05-31,2026-06-01,49,4852.93,Delayed,Automotive
9426,224,Warehouse_E,2026-05-11,2026-05-24,82,3210.48,In Transit,Industrial
9427,197,Warehouse_E,2026-05-06,2026-05-15,34,787.78,Delayed,Electronics
9428,95,Warehouse_E,2026-05-10,2026-05-27,52,9301.1,Delayed,Pharma
9429,377,Warehouse_D,2026-05-10,2026-05-28,92,4239.46,Cancelled,Pharma
9430,385,Warehouse_D,2026-05-28,2026-06-15,15,8820.03,In Transit,Automotive
9431,449,Warehouse_C,2026-05-16,2026-06-03,89,7182.65,Delivered,Electronics
9432,157,Warehouse_A,2026-05-27,2026-05-30,22,7160.5,In Transit,Electronics
9433,194,Warehouse_B,2026-05-11,2026-05-28,100,8740.68,Delayed,Industrial
9434,265,Warehouse_B,2026-05-20,2026-05-23,99,5262.99,Delayed,Pharma
9435,104,Warehouse_B,2026-05-21,2026-06-04,22,5605.4,Cancelled,Automotive
9436,438,Warehouse_C,2026-05-13,2026-06-02,33,2444.42,In Transit,FMCG
9437,339,Warehouse_B,2026-05-13,2026-05-14,3,4935.74,Delivered,Automotive
9438,113,Warehouse_B,2026-05-25,2026-05-28,38,4095.28,Delayed,Electronics
9439,236,Warehouse_C,2026-05-17,2026-05-26,78,3306.42,In Transit,Pharma
9440,257,Warehouse_D,2026-05-31,2026-06-05,35,8847.16,Cancelled,Pharma
9441,325,Warehouse_B,2026-05-19,2026-06-07,64,1503.98,Delivered,Pharma
9442,163,Warehouse_B,2026-05-31,2026-06-12,42,6663.29,Cancelled,Electronics
9443,30,Warehouse_D,2026-05-11,2026-05-23,71,7659.89,Delivered,Pharma
9444,480,Warehouse_E,2026-06-01,2026-06-15,69,2192.94,In Transit,Electronics
9445,147,Warehouse_B,2026-05-13,2026-05-29,69,2821.77,In Transit,Industrial
9446,217,Warehouse_B,2026-05-11,2026-05-29,29,2232.62,Delivered,Pharma
9447,25,Warehouse_D,2026-05-22,2026-05-28,66,4921.32,Delayed,Automotive
9448,162,Warehouse_B,2026-05-15,2026-05-31,18,7693.21,Delivered,Pharma
9449,340,Warehouse_D,2026-05-16,2026-05-21,76,8391.58,Delayed,Industrial
9450,233,Warehouse_D,2026-05-27,2026-06-11,27,6270.7,In Transit,Electronics
9451,489,Warehouse_D,2026-05-13,2026-05-23,33,5055.47,Delivered,Pharma
9452,251,Warehouse_B,2026-05-18,2026-06-01,14,3157.11,Delivered,Automotive
9453,1,Warehouse_C,2026-05-22,2026-05-29,37,3426.59,Cancelled,Automotive
9454,485,Warehouse_D,2026-05-29,2026-06-18,51,7531.64,Delayed,FMCG
9455,413,Warehouse_D,2026-05-14,2026-05-25,24,4840.95,In Transit,Industrial
9456,39,Warehouse_E,2026-05-17,2026-05-24,55,774.96,Cancelled,Electronics
9457,7,Warehouse_B,2026-05-27,2026-06-16,46,4296.84,Delayed,Pharma
9458,427,Warehouse_A,2026-05-27,2026-06-16,63,3897.64,Delayed,Pharma
9459,134,Warehouse_D,2026-05-07,2026-05-16,94,5488.78,Delivered,Industrial
9460,396,Warehouse_E,2026-05-20,2026-05-26,47,3242.87,Delayed,Industrial
9461,396,Warehouse_B,2026-05-28,2026-06-09,89,3544.93,In Transit,Automotive
9462,468,Warehouse_C,2026-05-08,2026-05-17,37,6399.82,Delayed,Pharma
9463,170,Warehouse_E,2026-06-04,2026-06-14,42,6590.33,Delayed,FMCG
9464,27,Warehouse_E,2026-05-17,2026-05-22,90,1949.36,Delivered,FMCG
9465,8,Warehouse_A,2026-06-03,2026-06-14,61,9192.66,In Transit,Industrial
9466,196,Warehouse_A,2026-05-10,2026-05-18,55,785.61,In Transit,Industrial
9467,355,Warehouse_A,2026-05-19,2026-06-06,44,5966.42,In Transit,Automotive
9468,72,Warehouse_E,2026-05-30,2026-06-06,82,8628.88,Delivered,Automotive
9469,68,Warehouse_B,2026-06-04,2026-06-21,18,7274.62,Cancelled,Automotive
9470,282,Warehouse_B,2026-05-20,2026-06-05,54,7229.96,Cancelled,Electronics
9471,358,Warehouse_D,2026-06-01,2026-06-04,46,4657.58,Cancelled,Pharma
9472,498,Warehouse_A,2026-05-08,2026-05-23,19,9568.2,Delayed,Electronics
9473,243,Warehouse_E,2026-05-30,2026-05-31,20,3484.27,Cancelled,Pharma
9474,461,Warehouse_B,2026-05-09,2026-05-17,93,6743.99,In Transit,Pharma
9475,461,Warehouse_A,2026-05-09,2026-05-12,79,5198.96,In Transit,FMCG
9476,381,Warehouse_B,2026-05-20,2026-06-05,83,7173.58,Delivered,Industrial
9477,44,Warehouse_B,2026-05-16,2026-06-03,42,8950.5,In Transit,Electronics
9478,423,Warehouse_B,2026-05-13,2026-05-16,45,874.94,Delayed,FMCG
9479,63,Warehouse_D,2026-05-30,2026-06-11,87,1150.93,Cancelled,Industrial
9480,433,Warehouse_B,2026-05-18,2026-05-30,97,5255.46,Delayed,FMCG
9481,226,Warehouse_B,2026-05-10,2026-05-14,100,7665.17,Cancelled,Industrial
9482,240,Warehouse_E,2026-05-21,2026-05-24,91,8110.65,Cancelled,Automotive
9483,438,Warehouse_A,2026-05-13,2026-05-25,11,6093.52,Delayed,Industrial
9484,303,Warehouse_B,2026-05-29,2026-06-11,62,8956.84,Delayed,Electronics
9485,445,Warehouse_B,2026-05-10,2026-05-29,72,9773.1,Cancelled,Pharma
9486,23,Warehouse_C,2026-05-14,2026-05-18,62,5853.09,Delivered,Automotive
9487,327,Warehouse_D,2026-05-29,2026-06-01,54,459.25,Delivered,Electronics
9488,335,Warehouse_D,2026-05-22,2026-05-26,20,150.69,Cancelled,Electronics
9489,397,Warehouse_C,2026-05-06,2026-05-14,46,728.21,Delivered,FMCG
9490,465,Warehouse_C,2026-05-08,2026-05-28,33,1929.06,Delayed,Industrial
9491,123,Warehouse_E,2026-06-02,2026-06-20,14,9173.08,Delivered,Industrial
9492,349,Warehouse_A,2026-05-23,2026-06-08,98,9954.96,Delivered,Industrial
9493,132,Warehouse_B,2026-05-06,2026-05-09,20,2754.54,Delayed,Industrial
9494,355,Warehouse_C,2026-05-13,2026-05-17,95,1644.48,Delivered,Automotive
9495,43,Warehouse_C,2026-05-17,2026-05-18,73,2971.02,In Transit,FMCG
9496,69,Warehouse_A,2026-05-30,2026-06-15,47,1740.33,In Transit,Pharma
9497,8,Warehouse_E,2026-05-19,2026-06-02,17,4217.38,Cancelled,FMCG
9498,445,Warehouse_C,2026-05-15,2026-05-30,97,8878.51,Delivered,Pharma
9499,79,Warehouse_C,2026-05-30,2026-06-14,1,6105.29,Cancelled,FMCG
9500,395,Warehouse_C,2026-05-21,2026-06-08,69,9356.97,Delayed,Industrial
9501,443,Warehouse_D,2026-05-10,2026-05-15,98,8490.06,In Transit,Pharma
9502,175,Warehouse_C,2026-05-12,2026-06-01,47,7924.48,Delivered,Electronics
9503,331,Warehouse_E,2026-05-08,2026-05-13,33,9662.86,Cancelled,Electronics
9504,301,Warehouse_A,2026-05-26,2026-06-06,56,3594.6,In Transit,Industrial
9505,470,Warehouse_C,2026-05-18,2026-05-25,68,5225.31,Cancelled,Industrial
9506,427,Warehouse_B,2026-05-18,2026-05-26,91,308.28,In Transit,Industrial
9507,222,Warehouse_E,2026-05-11,2026-05-29,89,8440.84,In Transit,FMCG
9508,26,Warehouse_D,2026-05-19,2026-05-30,65,4258.17,Delivered,Industrial
9509,112,Warehouse_E,2026-05-07,2026-05-24,93,5543.84,Cancelled,Automotive
9510,407,Warehouse_B,2026-06-04,2026-06-14,25,4532.81,In Transit,FMCG
9511,17,Warehouse_A,2026-05-09,2026-05-22,77,1677.27,Delivered,Automotive
9512,483,Warehouse_D,2026-06-01,2026-06-02,45,6145.47,Cancelled,FMCG
9513,306,Warehouse_B,2026-05-31,2026-06-10,29,6219.19,Delivered,Electronics
9514,462,Warehouse_C,2026-06-01,2026-06-10,86,5927.23,Delivered,FMCG
9515,333,Warehouse_D,2026-06-04,2026-06-15,3,3208.11,Cancelled,Automotive
9516,92,Warehouse_A,2026-05-19,2026-06-01,36,3144.71,Delivered,Automotive
9517,43,Warehouse_A,2026-05-15,2026-05-17,63,8316.19,Delayed,Automotive
9518,404,Warehouse_E,2026-05-17,2026-06-01,60,3142.39,Delayed,Automotive
9519,409,Warehouse_E,2026-05-28,2026-06-02,22,2975.05,In Transit,Electronics
9520,455,Warehouse_B,2026-05-15,2026-05-16,59,8133.09,Delayed,Automotive
9521,300,Warehouse_E,2026-05-28,2026-06-16,80,5879.95,Delayed,Pharma
9522,87,Warehouse_B,2026-05-22,2026-05-24,30,7829.45,Delayed,Industrial
9523,249,Warehouse_A,2026-05-29,2026-06-02,58,7971.7,In Transit,FMCG
9524,44,Warehouse_A,2026-05-30,2026-05-31,72,7175.24,Delayed,Industrial
9525,203,Warehouse_B,2026-05-14,2026-05-19,24,2228.99,Delayed,Pharma
9526,105,Warehouse_E,2026-05-30,2026-06-15,67,8520.64,Delayed,FMCG
9527,156,Warehouse_A,2026-05-28,2026-06-06,12,1436.57,Delivered,Pharma
9528,176,Warehouse_A,2026-05-30,2026-06-10,95,5018.65,Cancelled,Electronics
9529,30,Warehouse_B,2026-05-06,2026-05-23,1,164.14,In Transit,Electronics
9530,230,Warehouse_A,2026-05-21,2026-05-27,31,6136.52,In Transit,Electronics
9531,140,Warehouse_D,2026-05-07,2026-05-09,20,2145.16,Cancelled,Electronics
9532,244,Warehouse_E,2026-05-16,2026-06-02,62,3234.47,Delivered,Electronics
9533,416,Warehouse_D,2026-05-22,2026-06-06,17,3741.34,In Transit,Electronics
9534,139,Warehouse_B,2026-05-06,2026-05-17,29,7438.25,Delivered,FMCG
9535,331,Warehouse_D,2026-05-25,2026-06-01,52,3716.41,Cancelled,Pharma
9536,106,Warehouse_E,2026-05-12,2026-05-28,60,1481.89,Cancelled,Pharma
9537,245,Warehouse_D,2026-06-01,2026-06-12,47,8228.39,Delayed,Electronics
9538,392,Warehouse_B,2026-05-14,2026-05-25,96,1443.85,In Transit,Pharma
9539,74,Warehouse_B,2026-05-12,2026-05-17,26,2882.91,Delivered,Automotive
9540,448,Warehouse_A,2026-05-30,2026-06-05,12,222.46,Delivered,Automotive
9541,117,Warehouse_B,2026-06-02,2026-06-04,33,1651.31,In Transit,Automotive
9542,83,Warehouse_D,2026-05-15,2026-05-24,9,7723.21,In Transit,Industrial
9543,462,Warehouse_E,2026-05-13,2026-06-01,58,8973.77,Delivered,FMCG
9544,375,Warehouse_D,2026-05-09,2026-05-27,41,2174.49,In Transit,Pharma
9545,116,Warehouse_C,2026-05-23,2026-05-26,50,8327.17,In Transit,Electronics
9546,175,Warehouse_D,2026-05-07,2026-05-25,88,9388.03,Delivered,Electronics
9547,199,Warehouse_B,2026-05-22,2026-05-23,66,9337.01,In Transit,Electronics
9548,253,Warehouse_C,2026-05-26,2026-06-07,13,9445.63,Delayed,Electronics
9549,346,Warehouse_B,2026-05-28,2026-05-30,19,500.13,Cancelled,Pharma
9550,145,Warehouse_E,2026-06-02,2026-06-17,86,6478.6,Delayed,Industrial
9551,33,Warehouse_C,2026-05-10,2026-05-22,17,4772.77,In Transit,Electronics
9552,353,Warehouse_B,2026-05-11,2026-05-22,77,9800.56,Delayed,Electronics
9553,5,Warehouse_C,2026-05-27,2026-05-30,43,4183.21,Delivered,Industrial
9554,341,Warehouse_C,2026-05-29,2026-05-30,96,7677.27,In Transit,FMCG
9555,35,Warehouse_A,2026-05-07,2026-05-27,83,537.94,Delayed,Automotive
9556,271,Warehouse_B,2026-05-18,2026-06-04,42,7883.08,In Transit,Automotive
9557,490,Warehouse_C,2026-05-09,2026-05-26,27,5376.31,Cancelled,Electronics
9558,129,Warehouse_D,2026-05-20,2026-05-29,52,3414.61,Cancelled,Industrial
9559,251,Warehouse_D,2026-05-19,2026-05-22,26,8802.55,In Transit,Automotive
9560,487,Warehouse_C,2026-05-26,2026-06-07,58,4555.0,Delivered,Pharma
9561,253,Warehouse_B,2026-05-29,2026-06-18,40,9871.05,In Transit,FMCG
9562,28,Warehouse_B,2026-05-06,2026-05-11,91,2715.25,Delayed,Electronics
9563,338,Warehouse_C,2026-05-06,2026-05-25,8,3371.74,Cancelled,Industrial
9564,236,Warehouse_C,2026-06-01,2026-06-03,74,4118.23,Delayed,FMCG
9565,283,Warehouse_C,2026-05-26,2026-06-10,39,2173.97,In Transit,Electronics
9566,100,Warehouse_A,2026-05-26,2026-05-31,54,948.23,Delayed,Industrial
9567,46,Warehouse_C,2026-05-24,2026-06-13,90,9796.33,Delivered,Electronics
9568,357,Warehouse_A,2026-05-09,2026-05-12,87,5115.59,Delivered,Automotive
9569,197,Warehouse_E,2026-05-07,2026-05-12,95,442.78,In Transit,Electronics
9570,362,Warehouse_B,2026-05-30,2026-06-19,81,672.9,Delivered,Pharma
9571,139,Warehouse_E,2026-05-16,2026-05-30,60,4266.49,In Transit,FMCG
9572,254,Warehouse_C,2026-05-08,2026-05-21,16,284.76,Delayed,Automotive
9573,300,Warehouse_E,2026-05-12,2026-05-26,49,9422.42,In Transit,Pharma
9574,493,Warehouse_B,2026-05-25,2026-06-02,34,1585.29,Cancelled,Pharma
9575,218,Warehouse_C,2026-05-25,2026-06-01,68,8391.12,Delayed,Pharma
9576,76,Warehouse_D,2026-05-19,2026-06-02,30,9158.84,Delivered,Industrial
9577,132,Warehouse_B,2026-05-30,2026-06-03,49,2161.75,Cancelled,Pharma
9578,491,Warehouse_E,2026-05-07,2026-05-09,11,9389.52,Cancelled,Pharma
9579,67,Warehouse_E,2026-05-19,2026-05-31,28,7636.87,Cancelled,FMCG
9580,378,Warehouse_A,2026-05-22,2026-06-06,39,1225.82,In Transit,Industrial
9581,210,Warehouse_C,2026-05-27,2026-06-10,96,5074.86,Cancelled,Industrial
9582,51,Warehouse_C,2026-05-19,2026-06-04,72,6881.66,Delayed,Automotive
9583,457,Warehouse_B,2026-05-20,2026-05-27,35,8616.73,Cancelled,Automotive
9584,341,Warehouse_E,2026-05-24,2026-06-09,12,4353.15,Delayed,Pharma
9585,219,Warehouse_C,2026-05-09,2026-05-27,38,5529.7,In Transit,FMCG
9586,38,Warehouse_C,2026-06-01,2026-06-14,89,5666.43,In Transit,Electronics
9587,424,Warehouse_A,2026-05-11,2026-05-25,34,1580.3,Cancelled,Automotive
9588,446,Warehouse_A,2026-05-12,2026-05-18,64,2986.32,Delivered,Pharma
9589,462,Warehouse_E,2026-05-18,2026-05-30,84,1685.61,Cancelled,Pharma
9590,116,Warehouse_B,2026-05-13,2026-05-17,87,3987.5,Cancelled,Automotive
9591,241,Warehouse_E,2026-05-31,2026-06-13,48,5909.56,Cancelled,Pharma
9592,383,Warehouse_D,2026-05-27,2026-05-31,44,1140.3,In Transit,Automotive
9593,474,Warehouse_E,2026-05-31,2026-06-17,92,805.96,In Transit,Pharma
9594,26,Warehouse_E,2026-05-08,2026-05-25,86,276.15,Delivered,FMCG
9595,423,Warehouse_A,2026-05-23,2026-05-30,28,1218.21,In Transit,FMCG
9596,479,Warehouse_A,2026-05-19,2026-05-22,22,6488.05,Delivered,Industrial
9597,193,Warehouse_B,2026-05-13,2026-05-31,49,4667.12,Delayed,Industrial
9598,271,Warehouse_C,2026-05-25,2026-06-12,27,1094.42,Delayed,Industrial
9599,105,Warehouse_C,2026-05-12,2026-05-20,78,5195.01,In Transit,Electronics
9600,465,Warehouse_D,2026-05-16,2026-06-02,69,8049.21,Cancelled,FMCG
9601,91,Warehouse_E,2026-05-15,2026-05-19,46,1081.2,In Transit,Electronics
9602,383,Warehouse_D,2026-05-23,2026-05-27,34,3143.44,Delivered,Industrial
9603,458,Warehouse_D,2026-05-07,2026-05-23,45,6396.2,Delivered,Electronics
9604,275,Warehouse_E,2026-06-01,2026-06-06,77,5497.96,Cancelled,Pharma
9605,380,Warehouse_E,2026-05-10,2026-05-30,87,7361.46,Delayed,Industrial
9606,33,Warehouse_C,2026-05-07,2026-05-13,86,1690.82,Delayed,Electronics
9607,125,Warehouse_B,2026-06-01,2026-06-06,11,6894.48,Delivered,Electronics
9608,411,Warehouse_C,2026-05-16,2026-05-19,11,5870.24,Delivered,FMCG
9609,250,Warehouse_C,2026-05-10,2026-05-29,67,1441.85,Cancelled,Automotive
9610,396,Warehouse_D,2026-05-09,2026-05-26,67,7016.19,Cancelled,Pharma
9611,415,Warehouse_D,2026-05-24,2026-05-30,26,6171.79,In Transit,Pharma
9612,404,Warehouse_E,2026-05-27,2026-05-28,40,4128.49,Delayed,Pharma
9613,232,Warehouse_E,2026-05-19,2026-05-26,52,8259.17,Cancelled,Industrial
9614,49,Warehouse_B,2026-05-21,2026-06-03,16,2393.3,Cancelled,Pharma
9615,92,Warehouse_D,2026-05-06,2026-05-14,95,8564.93,Delivered,Automotive
9616,497,Warehouse_D,2026-05-13,2026-05-17,84,6976.77,In Transit,Electronics
9617,295,Warehouse_C,2026-05-19,2026-05-28,71,6698.45,In Transit,Pharma
9618,243,Warehouse_C,2026-06-03,2026-06-07,94,5700.41,In Transit,Industrial
9619,188,Warehouse_B,2026-05-15,2026-05-20,98,123.94,Delivered,Automotive
9620,198,Warehouse_C,2026-05-12,2026-05-22,55,7682.3,Delivered,Pharma
9621,286,Warehouse_B,2026-05-17,2026-05-28,79,7188.45,Cancelled,FMCG
9622,479,Warehouse_C,2026-05-13,2026-05-25,41,5327.23,In Transit,Pharma
9623,373,Warehouse_B,2026-05-11,2026-05-29,26,4096.4,In Transit,Industrial
9624,207,Warehouse_D,2026-05-07,2026-05-19,58,6378.36,Delayed,Pharma
9625,423,Warehouse_D,2026-05-18,2026-05-26,84,4879.23,Delivered,Pharma
9626,331,Warehouse_E,2026-05-17,2026-06-04,27,7688.6,Delayed,Industrial
9627,99,Warehouse_C,2026-05-18,2026-06-05,77,9061.92,Delayed,FMCG
9628,29,Warehouse_D,2026-05-19,2026-05-23,82,5535.16,In Transit,Industrial
9629,172,Warehouse_A,2026-05-23,2026-06-05,100,2860.21,Delivered,Industrial
9630,110,Warehouse_B,2026-05-23,2026-05-30,97,4536.8,In Transit,Automotive
9631,184,Warehouse_B,2026-05-13,2026-05-16,57,3598.44,Delivered,Electronics
9632,439,Warehouse_B,2026-05-28,2026-06-10,98,9282.59,Cancelled,Pharma
9633,140,Warehouse_A,2026-05-20,2026-05-26,55,9650.48,Delivered,Pharma
9634,246,Warehouse_A,2026-05-20,2026-05-30,81,1701.41,In Transit,Automotive
9635,345,Warehouse_B,2026-05-13,2026-05-15,51,9519.06,In Transit,Electronics
9636,259,Warehouse_B,2026-05-20,2026-05-30,28,3408.54,Cancelled,Industrial
9637,43,Warehouse_B,2026-05-28,2026-06-02,17,2123.71,Delayed,Automotive
9638,322,Warehouse_B,2026-05-24,2026-06-06,34,4870.57,Delayed,Automotive
9639,104,Warehouse_D,2026-05-29,2026-05-31,66,1589.8,In Transit,Automotive
9640,103,Warehouse_E,2026-05-21,2026-06-01,66,8048.21,In Transit,Industrial
9641,27,Warehouse_B,2026-05-10,2026-05-28,52,9185.07,In Transit,Pharma
9642,22,Warehouse_A,2026-05-12,2026-05-18,35,7934.74,In Transit,Automotive
9643,480,Warehouse_D,2026-05-19,2026-06-04,69,522.42,In Transit,FMCG
9644,191,Warehouse_E,2026-06-02,2026-06-18,3,7121.74,Cancelled,Industrial
9645,338,Warehouse_E,2026-05-19,2026-06-04,87,3394.37,Cancelled,FMCG
9646,64,Warehouse_E,2026-05-13,2026-06-01,53,4948.47,Delayed,Electronics
9647,368,Warehouse_D,2026-06-03,2026-06-21,93,7042.76,Cancelled,Electronics
9648,426,Warehouse_D,2026-05-11,2026-05-28,77,5860.57,Cancelled,FMCG
9649,239,Warehouse_C,2026-06-02,2026-06-21,83,1572.56,In Transit,Automotive
9650,486,Warehouse_D,2026-05-26,2026-06-14,96,6015.22,Delivered,Pharma
9651,154,Warehouse_D,2026-05-19,2026-06-07,51,290.29,Delayed,Pharma
9652,355,Warehouse_E,2026-06-04,2026-06-14,65,5518.51,Delivered,Industrial
9653,202,Warehouse_C,2026-05-14,2026-05-30,3,6731.28,Delayed,Pharma
9654,215,Warehouse_D,2026-05-06,2026-05-25,62,2581.19,Delivered,FMCG
9655,54,Warehouse_A,2026-05-27,2026-06-05,69,1094.92,Cancelled,Automotive
9656,416,Warehouse_B,2026-05-14,2026-05-18,17,9414.88,In Transit,Industrial
9657,124,Warehouse_E,2026-05-24,2026-05-28,87,1059.05,In Transit,Industrial
9658,307,Warehouse_E,2026-05-12,2026-05-20,35,3786.98,Delayed,Pharma
9659,147,Warehouse_E,2026-05-31,2026-06-20,85,9433.49,Delivered,FMCG
9660,126,Warehouse_E,2026-05-31,2026-06-10,54,2907.8,Delivered,Pharma
9661,211,Warehouse_B,2026-05-14,2026-05-22,74,9238.45,Delivered,Pharma
9662,328,Warehouse_C,2026-05-21,2026-06-02,10,807.73,Delivered,Electronics
9663,216,Warehouse_E,2026-06-03,2026-06-18,11,4017.87,Delivered,Electronics
9664,205,Warehouse_D,2026-05-12,2026-05-16,84,1190.2,Cancelled,Industrial
9665,163,Warehouse_A,2026-05-18,2026-05-28,28,8739.88,Delayed,Electronics
9666,84,Warehouse_B,2026-06-03,2026-06-20,48,964.89,In Transit,Electronics
9667,377,Warehouse_E,2026-05-27,2026-06-07,34,7513.09,In Transit,Electronics
9668,11,Warehouse_A,2026-06-04,2026-06-05,60,3353.94,Delayed,Automotive
9669,330,Warehouse_A,2026-05-07,2026-05-20,6,195.86,Delayed,Electronics
9670,411,Warehouse_A,2026-05-12,2026-05-16,43,9617.84,Delivered,FMCG
9671,407,Warehouse_D,2026-06-02,2026-06-18,33,4345.75,In Transit,Industrial
9672,210,Warehouse_B,2026-06-04,2026-06-23,63,6371.3,Cancelled,Electronics
9673,237,Warehouse_A,2026-05-30,2026-06-15,93,3429.55,Delivered,Automotive
9674,3,Warehouse_D,2026-05-26,2026-06-11,26,5334.2,In Transit,Industrial
9675,285,Warehouse_D,2026-05-26,2026-05-29,35,8192.96,Cancelled,FMCG
9676,446,Warehouse_E,2026-05-27,2026-06-03,71,2537.0,In Transit,Pharma
9677,215,Warehouse_B,2026-05-29,2026-06-09,64,8032.37,Cancelled,Industrial
9678,365,Warehouse_B,2026-05-16,2026-05-19,52,7450.71,Cancelled,Industrial
9679,51,Warehouse_D,2026-05-24,2026-06-11,24,6294.74,In Transit,Pharma
9680,44,Warehouse_D,2026-05-26,2026-06-02,95,6254.64,In Transit,Industrial
9681,408,Warehouse_B,2026-05-18,2026-05-24,29,374.52,Delivered,Automotive
9682,125,Warehouse_B,2026-05-13,2026-05-20,59,2380.55,Cancelled,Automotive
9683,433,Warehouse_E,2026-05-21,2026-05-31,24,9752.84,Cancelled,Pharma
9684,1,Warehouse_C,2026-05-25,2026-05-30,69,400.68,In Transit,Industrial
9685,93,Warehouse_A,2026-05-30,2026-06-17,30,1618.47,Delayed,Pharma
9686,383,Warehouse_C,2026-05-28,2026-06-06,71,8700.56,Delivered,FMCG
9687,25,Warehouse_C,2026-05-12,2026-05-26,68,9908.22,Cancelled,Pharma
9688,53,Warehouse_B,2026-05-10,2026-05-14,15,7714.15,Cancelled,Electronics
9689,478,Warehouse_E,2026-05-26,2026-06-15,32,3205.26,Cancelled,Automotive
9690,273,Warehouse_E,2026-05-10,2026-05-14,45,5695.07,Delivered,Electronics
9691,478,Warehouse_C,2026-05-18,2026-05-26,5,7841.66,In Transit,Automotive
9692,166,Warehouse_C,2026-05-16,2026-05-26,18,6139.39,Delivered,Automotive
9693,110,Warehouse_A,2026-05-28,2026-06-10,40,4724.26,Delivered,Industrial
9694,29,Warehouse_D,2026-06-01,2026-06-14,42,2930.01,Cancelled,FMCG
9695,312,Warehouse_B,2026-05-09,2026-05-22,98,8037.06,Delivered,Automotive
9696,317,Warehouse_A,2026-05-12,2026-05-15,78,9111.48,Cancelled,FMCG
9697,443,Warehouse_B,2026-06-03,2026-06-15,36,9450.07,Delayed,Industrial
9698,245,Warehouse_C,2026-05-29,2026-06-08,31,5518.47,Cancelled,Pharma
9699,160,Warehouse_D,2026-05-15,2026-05-29,17,8597.18,In Transit,FMCG
9700,452,Warehouse_A,2026-05-29,2026-06-06,35,2598.38,Cancelled,Industrial
9701,409,Warehouse_C,2026-05-21,2026-06-10,19,6894.48,In Transit,Automotive
9702,227,Warehouse_B,2026-06-02,2026-06-12,74,9102.62,In Transit,Pharma
9703,373,Warehouse_D,2026-05-15,2026-05-19,93,7052.88,Delivered,Industrial
9704,202,Warehouse_C,2026-06-03,2026-06-20,60,1125.07,Cancelled,FMCG
9705,227,Warehouse_B,2026-05-09,2026-05-28,54,8275.77,Delivered,Industrial
9706,166,Warehouse_C,2026-05-20,2026-06-04,74,3532.08,In Transit,Pharma
9707,305,Warehouse_E,2026-05-06,2026-05-19,2,975.14,In Transit,Automotive
9708,207,Warehouse_E,2026-06-03,2026-06-08,1,7856.87,Delayed,Automotive
9709,31,Warehouse_E,2026-05-12,2026-05-19,2,356.87,In Transit,FMCG
9710,126,Warehouse_B,2026-05-15,2026-05-29,32,8612.94,In Transit,Electronics
9711,307,Warehouse_E,2026-05-21,2026-06-06,17,3629.12,Delivered,Industrial
9712,499,Warehouse_C,2026-06-04,2026-06-06,73,1667.5,Delayed,Pharma
9713,406,Warehouse_E,2026-05-17,2026-06-06,55,891.69,Delayed,FMCG
9714,229,Warehouse_A,2026-05-30,2026-06-07,78,7485.07,In Transit,Industrial
9715,317,Warehouse_B,2026-05-12,2026-05-18,91,651.83,Delayed,Electronics
9716,463,Warehouse_B,2026-05-25,2026-05-29,15,9184.97,In Transit,Pharma
9717,67,Warehouse_B,2026-05-06,2026-05-09,16,7115.37,Delayed,Automotive
9718,432,Warehouse_A,2026-05-14,2026-05-20,75,2866.53,In Transit,Electronics
9719,478,Warehouse_C,2026-05-23,2026-06-10,23,3158.9,Delayed,Pharma
9720,342,Warehouse_B,2026-05-16,2026-05-31,57,916.61,Cancelled,Industrial
9721,250,Warehouse_E,2026-05-28,2026-06-04,23,7866.44,Delayed,Electronics
9722,396,Warehouse_E,2026-05-30,2026-06-17,85,6810.52,Delayed,Electronics
9723,19,Warehouse_C,2026-05-23,2026-06-02,23,885.1,In Transit,Industrial
9724,244,Warehouse_C,2026-05-29,2026-06-16,95,7989.93,Cancelled,FMCG
9725,460,Warehouse_E,2026-05-18,2026-05-30,75,9881.44,In Transit,Pharma
9726,296,Warehouse_B,2026-06-02,2026-06-20,70,2271.0,In Transit,Electronics
9727,128,Warehouse_E,2026-05-26,2026-06-15,58,9499.89,Delayed,FMCG
9728,448,Warehouse_E,2026-05-14,2026-05-31,17,5595.07,Delayed,Industrial
9729,203,Warehouse_B,2026-05-30,2026-06-16,33,1811.73,Delivered,Electronics
9730,374,Warehouse_E,2026-06-04,2026-06-10,28,1297.59,Cancelled,FMCG
9731,35,Warehouse_A,2026-05-19,2026-06-08,16,2903.19,Delayed,Pharma
9732,262,Warehouse_C,2026-05-23,2026-06-09,35,1991.41,Cancelled,Industrial
9733,397,Warehouse_C,2026-05-28,2026-06-12,9,1954.44,In Transit,Pharma
9734,474,Warehouse_B,2026-05-25,2026-06-07,4,7478.59,Cancelled,Automotive
9735,120,Warehouse_D,2026-05-17,2026-05-31,87,6669.81,Delivered,Automotive
9736,474,Warehouse_A,2026-05-24,2026-06-12,14,5549.76,In Transit,FMCG
9737,326,Warehouse_D,2026-05-23,2026-05-29,13,886.46,Cancelled,Automotive
9738,316,Warehouse_D,2026-05-24,2026-06-08,94,8705.44,Delayed,Automotive
9739,498,Warehouse_C,2026-06-04,2026-06-23,23,3397.38,In Transit,Electronics
9740,398,Warehouse_B,2026-05-06,2026-05-13,96,2832.77,Delivered,FMCG
9741,270,Warehouse_D,2026-05-26,2026-06-09,46,9908.45,Delivered,Automotive
9742,200,Warehouse_C,2026-05-26,2026-06-01,1,2478.85,Cancelled,Pharma
9743,375,Warehouse_D,2026-05-22,2026-05-26,25,706.38,In Transit,Electronics
9744,93,Warehouse_C,2026-05-29,2026-06-01,3,4284.63,Delayed,Pharma
9745,16,Warehouse_C,2026-05-21,2026-05-28,51,4934.2,Cancelled,Pharma
9746,175,Warehouse_E,2026-06-02,2026-06-22,34,8612.16,Cancelled,Pharma
9747,47,Warehouse_A,2026-05-18,2026-05-25,92,2234.13,In Transit,FMCG
9748,73,Warehouse_E,2026-06-01,2026-06-14,38,9283.23,Delivered,Pharma
9749,151,Warehouse_B,2026-05-06,2026-05-23,83,6212.39,In Transit,Industrial
9750,444,Warehouse_B,2026-05-07,2026-05-17,13,7972.91,Delayed,Electronics
9751,341,Warehouse_B,2026-05-29,2026-06-17,78,7564.96,Delayed,Industrial
9752,315,Warehouse_C,2026-06-04,2026-06-22,11,7202.84,Delayed,Pharma
9753,417,Warehouse_D,2026-06-04,2026-06-06,18,4448.51,Cancelled,Pharma
9754,450,Warehouse_D,2026-05-16,2026-06-03,12,5071.7,In Transit,Automotive
9755,388,Warehouse_E,2026-05-15,2026-05-22,100,152.03,Delayed,Automotive
9756,131,Warehouse_D,2026-05-10,2026-05-26,77,5723.5,Delayed,Industrial
9757,226,Warehouse_A,2026-05-11,2026-05-23,11,4505.3,Delayed,Pharma
9758,113,Warehouse_B,2026-05-08,2026-05-09,16,440.69,In Transit,Pharma
9759,25,Warehouse_A,2026-05-27,2026-06-01,85,2478.97,Cancelled,Electronics
9760,11,Warehouse_C,2026-05-31,2026-06-02,38,2699.75,Cancelled,Industrial
9761,68,Warehouse_B,2026-05-13,2026-05-17,13,5828.44,Cancelled,Industrial
9762,433,Warehouse_E,2026-05-15,2026-06-04,89,4660.22,In Transit,Pharma
9763,337,Warehouse_E,2026-05-16,2026-05-27,54,4712.69,Cancelled,Industrial
9764,409,Warehouse_C,2026-05-31,2026-06-09,16,6420.94,Cancelled,Industrial
9765,459,Warehouse_A,2026-05-19,2026-05-23,9,3940.45,In Transit,Industrial
9766,444,Warehouse_A,2026-05-29,2026-06-18,48,5904.65,Delivered,Automotive
9767,219,Warehouse_E,2026-05-21,2026-05-24,100,652.23,Cancelled,FMCG
9768,149,Warehouse_C,2026-06-04,2026-06-20,30,5708.54,Delayed,Pharma
9769,409,Warehouse_B,2026-05-17,2026-05-30,37,7985.74,Delivered,Automotive
9770,366,Warehouse_E,2026-05-09,2026-05-14,51,6485.36,Cancelled,Industrial
9771,114,Warehouse_E,2026-05-06,2026-05-15,27,3413.52,Delivered,Electronics
9772,354,Warehouse_E,2026-05-29,2026-06-01,30,9193.21,Cancelled,Automotive
9773,474,Warehouse_A,2026-05-06,2026-05-25,41,2196.37,Delivered,Electronics
9774,275,Warehouse_B,2026-05-24,2026-06-05,15,5942.72,In Transit,Pharma
9775,326,Warehouse_B,2026-06-03,2026-06-17,93,2418.22,Delayed,Industrial
9776,132,Warehouse_D,2026-05-10,2026-05-11,67,2963.36,Cancelled,Automotive
9777,56,Warehouse_A,2026-05-08,2026-05-19,33,4105.21,In Transit,Industrial
9778,1,Warehouse_E,2026-05-13,2026-05-29,34,3837.85,Delayed,FMCG
9779,63,Warehouse_C,2026-05-19,2026-06-05,73,871.56,Cancelled,FMCG
9780,459,Warehouse_C,2026-05-20,2026-06-08,70,9710.6,Cancelled,Pharma
9781,470,Warehouse_B,2026-05-25,2026-06-10,38,8806.84,Delayed,Industrial
9782,66,Warehouse_B,2026-05-10,2026-05-21,72,6049.06,Delayed,Pharma
9783,88,Warehouse_D,2026-05-16,2026-05-20,40,4952.09,Cancelled,Pharma
9784,302,Warehouse_A,2026-05-20,2026-06-01,61,5504.86,Delivered,Automotive
9785,224,Warehouse_B,2026-05-27,2026-06-09,14,9763.89,In Transit,Industrial
9786,418,Warehouse_D,2026-05-06,2026-05-20,12,8837.53,Cancelled,FMCG
9787,159,Warehouse_E,2026-05-08,2026-05-12,47,1661.43,Delayed,Automotive
9788,451,Warehouse_D,2026-05-06,2026-05-15,45,4156.04,Cancelled,Electronics
9789,285,Warehouse_C,2026-06-02,2026-06-03,74,8645.13,Delayed,FMCG
9790,423,Warehouse_A,2026-05-24,2026-06-05,50,5308.93,In Transit,FMCG
9791,293,Warehouse_C,2026-05-06,2026-05-16,4,1463.15,Delivered,Electronics
9792,4,Warehouse_C,2026-05-11,2026-05-18,63,4417.79,In Transit,Pharma
9793,314,Warehouse_E,2026-05-19,2026-06-01,50,9499.75,Delivered,Pharma
9794,480,Warehouse_E,2026-05-08,2026-05-17,89,4128.76,Cancelled,Pharma
9795,192,Warehouse_A,2026-05-22,2026-06-09,67,2550.25,Delivered,Automotive
9796,418,Warehouse_E,2026-05-14,2026-05-26,3,7772.1,Delivered,FMCG
9797,176,Warehouse_A,2026-06-03,2026-06-12,61,2390.11,In Transit,Automotive
9798,465,Warehouse_A,2026-05-06,2026-05-14,51,7190.13,Delivered,Industrial
9799,113,Warehouse_C,2026-05-11,2026-05-29,46,6451.65,In Transit,Industrial
9800,65,Warehouse_D,2026-05-28,2026-06-10,66,395.37,In Transit,Pharma
9801,456,Warehouse_E,2026-05-09,2026-05-11,57,4507.86,Cancelled,Industrial
9802,279,Warehouse_A,2026-05-07,2026-05-13,92,2234.16,Cancelled,Automotive
9803,261,Warehouse_D,2026-05-11,2026-05-21,21,5803.51,In Transit,Electronics
9804,254,Warehouse_D,2026-05-20,2026-05-27,88,9418.68,In Transit,FMCG
9805,164,Warehouse_E,2026-05-15,2026-05-22,37,8780.87,In Transit,Industrial
9806,404,Warehouse_B,2026-06-02,2026-06-14,19,8036.24,In Transit,Pharma
9807,105,Warehouse_D,2026-05-27,2026-05-31,21,9290.91,In Transit,Automotive
9808,353,Warehouse_B,2026-05-13,2026-05-29,98,3637.18,Cancelled,Pharma
9809,79,Warehouse_E,2026-05-28,2026-06-03,18,9891.4,Delivered,Pharma
9810,249,Warehouse_E,2026-05-19,2026-06-04,68,9840.61,Delayed,FMCG
9811,266,Warehouse_B,2026-05-25,2026-06-11,8,8327.2,Delivered,FMCG
9812,324,Warehouse_A,2026-05-22,2026-06-05,82,2421.57,Delayed,Automotive
9813,297,Warehouse_E,2026-05-26,2026-06-04,99,5835.53,Delayed,Industrial
9814,289,Warehouse_D,2026-05-27,2026-06-13,42,2812.19,Delayed,Pharma
9815,208,Warehouse_D,2026-05-25,2026-06-01,28,8940.33,In Transit,Electronics
9816,25,Warehouse_C,2026-05-12,2026-05-29,47,526.44,In Transit,Automotive
9817,306,Warehouse_D,2026-05-18,2026-05-25,96,7095.24,Cancelled,Automotive
9818,461,Warehouse_D,2026-06-02,2026-06-21,50,367.26,In Transit,Pharma
9819,19,Warehouse_A,2026-05-24,2026-06-07,38,3588.33,Delivered,Industrial
9820,314,Warehouse_B,2026-05-18,2026-05-30,25,204.37,Delivered,Pharma
9821,450,Warehouse_B,2026-05-17,2026-05-22,72,8233.72,Cancelled,Automotive
9822,291,Warehouse_C,2026-05-24,2026-06-11,80,7865.57,Delayed,Electronics
9823,119,Warehouse_B,2026-06-03,2026-06-22,71,5329.77,Delayed,Automotive
9824,218,Warehouse_C,2026-05-26,2026-06-15,25,8244.11,Delivered,Automotive
9825,216,Warehouse_E,2026-06-01,2026-06-06,8,4046.61,Cancelled,Pharma
9826,390,Warehouse_E,2026-05-21,2026-06-04,88,2805.66,In Transit,Electronics
9827,149,Warehouse_B,2026-06-03,2026-06-05,57,2820.99,Delivered,Automotive
9828,43,Warehouse_C,2026-05-27,2026-06-03,44,7491.09,In Transit,Pharma
9829,67,Warehouse_D,2026-06-01,2026-06-16,39,511.22,Delivered,Industrial
9830,24,Warehouse_A,2026-05-29,2026-06-09,52,956.88,Delivered,Pharma
9831,297,Warehouse_D,2026-05-31,2026-06-19,42,9839.54,Delayed,Industrial
9832,312,Warehouse_A,2026-05-14,2026-05-20,70,6265.96,In Transit,Electronics
9833,177,Warehouse_A,2026-05-24,2026-05-31,19,5226.74,Delayed,FMCG
9834,430,Warehouse_A,2026-05-28,2026-06-03,79,2457.57,Cancelled,FMCG
9835,100,Warehouse_B,2026-05-16,2026-05-27,33,2056.49,In Transit,FMCG
9836,41,Warehouse_E,2026-05-17,2026-06-03,11,6978.54,In Transit,Pharma
9837,410,Warehouse_D,2026-06-02,2026-06-16,97,9776.7,In Transit,FMCG
9838,404,Warehouse_B,2026-05-17,2026-05-23,87,1566.1,Cancelled,Electronics
9839,382,Warehouse_C,2026-05-12,2026-05-27,25,332.48,Delivered,Automotive
9840,234,Warehouse_B,2026-05-26,2026-06-06,28,2333.2,Delayed,Electronics
9841,331,Warehouse_B,2026-05-26,2026-06-13,88,3728.42,Delayed,Automotive
9842,492,Warehouse_C,2026-05-22,2026-05-23,94,2145.42,In Transit,Electronics
9843,86,Warehouse_B,2026-05-29,2026-06-09,93,9919.19,Cancelled,FMCG
9844,206,Warehouse_E,2026-06-02,2026-06-19,71,1493.85,Delivered,Automotive
9845,377,Warehouse_A,2026-05-21,2026-05-25,99,1544.34,Cancelled,Pharma
9846,333,Warehouse_C,2026-05-31,2026-06-13,2,6459.53,Cancelled,Pharma
9847,51,Warehouse_D,2026-05-14,2026-05-20,96,9147.75,Cancelled,Industrial
9848,83,Warehouse_D,2026-05-21,2026-06-05,68,129.78,Delivered,Pharma
9849,349,Warehouse_E,2026-05-18,2026-05-31,99,6814.62,In Transit,FMCG
9850,374,Warehouse_D,2026-05-09,2026-05-15,8,7348.32,In Transit,Pharma
9851,26,Warehouse_C,2026-05-10,2026-05-28,52,4655.46,Cancelled,Electronics
9852,463,Warehouse_E,2026-05-19,2026-06-07,68,5220.3,Delayed,Electronics
9853,325,Warehouse_C,2026-05-12,2026-05-29,2,8304.76,Delivered,FMCG
9854,87,Warehouse_B,2026-05-19,2026-05-28,66,8885.12,Delayed,Industrial
9855,356,Warehouse_C,2026-06-03,2026-06-07,28,4726.18,Delayed,Electronics
9856,313,Warehouse_E,2026-05-22,2026-06-03,92,6421.79,In Transit,Pharma
9857,418,Warehouse_B,2026-05-08,2026-05-10,91,622.65,Cancelled,Electronics
9858,470,Warehouse_B,2026-05-30,2026-06-16,46,9071.69,Cancelled,Automotive
9859,354,Warehouse_E,2026-05-11,2026-05-19,88,8948.07,Delivered,FMCG
9860,438,Warehouse_C,2026-05-13,2026-06-01,89,3801.43,Delayed,Pharma
9861,66,Warehouse_E,2026-05-14,2026-05-21,90,5995.53,In Transit,Industrial
9862,249,Warehouse_B,2026-05-10,2026-05-26,54,3937.54,In Transit,FMCG
9863,50,Warehouse_B,2026-05-18,2026-06-05,69,3022.86,In Transit,FMCG
9864,197,Warehouse_B,2026-05-25,2026-06-04,97,6446.02,In Transit,Industrial
9865,63,Warehouse_E,2026-06-02,2026-06-20,68,5294.65,Cancelled,Electronics
9866,271,Warehouse_D,2026-05-10,2026-05-22,78,9936.21,Delivered,Automotive
9867,288,Warehouse_A,2026-05-14,2026-05-28,11,1383.09,Cancelled,Electronics
9868,77,Warehouse_E,2026-05-22,2026-06-02,1,2036.26,In Transit,FMCG
9869,189,Warehouse_A,2026-05-21,2026-05-29,53,6614.16,Delivered,Electronics
9870,473,Warehouse_D,2026-05-14,2026-05-15,37,2190.19,Delayed,Electronics
9871,192,Warehouse_B,2026-05-25,2026-05-30,31,2452.44,Delivered,Electronics
9872,314,Warehouse_D,2026-06-01,2026-06-20,92,7843.22,Cancelled,Industrial
9873,177,Warehouse_B,2026-05-24,2026-06-11,29,6392.15,Cancelled,FMCG
9874,257,Warehouse_B,2026-05-18,2026-06-07,22,1346.85,Delayed,Industrial
9875,289,Warehouse_A,2026-06-03,2026-06-17,80,2359.69,Cancelled,Pharma
9876,79,Warehouse_C,2026-05-16,2026-06-04,64,2988.92,Cancelled,Pharma
9877,265,Warehouse_C,2026-05-07,2026-05-17,80,9337.16,Delivered,FMCG
9878,53,Warehouse_A,2026-05-14,2026-05-23,69,3007.97,In Transit,FMCG
9879,199,Warehouse_D,2026-06-01,2026-06-14,5,3082.81,Delivered,Electronics
9880,384,Warehouse_D,2026-05-15,2026-06-01,51,4832.46,Delivered,Automotive
9881,421,Warehouse_B,2026-06-01,2026-06-02,42,998.5,Delayed,Industrial
9882,378,Warehouse_C,2026-05-27,2026-06-08,51,4627.98,In Transit,Pharma
9883,475,Warehouse_E,2026-05-26,2026-05-30,10,3396.46,Cancelled,Industrial
9884,486,Warehouse_E,2026-05-08,2026-05-19,6,1879.23,Delivered,Electronics
9885,21,Warehouse_D,2026-05-07,2026-05-25,76,2198.61,In Transit,Electronics
9886,324,Warehouse_D,2026-05-28,2026-06-14,53,3773.32,Delayed,Automotive
9887,251,Warehouse_C,2026-05-13,2026-05-20,13,8004.37,Delivered,Electronics
9888,382,Warehouse_E,2026-05-20,2026-05-25,49,5808.02,Delayed,Pharma
9889,422,Warehouse_E,2026-05-27,2026-06-16,27,3371.23,Cancelled,Electronics
9890,324,Warehouse_A,2026-05-12,2026-05-15,20,5321.2,In Transit,Industrial
9891,369,Warehouse_C,2026-06-04,2026-06-06,100,5947.54,Cancelled,Pharma
9892,271,Warehouse_E,2026-05-26,2026-06-08,5,1081.03,Cancelled,Electronics
9893,458,Warehouse_D,2026-05-10,2026-05-11,90,2439.72,Delayed,FMCG
9894,343,Warehouse_C,2026-05-06,2026-05-23,67,4690.28,In Transit,Pharma
9895,426,Warehouse_D,2026-05-27,2026-05-29,94,9241.0,In Transit,Automotive
9896,209,Warehouse_A,2026-06-04,2026-06-18,39,9226.49,Cancelled,Automotive
9897,287,Warehouse_B,2026-05-27,2026-06-06,61,8906.31,Cancelled,FMCG
9898,183,Warehouse_A,2026-05-28,2026-06-07,55,5495.98,Cancelled,FMCG
9899,42,Warehouse_C,2026-05-07,2026-05-24,97,3227.91,Delivered,Industrial
9900,203,Warehouse_A,2026-05-07,2026-05-17,3,7453.65,In Transit,Industrial
9901,418,Warehouse_A,2026-05-25,2026-06-06,21,9437.61,Delivered,Pharma
9902,357,Warehouse_E,2026-06-04,2026-06-12,90,2992.04,Cancelled,Electronics
9903,361,Warehouse_E,2026-05-19,2026-05-29,39,7096.23,In Transit,Automotive
9904,26,Warehouse_D,2026-05-11,2026-05-27,15,5298.0,Cancelled,Automotive
9905,222,Warehouse_C,2026-05-28,2026-05-29,21,8464.01,Delivered,Pharma
9906,494,Warehouse_C,2026-05-20,2026-05-24,74,3244.92,In Transit,Electronics
9907,428,Warehouse_D,2026-05-22,2026-05-31,27,2592.13,Delayed,Electronics
9908,199,Warehouse_D,2026-05-08,2026-05-20,53,909.99,Delivered,Industrial
9909,198,Warehouse_E,2026-05-14,2026-05-28,58,8872.89,Delayed,Industrial
9910,314,Warehouse_A,2026-05-29,2026-06-07,79,1581.49,Delayed,Industrial
9911,470,Warehouse_A,2026-05-22,2026-06-06,54,7346.3,Delayed,Pharma
9912,206,Warehouse_D,2026-05-13,2026-05-31,79,8916.66,Delivered,Automotive
9913,239,Warehouse_D,2026-05-12,2026-05-28,91,8466.91,Delivered,FMCG
9914,91,Warehouse_C,2026-05-24,2026-06-09,68,9179.81,Cancelled,Electronics
9915,422,Warehouse_D,2026-05-23,2026-05-24,50,5727.75,In Transit,Pharma
9916,42,Warehouse_D,2026-05-27,2026-06-16,61,6339.4,Cancelled,Electronics
9917,62,Warehouse_B,2026-05-06,2026-05-11,82,7539.6,Delayed,Electronics
9918,163,Warehouse_E,2026-05-18,2026-05-19,49,1100.28,Cancelled,Pharma
9919,262,Warehouse_E,2026-05-27,2026-06-11,67,9986.62,Delayed,Pharma
9920,436,Warehouse_D,2026-05-07,2026-05-25,18,827.84,Cancelled,Pharma
9921,46,Warehouse_A,2026-05-19,2026-06-07,14,8859.55,Delivered,Pharma
9922,131,Warehouse_B,2026-06-02,2026-06-18,53,156.84,In Transit,Electronics
9923,241,Warehouse_D,2026-05-25,2026-06-06,6,6298.09,Cancelled,Electronics
9924,11,Warehouse_D,2026-05-16,2026-06-04,54,9639.54,Cancelled,Automotive
9925,457,Warehouse_E,2026-06-02,2026-06-11,87,7079.22,Delivered,Industrial
9926,138,Warehouse_A,2026-05-21,2026-05-23,82,6551.37,Delayed,Automotive
9927,414,Warehouse_A,2026-05-09,2026-05-14,92,8168.89,Cancelled,Electronics
9928,215,Warehouse_E,2026-05-15,2026-05-31,56,2434.69,Cancelled,Automotive
9929,55,Warehouse_C,2026-05-30,2026-06-12,83,2951.99,In Transit,Industrial
9930,407,Warehouse_A,2026-05-15,2026-05-20,14,2318.8,In Transit,FMCG
9931,119,Warehouse_B,2026-05-25,2026-06-07,37,5895.04,Delayed,FMCG
9932,300,Warehouse_D,2026-05-08,2026-05-10,38,4340.29,Cancelled,FMCG
9933,97,Warehouse_D,2026-05-31,2026-06-14,14,7353.59,Delayed,Automotive
9934,80,Warehouse_B,2026-05-17,2026-05-21,14,7993.8,Cancelled,FMCG
9935,453,Warehouse_B,2026-05-31,2026-06-05,31,1428.65,In Transit,FMCG
9936,442,Warehouse_C,2026-05-06,2026-05-26,68,3922.27,In Transit,Pharma
9937,52,Warehouse_A,2026-05-17,2026-05-22,54,4582.17,In Transit,Industrial
9938,145,Warehouse_B,2026-05-22,2026-05-26,47,6563.02,In Transit,Electronics
9939,111,Warehouse_C,2026-05-23,2026-05-29,1,717.06,Cancelled,Pharma
9940,367,Warehouse_D,2026-05-27,2026-06-14,11,2374.02,Delayed,FMCG
9941,251,Warehouse_E,2026-06-04,2026-06-22,46,2675.71,Cancelled,Industrial
9942,236,Warehouse_B,2026-05-07,2026-05-16,30,5667.81,In Transit,FMCG
9943,96,Warehouse_C,2026-05-17,2026-05-19,30,1291.0,Delayed,Industrial
9944,357,Warehouse_C,2026-05-07,2026-05-11,71,6867.35,In Transit,Pharma
9945,49,Warehouse_C,2026-05-21,2026-05-29,56,4295.46,Delivered,Electronics
9946,463,Warehouse_D,2026-05-16,2026-05-27,16,3678.15,Delayed,Pharma
9947,245,Warehouse_E,2026-05-12,2026-05-18,19,8028.23,Cancelled,Electronics
9948,170,Warehouse_E,2026-05-25,2026-06-01,17,6535.99,Delivered,Automotive
9949,199,Warehouse_C,2026-05-18,2026-06-02,85,3135.54,Cancelled,Automotive
9950,128,Warehouse_B,2026-06-02,2026-06-20,2,9159.27,Delayed,Electronics
9951,220,Warehouse_C,2026-05-26,2026-05-27,84,803.74,In Transit,Pharma
9952,143,Warehouse_D,2026-05-20,2026-06-08,90,9631.41,Cancelled,Electronics
9953,407,Warehouse_C,2026-05-06,2026-05-11,54,999.52,Delayed,Industrial
9954,115,Warehouse_E,2026-05-09,2026-05-19,61,7533.96,In Transit,Pharma
9955,236,Warehouse_B,2026-05-10,2026-05-16,4,1769.21,Delivered,Industrial
9956,99,Warehouse_D,2026-05-16,2026-05-19,55,4074.64,Cancelled,Pharma
9957,482,Warehouse_A,2026-05-16,2026-05-28,33,6729.34,In Transit,Electronics
9958,252,Warehouse_C,2026-05-21,2026-06-06,55,854.58,Delayed,Automotive
9959,186,Warehouse_B,2026-05-18,2026-05-29,61,3826.57,In Transit,Electronics
9960,23,Warehouse_D,2026-05-23,2026-06-08,6,1596.19,Cancelled,FMCG
9961,500,Warehouse_C,2026-05-24,2026-06-05,47,6487.83,Delayed,Industrial
9962,403,Warehouse_E,2026-05-09,2026-05-17,79,2297.74,Delayed,FMCG
9963,114,Warehouse_C,2026-05-20,2026-05-21,56,7829.99,Delivered,Electronics
9964,3,Warehouse_E,2026-05-11,2026-05-30,82,989.19,Cancelled,Electronics
9965,462,Warehouse_A,2026-05-14,2026-05-29,48,6818.27,Delivered,Industrial
9966,374,Warehouse_C,2026-05-21,2026-05-22,81,9281.69,Delivered,Industrial
9967,226,Warehouse_C,2026-05-09,2026-05-12,14,9173.68,Delivered,Pharma
9968,192,Warehouse_B,2026-06-02,2026-06-20,51,5804.42,Delayed,Electronics
9969,133,Warehouse_B,2026-05-12,2026-05-27,1,8618.49,Cancelled,Electronics
9970,449,Warehouse_D,2026-05-25,2026-05-31,9,7953.59,In Transit,Electronics
9971,45,Warehouse_A,2026-05-29,2026-06-09,35,4950.91,In Transit,Industrial
9972,160,Warehouse_C,2026-06-02,2026-06-20,93,9901.77,Cancelled,Pharma
9973,158,Warehouse_E,2026-05-25,2026-06-07,65,2359.86,Delayed,Industrial
9974,73,Warehouse_E,2026-05-24,2026-05-30,47,1202.61,Delayed,Pharma
9975,101,Warehouse_B,2026-06-01,2026-06-13,49,1264.38,Delivered,Automotive
9976,290,Warehouse_E,2026-05-28,2026-06-06,6,8442.81,Delayed,Electronics
9977,419,Warehouse_D,2026-05-27,2026-06-05,21,2427.66,Delayed,Pharma
9978,250,Warehouse_E,2026-05-15,2026-05-30,22,2635.79,Delayed,FMCG
9979,262,Warehouse_D,2026-05-25,2026-06-14,33,5388.66,Delivered,Electronics
9980,414,Warehouse_D,2026-06-02,2026-06-18,37,910.07,Delayed,FMCG
9981,3,Warehouse_E,2026-05-12,2026-05-18,32,9389.08,In Transit,Industrial
9982,307,Warehouse_D,2026-05-23,2026-05-31,89,2604.66,Delivered,Electronics
9983,89,Warehouse_A,2026-05-29,2026-06-18,77,2587.33,Delayed,Automotive
9984,141,Warehouse_A,2026-05-17,2026-05-20,60,8261.62,In Transit,Electronics
9985,40,Warehouse_B,2026-05-06,2026-05-24,29,3843.62,Cancelled,Pharma
9986,371,Warehouse_B,2026-06-04,2026-06-07,31,2235.55,In Transit,Industrial
9987,498,Warehouse_A,2026-05-12,2026-05-28,29,4782.4,Delayed,Pharma
9988,462,Warehouse_A,2026-05-19,2026-05-28,24,1821.21,Delivered,Industrial
9989,92,Warehouse_A,2026-05-06,2026-05-07,36,6825.11,Delivered,Automotive
9990,455,Warehouse_D,2026-05-14,2026-05-24,34,8553.51,In Transit,Industrial
9991,256,Warehouse_C,2026-05-31,2026-06-01,72,475.38,Cancelled,Industrial
9992,73,Warehouse_A,2026-06-03,2026-06-18,77,1064.26,In Transit,FMCG
9993,359,Warehouse_E,2026-05-14,2026-05-25,87,557.64,Delayed,Pharma
9994,219,Warehouse_B,2026-05-27,2026-06-06,9,4908.81,In Transit,Pharma
9995,497,Warehouse_E,2026-05-30,2026-06-16,69,5430.41,Cancelled,FMCG
9996,54,Warehouse_E,2026-05-19,2026-05-22,6,5374.87,Delivered,FMCG
9997,263,Warehouse_A,2026-05-25,2026-06-09,25,8338.09,In Transit,Electronics
9998,309,Warehouse_E,2026-06-02,2026-06-16,76,5974.63,In Transit,Pharma
9999,297,Warehouse_D,2026-05-13,2026-05-29,46,2021.14,Delayed,Automotive
10000,307,Warehouse_D,2026-05-13,2026-06-02,30,6317.17,Delayed,Pharma
